account_id,customer_id,account_type,balance
101,7158,Current,345154
102,4802,Current,358351
103,612,Savings,404401
104,1649,Current,160121
105,1670,Savings,245221
106,8419,Savings,418398
107,4509,Current,159360
108,6025,Savings,280817
109,6896,Savings,399772
110,7979,Current,93413
111,9340,Savings,147434
112,7167,Savings,25481
113,107,Current,108207
114,9419,Current,86317
115,5175,Current,350009
116,2787,Savings,58119
117,4797,Savings,406845
118,3538,Current,150107
119,81,Current,221104
120,7318,Current,355345
121,9700,Current,216370
122,679,Savings,181195
123,6893,Savings,199492
124,2992,Current,30248
125,645,Current,332096
126,8943,Savings,438713
127,9545,Savings,262922
128,5009,Current,226921
129,6510,Savings,428870
130,8887,Current,404886
131,4383,Savings,407716
132,8960,Current,374988
133,7456,Savings,283475
134,5501,Savings,75339
135,7141,Current,491684
136,2276,Current,27827
137,4704,Current,172639
138,8784,Current,94994
139,1236,Savings,205803
140,9503,Current,372947
141,7583,Savings,99958
142,4990,Savings,443505
143,7114,Current,221376
144,8599,Current,478978
145,6244,Savings,153938
146,9924,Savings,400225
147,9761,Current,296123
148,8267,Savings,388336
149,9867,Savings,263429
150,4936,Savings,91731
151,2151,Current,361977
152,2449,Savings,37019
153,8766,Savings,139068
154,240,Current,413479
155,4904,Savings,59153
156,8300,Savings,478752
157,3109,Current,245874
158,4720,Current,203926
159,2550,Savings,29577
160,9446,Current,178954
161,8693,Current,432466
162,1941,Savings,215604
163,484,Savings,426877
164,2799,Savings,401451
165,2817,Current,477306
166,2161,Savings,120949
167,1780,Savings,162275
168,607,Current,483579
169,9831,Savings,364593
170,1088,Current,60606
171,8337,Current,128750
172,2433,Savings,19228
173,8704,Current,227348
174,6956,Savings,281275
175,5418,Current,456036
176,1306,Current,136958
177,4527,Savings,371327
178,3539,Current,201040
179,4766,Savings,360753
180,6374,Current,77346
181,1790,Current,272586
182,7699,Savings,17012
183,5935,Savings,125559
184,5707,Current,100619
185,4585,Current,13891
186,7727,Current,38878
187,5618,Savings,382104
188,4805,Current,191236
189,3346,Savings,224230
190,8211,Current,26830
191,9094,Savings,207090
192,309,Savings,79901
193,5243,Savings,394906
194,9650,Savings,256832
195,36,Current,383538
196,2470,Savings,89725
197,359,Current,75656
198,6571,Current,161213
199,9731,Current,279460
200,4365,Current,495252
201,3321,Current,196196
202,8575,Current,376385
203,3024,Savings,276197
204,1618,Current,310516
205,1681,Savings,102129
206,967,Current,275155
207,4184,Savings,329015
208,9436,Savings,174754
209,2364,Current,372527
210,5724,Savings,131820
211,2902,Savings,233418
212,4054,Current,215018
213,738,Savings,429071
214,7243,Savings,110428
215,4203,Savings,478318
216,7875,Current,120452
217,142,Current,452262
218,2802,Savings,397182
219,9968,Current,318547
220,4208,Savings,344271
221,6273,Current,435947
222,9341,Current,465672
223,2934,Savings,285584
224,1218,Current,169461
225,6932,Savings,467491
226,9878,Savings,393924
227,9054,Current,77956
228,4645,Savings,96374
229,2358,Current,324425
230,2862,Current,167230
231,4621,Current,81776
232,3218,Savings,376937
233,1223,Savings,117270
234,24,Savings,164660
235,6956,Current,138037
236,1762,Current,418234
237,1247,Savings,433360
238,4523,Savings,162128
239,8540,Current,55013
240,2078,Savings,157690
241,2307,Savings,237731
242,7501,Current,152992
243,6481,Savings,246971
244,7834,Savings,183931
245,4565,Savings,282945
246,1198,Savings,402366
247,7515,Savings,263603
248,6935,Current,163686
249,5055,Savings,88824
250,9786,Current,222565
251,5793,Savings,246389
252,2824,Current,75330
253,3650,Savings,466386
254,5375,Current,331815
255,1580,Current,178176
256,7799,Current,64799
257,1309,Savings,324074
258,236,Savings,262473
259,8043,Savings,197620
260,6944,Current,239158
261,514,Savings,358043
262,58,Savings,44005
263,8500,Savings,147142
264,634,Current,356910
265,5594,Savings,17301
266,7140,Savings,482541
267,4431,Current,38596
268,935,Savings,468742
269,2225,Current,267705
270,6592,Savings,303695
271,6692,Current,402293
272,2272,Current,275047
273,8716,Savings,289074
274,9535,Savings,268343
275,700,Current,196882
276,1030,Savings,118453
277,1830,Savings,31447
278,2235,Current,261090
279,6034,Savings,213365
280,7951,Current,215687
281,1591,Current,477997
282,2050,Current,293807
283,2276,Current,295329
284,3734,Current,136080
285,2872,Savings,350843
286,865,Savings,121488
287,7828,Current,226399
288,7652,Current,299128
289,5658,Savings,417236
290,3274,Current,493398
291,7638,Savings,233036
292,2240,Current,289571
293,495,Savings,226703
294,8577,Savings,96380
295,369,Savings,113492
296,5755,Current,287143
297,1299,Current,148777
298,76,Savings,379800
299,4161,Current,323498
300,9901,Current,292065
301,3337,Savings,210942
302,5279,Savings,362935
303,1464,Savings,315264
304,6157,Current,411691
305,1569,Savings,93765
306,1955,Savings,355952
307,2112,Savings,447232
308,2567,Current,427264
309,4283,Current,347594
310,2094,Savings,100506
311,4737,Current,447241
312,8783,Savings,397125
313,1576,Current,217534
314,5651,Current,370939
315,7306,Current,331365
316,1758,Savings,40560
317,267,Savings,418210
318,7540,Current,346617
319,9993,Savings,98119
320,9167,Savings,184523
321,1388,Savings,348416
322,3778,Savings,15453
323,4869,Savings,371337
324,2009,Current,289720
325,7651,Savings,250965
326,8878,Savings,284702
327,6558,Savings,383761
328,8362,Current,347537
329,4009,Savings,405684
330,9796,Savings,185492
331,2837,Savings,489398
332,3934,Savings,424878
333,4577,Savings,322878
334,3304,Savings,34932
335,2826,Current,115487
336,1395,Savings,351913
337,2202,Savings,381994
338,2772,Savings,373508
339,899,Current,252632
340,9887,Savings,211469
341,4176,Savings,232480
342,3831,Current,22168
343,1998,Savings,424460
344,9494,Current,171882
345,7961,Current,164015
346,496,Savings,221333
347,1374,Current,480567
348,8599,Savings,330008
349,5664,Current,249192
350,7705,Current,385537
351,1273,Current,340118
352,8635,Savings,33478
353,4325,Savings,288565
354,9908,Savings,169148
355,7529,Current,145659
356,2336,Current,327630
357,1045,Current,132501
358,6673,Current,6115
359,1200,Savings,49292
360,5405,Savings,115098
361,6596,Savings,276262
362,5204,Savings,425517
363,9018,Savings,476036
364,9315,Current,408205
365,7362,Savings,187033
366,7709,Current,13752
367,7012,Current,251242
368,4787,Current,96884
369,6698,Current,141310
370,2633,Current,89888
371,5545,Current,222375
372,3593,Savings,42230
373,4859,Current,73096
374,4277,Savings,113366
375,2333,Current,227384
376,8300,Current,27363
377,3631,Current,130386
378,2905,Current,385405
379,6357,Current,11720
380,7729,Savings,36499
381,4545,Current,165038
382,1954,Current,203151
383,2875,Current,163046
384,6949,Savings,47474
385,8276,Savings,378626
386,4710,Savings,124420
387,4001,Current,175668
388,5481,Savings,321602
389,4046,Current,315110
390,1211,Savings,82040
391,578,Current,272384
392,435,Savings,79122
393,5801,Current,337503
394,5251,Current,107690
395,8394,Savings,240146
396,3243,Savings,41306
397,2906,Savings,62303
398,5228,Savings,429582
399,1546,Current,382913
400,4857,Savings,116388
401,6452,Savings,197628
402,3064,Savings,151830
403,5900,Current,211136
404,171,Current,256246
405,7706,Current,298273
406,4563,Savings,117702
407,2971,Current,101879
408,7059,Savings,99191
409,7802,Current,463433
410,2756,Savings,396103
411,8572,Savings,48853
412,9709,Savings,482515
413,1874,Savings,20816
414,975,Savings,309928
415,7535,Current,247839
416,1280,Savings,52721
417,6774,Savings,256845
418,1499,Savings,157883
419,8,Current,25786
420,8999,Savings,389829
421,6898,Savings,187023
422,7723,Current,156634
423,6488,Current,268672
424,7741,Savings,221655
425,4667,Current,353697
426,654,Current,71712
427,286,Current,195859
428,1260,Current,321460
429,7454,Savings,313464
430,5791,Savings,274404
431,7904,Savings,131287
432,2543,Current,71366
433,8094,Current,431027
434,2876,Savings,291721
435,2037,Savings,469772
436,1343,Current,66363
437,1759,Savings,146830
438,971,Savings,418878
439,9771,Savings,490107
440,123,Current,376313
441,3118,Savings,39810
442,9328,Savings,183875
443,2793,Current,77959
444,8830,Current,17643
445,9098,Current,308746
446,9190,Current,429419
447,1923,Current,338173
448,2169,Current,170208
449,5171,Savings,301155
450,300,Savings,21831
451,5950,Savings,65955
452,696,Current,466825
453,7417,Current,488348
454,4526,Current,323435
455,1101,Current,99627
456,9383,Savings,18743
457,1637,Current,424861
458,5082,Savings,11956
459,413,Current,205203
460,3311,Current,363946
461,8661,Savings,26439
462,3346,Current,109363
463,2113,Current,91088
464,6266,Savings,323123
465,4644,Current,133455
466,8445,Current,106385
467,7686,Current,267045
468,3097,Savings,387052
469,2776,Savings,408939
470,4891,Savings,228813
471,5440,Savings,152232
472,3946,Current,227737
473,1260,Savings,491299
474,4836,Savings,82060
475,8818,Savings,318972
476,5235,Current,193650
477,2585,Savings,391953
478,9970,Savings,88471
479,1332,Current,354955
480,5651,Current,398245
481,7800,Savings,250783
482,7788,Savings,300182
483,2114,Savings,113119
484,5615,Current,363613
485,7044,Savings,284258
486,941,Current,98442
487,9772,Current,175751
488,357,Current,95949
489,7171,Current,103244
490,5079,Current,279379
491,2760,Current,372684
492,1695,Current,305926
493,254,Savings,74462
494,1657,Current,257203
495,9119,Current,369708
496,2102,Savings,8150
497,183,Current,494196
498,7991,Savings,229776
499,5988,Savings,85973
500,3738,Savings,175149
501,6956,Current,290430
502,8162,Current,356142
503,6895,Savings,274006
504,3892,Savings,341383
505,4677,Savings,87683
506,1730,Current,190787
507,2423,Savings,93026
508,7478,Current,111405
509,1870,Savings,37939
510,6431,Savings,432896
511,8948,Savings,210759
512,8761,Savings,86020
513,7177,Current,16866
514,7422,Current,341578
515,500,Current,210183
516,9129,Current,200690
517,7645,Current,414713
518,6431,Current,365541
519,5196,Current,81421
520,9845,Current,107233
521,6191,Savings,152404
522,7089,Current,455346
523,7756,Savings,95976
524,2644,Savings,435742
525,4479,Current,455845
526,5458,Savings,292355
527,7581,Savings,322340
528,6923,Savings,75662
529,6084,Savings,386742
530,4815,Savings,351731
531,1043,Current,299121
532,583,Current,46151
533,5963,Savings,283125
534,8122,Current,259489
535,3993,Current,360955
536,3650,Savings,126622
537,8743,Current,65229
538,8070,Current,243659
539,3315,Current,496268
540,4647,Current,126957
541,9245,Savings,81875
542,7718,Current,80425
543,5318,Savings,283742
544,7243,Current,43698
545,6190,Current,398476
546,9810,Savings,144949
547,3421,Current,114433
548,6693,Savings,65010
549,9686,Savings,195432
550,9235,Savings,164537
551,2318,Savings,240125
552,8330,Current,200715
553,1756,Savings,61646
554,4735,Current,322347
555,595,Current,377508
556,6495,Savings,382722
557,486,Current,132902
558,9231,Current,350598
559,3990,Current,338961
560,7308,Current,393970
561,2991,Savings,291939
562,1195,Current,175456
563,350,Savings,278850
564,8774,Current,187367
565,9478,Savings,76173
566,9506,Current,122406
567,3429,Current,158560
568,1076,Savings,326574
569,9248,Current,131701
570,6971,Current,103160
571,2227,Current,480051
572,5053,Current,25796
573,4541,Savings,71930
574,474,Current,165744
575,6026,Savings,245327
576,2593,Current,424214
577,8212,Current,269426
578,8803,Savings,446733
579,8727,Current,468456
580,2296,Current,351101
581,9433,Savings,142793
582,9064,Current,492938
583,9934,Current,291822
584,4188,Savings,120144
585,4530,Current,339286
586,5935,Savings,153576
587,8823,Savings,266600
588,1625,Current,50467
589,5319,Savings,131096
590,8805,Current,223457
591,9837,Current,91056
592,2396,Current,496623
593,818,Savings,77545
594,9597,Savings,153708
595,4273,Current,443982
596,335,Current,25604
597,9896,Savings,170160
598,4923,Current,443607
599,4632,Current,294751
600,7933,Current,336953
601,2745,Current,33338
602,1022,Current,285307
603,3860,Current,430335
604,4201,Current,250894
605,9268,Current,471375
606,6308,Current,62249
607,3287,Current,291955
608,7847,Current,176708
609,3389,Current,356976
610,2693,Current,38169
611,283,Savings,53406
612,607,Savings,219347
613,1086,Current,364127
614,3287,Current,234308
615,5852,Current,464820
616,240,Current,55149
617,5973,Current,185389
618,542,Current,186041
619,1579,Current,169255
620,519,Savings,150510
621,2297,Savings,62100
622,3289,Current,110043
623,6691,Current,244138
624,1538,Current,377462
625,2265,Savings,304855
626,7103,Current,136956
627,1163,Current,369184
628,7071,Savings,357636
629,7538,Current,160817
630,4465,Savings,81618
631,1510,Savings,64311
632,2295,Current,67251
633,2906,Current,346011
634,4434,Current,97618
635,7686,Savings,303102
636,6354,Savings,428119
637,6370,Current,41990
638,6418,Savings,329960
639,7561,Savings,105605
640,9934,Savings,24366
641,8295,Savings,36396
642,9903,Savings,339528
643,7245,Savings,313132
644,6770,Current,254405
645,9862,Savings,139125
646,8566,Current,438193
647,4965,Savings,108623
648,1299,Savings,25016
649,1600,Current,205044
650,411,Current,284450
651,8255,Savings,268911
652,4185,Savings,158363
653,8838,Current,392055
654,6693,Current,360376
655,6502,Current,59170
656,203,Savings,14178
657,6859,Current,472689
658,1552,Savings,481825
659,4451,Current,34919
660,3223,Current,76209
661,5291,Savings,478018
662,9492,Savings,68951
663,1863,Current,437758
664,6891,Savings,48564
665,7933,Current,312333
666,2896,Current,178601
667,884,Savings,153668
668,476,Current,33491
669,4604,Current,167760
670,7206,Current,169740
671,1801,Current,296458
672,6344,Savings,260381
673,7623,Savings,422063
674,1,Current,164550
675,9808,Savings,378775
676,9746,Savings,106197
677,1674,Current,398324
678,3341,Savings,213826
679,300,Current,308945
680,6787,Savings,26205
681,8230,Current,53844
682,7441,Current,182312
683,2818,Current,485112
684,1158,Current,450713
685,4821,Current,146162
686,8410,Savings,492160
687,7874,Savings,285747
688,7750,Current,248331
689,9427,Current,86341
690,3064,Current,446890
691,4419,Savings,284143
692,4210,Savings,5795
693,8690,Current,354193
694,5890,Current,276058
695,1256,Savings,384408
696,4038,Savings,468989
697,9796,Savings,254342
698,2757,Savings,435350
699,3570,Current,360761
700,1897,Savings,129381
701,4683,Current,490699
702,8981,Savings,163680
703,8781,Savings,425044
704,3322,Current,120144
705,288,Current,286569
706,8453,Savings,329030
707,5850,Savings,181432
708,3853,Savings,156907
709,9303,Savings,471896
710,5768,Savings,313065
711,146,Savings,280930
712,4419,Current,331000
713,7902,Savings,296727
714,1965,Current,431353
715,2809,Savings,270104
716,5471,Current,215905
717,2814,Savings,483330
718,6500,Current,107970
719,2103,Savings,469627
720,9438,Savings,171001
721,2717,Savings,180835
722,3761,Current,468200
723,5950,Savings,164069
724,2132,Savings,298449
725,4096,Savings,15996
726,743,Savings,399628
727,5474,Current,168374
728,4381,Current,276640
729,4935,Savings,303794
730,2866,Savings,102281
731,5023,Savings,409950
732,4436,Savings,36103
733,5076,Current,29610
734,969,Current,449366
735,8046,Savings,59430
736,8436,Savings,450788
737,3866,Current,406546
738,6712,Current,187967
739,6152,Current,24607
740,4143,Savings,277060
741,5937,Current,292012
742,210,Current,136398
743,2952,Savings,46168
744,2241,Savings,46335
745,5472,Savings,435861
746,7833,Savings,426660
747,346,Current,419254
748,1027,Current,383822
749,2309,Current,397656
750,4935,Current,445159
751,2693,Savings,90954
752,7586,Savings,496285
753,5672,Current,382287
754,4258,Current,141797
755,6908,Current,101260
756,8012,Current,97360
757,4144,Savings,246846
758,2995,Current,315149
759,5031,Savings,202292
760,7463,Current,121034
761,9522,Current,294678
762,2605,Savings,411718
763,7575,Savings,414492
764,5899,Savings,487160
765,5789,Current,450287
766,5126,Current,352205
767,9480,Savings,199571
768,4184,Savings,344114
769,2055,Current,426784
770,7607,Current,27372
771,6802,Savings,156129
772,356,Savings,75408
773,3480,Current,469843
774,8719,Savings,206981
775,6484,Current,433569
776,2047,Current,240703
777,7531,Savings,423536
778,9386,Current,445154
779,1451,Savings,212793
780,9991,Savings,240365
781,8806,Current,415317
782,768,Current,44368
783,8736,Savings,176414
784,9982,Current,277158
785,2246,Savings,11738
786,8582,Savings,233529
787,2433,Savings,239770
788,4258,Current,213351
789,6226,Savings,499720
790,6094,Savings,51745
791,6034,Savings,447245
792,5618,Savings,46796
793,6069,Savings,26641
794,456,Savings,142758
795,3308,Savings,287786
796,3977,Savings,71410
797,1116,Savings,220608
798,9416,Current,37074
799,8681,Current,255458
800,4040,Savings,334455
801,2469,Current,173908
802,6632,Savings,379090
803,7292,Current,137554
804,2283,Current,284797
805,7569,Savings,115268
806,9853,Savings,420208
807,3496,Current,441270
808,2583,Current,17360
809,352,Savings,329849
810,7566,Current,163533
811,6315,Current,146756
812,8548,Current,102742
813,7584,Current,58578
814,2331,Current,408978
815,9965,Savings,44849
816,1734,Savings,387122
817,4480,Savings,276531
818,3524,Savings,427823
819,4479,Savings,187731
820,3786,Current,183322
821,5476,Savings,256475
822,3168,Savings,147042
823,66,Savings,466984
824,8766,Current,276385
825,9597,Savings,21671
826,5193,Current,149317
827,2151,Savings,159964
828,2145,Current,284338
829,381,Current,476430
830,6181,Savings,163158
831,9327,Savings,392123
832,4887,Current,146397
833,2567,Savings,362127
834,8639,Current,411395
835,4687,Current,253374
836,6753,Current,447504
837,4360,Savings,122694
838,7229,Savings,81455
839,3293,Current,90908
840,2308,Savings,89055
841,6093,Current,174887
842,5112,Current,484414
843,2080,Savings,190186
844,412,Current,467774
845,7707,Savings,134680
846,5541,Current,9205
847,960,Current,238699
848,1262,Current,192618
849,2068,Current,483819
850,9667,Current,307202
851,7533,Current,129371
852,7278,Savings,222054
853,9862,Current,264694
854,2172,Savings,210433
855,5184,Savings,240548
856,5557,Current,187727
857,5567,Current,18714
858,9013,Current,22646
859,5756,Current,398787
860,3912,Savings,253398
861,7686,Savings,379220
862,6009,Current,420552
863,4988,Current,266430
864,2735,Savings,324002
865,6786,Savings,11499
866,6312,Current,314516
867,4344,Savings,109277
868,4267,Savings,222411
869,6671,Savings,375459
870,9028,Savings,214094
871,6200,Current,184133
872,109,Savings,23034
873,4346,Current,33153
874,521,Current,228442
875,6269,Savings,236328
876,9339,Savings,92155
877,8433,Savings,451013
878,9430,Current,257843
879,7223,Savings,264169
880,9334,Savings,305625
881,7260,Current,152201
882,4895,Savings,7736
883,626,Savings,122948
884,8080,Savings,200699
885,9729,Current,365252
886,3886,Current,300823
887,4434,Current,224864
888,7044,Savings,497427
889,3734,Savings,50964
890,12,Current,148663
891,3111,Current,151647
892,2931,Current,241168
893,7442,Current,47829
894,2283,Current,226158
895,2199,Savings,222823
896,734,Savings,204156
897,1143,Savings,159266
898,2428,Savings,399381
899,8599,Savings,163048
900,3554,Current,213478
901,9084,Savings,459896
902,4997,Current,236742
903,1654,Current,147696
904,3456,Current,220285
905,5436,Savings,467181
906,4537,Current,302261
907,6940,Current,144482
908,4609,Savings,97436
909,7919,Current,457495
910,9158,Savings,282083
911,2490,Current,235801
912,4074,Savings,14704
913,6688,Savings,314036
914,2230,Savings,488179
915,2941,Savings,223507
916,7735,Current,389941
917,5317,Savings,133207
918,8509,Savings,207332
919,4652,Current,241878
920,3926,Current,410731
921,8471,Current,192154
922,6270,Savings,222030
923,8752,Savings,455760
924,9980,Savings,295523
925,6788,Savings,263582
926,4629,Savings,490925
927,1693,Savings,99700
928,4851,Savings,148819
929,3312,Current,209827
930,3955,Savings,110265
931,6875,Current,69670
932,535,Current,286268
933,1729,Savings,76200
934,3597,Current,351498
935,3042,Savings,89823
936,7820,Current,74146
937,3611,Current,360625
938,1364,Savings,470582
939,7044,Savings,123143
940,2255,Current,222292
941,5518,Current,468782
942,2586,Current,32636
943,5183,Savings,149568
944,4977,Current,242031
945,1361,Current,186193
946,8157,Current,401227
947,6013,Savings,196538
948,5478,Savings,281374
949,3602,Current,24968
950,4692,Savings,339950
951,9286,Savings,35394
952,6307,Current,321691
953,8798,Current,173869
954,1463,Current,340586
955,9400,Savings,108752
956,8276,Savings,239619
957,9490,Savings,498344
958,5236,Savings,172076
959,4010,Savings,140716
960,5538,Current,469320
961,3627,Savings,136778
962,6548,Current,334837
963,8278,Savings,491973
964,3679,Savings,498605
965,5535,Current,71238
966,3412,Savings,375774
967,9535,Current,199080
968,9668,Savings,421673
969,2098,Savings,474890
970,1520,Current,191065
971,3469,Savings,384986
972,835,Savings,471804
973,5504,Savings,452715
974,3521,Current,191475
975,3168,Savings,315538
976,28,Current,470839
977,9592,Savings,130066
978,7353,Savings,435033
979,9,Savings,446244
980,8538,Current,408967
981,934,Current,212766
982,8757,Savings,234689
983,3685,Savings,435898
984,3434,Current,216695
985,5643,Savings,431669
986,9648,Current,434886
987,3672,Current,203354
988,4375,Current,101298
989,2268,Current,49316
990,110,Savings,311219
991,5439,Savings,15448
992,5007,Savings,380215
993,5432,Current,257281
994,7981,Savings,242698
995,4730,Current,55532
996,6186,Savings,47815
997,8387,Current,317165
998,4071,Savings,307031
999,5707,Savings,365017
1000,7152,Savings,292723
1001,7297,Savings,170899
1002,5295,Savings,222570
1003,7148,Current,416450
1004,6586,Savings,401214
1005,5072,Current,419680
1006,8380,Savings,19888
1007,9502,Current,309152
1008,2894,Current,451014
1009,593,Savings,464027
1010,7892,Current,362203
1011,3698,Savings,245844
1012,6621,Savings,281063
1013,3260,Current,142405
1014,9330,Savings,74375
1015,9626,Current,303005
1016,9207,Current,475872
1017,7138,Current,323907
1018,2748,Savings,186545
1019,8865,Savings,289778
1020,2209,Savings,482758
1021,1953,Current,287164
1022,4153,Savings,106452
1023,6382,Savings,107428
1024,7191,Current,471860
1025,8950,Current,232105
1026,668,Savings,269189
1027,6645,Current,254414
1028,3795,Current,267048
1029,5537,Current,44257
1030,1143,Savings,376275
1031,751,Savings,348772
1032,8918,Current,322676
1033,1194,Savings,499987
1034,7925,Savings,189858
1035,4783,Current,279858
1036,3255,Savings,286999
1037,4744,Current,457074
1038,8490,Savings,235930
1039,2079,Savings,234379
1040,5027,Savings,287889
1041,1480,Savings,35296
1042,9698,Current,213978
1043,6428,Savings,413970
1044,3717,Savings,437803
1045,5880,Current,27937
1046,9869,Savings,386990
1047,7935,Savings,422645
1048,4140,Savings,276282
1049,6794,Current,354925
1050,63,Current,90514
1051,963,Savings,368826
1052,9145,Savings,439168
1053,2986,Current,183201
1054,6906,Savings,399559
1055,1972,Current,472181
1056,2781,Savings,390442
1057,98,Savings,492840
1058,900,Current,143291
1059,5162,Savings,414547
1060,3768,Savings,474314
1061,4890,Savings,145603
1062,7048,Savings,128305
1063,2497,Current,359529
1064,7635,Current,158042
1065,7261,Current,290329
1066,4267,Savings,202756
1067,3245,Current,8592
1068,4660,Savings,476848
1069,7799,Savings,233486
1070,8968,Savings,268928
1071,4433,Current,404023
1072,336,Current,408292
1073,6849,Current,310656
1074,7838,Current,329583
1075,9231,Savings,159538
1076,7224,Current,270568
1077,7205,Savings,8776
1078,5259,Current,80884
1079,2566,Current,130541
1080,3089,Savings,374774
1081,7262,Savings,222327
1082,848,Current,400803
1083,9272,Savings,104857
1084,2752,Current,256879
1085,6046,Current,161745
1086,295,Savings,376446
1087,2379,Savings,37472
1088,4562,Current,261839
1089,6999,Current,279199
1090,5445,Current,259983
1091,5379,Savings,492854
1092,2858,Savings,302599
1093,1240,Current,364031
1094,485,Current,440456
1095,9568,Savings,467126
1096,4983,Current,479499
1097,5706,Savings,22403
1098,3643,Current,286483
1099,9096,Savings,408650
1100,4599,Current,321904
1101,6365,Savings,119618
1102,8456,Savings,296921
1103,2114,Current,490263
1104,7453,Savings,413147
1105,2701,Current,388327
1106,9852,Savings,92322
1107,1653,Savings,130197
1108,1953,Savings,146107
1109,3487,Savings,418226
1110,9881,Savings,348987
1111,9476,Current,480223
1112,6298,Current,33414
1113,152,Current,256914
1114,9448,Current,174149
1115,9227,Current,290276
1116,2296,Savings,69468
1117,2387,Savings,145695
1118,553,Savings,234931
1119,9010,Current,296918
1120,6579,Savings,378947
1121,4102,Savings,105027
1122,699,Savings,17851
1123,168,Savings,89996
1124,7494,Savings,267153
1125,8161,Current,305204
1126,4909,Current,332332
1127,4057,Savings,232896
1128,5103,Savings,165752
1129,9143,Current,387415
1130,6483,Current,163703
1131,3973,Current,214608
1132,8206,Current,489846
1133,5233,Savings,497629
1134,5348,Current,186932
1135,4730,Savings,276523
1136,9015,Current,455670
1137,947,Savings,283552
1138,3627,Savings,211757
1139,7737,Current,449748
1140,4437,Savings,177699
1141,8666,Current,393324
1142,9533,Current,202136
1143,4182,Savings,442324
1144,2011,Savings,373309
1145,8843,Current,146147
1146,6974,Current,69589
1147,5168,Current,380518
1148,6435,Current,133181
1149,1340,Current,366767
1150,9119,Current,491856
1151,2644,Savings,371577
1152,6239,Current,133414
1153,755,Current,344874
1154,4277,Current,484533
1155,9557,Savings,347015
1156,17,Savings,35761
1157,2955,Savings,5409
1158,8119,Savings,21161
1159,8560,Current,75139
1160,8012,Current,435049
1161,7968,Current,402008
1162,5220,Current,355888
1163,9515,Savings,51726
1164,7708,Savings,338451
1165,1624,Savings,117234
1166,1446,Current,108804
1167,8410,Savings,143412
1168,9233,Current,6219
1169,446,Current,246738
1170,3720,Current,59240
1171,2655,Current,218312
1172,1382,Current,125793
1173,4878,Current,230255
1174,5339,Current,52791
1175,2949,Current,62724
1176,2085,Current,351307
1177,230,Savings,301492
1178,9011,Savings,147482
1179,2152,Current,266813
1180,113,Current,151895
1181,7452,Current,90546
1182,8982,Savings,190904
1183,4322,Savings,315501
1184,4060,Savings,28900
1185,6018,Current,43892
1186,3637,Current,37461
1187,7037,Savings,16070
1188,5258,Current,287767
1189,8530,Savings,443633
1190,8449,Savings,62570
1191,620,Current,478314
1192,7122,Savings,89457
1193,3615,Savings,288833
1194,1809,Savings,255129
1195,8086,Current,460354
1196,9718,Savings,483786
1197,8419,Current,480806
1198,2408,Current,282098
1199,6634,Current,386276
1200,2344,Current,227683
1201,9304,Savings,408950
1202,7876,Current,198626
1203,7903,Current,20854
1204,4614,Current,280769
1205,5078,Current,469545
1206,220,Current,390617
1207,9048,Current,184695
1208,1424,Current,184509
1209,7276,Current,401544
1210,9241,Savings,350840
1211,7692,Savings,469230
1212,4971,Savings,292988
1213,9810,Current,390467
1214,8081,Savings,420986
1215,818,Current,6691
1216,374,Current,173995
1217,7864,Savings,477945
1218,1961,Current,186285
1219,970,Current,150896
1220,6923,Current,265467
1221,5971,Current,166530
1222,1260,Current,249738
1223,2778,Savings,55719
1224,7836,Current,300101
1225,8348,Current,367025
1226,5415,Savings,143899
1227,4678,Current,30095
1228,9898,Savings,46266
1229,1064,Current,12210
1230,4436,Savings,426555
1231,3854,Savings,87477
1232,1917,Savings,223804
1233,438,Savings,150805
1234,1063,Current,124332
1235,6862,Savings,213067
1236,1339,Current,189877
1237,8445,Current,303704
1238,7275,Current,307463
1239,74,Current,315662
1240,2235,Current,174142
1241,8478,Current,330603
1242,4853,Current,161626
1243,303,Savings,133009
1244,645,Current,43428
1245,6103,Current,418448
1246,8337,Current,432307
1247,3212,Current,436957
1248,1178,Current,256211
1249,403,Savings,326660
1250,9293,Savings,92177
1251,86,Current,176790
1252,5130,Current,441446
1253,4917,Savings,155610
1254,1197,Current,211395
1255,9687,Savings,312887
1256,2211,Savings,440690
1257,8362,Savings,80799
1258,3981,Savings,233049
1259,1475,Current,8772
1260,6314,Savings,14677
1261,6884,Savings,384410
1262,7860,Savings,455758
1263,2541,Current,317070
1264,2349,Savings,380534
1265,8846,Savings,494397
1266,6831,Savings,474213
1267,9037,Current,408032
1268,7551,Savings,253923
1269,1992,Current,174045
1270,7965,Savings,192317
1271,3997,Current,197908
1272,5793,Current,174954
1273,1932,Savings,249523
1274,5152,Current,98366
1275,3442,Current,286283
1276,659,Current,151910
1277,7029,Current,40069
1278,3492,Current,46442
1279,3404,Current,462208
1280,691,Savings,409040
1281,8772,Savings,164443
1282,8636,Current,172932
1283,3683,Savings,333129
1284,6081,Current,91854
1285,8117,Current,273968
1286,2038,Savings,332162
1287,1089,Current,134870
1288,2477,Current,169678
1289,8399,Current,96380
1290,2932,Current,387654
1291,2786,Current,80142
1292,5103,Savings,23420
1293,7575,Current,103038
1294,5822,Savings,349535
1295,5528,Savings,488754
1296,6415,Current,268856
1297,6465,Current,340164
1298,4239,Savings,284412
1299,7495,Current,41850
1300,2989,Current,72777
1301,7920,Current,15728
1302,4058,Savings,309070
1303,6094,Savings,428000
1304,3979,Current,49547
1305,7872,Savings,413295
1306,411,Savings,26023
1307,8035,Current,451935
1308,1357,Current,208283
1309,9084,Savings,61317
1310,4097,Savings,355710
1311,3265,Savings,151308
1312,133,Current,191190
1313,195,Savings,324575
1314,9903,Current,291168
1315,5649,Savings,452552
1316,7556,Savings,481931
1317,1086,Savings,386823
1318,8215,Current,377491
1319,1979,Savings,108176
1320,7470,Current,437579
1321,5319,Savings,259350
1322,2097,Savings,419345
1323,4674,Current,293373
1324,9714,Current,111006
1325,5079,Current,149965
1326,4276,Current,371034
1327,9896,Current,389668
1328,5168,Current,370947
1329,4224,Current,339747
1330,6724,Savings,322880
1331,8368,Current,110045
1332,9078,Current,454819
1333,6967,Current,37519
1334,6111,Savings,359054
1335,6290,Current,372710
1336,2339,Savings,116602
1337,9414,Current,70590
1338,3090,Current,112201
1339,222,Current,247622
1340,3203,Savings,265888
1341,324,Savings,441507
1342,3175,Savings,72933
1343,4181,Savings,189019
1344,6797,Current,458172
1345,1997,Savings,467841
1346,3154,Current,105189
1347,2818,Current,231917
1348,2257,Current,145128
1349,3043,Savings,113523
1350,3312,Savings,435343
1351,8791,Current,332052
1352,6913,Savings,356528
1353,3899,Current,82971
1354,457,Current,273892
1355,8707,Current,179122
1356,5847,Savings,410005
1357,4888,Savings,226494
1358,8753,Savings,459909
1359,9595,Current,377271
1360,4227,Current,297353
1361,805,Savings,98173
1362,4434,Savings,189676
1363,207,Savings,91429
1364,3112,Current,173326
1365,5586,Savings,429440
1366,3279,Current,48687
1367,6337,Current,439710
1368,9925,Savings,453816
1369,7350,Savings,75796
1370,2097,Savings,393009
1371,5270,Savings,176978
1372,271,Current,473773
1373,7602,Current,68626
1374,6904,Current,140813
1375,6790,Savings,158564
1376,4598,Current,250802
1377,635,Savings,219598
1378,658,Current,338440
1379,3391,Savings,430061
1380,8648,Savings,419302
1381,6669,Savings,216448
1382,7814,Savings,57095
1383,6044,Current,376222
1384,2377,Savings,107937
1385,31,Current,103190
1386,1597,Current,450028
1387,4507,Current,155936
1388,1461,Savings,143514
1389,708,Savings,453288
1390,4387,Current,189798
1391,3072,Current,213932
1392,9496,Current,421915
1393,1607,Current,320077
1394,69,Savings,348115
1395,8087,Current,308327
1396,2980,Savings,270046
1397,5196,Current,162720
1398,2995,Current,488588
1399,1655,Current,485058
1400,8373,Current,288159
1401,6222,Savings,251962
1402,4039,Current,51607
1403,4618,Current,97282
1404,1059,Savings,167653
1405,9449,Current,140555
1406,6948,Savings,273526
1407,1685,Savings,384833
1408,644,Current,35046
1409,1076,Savings,429034
1410,8113,Savings,64736
1411,2663,Current,452340
1412,8106,Savings,177207
1413,3289,Savings,68833
1414,2554,Savings,398944
1415,6442,Savings,452136
1416,5295,Current,171667
1417,6299,Savings,217868
1418,4453,Current,324294
1419,3875,Savings,411178
1420,887,Current,303586
1421,2270,Savings,363428
1422,2823,Current,475571
1423,515,Current,150036
1424,4904,Savings,59015
1425,5500,Savings,312560
1426,4760,Savings,358642
1427,6925,Current,38057
1428,4195,Current,333120
1429,8905,Current,460535
1430,8420,Savings,140970
1431,2520,Savings,481036
1432,4048,Savings,456065
1433,2099,Savings,59956
1434,6576,Savings,494312
1435,5126,Current,78449
1436,6837,Savings,436184
1437,1325,Current,177868
1438,5892,Savings,38836
1439,4653,Current,454147
1440,9068,Current,137525
1441,1052,Current,251548
1442,3258,Current,99793
1443,2237,Savings,236472
1444,6958,Savings,395038
1445,396,Current,201584
1446,1107,Current,222243
1447,3991,Savings,449433
1448,1188,Savings,243942
1449,1021,Current,349295
1450,9106,Savings,228455
1451,5290,Savings,369476
1452,1214,Current,39137
1453,1158,Savings,479586
1454,8473,Savings,60558
1455,4634,Current,295698
1456,5883,Current,297741
1457,8558,Savings,71519
1458,8354,Current,204989
1459,8145,Savings,298416
1460,9823,Savings,353945
1461,3196,Current,310310
1462,4168,Savings,153719
1463,8005,Savings,173192
1464,89,Savings,378548
1465,6223,Current,210630
1466,7373,Savings,249080
1467,6840,Current,422536
1468,1762,Current,271753
1469,4546,Savings,65636
1470,6543,Savings,37284
1471,7016,Savings,438529
1472,1935,Savings,15534
1473,2998,Savings,456497
1474,6396,Current,397974
1475,7188,Current,454448
1476,5171,Current,399390
1477,4574,Savings,45862
1478,2492,Current,450805
1479,3632,Savings,5658
1480,4188,Current,229022
1481,2310,Current,475844
1482,5665,Current,255838
1483,5802,Savings,245673
1484,8465,Current,305871
1485,9048,Savings,321909
1486,1067,Savings,413755
1487,5844,Savings,349988
1488,9253,Current,449090
1489,26,Savings,291241
1490,7389,Current,428258
1491,5411,Savings,492815
1492,4560,Savings,293492
1493,6958,Current,452372
1494,6389,Savings,476533
1495,2382,Savings,408713
1496,2824,Current,132851
1497,947,Current,405069
1498,8959,Current,88698
1499,2296,Current,432901
1500,6245,Current,76501
1501,5924,Current,235719
1502,581,Savings,236495
1503,5884,Savings,95073
1504,5755,Savings,181241
1505,7440,Current,141811
1506,3205,Current,33627
1507,7430,Current,279007
1508,8773,Savings,390317
1509,6151,Current,374322
1510,6346,Savings,436853
1511,2215,Savings,323763
1512,3104,Savings,64475
1513,2899,Savings,316828
1514,4401,Current,340287
1515,2046,Savings,494620
1516,9224,Savings,94601
1517,9577,Current,23149
1518,7147,Current,302178
1519,2508,Savings,371916
1520,6438,Current,330542
1521,9166,Current,388200
1522,5463,Current,178580
1523,3986,Current,361618
1524,7261,Savings,430923
1525,8045,Savings,125859
1526,9284,Savings,368386
1527,7707,Current,212655
1528,8805,Current,389385
1529,2395,Savings,244821
1530,9975,Savings,277768
1531,6774,Savings,293403
1532,5094,Current,276719
1533,3250,Savings,283599
1534,4016,Current,275324
1535,1046,Savings,232618
1536,4455,Current,295706
1537,2148,Savings,210778
1538,664,Savings,424116
1539,6548,Current,224745
1540,7775,Current,275606
1541,276,Savings,414927
1542,2887,Savings,183287
1543,9959,Savings,412749
1544,408,Savings,188198
1545,8487,Savings,61168
1546,7365,Current,487924
1547,6819,Current,347820
1548,7076,Savings,103391
1549,3734,Current,60573
1550,3430,Savings,457438
1551,3224,Savings,253435
1552,668,Current,487750
1553,6921,Current,307403
1554,5156,Current,261814
1555,1076,Current,457413
1556,4985,Savings,428754
1557,4426,Current,156964
1558,6797,Savings,450752
1559,9001,Savings,132503
1560,3800,Current,120133
1561,4466,Current,343100
1562,407,Savings,194468
1563,1464,Savings,87652
1564,4758,Current,491411
1565,5409,Savings,170999
1566,5156,Current,109805
1567,9762,Savings,255234
1568,3258,Savings,207514
1569,8043,Current,428632
1570,958,Current,48897
1571,3675,Savings,110804
1572,7943,Savings,176933
1573,3291,Current,380453
1574,590,Current,81891
1575,6560,Savings,75341
1576,3097,Current,447348
1577,4664,Current,215580
1578,9463,Savings,63243
1579,3027,Current,34216
1580,2918,Savings,83417
1581,8976,Savings,262722
1582,6918,Savings,67307
1583,9497,Savings,52343
1584,1053,Current,430494
1585,4537,Savings,246056
1586,8875,Savings,327454
1587,4967,Savings,193461
1588,6201,Current,26263
1589,9918,Current,158728
1590,6302,Current,84632
1591,9686,Savings,265815
1592,7226,Savings,366744
1593,6495,Current,89900
1594,5731,Savings,381507
1595,7074,Savings,42509
1596,9612,Savings,252375
1597,3317,Savings,15609
1598,1920,Savings,437476
1599,6770,Current,169445
1600,370,Savings,418989
1601,122,Savings,145638
1602,2037,Savings,233860
1603,8880,Current,238830
1604,8922,Savings,91237
1605,4202,Current,202212
1606,2985,Current,331577
1607,1949,Savings,480024
1608,6345,Savings,413797
1609,411,Current,434257
1610,2967,Current,473074
1611,7965,Savings,111683
1612,7847,Savings,165688
1613,8328,Current,265237
1614,678,Current,359518
1615,2170,Savings,257424
1616,1019,Current,133616
1617,6576,Current,146665
1618,5637,Current,415582
1619,8443,Current,390490
1620,7583,Current,61228
1621,6,Savings,366669
1622,330,Savings,325271
1623,1085,Savings,478026
1624,7593,Savings,230826
1625,2149,Current,311555
1626,8843,Savings,46554
1627,2370,Savings,118676
1628,69,Current,228818
1629,6467,Current,282981
1630,5888,Current,399356
1631,6011,Savings,493697
1632,3444,Savings,355063
1633,7489,Current,71875
1634,2925,Current,158738
1635,579,Current,328562
1636,6729,Current,249025
1637,3780,Current,75001
1638,4756,Savings,436150
1639,3724,Current,116348
1640,1599,Savings,71710
1641,5752,Current,9678
1642,7455,Savings,100910
1643,5030,Savings,420390
1644,6585,Savings,337876
1645,5621,Savings,51497
1646,8300,Savings,406395
1647,8144,Savings,493222
1648,6953,Savings,403763
1649,5680,Current,144307
1650,4255,Current,231166
1651,3237,Current,123885
1652,1037,Savings,163106
1653,3417,Savings,308154
1654,893,Savings,148339
1655,197,Current,135152
1656,8038,Current,80489
1657,5091,Savings,72054
1658,3082,Current,25236
1659,6676,Savings,440064
1660,2144,Current,295279
1661,7910,Savings,438525
1662,8603,Current,172812
1663,6484,Current,474858
1664,1204,Savings,115585
1665,9833,Savings,348006
1666,4996,Savings,251402
1667,7073,Savings,116448
1668,9507,Current,350424
1669,5741,Current,432016
1670,3735,Savings,49855
1671,3627,Current,232572
1672,1361,Savings,154862
1673,3489,Savings,17983
1674,5638,Current,489211
1675,1524,Current,73660
1676,4592,Savings,486433
1677,6008,Current,108447
1678,1580,Current,226512
1679,9463,Current,33329
1680,2537,Savings,70687
1681,4277,Savings,217718
1682,3960,Current,420929
1683,4530,Current,101102
1684,7420,Current,481953
1685,284,Savings,464279
1686,6490,Current,95889
1687,7553,Savings,381719
1688,5575,Savings,424603
1689,8049,Current,348035
1690,4617,Current,33409
1691,5508,Current,205967
1692,9444,Current,379173
1693,9726,Savings,130540
1694,8814,Current,431528
1695,7524,Savings,192889
1696,2005,Current,473700
1697,5295,Current,11901
1698,3645,Savings,395232
1699,7655,Current,283089
1700,1501,Current,72435
1701,2503,Current,255753
1702,6901,Savings,264437
1703,887,Current,340076
1704,9127,Savings,241763
1705,8791,Current,255269
1706,8462,Current,460970
1707,7537,Current,464679
1708,1898,Current,45739
1709,6890,Current,191853
1710,5237,Savings,63355
1711,6452,Current,353486
1712,4939,Savings,177674
1713,6781,Savings,378275
1714,9225,Savings,14709
1715,3841,Current,318078
1716,3805,Savings,194317
1717,6333,Current,343454
1718,5595,Savings,337653
1719,2591,Current,425023
1720,2252,Savings,315973
1721,9948,Savings,462780
1722,4922,Current,473284
1723,5113,Current,82391
1724,4928,Savings,283163
1725,8603,Savings,14808
1726,1304,Current,167017
1727,5928,Savings,260799
1728,4364,Savings,302303
1729,3125,Savings,64823
1730,3800,Savings,97658
1731,3384,Current,441870
1732,6253,Current,372677
1733,8282,Savings,314577
1734,7250,Current,172640
1735,2299,Savings,494390
1736,8185,Current,373291
1737,743,Savings,186132
1738,5330,Current,167489
1739,2616,Current,262228
1740,7607,Savings,194079
1741,8924,Current,305862
1742,9538,Savings,77880
1743,6183,Savings,178511
1744,7032,Savings,450820
1745,3418,Savings,124810
1746,3901,Savings,38653
1747,8380,Savings,233694
1748,1251,Current,138984
1749,3708,Current,209201
1750,9780,Current,413732
1751,3673,Savings,268284
1752,5303,Current,127235
1753,8955,Current,88878
1754,9111,Current,5289
1755,7543,Savings,68542
1756,8636,Savings,483730
1757,2009,Savings,53136
1758,8755,Savings,477404
1759,1988,Current,181967
1760,6797,Current,18271
1761,7797,Current,41026
1762,225,Current,389463
1763,3578,Savings,153394
1764,1004,Current,94889
1765,7525,Savings,449173
1766,7430,Savings,329777
1767,3570,Savings,451903
1768,5510,Current,388262
1769,8968,Savings,29233
1770,3961,Current,455575
1771,4765,Savings,488460
1772,4894,Savings,115495
1773,7065,Savings,208372
1774,2499,Savings,370018
1775,9362,Savings,317583
1776,5495,Savings,12158
1777,4187,Current,164136
1778,1117,Current,223353
1779,6899,Savings,65443
1780,139,Current,362412
1781,5421,Current,463331
1782,59,Current,217488
1783,9465,Savings,281321
1784,8897,Savings,22343
1785,2512,Current,424844
1786,847,Current,409019
1787,4073,Savings,380301
1788,4836,Savings,463942
1789,8260,Savings,131149
1790,9072,Current,370450
1791,9577,Current,457187
1792,4548,Current,174101
1793,1442,Savings,305839
1794,5153,Savings,96187
1795,8348,Current,422994
1796,6432,Current,230805
1797,3967,Current,16814
1798,1175,Savings,218021
1799,2143,Savings,358041
1800,6051,Current,443089
1801,8028,Current,177780
1802,5063,Savings,175071
1803,2477,Current,226698
1804,8973,Savings,465577
1805,7478,Savings,187908
1806,8830,Current,66222
1807,5265,Current,173360
1808,4623,Current,6612
1809,4631,Current,328374
1810,4672,Savings,323733
1811,956,Current,382237
1812,8904,Savings,356266
1813,3467,Savings,126712
1814,8771,Savings,465611
1815,5011,Savings,63180
1816,7162,Current,132798
1817,4227,Savings,230800
1818,2091,Savings,198657
1819,9835,Savings,199696
1820,1480,Current,407468
1821,8424,Current,61701
1822,7755,Savings,321214
1823,4990,Savings,316781
1824,7064,Current,280310
1825,3790,Savings,85351
1826,7843,Savings,90638
1827,4921,Savings,408120
1828,3097,Savings,28848
1829,9114,Savings,464235
1830,4601,Current,489149
1831,5025,Current,58446
1832,6620,Current,232776
1833,8883,Savings,39883
1834,2047,Savings,111149
1835,3778,Savings,66283
1836,4154,Current,136174
1837,1112,Current,346831
1838,9007,Savings,53920
1839,9341,Savings,203643
1840,7351,Current,310573
1841,5318,Savings,114255
1842,3851,Current,391399
1843,4761,Current,331204
1844,7471,Current,270202
1845,9047,Current,89461
1846,2493,Savings,140809
1847,9409,Current,6783
1848,9049,Savings,206204
1849,6987,Current,300576
1850,7827,Savings,337719
1851,1659,Current,25827
1852,4953,Savings,384568
1853,7884,Savings,292545
1854,8382,Current,43348
1855,8544,Savings,231107
1856,8995,Current,6607
1857,3323,Savings,298484
1858,277,Current,412537
1859,2478,Savings,280636
1860,6934,Savings,449290
1861,611,Current,76384
1862,8070,Savings,444527
1863,9275,Current,164878
1864,1707,Savings,33761
1865,6956,Current,417442
1866,1750,Savings,128567
1867,8581,Savings,328920
1868,3964,Current,95685
1869,5852,Savings,40181
1870,3587,Current,244317
1871,8122,Savings,375348
1872,6338,Current,342725
1873,3235,Current,422503
1874,813,Current,150827
1875,6521,Savings,135757
1876,5155,Savings,235793
1877,8338,Savings,324920
1878,410,Current,287770
1879,554,Current,116095
1880,8743,Current,79047
1881,8529,Savings,405442
1882,9287,Savings,215759
1883,1922,Current,323438
1884,5253,Current,198743
1885,4928,Savings,210239
1886,4707,Savings,235599
1887,2484,Savings,237689
1888,3678,Savings,224858
1889,4185,Current,359540
1890,737,Savings,190450
1891,5319,Current,285252
1892,4136,Current,354252
1893,4671,Current,334132
1894,3992,Savings,14434
1895,991,Savings,71702
1896,7182,Current,118907
1897,6019,Current,5243
1898,3780,Savings,117874
1899,7030,Savings,248012
1900,7743,Savings,250241
1901,3993,Current,226814
1902,6110,Savings,220466
1903,6949,Current,295111
1904,1133,Current,86149
1905,5172,Savings,204367
1906,5873,Current,419886
1907,8324,Savings,336550
1908,6244,Current,31982
1909,8658,Savings,460878
1910,7468,Current,474567
1911,4422,Savings,409810
1912,5970,Savings,130922
1913,220,Current,193330
1914,8801,Current,302113
1915,3526,Savings,141925
1916,1157,Savings,38369
1917,2872,Savings,463600
1918,5318,Current,399931
1919,2580,Current,303127
1920,4157,Savings,275408
1921,1337,Savings,163783
1922,7555,Current,465742
1923,7211,Current,16263
1924,2781,Savings,38550
1925,9111,Savings,321228
1926,7824,Savings,66566
1927,1073,Savings,253317
1928,8733,Current,114975
1929,9298,Savings,151532
1930,7521,Savings,269074
1931,1499,Savings,70519
1932,9696,Savings,58656
1933,8150,Current,353828
1934,8953,Current,107777
1935,6406,Current,267172
1936,537,Savings,408559
1937,6491,Savings,133243
1938,333,Current,315669
1939,808,Current,127879
1940,7303,Savings,399745
1941,4741,Savings,84442
1942,8078,Current,444293
1943,8441,Current,6049
1944,1220,Savings,100434
1945,3461,Savings,188319
1946,2279,Current,47158
1947,5,Current,260203
1948,2800,Savings,251336
1949,2615,Savings,455653
1950,4348,Current,318337
1951,2692,Savings,197225
1952,7882,Current,8418
1953,6416,Savings,422264
1954,2379,Savings,359712
1955,2883,Savings,279981
1956,8282,Savings,156473
1957,4368,Savings,342436
1958,6207,Current,183300
1959,8374,Savings,181525
1960,4133,Current,365824
1961,9967,Current,171416
1962,4888,Savings,268267
1963,6520,Savings,59758
1964,1527,Savings,119776
1965,9808,Current,264902
1966,2806,Current,436049
1967,3939,Savings,402848
1968,8045,Current,452412
1969,6461,Savings,41472
1970,8958,Current,493142
1971,1964,Current,266462
1972,5747,Current,64372
1973,3745,Savings,106096
1974,3589,Savings,478082
1975,9452,Current,208594
1976,8833,Savings,171300
1977,6109,Current,129291
1978,328,Current,223665
1979,9741,Savings,284180
1980,1334,Savings,20983
1981,6089,Current,483895
1982,7340,Current,495565
1983,351,Savings,66792
1984,8061,Savings,491157
1985,5124,Savings,431405
1986,7760,Savings,45441
1987,3155,Current,113550
1988,9806,Savings,220706
1989,5741,Savings,54327
1990,1959,Current,354141
1991,4888,Savings,275645
1992,5156,Savings,78188
1993,1827,Savings,217089
1994,9823,Savings,497813
1995,9654,Current,259296
1996,3613,Current,161776
1997,274,Current,474772
1998,2419,Current,119300
1999,9820,Savings,25771
2000,5579,Savings,172987
2001,1948,Current,188597
2002,9844,Current,143294
2003,2046,Current,423079
2004,242,Current,217192
2005,6149,Savings,168261
2006,8771,Current,409479
2007,6783,Current,115017
2008,5119,Savings,325674
2009,7004,Current,100622
2010,4242,Savings,367369
2011,2500,Savings,228795
2012,4929,Savings,477093
2013,3663,Savings,185910
2014,3036,Savings,255488
2015,4668,Current,162040
2016,8338,Current,402418
2017,4658,Savings,272248
2018,6615,Current,127661
2019,5637,Savings,161473
2020,4643,Current,112941
2021,4404,Savings,401494
2022,8917,Savings,364720
2023,5904,Current,490528
2024,2181,Current,146554
2025,9230,Current,29202
2026,9380,Current,348650
2027,1752,Savings,334241
2028,2107,Current,68081
2029,7727,Current,280785
2030,5811,Savings,6437
2031,3673,Current,120336
2032,3216,Savings,25408
2033,3943,Savings,307424
2034,4783,Current,422948
2035,3622,Current,25462
2036,817,Current,491185
2037,2528,Savings,183037
2038,677,Savings,462744
2039,2666,Current,269469
2040,6224,Current,17520
2041,692,Savings,23441
2042,5335,Savings,305889
2043,5545,Savings,147380
2044,6529,Savings,327595
2045,2689,Current,34693
2046,9798,Savings,359345
2047,7884,Current,486428
2048,5438,Current,295853
2049,4408,Savings,119312
2050,9831,Current,94206
2051,1933,Savings,5068
2052,6253,Current,357168
2053,9806,Savings,236228
2054,475,Current,313649
2055,113,Current,73690
2056,3714,Savings,159989
2057,5981,Savings,440058
2058,6516,Current,338971
2059,5827,Current,77604
2060,7691,Savings,435653
2061,1830,Savings,186124
2062,9029,Current,412639
2063,2022,Current,9460
2064,2422,Current,207453
2065,1117,Current,430189
2066,4722,Savings,73383
2067,3074,Current,481606
2068,7189,Savings,167605
2069,8649,Savings,301046
2070,4367,Savings,212611
2071,5222,Savings,425408
2072,5898,Current,138291
2073,3201,Current,52993
2074,3066,Savings,88579
2075,4268,Savings,288277
2076,3008,Savings,27237
2077,5954,Current,293285
2078,7807,Savings,455760
2079,2412,Savings,307672
2080,7815,Savings,337474
2081,9162,Current,445690
2082,5705,Current,204021
2083,6832,Current,446739
2084,7348,Savings,25423
2085,3964,Savings,338575
2086,4960,Savings,386661
2087,1257,Savings,192152
2088,3518,Savings,190223
2089,5286,Current,344842
2090,4932,Current,22922
2091,3825,Savings,271097
2092,1675,Savings,245989
2093,725,Current,133911
2094,7369,Savings,276294
2095,3337,Current,375812
2096,1942,Current,413049
2097,9611,Savings,247113
2098,8440,Savings,249511
2099,2012,Current,378732
2100,1576,Savings,46918
2101,7479,Current,227095
2102,1239,Current,255053
2103,6573,Savings,318670
2104,1279,Savings,323216
2105,2459,Savings,242583
2106,5284,Savings,381555
2107,3121,Current,165068
2108,1751,Savings,340015
2109,7110,Current,46349
2110,2370,Current,259246
2111,998,Current,325074
2112,3653,Current,375917
2113,2173,Savings,306982
2114,5268,Current,161435
2115,4951,Savings,60736
2116,7943,Current,394272
2117,2643,Savings,429476
2118,4317,Current,327575
2119,7457,Current,289051
2120,866,Savings,76432
2121,6405,Savings,161752
2122,767,Current,257456
2123,67,Current,221642
2124,9694,Savings,295317
2125,3025,Savings,214122
2126,1861,Current,48465
2127,6770,Savings,45034
2128,6177,Savings,183846
2129,3418,Savings,152561
2130,4218,Current,50653
2131,9893,Current,215500
2132,6003,Savings,467326
2133,9100,Savings,497718
2134,6675,Savings,67504
2135,9618,Savings,156360
2136,3577,Savings,143110
2137,3351,Savings,308169
2138,1810,Current,262829
2139,7866,Savings,318391
2140,4278,Current,231693
2141,8919,Savings,211415
2142,2339,Current,6780
2143,378,Savings,39949
2144,4141,Current,155931
2145,4786,Savings,88214
2146,6705,Savings,143758
2147,1143,Current,53736
2148,5631,Current,413730
2149,963,Savings,159087
2150,5604,Savings,182029
2151,3887,Current,253019
2152,9688,Current,378748
2153,7263,Current,132983
2154,3872,Current,80152
2155,5203,Current,212317
2156,5235,Savings,326689
2157,191,Savings,204574
2158,416,Savings,166924
2159,6037,Savings,93068
2160,3236,Savings,313072
2161,1098,Current,305680
2162,6092,Current,467312
2163,3327,Savings,269973
2164,6667,Current,91290
2165,8742,Savings,132727
2166,676,Current,389596
2167,482,Savings,276095
2168,4866,Savings,223831
2169,665,Current,169385
2170,4464,Current,131125
2171,6591,Savings,82713
2172,160,Current,243662
2173,5972,Current,293361
2174,4347,Savings,41520
2175,4673,Savings,167871
2176,5086,Current,98534
2177,7543,Savings,109008
2178,134,Current,170627
2179,6724,Current,345997
2180,2492,Savings,365511
2181,271,Savings,275528
2182,5070,Current,483045
2183,8212,Current,429569
2184,1228,Savings,213568
2185,684,Current,122664
2186,5609,Savings,428209
2187,6100,Savings,458665
2188,1851,Current,76942
2189,6462,Savings,164455
2190,4564,Savings,406004
2191,8958,Current,445404
2192,9989,Savings,205442
2193,1228,Savings,269400
2194,9161,Current,396595
2195,7433,Current,448355
2196,389,Savings,10842
2197,2950,Savings,427105
2198,7343,Savings,269361
2199,499,Current,96978
2200,2624,Savings,130655
2201,5293,Current,292781
2202,7893,Savings,135800
2203,7089,Savings,451598
2204,4663,Current,479193
2205,9335,Current,62404
2206,9301,Current,438507
2207,8163,Current,70586
2208,3125,Current,313924
2209,1783,Savings,166084
2210,2242,Savings,449687
2211,9564,Savings,455176
2212,3083,Current,402181
2213,1007,Savings,411329
2214,4080,Current,162103
2215,9156,Savings,81085
2216,9909,Savings,331906
2217,5567,Savings,362593
2218,1855,Current,464557
2219,6984,Savings,387298
2220,9103,Savings,38085
2221,1563,Savings,192367
2222,6925,Current,89192
2223,1748,Savings,390856
2224,5705,Savings,368991
2225,3823,Savings,88514
2226,3327,Current,430424
2227,272,Current,115891
2228,4921,Savings,292289
2229,8913,Savings,37337
2230,3984,Current,346873
2231,7205,Current,223994
2232,3387,Current,205237
2233,8618,Savings,47520
2234,2771,Savings,145860
2235,6806,Savings,498798
2236,383,Savings,45730
2237,5723,Savings,119580
2238,3956,Current,489656
2239,1101,Current,280067
2240,6342,Savings,202929
2241,8386,Current,150230
2242,1645,Savings,430668
2243,4618,Savings,433498
2244,3832,Current,184628
2245,8231,Savings,216222
2246,9015,Savings,291218
2247,8164,Savings,384156
2248,4687,Savings,295117
2249,6614,Savings,444516
2250,7990,Savings,32989
2251,9474,Savings,151493
2252,6621,Savings,288344
2253,8206,Savings,187105
2254,558,Current,101272
2255,1110,Savings,46550
2256,6147,Current,393292
2257,3059,Savings,177641
2258,8640,Savings,162058
2259,9977,Current,491035
2260,8985,Savings,229866
2261,8532,Current,205217
2262,3152,Current,282626
2263,7400,Savings,161427
2264,9401,Savings,374830
2265,1632,Current,103929
2266,6613,Savings,316223
2267,6422,Savings,40761
2268,1982,Savings,61871
2269,7679,Savings,192734
2270,4427,Savings,269944
2271,2401,Current,16883
2272,4256,Savings,49498
2273,4567,Current,313234
2274,4394,Savings,421797
2275,5297,Savings,137259
2276,1847,Current,333705
2277,8795,Current,281032
2278,509,Savings,351727
2279,478,Current,183839
2280,6064,Current,295193
2281,4712,Current,276270
2282,32,Savings,329873
2283,2157,Savings,491779
2284,5145,Savings,365043
2285,5269,Savings,203518
2286,734,Savings,117813
2287,345,Savings,128945
2288,7020,Current,394804
2289,1160,Savings,49429
2290,9543,Current,118726
2291,8783,Current,16637
2292,6357,Savings,207334
2293,7514,Savings,446939
2294,1558,Savings,477811
2295,8384,Current,418291
2296,7757,Savings,246736
2297,2727,Current,121660
2298,6564,Savings,334942
2299,8181,Savings,151636
2300,2055,Current,394147
2301,4915,Savings,43496
2302,5924,Current,94293
2303,9277,Savings,241341
2304,3896,Current,219929
2305,945,Current,362850
2306,1480,Savings,68929
2307,5337,Savings,26019
2308,1738,Savings,137937
2309,7413,Savings,163907
2310,2924,Savings,39406
2311,6187,Savings,362253
2312,4649,Current,74067
2313,6223,Savings,313381
2314,7865,Current,170494
2315,2818,Savings,392797
2316,2161,Current,382279
2317,7265,Savings,299144
2318,2690,Current,475643
2319,6795,Current,186412
2320,7872,Savings,127095
2321,9861,Savings,308773
2322,202,Savings,255072
2323,1768,Current,156919
2324,112,Current,324140
2325,8403,Current,379915
2326,10,Savings,95076
2327,1841,Current,172942
2328,4938,Current,491239
2329,905,Current,277825
2330,5413,Current,72303
2331,7622,Savings,435865
2332,3511,Current,46125
2333,8476,Savings,111541
2334,6301,Savings,449171
2335,1761,Savings,434394
2336,5416,Savings,167155
2337,889,Savings,25596
2338,251,Current,497358
2339,9126,Savings,457477
2340,3667,Savings,461741
2341,29,Current,159841
2342,870,Savings,351378
2343,5384,Current,65498
2344,1705,Current,107456
2345,8170,Current,491755
2346,388,Current,223177
2347,554,Current,485104
2348,1283,Current,144673
2349,9044,Savings,22736
2350,376,Savings,215824
2351,700,Savings,70037
2352,8948,Savings,121189
2353,1672,Savings,211237
2354,9948,Current,358413
2355,345,Current,154588
2356,5316,Current,374401
2357,5830,Current,482745
2358,4829,Savings,79336
2359,2828,Savings,255639
2360,5973,Current,359419
2361,7209,Savings,453318
2362,7246,Savings,117668
2363,5200,Current,161204
2364,1133,Current,261120
2365,6581,Current,395226
2366,8309,Current,349848
2367,3006,Current,389261
2368,2653,Current,279795
2369,4262,Current,185927
2370,7929,Current,383383
2371,8314,Savings,466250
2372,9423,Savings,393084
2373,6400,Savings,175236
2374,9364,Savings,444113
2375,424,Savings,111996
2376,6105,Savings,130135
2377,3807,Current,140365
2378,9000,Savings,252092
2379,3627,Savings,380097
2380,8067,Savings,299246
2381,7403,Savings,60656
2382,25,Savings,80984
2383,3162,Current,56112
2384,956,Current,103384
2385,6527,Current,229833
2386,6568,Savings,418771
2387,1122,Savings,490625
2388,5117,Savings,120120
2389,5362,Savings,297292
2390,6768,Current,10149
2391,1101,Savings,410220
2392,7262,Savings,342719
2393,32,Savings,211172
2394,754,Current,448748
2395,5468,Savings,368496
2396,7018,Savings,275191
2397,5148,Savings,309435
2398,4693,Current,317594
2399,8495,Current,245352
2400,1852,Current,109956
2401,3624,Current,271735
2402,2653,Savings,202627
2403,194,Savings,310081
2404,8581,Current,392680
2405,5187,Savings,470449
2406,5273,Current,310363
2407,8748,Savings,164419
2408,4164,Current,294688
2409,1015,Current,160110
2410,5439,Savings,380731
2411,1790,Savings,168128
2412,5583,Savings,390444
2413,2509,Current,116223
2414,6235,Savings,114385
2415,3774,Savings,25398
2416,5471,Current,35197
2417,9331,Savings,413664
2418,1129,Current,392573
2419,7322,Savings,312201
2420,6141,Current,28638
2421,4321,Savings,47000
2422,910,Current,344310
2423,3008,Savings,391178
2424,8609,Current,308194
2425,5099,Current,365061
2426,4730,Savings,476875
2427,6036,Current,37087
2428,2848,Current,234376
2429,9157,Savings,255914
2430,5964,Current,321450
2431,5985,Current,92772
2432,8456,Savings,336282
2433,322,Savings,488609
2434,7140,Savings,431648
2435,8073,Current,86948
2436,9918,Savings,488334
2437,3603,Current,93842
2438,6781,Savings,124885
2439,4363,Current,410839
2440,1874,Current,132151
2441,9427,Current,256913
2442,2640,Savings,329262
2443,1284,Savings,63908
2444,4429,Current,324522
2445,1705,Savings,312732
2446,2078,Current,380009
2447,7873,Savings,311635
2448,6857,Current,107811
2449,1701,Savings,238265
2450,3706,Current,34337
2451,3079,Savings,463743
2452,475,Savings,362957
2453,642,Savings,383949
2454,9597,Savings,302769
2455,5026,Current,83137
2456,515,Current,390209
2457,9592,Current,402463
2458,4062,Savings,416572
2459,7369,Savings,296758
2460,5829,Savings,202973
2461,29,Current,79727
2462,794,Savings,395984
2463,2214,Current,111887
2464,5132,Savings,183912
2465,955,Savings,326506
2466,1187,Savings,290233
2467,5925,Current,469142
2468,7465,Current,431128
2469,6748,Current,196125
2470,8519,Current,465087
2471,9993,Savings,285236
2472,6250,Current,442636
2473,6186,Current,477694
2474,6299,Savings,209102
2475,8330,Savings,310795
2476,1502,Savings,248297
2477,846,Savings,128060
2478,1544,Savings,128738
2479,1546,Savings,74079
2480,5286,Current,401601
2481,6737,Current,381593
2482,4605,Current,182887
2483,856,Savings,234387
2484,2053,Current,404718
2485,8070,Current,159456
2486,6693,Current,378465
2487,282,Savings,204156
2488,6412,Savings,484135
2489,1916,Savings,234716
2490,7406,Current,293691
2491,4479,Savings,171470
2492,8351,Savings,210281
2493,2549,Savings,434868
2494,875,Current,286729
2495,6988,Savings,51602
2496,3567,Savings,423995
2497,354,Savings,21351
2498,4945,Current,356655
2499,6454,Current,301384
2500,6994,Savings,214078
2501,6905,Savings,460517
2502,4616,Current,244333
2503,7043,Savings,280087
2504,9024,Savings,343133
2505,7799,Current,201242
2506,1698,Current,86516
2507,6422,Current,339970
2508,4616,Savings,171913
2509,7035,Current,372716
2510,3640,Savings,94417
2511,4623,Current,333492
2512,1,Savings,45662
2513,1339,Current,436805
2514,3471,Current,138064
2515,2167,Current,224451
2516,9321,Current,70141
2517,8815,Current,95797
2518,8472,Current,282819
2519,7531,Savings,120202
2520,2409,Current,16375
2521,5714,Savings,226691
2522,643,Savings,224347
2523,9104,Current,197291
2524,6674,Savings,479285
2525,1903,Current,128366
2526,6064,Savings,86466
2527,5975,Current,131964
2528,2232,Savings,362253
2529,6226,Savings,282280
2530,4453,Current,210983
2531,7858,Current,141720
2532,2920,Current,374374
2533,5035,Current,180923
2534,2448,Savings,334900
2535,2570,Current,287487
2536,8758,Current,446991
2537,5565,Current,382529
2538,8214,Savings,267176
2539,6641,Savings,197170
2540,6108,Current,383055
2541,343,Savings,446827
2542,3146,Current,197547
2543,6009,Savings,179457
2544,5992,Savings,372226
2545,7032,Savings,274808
2546,2324,Savings,258634
2547,3941,Savings,25607
2548,1032,Current,155689
2549,1963,Savings,272265
2550,1064,Current,259039
2551,1219,Current,413508
2552,7265,Savings,383784
2553,2043,Savings,352120
2554,844,Savings,355774
2555,5122,Savings,439288
2556,8309,Savings,146156
2557,2705,Savings,132838
2558,912,Current,448637
2559,9396,Savings,326194
2560,5129,Current,408616
2561,4631,Savings,142817
2562,6169,Current,260184
2563,9142,Savings,192538
2564,8742,Savings,8847
2565,1081,Current,335483
2566,3026,Current,91560
2567,2159,Current,404176
2568,3043,Savings,228188
2569,3979,Current,72093
2570,5040,Current,428989
2571,7852,Savings,434984
2572,3311,Savings,233161
2573,8499,Current,156267
2574,3012,Current,466621
2575,3244,Savings,372748
2576,9950,Savings,384748
2577,194,Savings,364312
2578,3140,Current,469004
2579,7169,Current,144297
2580,8254,Current,46753
2581,7337,Current,309434
2582,5579,Savings,158730
2583,9163,Savings,21546
2584,6970,Savings,26807
2585,3625,Savings,333527
2586,1264,Current,228141
2587,1380,Savings,415518
2588,6819,Current,156471
2589,8574,Current,116230
2590,31,Current,358779
2591,1828,Savings,348772
2592,3594,Current,378448
2593,8044,Savings,383039
2594,8456,Savings,397326
2595,1121,Current,70261
2596,4180,Current,279734
2597,3821,Savings,353475
2598,1057,Current,220500
2599,6186,Current,163479
2600,9489,Current,424661
2601,9585,Savings,228331
2602,3576,Savings,49976
2603,4057,Savings,140855
2604,8703,Current,110786
2605,2582,Current,90266
2606,4685,Current,413569
2607,641,Current,441915
2608,8053,Savings,412118
2609,1529,Savings,157725
2610,9519,Current,47359
2611,1754,Current,365994
2612,8669,Savings,398476
2613,6880,Savings,482191
2614,5996,Current,41669
2615,655,Savings,216091
2616,9100,Savings,382145
2617,30,Savings,471781
2618,1141,Current,496448
2619,5051,Current,141479
2620,2675,Current,479691
2621,8494,Current,298508
2622,4638,Current,12797
2623,6688,Savings,311220
2624,6252,Savings,463772
2625,8173,Current,99812
2626,4222,Savings,103361
2627,3865,Current,331547
2628,5704,Savings,63909
2629,9235,Current,376510
2630,1412,Savings,295256
2631,2923,Current,121806
2632,2196,Current,257597
2633,4751,Savings,330205
2634,1408,Savings,417325
2635,5254,Current,318134
2636,9063,Current,242128
2637,555,Savings,59892
2638,1317,Current,219803
2639,9533,Current,113016
2640,8639,Savings,489359
2641,1641,Savings,79161
2642,8822,Current,8632
2643,9511,Current,387389
2644,7728,Savings,416611
2645,1171,Current,433184
2646,9423,Savings,498699
2647,4677,Savings,69961
2648,4055,Savings,283556
2649,5131,Savings,434259
2650,110,Current,34092
2651,3735,Current,47609
2652,9034,Current,318361
2653,2624,Current,277373
2654,9734,Current,70182
2655,7169,Current,122424
2656,8886,Savings,458930
2657,5200,Savings,16736
2658,1919,Current,261635
2659,4371,Savings,205939
2660,4121,Savings,345630
2661,315,Current,100426
2662,7248,Current,337632
2663,4652,Savings,477305
2664,8131,Savings,140570
2665,3778,Savings,61418
2666,6677,Current,477938
2667,6228,Current,149589
2668,1059,Current,14554
2669,2253,Savings,172563
2670,9643,Current,138542
2671,5028,Savings,164251
2672,1494,Current,320907
2673,1459,Current,267435
2674,2772,Current,148781
2675,882,Savings,150435
2676,6676,Savings,255008
2677,7834,Current,261650
2678,8771,Savings,62651
2679,627,Savings,123525
2680,5348,Current,143786
2681,6650,Savings,346218
2682,7599,Current,27619
2683,7257,Savings,183984
2684,8838,Current,309571
2685,9067,Savings,190784
2686,2274,Current,16870
2687,5527,Current,441174
2688,321,Current,439476
2689,7446,Current,151591
2690,3654,Current,278827
2691,1978,Savings,363872
2692,4878,Current,140712
2693,9126,Savings,392001
2694,777,Savings,465199
2695,456,Savings,267377
2696,5406,Savings,440443
2697,9754,Savings,215591
2698,9076,Current,189211
2699,4602,Savings,211812
2700,1795,Current,167321
2701,976,Current,414742
2702,9355,Current,48293
2703,619,Savings,144069
2704,6576,Current,295565
2705,2702,Savings,388848
2706,9235,Current,392299
2707,3245,Savings,315139
2708,8127,Savings,366345
2709,9834,Current,11213
2710,3074,Savings,396448
2711,1372,Current,472905
2712,5152,Savings,168418
2713,5298,Savings,39473
2714,6573,Savings,388219
2715,8326,Savings,101683
2716,5415,Savings,278927
2717,5726,Current,336904
2718,1200,Current,285300
2719,9919,Savings,50365
2720,2783,Savings,318856
2721,1113,Current,411851
2722,1616,Savings,467771
2723,9596,Current,165700
2724,6953,Current,368721
2725,7801,Current,355911
2726,6050,Savings,175771
2727,1268,Current,191842
2728,2495,Savings,429434
2729,107,Savings,363240
2730,2251,Current,434686
2731,4949,Current,315747
2732,1990,Current,161957
2733,8688,Savings,136831
2734,5209,Current,425483
2735,687,Current,56933
2736,4364,Current,139457
2737,3677,Current,84239
2738,201,Savings,477629
2739,108,Savings,228657
2740,4550,Savings,61691
2741,9173,Current,230563
2742,5425,Current,476906
2743,7978,Savings,183541
2744,4205,Savings,310710
2745,4175,Current,305112
2746,7008,Savings,25589
2747,4883,Savings,329585
2748,8075,Current,341108
2749,3589,Current,109548
2750,2147,Current,331811
2751,1034,Current,141082
2752,244,Current,278451
2753,257,Savings,62601
2754,3582,Savings,453580
2755,4085,Savings,440971
2756,7979,Savings,278730
2757,29,Savings,214302
2758,2938,Current,460938
2759,7098,Current,280473
2760,2471,Savings,56211
2761,4947,Savings,356855
2762,2365,Savings,424926
2763,4944,Current,377630
2764,9229,Savings,203129
2765,1874,Current,201857
2766,3409,Current,481088
2767,2731,Savings,265141
2768,8866,Current,466839
2769,4891,Current,101904
2770,6251,Savings,412151
2771,1429,Current,112897
2772,8573,Savings,326696
2773,4887,Savings,333790
2774,9862,Savings,493964
2775,830,Savings,297832
2776,600,Savings,54075
2777,3393,Current,478994
2778,7919,Savings,9799
2779,940,Savings,205972
2780,2052,Savings,143129
2781,9273,Savings,55525
2782,6558,Current,101009
2783,5695,Savings,262803
2784,5484,Savings,311594
2785,4835,Savings,411953
2786,8848,Savings,94665
2787,6089,Current,398421
2788,387,Savings,101260
2789,3962,Savings,178682
2790,3152,Savings,498068
2791,1903,Savings,51378
2792,9141,Current,356021
2793,3288,Current,97494
2794,5570,Savings,196943
2795,8348,Savings,316119
2796,739,Savings,133561
2797,465,Savings,362440
2798,131,Current,392563
2799,7609,Current,217749
2800,409,Current,100763
2801,563,Savings,127708
2802,3384,Savings,19504
2803,8245,Current,399907
2804,9575,Current,371751
2805,2627,Current,122498
2806,7608,Savings,317993
2807,4239,Savings,28605
2808,1960,Current,210850
2809,6960,Current,218854
2810,7568,Savings,167955
2811,201,Current,462830
2812,7432,Current,399307
2813,3199,Savings,89398
2814,270,Current,138551
2815,1959,Current,230481
2816,3346,Savings,430844
2817,2386,Current,187832
2818,2550,Current,468082
2819,2716,Current,146702
2820,6820,Current,237501
2821,5520,Current,495288
2822,3505,Savings,375961
2823,2692,Savings,201946
2824,5717,Current,176345
2825,7966,Current,177450
2826,5438,Savings,330960
2827,8233,Savings,72873
2828,6527,Savings,401821
2829,5904,Savings,191156
2830,7110,Savings,129089
2831,8966,Savings,481804
2832,7090,Current,440768
2833,4635,Savings,187236
2834,5900,Current,104134
2835,4082,Savings,389784
2836,6371,Savings,118276
2837,6793,Savings,468576
2838,700,Savings,372658
2839,3936,Savings,138452
2840,933,Current,436144
2841,2219,Current,243622
2842,8771,Savings,349892
2843,2586,Current,164223
2844,2391,Current,263521
2845,966,Savings,194764
2846,9648,Current,244125
2847,7485,Current,56054
2848,4182,Current,37989
2849,6950,Current,451409
2850,12,Current,490473
2851,5950,Savings,37112
2852,7101,Current,72851
2853,7762,Current,368399
2854,6769,Savings,481342
2855,6208,Savings,223798
2856,2242,Current,492044
2857,537,Savings,258277
2858,8914,Savings,286555
2859,6347,Savings,124142
2860,6536,Savings,178511
2861,5078,Savings,485607
2862,1196,Current,486705
2863,9746,Current,445694
2864,6696,Savings,310867
2865,5811,Current,344059
2866,6781,Current,305163
2867,744,Current,129120
2868,6364,Savings,71755
2869,6934,Savings,203646
2870,8575,Current,493317
2871,9395,Current,431756
2872,7322,Savings,370866
2873,7933,Current,125076
2874,8203,Current,59720
2875,9214,Current,367066
2876,5747,Current,29719
2877,4934,Savings,478067
2878,913,Current,15677
2879,2173,Current,40467
2880,9568,Current,269871
2881,6713,Current,110423
2882,2496,Current,393861
2883,8704,Savings,421483
2884,6799,Current,431363
2885,8031,Savings,272827
2886,7208,Current,96535
2887,2056,Current,427001
2888,1436,Savings,343917
2889,9284,Current,182864
2890,5106,Current,442745
2891,4881,Savings,344168
2892,9424,Current,422725
2893,5635,Savings,203555
2894,9881,Savings,335033
2895,9721,Savings,191082
2896,1518,Current,440480
2897,3369,Current,229760
2898,2487,Current,377662
2899,1960,Savings,160706
2900,9175,Current,317370
2901,7988,Savings,300214
2902,4219,Savings,259514
2903,3739,Savings,373942
2904,4696,Savings,456738
2905,1473,Current,499532
2906,8693,Current,449481
2907,6841,Current,470012
2908,8599,Savings,11602
2909,1218,Savings,326716
2910,5442,Savings,60668
2911,7280,Current,474487
2912,6214,Current,190439
2913,5927,Current,206592
2914,9019,Current,106800
2915,7977,Savings,327910
2916,6472,Savings,465864
2917,7884,Current,21883
2918,6718,Current,43493
2919,7179,Current,49909
2920,9398,Savings,400579
2921,4115,Savings,138990
2922,7359,Savings,238543
2923,1860,Current,254627
2924,9530,Savings,324193
2925,9083,Savings,215050
2926,8636,Current,143625
2927,7354,Savings,422211
2928,7393,Current,334753
2929,6279,Savings,253071
2930,3506,Savings,20311
2931,5303,Current,292865
2932,3017,Savings,168003
2933,1387,Savings,392128
2934,4806,Current,479544
2935,9421,Savings,112096
2936,7188,Current,251612
2937,4331,Savings,470567
2938,9813,Current,496978
2939,656,Current,227536
2940,5688,Savings,146844
2941,7491,Current,193003
2942,1644,Savings,495963
2943,7405,Current,389874
2944,9739,Savings,98631
2945,2378,Savings,393210
2946,8433,Savings,308377
2947,9190,Current,129430
2948,2854,Current,297125
2949,4916,Current,155684
2950,9105,Current,29805
2951,7857,Savings,432867
2952,1577,Current,290414
2953,5220,Current,292683
2954,3312,Savings,129805
2955,5208,Current,479942
2956,4825,Savings,315786
2957,8516,Savings,301728
2958,4830,Savings,80665
2959,225,Current,67195
2960,7989,Savings,182869
2961,3838,Current,399654
2962,627,Current,441788
2963,5534,Current,42866
2964,6700,Savings,436611
2965,7055,Savings,39001
2966,5700,Current,260094
2967,7088,Savings,115156
2968,1479,Savings,197708
2969,7179,Savings,126724
2970,9411,Savings,496892
2971,5528,Savings,195480
2972,1907,Current,25487
2973,5564,Savings,426010
2974,8016,Current,448301
2975,3635,Current,211962
2976,4267,Savings,233837
2977,1909,Savings,184977
2978,5888,Current,283990
2979,8139,Current,329775
2980,9362,Savings,304249
2981,1937,Current,368004
2982,2572,Savings,406593
2983,1724,Current,454449
2984,6328,Savings,16803
2985,7567,Current,392070
2986,1801,Savings,213842
2987,838,Current,109891
2988,4771,Current,37558
2989,4317,Current,58755
2990,4835,Savings,205402
2991,1460,Current,261976
2992,1067,Current,463331
2993,5662,Savings,361538
2994,3343,Savings,75286
2995,6954,Savings,361512
2996,5143,Current,389312
2997,7848,Current,254482
2998,9964,Savings,247432
2999,6544,Current,404582
3000,9482,Savings,234168
3001,3882,Current,320175
3002,3582,Current,482607
3003,8932,Savings,92954
3004,1019,Current,393924
3005,1417,Current,56408
3006,3172,Current,274981
3007,3716,Savings,65564
3008,6651,Savings,203461
3009,552,Savings,201894
3010,1312,Current,469864
3011,6125,Current,52050
3012,3290,Savings,9889
3013,6092,Savings,401371
3014,8522,Savings,50097
3015,5636,Savings,392613
3016,8159,Current,52953
3017,426,Savings,267822
3018,9213,Current,95046
3019,9655,Current,354765
3020,4000,Savings,476577
3021,2231,Savings,362433
3022,2274,Savings,398689
3023,7158,Current,62677
3024,8554,Savings,462370
3025,7926,Current,281697
3026,2861,Current,134141
3027,8486,Current,23248
3028,4647,Current,365894
3029,5384,Current,109964
3030,7780,Current,345086
3031,6599,Savings,325864
3032,3306,Savings,233081
3033,2365,Current,328917
3034,8978,Current,267597
3035,449,Current,314878
3036,9767,Current,383078
3037,1660,Savings,299632
3038,5870,Current,94634
3039,6983,Savings,241269
3040,3508,Savings,316392
3041,7643,Current,132524
3042,4801,Current,433840
3043,1497,Current,94564
3044,411,Current,319741
3045,4956,Current,146372
3046,5100,Savings,156060
3047,227,Savings,157297
3048,7848,Savings,274987
3049,1809,Savings,151158
3050,5338,Savings,483007
3051,5524,Savings,311235
3052,8240,Current,34715
3053,160,Current,212683
3054,5625,Current,175951
3055,2107,Current,162935
3056,163,Current,316711
3057,3646,Current,261550
3058,5331,Savings,145487
3059,6385,Savings,132010
3060,7742,Savings,450697
3061,2746,Current,218821
3062,7719,Savings,92125
3063,1263,Savings,44676
3064,2346,Savings,59243
3065,1985,Current,81775
3066,7401,Current,220161
3067,7729,Current,27790
3068,2764,Current,230407
3069,8214,Current,137973
3070,8827,Savings,282008
3071,7299,Current,107929
3072,9764,Current,109680
3073,5442,Current,336996
3074,5543,Savings,275844
3075,8011,Current,337961
3076,258,Current,327077
3077,5330,Savings,46318
3078,4215,Savings,359609
3079,4409,Savings,88146
3080,8041,Current,354519
3081,9663,Current,296039
3082,7498,Current,5665
3083,3032,Savings,70467
3084,5296,Current,80176
3085,9780,Current,288504
3086,9270,Current,228769
3087,4697,Savings,113175
3088,9425,Current,220881
3089,6522,Savings,143032
3090,8447,Current,308019
3091,9022,Current,35954
3092,5293,Current,13470
3093,8689,Current,424544
3094,7735,Current,334149
3095,8326,Current,160480
3096,5630,Savings,477143
3097,6539,Savings,184816
3098,6046,Savings,417582
3099,6072,Current,335462
3100,4118,Current,170172
3101,563,Current,436061
3102,1750,Savings,331970
3103,4776,Savings,291037
3104,1952,Savings,231322
3105,9621,Current,160441
3106,4220,Current,485249
3107,1943,Savings,170332
3108,5747,Current,201108
3109,6189,Current,290880
3110,3897,Current,266532
3111,6009,Savings,312370
3112,9931,Current,134018
3113,5333,Savings,166084
3114,8400,Savings,287400
3115,4674,Current,288731
3116,7255,Current,60478
3117,5876,Savings,271449
3118,5851,Savings,251241
3119,2368,Savings,296102
3120,7248,Savings,250804
3121,9567,Current,64946
3122,4446,Savings,463885
3123,1067,Savings,399699
3124,3653,Savings,188721
3125,4672,Savings,302324
3126,205,Current,55488
3127,4652,Current,282683
3128,5156,Current,495722
3129,356,Savings,93474
3130,4028,Savings,404695
3131,4698,Current,134587
3132,5207,Savings,152387
3133,6551,Savings,421627
3134,4331,Savings,48962
3135,5168,Savings,453177
3136,1095,Current,462969
3137,8560,Current,485138
3138,2601,Current,189028
3139,3724,Current,499867
3140,4212,Current,6464
3141,806,Current,388757
3142,3975,Current,386655
3143,3465,Current,318168
3144,5419,Savings,356997
3145,7105,Savings,437154
3146,3679,Savings,28917
3147,3570,Current,400940
3148,8011,Savings,499540
3149,4243,Savings,276043
3150,8147,Savings,392778
3151,2210,Savings,122941
3152,9802,Current,86408
3153,6800,Current,59757
3154,5525,Current,313547
3155,2949,Savings,375700
3156,6105,Current,341956
3157,8381,Current,143255
3158,6054,Savings,147097
3159,6124,Savings,160619
3160,8898,Current,48919
3161,9049,Current,406420
3162,5350,Savings,217380
3163,2704,Current,480941
3164,2777,Current,41783
3165,7652,Current,95687
3166,7846,Savings,442553
3167,1294,Savings,133348
3168,3861,Current,272096
3169,9684,Current,396623
3170,8556,Current,183747
3171,4200,Current,300877
3172,8544,Savings,48948
3173,5487,Savings,93358
3174,3922,Savings,263104
3175,4844,Savings,155514
3176,3784,Savings,441721
3177,8654,Current,230413
3178,8625,Current,279338
3179,1516,Savings,320423
3180,8544,Current,152502
3181,8355,Current,46291
3182,9084,Savings,150168
3183,7552,Current,264923
3184,6048,Savings,229191
3185,3832,Current,171215
3186,4701,Current,80447
3187,99,Savings,55436
3188,3406,Current,115042
3189,1061,Current,431432
3190,9564,Current,325182
3191,672,Current,175622
3192,6704,Savings,198634
3193,9258,Savings,98124
3194,6502,Current,306294
3195,1370,Current,230774
3196,8777,Savings,200912
3197,5922,Current,212553
3198,4912,Savings,129741
3199,1611,Savings,430834
3200,713,Current,78095
3201,2116,Current,163542
3202,1703,Savings,214627
3203,3347,Current,410342
3204,3265,Current,420720
3205,3525,Current,60674
3206,6211,Current,318363
3207,11,Current,339641
3208,842,Savings,88787
3209,8824,Savings,54336
3210,4566,Savings,229440
3211,2397,Savings,329041
3212,7550,Savings,150576
3213,2832,Savings,33054
3214,7666,Savings,223040
3215,7566,Current,473176
3216,8483,Current,469777
3217,971,Current,139328
3218,660,Savings,93935
3219,7809,Current,123884
3220,1816,Current,261026
3221,9431,Current,15824
3222,9486,Current,246344
3223,2772,Savings,179631
3224,3547,Current,107118
3225,6431,Current,363395
3226,5628,Savings,185033
3227,1418,Current,379071
3228,4542,Savings,244760
3229,615,Savings,495040
3230,6389,Current,73928
3231,1891,Savings,441392
3232,2654,Current,319177
3233,7783,Current,113025
3234,4183,Savings,193781
3235,7857,Current,93694
3236,4992,Savings,419790
3237,8042,Savings,311495
3238,1153,Current,195145
3239,4049,Current,342079
3240,6818,Current,30810
3241,5006,Savings,385115
3242,7846,Current,129360
3243,4110,Savings,58903
3244,6943,Current,283186
3245,1482,Savings,304642
3246,3959,Savings,258437
3247,9253,Current,192418
3248,5643,Savings,201322
3249,1866,Savings,322936
3250,2343,Current,356692
3251,201,Savings,8369
3252,6666,Savings,56465
3253,7182,Savings,395543
3254,7734,Current,13655
3255,5127,Savings,226048
3256,2373,Current,156064
3257,9208,Current,280017
3258,5784,Savings,422961
3259,5788,Savings,496095
3260,7237,Savings,93882
3261,9631,Current,41339
3262,7810,Savings,387440
3263,5309,Current,116309
3264,966,Savings,333336
3265,1297,Savings,353846
3266,3203,Savings,390805
3267,2137,Current,20505
3268,121,Savings,378106
3269,8804,Savings,126029
3270,5071,Savings,454080
3271,6850,Savings,388157
3272,2394,Savings,31391
3273,3048,Savings,45396
3274,6096,Current,457791
3275,2824,Savings,78160
3276,7193,Savings,31503
3277,7768,Current,101235
3278,3788,Current,341918
3279,430,Savings,309935
3280,4614,Current,361368
3281,3784,Current,120820
3282,3810,Current,217689
3283,7736,Current,185545
3284,4548,Current,14452
3285,1114,Current,42288
3286,6283,Savings,191096
3287,825,Current,469782
3288,905,Savings,192579
3289,9580,Savings,59371
3290,9691,Current,476264
3291,4412,Current,164884
3292,4692,Current,45298
3293,9446,Current,12416
3294,1028,Savings,85996
3295,3750,Current,63857
3296,607,Savings,369862
3297,8108,Current,77900
3298,3712,Current,377553
3299,4815,Savings,281871
3300,2766,Savings,499974
3301,2499,Current,325147
3302,8092,Savings,80342
3303,2582,Current,412783
3304,6919,Current,487619
3305,259,Current,354123
3306,4856,Savings,176838
3307,5531,Current,209742
3308,3577,Current,250143
3309,3437,Savings,186835
3310,5468,Current,224678
3311,5887,Current,284520
3312,364,Current,121944
3313,8315,Current,369520
3314,94,Savings,281217
3315,1468,Current,481184
3316,5609,Savings,454303
3317,5494,Savings,131418
3318,6645,Savings,251286
3319,6277,Current,199498
3320,5921,Current,255210
3321,9945,Savings,59253
3322,6157,Savings,306886
3323,4300,Current,34681
3324,5274,Current,78705
3325,7681,Current,87613
3326,6787,Current,268139
3327,3304,Savings,445009
3328,1501,Savings,280162
3329,3534,Current,376016
3330,572,Savings,239289
3331,2465,Current,266827
3332,1975,Savings,288035
3333,7313,Current,18591
3334,4017,Current,204914
3335,4251,Savings,391741
3336,3527,Savings,33334
3337,8690,Current,313139
3338,6420,Savings,77849
3339,2721,Savings,487770
3340,9692,Savings,220873
3341,377,Savings,435324
3342,3995,Savings,391753
3343,2281,Savings,202405
3344,8059,Current,495035
3345,9614,Current,447614
3346,2386,Savings,397452
3347,1053,Current,27835
3348,2106,Savings,310609
3349,330,Current,436084
3350,8402,Current,216000
3351,9900,Current,80222
3352,1780,Current,452622
3353,6457,Current,195964
3354,7315,Savings,389740
3355,4924,Savings,209672
3356,1651,Savings,33679
3357,8099,Savings,427881
3358,872,Current,133438
3359,6829,Savings,57823
3360,9212,Savings,117788
3361,8580,Current,163635
3362,2164,Current,322023
3363,8394,Savings,325170
3364,5101,Savings,82401
3365,9983,Savings,19825
3366,4869,Savings,222719
3367,6800,Current,393662
3368,2240,Current,162942
3369,5736,Current,470039
3370,259,Current,200426
3371,6941,Savings,35891
3372,9373,Current,223696
3373,6713,Current,174447
3374,249,Savings,41463
3375,9160,Current,289218
3376,9849,Current,238747
3377,7702,Savings,78499
3378,3360,Current,277998
3379,4149,Savings,30474
3380,7535,Savings,339572
3381,4141,Savings,366297
3382,6650,Current,354436
3383,4209,Current,61102
3384,8225,Savings,420857
3385,1792,Current,297245
3386,6883,Savings,322752
3387,1385,Savings,226614
3388,8999,Current,150377
3389,4569,Current,209830
3390,9001,Savings,151124
3391,8203,Current,174376
3392,6775,Current,483595
3393,1743,Savings,163306
3394,4550,Current,18755
3395,5252,Savings,459039
3396,3241,Savings,9879
3397,5709,Savings,239892
3398,1389,Current,374904
3399,7899,Current,362231
3400,4746,Current,238711
3401,5914,Current,5517
3402,8221,Savings,162600
3403,2457,Savings,294869
3404,955,Savings,91008
3405,7243,Current,143326
3406,5756,Savings,29863
3407,8632,Current,493945
3408,2066,Savings,138642
3409,7654,Savings,437876
3410,5784,Savings,416405
3411,2338,Savings,21462
3412,927,Current,130874
3413,9454,Current,128435
3414,9740,Savings,313024
3415,8223,Savings,259553
3416,5753,Savings,253628
3417,7265,Current,485066
3418,3809,Savings,341032
3419,261,Savings,68213
3420,7317,Savings,55618
3421,420,Current,50102
3422,9783,Savings,314692
3423,2865,Current,355284
3424,164,Current,358375
3425,7681,Savings,400641
3426,9683,Savings,46772
3427,5199,Current,280192
3428,5065,Savings,185945
3429,2172,Savings,72923
3430,4570,Savings,83865
3431,6570,Savings,69643
3432,9585,Current,72413
3433,6986,Savings,235780
3434,2634,Savings,394570
3435,731,Savings,123170
3436,59,Savings,96616
3437,334,Savings,411845
3438,7501,Current,367246
3439,3174,Savings,110039
3440,6788,Savings,178632
3441,2308,Savings,208330
3442,3564,Savings,55544
3443,1249,Savings,101391
3444,6121,Current,25450
3445,7139,Savings,242526
3446,5064,Savings,31973
3447,9434,Current,205648
3448,8200,Savings,92548
3449,4693,Current,118668
3450,4163,Savings,73959
3451,3398,Savings,490800
3452,440,Current,440121
3453,3852,Savings,268159
3454,2054,Current,441688
3455,8245,Savings,383702
3456,3964,Current,410847
3457,5273,Savings,322374
3458,7707,Current,308457
3459,9974,Current,127000
3460,3541,Current,236908
3461,4956,Current,149166
3462,3496,Savings,242806
3463,2998,Savings,470033
3464,1052,Current,148824
3465,7955,Savings,322736
3466,4979,Savings,217953
3467,7198,Savings,170851
3468,1270,Current,419524
3469,1470,Savings,428617
3470,7484,Savings,294846
3471,9069,Savings,318467
3472,1501,Savings,122375
3473,4574,Current,226820
3474,4756,Savings,435792
3475,8528,Savings,15224
3476,7109,Current,215081
3477,2724,Current,495897
3478,9691,Current,418094
3479,5048,Current,273695
3480,6024,Savings,454359
3481,522,Savings,34515
3482,8240,Savings,213227
3483,5077,Savings,316716
3484,96,Current,191548
3485,3462,Savings,167019
3486,7612,Current,401973
3487,598,Current,216928
3488,8275,Current,38981
3489,6220,Savings,129338
3490,1836,Current,204106
3491,5564,Savings,82457
3492,420,Savings,324504
3493,3140,Current,302498
3494,9712,Current,273219
3495,324,Savings,408469
3496,3239,Current,300224
3497,2361,Savings,387068
3498,2442,Savings,471088
3499,9555,Current,271826
3500,9647,Savings,72940
3501,3401,Current,30539
3502,6246,Current,73990
3503,3497,Savings,92893
3504,4209,Savings,17069
3505,5032,Current,23364
3506,2097,Current,407997
3507,8489,Savings,163771
3508,3067,Savings,113347
3509,5656,Savings,85863
3510,9065,Savings,391382
3511,6345,Current,10465
3512,9263,Savings,190091
3513,2039,Current,204714
3514,8098,Current,199984
3515,3287,Current,42586
3516,7296,Current,352372
3517,3601,Savings,39644
3518,7649,Current,443339
3519,7911,Savings,110074
3520,4974,Savings,311709
3521,7162,Current,321846
3522,1265,Current,250777
3523,2960,Current,314032
3524,1732,Current,406903
3525,4277,Current,60062
3526,9969,Current,499181
3527,9279,Current,346098
3528,2249,Current,206232
3529,9254,Savings,211993
3530,1727,Savings,448257
3531,314,Current,322702
3532,3747,Current,346011
3533,2931,Savings,251688
3534,1316,Current,363198
3535,7186,Current,217552
3536,6391,Current,231892
3537,614,Current,377033
3538,8119,Current,223420
3539,9828,Savings,230179
3540,661,Current,262290
3541,944,Savings,258398
3542,3782,Savings,275779
3543,4890,Savings,433034
3544,4882,Current,366357
3545,271,Savings,80912
3546,473,Savings,395712
3547,9474,Savings,347408
3548,708,Savings,343712
3549,4623,Current,326720
3550,2197,Current,413281
3551,6739,Savings,247777
3552,3921,Savings,136678
3553,9576,Savings,496273
3554,305,Current,407655
3555,5633,Savings,54676
3556,1720,Savings,416308
3557,3574,Savings,72368
3558,2715,Savings,66530
3559,9104,Savings,42995
3560,2370,Savings,390651
3561,7467,Savings,366598
3562,2255,Savings,248027
3563,2361,Savings,447083
3564,8118,Current,175881
3565,8132,Current,444872
3566,489,Savings,412088
3567,6442,Current,332635
3568,6492,Current,262996
3569,2423,Savings,352846
3570,2864,Savings,479453
3571,2802,Current,216132
3572,3530,Current,24725
3573,8068,Savings,438780
3574,6460,Savings,381060
3575,1693,Current,238270
3576,4901,Current,265679
3577,5885,Savings,111305
3578,7365,Savings,479045
3579,765,Savings,484204
3580,917,Current,344262
3581,8531,Savings,26037
3582,3083,Savings,391547
3583,2885,Savings,211735
3584,7268,Savings,442206
3585,4980,Savings,468255
3586,8553,Savings,302398
3587,956,Current,32236
3588,9310,Savings,35873
3589,4362,Savings,453026
3590,7957,Current,409559
3591,1541,Current,457098
3592,8726,Current,190963
3593,1987,Current,494444
3594,9774,Savings,221820
3595,3033,Current,147620
3596,150,Savings,421769
3597,2864,Current,220738
3598,5585,Current,446020
3599,7035,Current,185232
3600,6900,Savings,276431
3601,9626,Current,190310
3602,5871,Current,107493
3603,4709,Current,28888
3604,8878,Savings,174903
3605,6350,Current,47180
3606,35,Current,241248
3607,5893,Current,20997
3608,5339,Current,41212
3609,6869,Savings,275922
3610,611,Savings,264237
3611,1463,Savings,374676
3612,9685,Current,396356
3613,8373,Savings,198882
3614,4305,Savings,450916
3615,6074,Current,148879
3616,4409,Current,51260
3617,4428,Savings,21989
3618,3971,Savings,422819
3619,7162,Current,37068
3620,7710,Current,316027
3621,1011,Savings,213687
3622,9399,Current,220939
3623,7327,Current,324960
3624,5567,Current,429531
3625,9388,Current,428085
3626,3789,Savings,261587
3627,8491,Current,481877
3628,7978,Savings,473366
3629,4745,Current,483371
3630,3158,Savings,377788
3631,4637,Current,252384
3632,2393,Savings,118110
3633,1751,Savings,28661
3634,164,Savings,489639
3635,5206,Savings,200775
3636,4556,Current,253532
3637,762,Savings,196916
3638,4222,Current,433210
3639,3026,Current,102688
3640,6270,Current,63946
3641,2650,Savings,347896
3642,54,Savings,288661
3643,3226,Savings,32535
3644,4359,Current,401579
3645,687,Current,228680
3646,1725,Current,460402
3647,2166,Current,180668
3648,1840,Current,359167
3649,2699,Savings,39173
3650,7962,Current,238914
3651,3561,Savings,333101
3652,1153,Current,455033
3653,9673,Current,175347
3654,3797,Savings,176801
3655,9701,Savings,101767
3656,2757,Savings,107513
3657,834,Current,443618
3658,5125,Current,258535
3659,3009,Savings,416787
3660,4066,Current,56572
3661,7799,Current,285262
3662,183,Current,491001
3663,343,Current,72285
3664,5363,Current,262077
3665,6754,Current,190745
3666,1107,Savings,340894
3667,2949,Current,192480
3668,1417,Current,182482
3669,2889,Savings,136008
3670,120,Current,125896
3671,9637,Current,277021
3672,2904,Savings,428251
3673,3011,Current,269464
3674,3105,Savings,484574
3675,8523,Savings,225697
3676,3413,Savings,5291
3677,8198,Current,450004
3678,2896,Savings,52972
3679,2067,Current,69156
3680,4423,Savings,296372
3681,8523,Savings,405681
3682,1838,Savings,162582
3683,8830,Savings,308740
3684,2331,Savings,284803
3685,3104,Savings,58157
3686,9959,Savings,263858
3687,9322,Current,376429
3688,9292,Current,142920
3689,3507,Savings,493201
3690,8811,Savings,41040
3691,4677,Savings,204882
3692,3009,Savings,375155
3693,7821,Savings,305660
3694,9331,Current,376203
3695,6926,Current,306464
3696,2948,Current,477726
3697,6388,Savings,339538
3698,8858,Current,345440
3699,6971,Current,203389
3700,3518,Savings,161700
3701,3978,Current,128814
3702,6702,Savings,125264
3703,1181,Current,218780
3704,7975,Current,367376
3705,2232,Current,75116
3706,9381,Savings,22511
3707,9257,Savings,450152
3708,5089,Current,329889
3709,7944,Savings,166659
3710,7258,Savings,309380
3711,3266,Current,211564
3712,4735,Savings,288003
3713,8960,Savings,176511
3714,9375,Current,488633
3715,9721,Savings,29036
3716,2746,Savings,83547
3717,3692,Current,369987
3718,9838,Savings,317005
3719,2313,Current,367507
3720,3713,Savings,398046
3721,104,Savings,410740
3722,109,Current,472700
3723,429,Savings,457155
3724,4821,Current,123747
3725,8721,Savings,74826
3726,3289,Savings,114835
3727,955,Savings,496599
3728,885,Current,102885
3729,4272,Savings,327801
3730,8579,Current,248030
3731,4371,Current,371183
3732,1694,Current,17309
3733,6773,Current,415944
3734,1573,Savings,92777
3735,9004,Savings,45000
3736,2634,Savings,172005
3737,3829,Savings,111044
3738,9548,Savings,192732
3739,4749,Savings,30763
3740,1076,Savings,312701
3741,8366,Savings,233420
3742,9098,Current,30733
3743,9719,Current,224588
3744,2233,Savings,157784
3745,9055,Current,342744
3746,8725,Current,414405
3747,4890,Current,139829
3748,5491,Savings,363331
3749,1192,Savings,60479
3750,350,Current,77056
3751,4297,Current,41313
3752,9533,Current,466097
3753,5917,Current,9348
3754,9063,Current,431198
3755,5942,Savings,495451
3756,7341,Savings,311883
3757,2548,Savings,121826
3758,1019,Savings,432126
3759,5784,Savings,90011
3760,9128,Current,124042
3761,9685,Current,490869
3762,9458,Savings,475766
3763,8900,Current,171350
3764,5179,Savings,209061
3765,2412,Current,163121
3766,137,Savings,379279
3767,7997,Current,62462
3768,7290,Savings,54990
3769,5633,Savings,59214
3770,9931,Savings,71920
3771,2867,Savings,25478
3772,1115,Savings,74942
3773,4860,Current,384385
3774,6163,Current,100446
3775,7342,Current,78360
3776,8597,Current,344910
3777,728,Current,346359
3778,9262,Savings,100468
3779,1907,Savings,244929
3780,815,Current,309424
3781,6128,Savings,298340
3782,7817,Savings,114462
3783,5466,Current,462264
3784,930,Current,442461
3785,2636,Current,450206
3786,2013,Savings,372741
3787,9375,Current,20933
3788,5676,Current,314877
3789,4996,Current,405728
3790,92,Current,448254
3791,8548,Current,374037
3792,4116,Savings,477256
3793,2961,Current,364426
3794,2726,Savings,52150
3795,6719,Savings,247356
3796,3323,Savings,349389
3797,6871,Savings,111288
3798,1733,Savings,347578
3799,3175,Current,212860
3800,971,Savings,54873
3801,8961,Current,499376
3802,5597,Current,5983
3803,6010,Current,262460
3804,6315,Savings,224175
3805,9899,Savings,62498
3806,4090,Savings,168124
3807,7418,Savings,134318
3808,4903,Current,219494
3809,2211,Current,240203
3810,7673,Savings,84973
3811,8640,Current,407120
3812,2363,Savings,390569
3813,2053,Current,184504
3814,8429,Current,207103
3815,4,Current,409976
3816,4737,Current,295536
3817,710,Current,76883
3818,2931,Current,349691
3819,7229,Savings,497284
3820,4192,Current,279601
3821,5107,Savings,65137
3822,8636,Savings,381928
3823,3870,Savings,349439
3824,1053,Current,472658
3825,7286,Savings,56333
3826,1047,Savings,276117
3827,818,Current,414950
3828,2031,Current,362514
3829,4498,Savings,108767
3830,690,Savings,488393
3831,913,Savings,187072
3832,998,Current,365548
3833,7777,Savings,305359
3834,6871,Savings,368109
3835,9087,Current,54435
3836,4405,Current,43710
3837,564,Current,396593
3838,7635,Current,481879
3839,8464,Current,340649
3840,1902,Savings,387821
3841,4231,Current,55352
3842,1550,Savings,293090
3843,6979,Savings,391110
3844,4613,Savings,148463
3845,8566,Savings,308885
3846,6684,Savings,468201
3847,9043,Savings,146830
3848,3275,Savings,245277
3849,7941,Savings,471079
3850,9460,Current,386903
3851,9856,Savings,382174
3852,5545,Current,347226
3853,1692,Current,150879
3854,6388,Savings,233301
3855,8580,Current,461221
3856,9939,Current,270145
3857,9877,Current,54458
3858,2085,Savings,420769
3859,4112,Savings,26621
3860,4076,Current,18493
3861,5604,Savings,139840
3862,5665,Savings,347732
3863,9161,Savings,401494
3864,94,Current,101752
3865,1170,Savings,34542
3866,6761,Savings,184069
3867,6671,Savings,144197
3868,8936,Savings,77218
3869,5669,Savings,370153
3870,1161,Current,259821
3871,4400,Current,198501
3872,189,Current,62283
3873,7481,Current,13161
3874,6946,Savings,65435
3875,9981,Current,185478
3876,4852,Savings,420516
3877,1859,Current,297259
3878,7593,Savings,308064
3879,111,Current,493502
3880,7842,Current,254820
3881,213,Savings,456513
3882,5620,Savings,394283
3883,7466,Current,101914
3884,8586,Current,403177
3885,2296,Savings,231729
3886,8832,Savings,254489
3887,5412,Current,52595
3888,3791,Current,313645
3889,2651,Savings,16360
3890,9737,Current,13919
3891,8457,Savings,250317
3892,5594,Savings,137797
3893,2761,Current,208723
3894,6545,Current,244777
3895,7685,Savings,287563
3896,3921,Savings,47124
3897,8261,Current,5700
3898,9471,Savings,478715
3899,3785,Current,343388
3900,3413,Savings,272279
3901,5389,Savings,190888
3902,1923,Savings,425082
3903,4419,Current,209800
3904,7693,Current,404805
3905,2629,Savings,154389
3906,5498,Savings,87793
3907,2715,Savings,163339
3908,2994,Current,133406
3909,3515,Savings,70705
3910,4475,Current,165121
3911,4889,Savings,91133
3912,3411,Savings,330606
3913,4215,Current,60416
3914,2844,Savings,263456
3915,6459,Current,359459
3916,1838,Savings,450320
3917,9019,Current,272246
3918,2201,Savings,434837
3919,8497,Current,433481
3920,2605,Current,207072
3921,3438,Current,39649
3922,4217,Current,366185
3923,4258,Current,53613
3924,6428,Savings,482838
3925,8659,Savings,398640
3926,2366,Savings,351832
3927,4184,Savings,124774
3928,3835,Current,43674
3929,1420,Savings,481203
3930,9731,Current,275990
3931,3568,Current,311526
3932,7461,Savings,290408
3933,979,Savings,84383
3934,1706,Current,276747
3935,6583,Savings,202553
3936,4127,Current,104814
3937,4993,Current,465085
3938,958,Savings,409981
3939,5148,Current,479207
3940,2755,Savings,424639
3941,966,Savings,413921
3942,492,Savings,289739
3943,5575,Savings,208903
3944,7156,Savings,294712
3945,484,Current,39134
3946,7350,Current,115643
3947,5081,Current,309326
3948,338,Savings,254194
3949,6757,Savings,146491
3950,4569,Savings,106808
3951,4052,Savings,363220
3952,935,Savings,314480
3953,4260,Current,140386
3954,7053,Current,337121
3955,7822,Savings,174377
3956,9103,Savings,307369
3957,9930,Current,47177
3958,3299,Savings,264126
3959,6144,Current,234666
3960,8146,Savings,282452
3961,8218,Current,436100
3962,9951,Current,152093
3963,8617,Savings,496886
3964,4430,Current,312334
3965,5602,Savings,448979
3966,7040,Savings,438454
3967,957,Savings,137640
3968,664,Current,471301
3969,5087,Savings,108527
3970,454,Current,334908
3971,2194,Savings,297908
3972,7774,Current,292837
3973,8271,Current,158876
3974,6539,Savings,173520
3975,9466,Savings,257374
3976,377,Savings,331293
3977,8466,Current,488328
3978,8257,Current,97023
3979,2376,Current,475651
3980,7846,Savings,316233
3981,5583,Current,283355
3982,438,Current,450931
3983,8027,Savings,351081
3984,1780,Savings,315470
3985,1319,Savings,240783
3986,68,Current,390774
3987,5724,Savings,102856
3988,8476,Current,17345
3989,4566,Current,256452
3990,646,Current,165197
3991,2731,Savings,369466
3992,3634,Current,431767
3993,7604,Savings,184515
3994,9325,Current,329942
3995,4639,Current,166805
3996,818,Current,345364
3997,7184,Savings,69223
3998,3982,Savings,122186
3999,8138,Savings,230429
4000,2673,Savings,259048
4001,4003,Savings,446727
4002,9675,Current,106187
4003,1700,Current,76066
4004,7165,Current,65648
4005,9159,Savings,229001
4006,9795,Current,174857
4007,1664,Savings,341897
4008,4150,Savings,433730
4009,7981,Savings,294384
4010,5805,Current,432441
4011,3434,Current,137670
4012,666,Current,308911
4013,296,Current,389750
4014,2451,Current,394785
4015,9571,Current,410946
4016,4885,Current,188591
4017,8405,Savings,276163
4018,9021,Current,329098
4019,4928,Savings,155198
4020,3819,Current,243499
4021,38,Current,336811
4022,268,Savings,5356
4023,8718,Current,228171
4024,8470,Current,325864
4025,2924,Current,373984
4026,778,Savings,382575
4027,7794,Savings,423021
4028,9578,Current,80986
4029,5218,Savings,156001
4030,4775,Current,397622
4031,7998,Current,87512
4032,5099,Current,415795
4033,4247,Savings,409292
4034,995,Savings,459924
4035,3075,Current,206312
4036,3532,Savings,329779
4037,7820,Savings,88988
4038,3051,Savings,332207
4039,6771,Current,197108
4040,8445,Savings,91933
4041,534,Savings,333766
4042,7100,Savings,481551
4043,7373,Savings,362822
4044,124,Savings,420122
4045,4398,Current,343165
4046,4469,Savings,280712
4047,200,Savings,271502
4048,8816,Savings,285898
4049,4485,Savings,446448
4050,4043,Current,13395
4051,9288,Savings,316761
4052,6735,Savings,354680
4053,127,Savings,321557
4054,8435,Current,414965
4055,5472,Savings,452825
4056,7455,Current,70204
4057,9398,Savings,477870
4058,4484,Current,419261
4059,8142,Savings,425057
4060,9472,Current,151454
4061,3041,Savings,335303
4062,7168,Current,80993
4063,5258,Savings,210844
4064,8571,Current,402168
4065,8480,Current,122597
4066,8653,Savings,120043
4067,4946,Savings,308164
4068,2744,Savings,351912
4069,5998,Savings,114865
4070,7457,Current,331025
4071,8120,Current,133326
4072,5845,Current,229232
4073,7575,Current,90024
4074,6044,Current,21245
4075,8264,Savings,121861
4076,3120,Savings,444165
4077,6415,Savings,324068
4078,5028,Savings,404674
4079,7426,Savings,383541
4080,2568,Current,122228
4081,6180,Savings,334392
4082,2232,Current,487725
4083,8578,Savings,275812
4084,6379,Savings,182600
4085,3674,Savings,440549
4086,6767,Savings,410552
4087,5348,Savings,488569
4088,6049,Savings,247829
4089,8588,Current,355531
4090,3321,Savings,41868
4091,2442,Current,495765
4092,6576,Current,188465
4093,8719,Savings,351816
4094,1498,Savings,293704
4095,1509,Current,146005
4096,3574,Savings,431864
4097,6965,Current,18453
4098,6463,Savings,419857
4099,5394,Savings,468898
4100,8120,Current,377409
4101,3606,Savings,92002
4102,3756,Current,152967
4103,8178,Current,52327
4104,8039,Savings,227565
4105,4667,Savings,151558
4106,9586,Savings,243698
4107,545,Savings,73884
4108,2572,Current,322033
4109,8215,Savings,388829
4110,808,Current,299889
4111,9201,Savings,59161
4112,6382,Current,424137
4113,3764,Savings,110893
4114,6970,Current,246446
4115,6319,Savings,421368
4116,6565,Current,317554
4117,902,Current,295432
4118,1160,Savings,134420
4119,8828,Current,328418
4120,3217,Current,283956
4121,5273,Current,364578
4122,853,Current,117562
4123,5261,Savings,463960
4124,7555,Savings,259407
4125,1776,Current,93525
4126,2985,Current,465838
4127,4905,Current,164178
4128,6051,Savings,404668
4129,8886,Savings,185293
4130,7977,Current,346964
4131,1208,Current,318541
4132,1288,Current,483816
4133,4666,Current,47713
4134,7560,Current,148090
4135,8496,Savings,92854
4136,6209,Savings,90567
4137,5386,Savings,282191
4138,827,Savings,218983
4139,3007,Current,99766
4140,1496,Savings,293200
4141,5267,Current,89114
4142,614,Savings,230786
4143,2126,Savings,200478
4144,4076,Savings,446041
4145,1350,Savings,376330
4146,1114,Current,20689
4147,8293,Savings,437989
4148,5044,Current,462957
4149,8236,Savings,268547
4150,6952,Current,356212
4151,7756,Savings,83735
4152,9092,Savings,14995
4153,174,Savings,38517
4154,3562,Current,317574
4155,4715,Savings,168313
4156,8354,Savings,329346
4157,6798,Savings,328764
4158,419,Current,383976
4159,6612,Current,238832
4160,9314,Savings,427026
4161,945,Savings,190134
4162,2378,Current,221330
4163,8578,Current,304084
4164,1170,Savings,235955
4165,1755,Savings,81528
4166,6777,Savings,349425
4167,8025,Savings,44254
4168,1371,Savings,202623
4169,7931,Current,354122
4170,8437,Current,349072
4171,6375,Savings,353163
4172,1921,Current,363793
4173,6256,Savings,126661
4174,7433,Current,383534
4175,3510,Current,11057
4176,2380,Savings,398276
4177,6600,Current,481943
4178,8368,Savings,169362
4179,8957,Current,159358
4180,3880,Savings,299742
4181,4865,Savings,288340
4182,1018,Current,275143
4183,1294,Current,337676
4184,9357,Current,462686
4185,5207,Savings,129837
4186,8294,Savings,47845
4187,2874,Savings,222863
4188,3524,Current,357145
4189,284,Savings,252866
4190,1443,Current,77568
4191,8783,Current,72562
4192,817,Current,43179
4193,4744,Savings,45994
4194,4895,Savings,365888
4195,5789,Current,66294
4196,1957,Current,442843
4197,5419,Current,438450
4198,6588,Current,127964
4199,3133,Savings,341841
4200,3657,Savings,497377
4201,2983,Current,346704
4202,6201,Current,192551
4203,6918,Current,33522
4204,5778,Savings,20056
4205,935,Current,273426
4206,2621,Current,413567
4207,3566,Savings,319609
4208,432,Current,295585
4209,7713,Current,337954
4210,3184,Current,63156
4211,7740,Savings,317378
4212,6642,Current,211089
4213,4065,Current,303221
4214,8253,Current,174591
4215,979,Current,492237
4216,6562,Savings,463944
4217,9636,Current,143265
4218,2577,Current,247921
4219,531,Savings,56065
4220,761,Savings,69642
4221,1667,Current,348634
4222,8263,Current,228255
4223,5289,Current,113077
4224,1729,Savings,212313
4225,5907,Current,17157
4226,1355,Savings,382613
4227,6961,Current,281793
4228,1332,Current,59272
4229,7414,Savings,179303
4230,9581,Current,188145
4231,7554,Savings,392630
4232,4418,Savings,261961
4233,2098,Savings,309826
4234,7871,Savings,384858
4235,4946,Savings,371207
4236,3734,Current,298468
4237,220,Savings,266129
4238,1044,Current,298519
4239,7955,Current,353552
4240,3069,Current,488377
4241,7966,Savings,489594
4242,3354,Savings,390788
4243,895,Savings,31462
4244,2354,Savings,105872
4245,6167,Current,359063
4246,7977,Current,396945
4247,393,Savings,449646
4248,6160,Savings,348280
4249,6079,Current,199930
4250,6890,Current,248498
4251,9247,Savings,277535
4252,3659,Current,138334
4253,2164,Current,486402
4254,5095,Savings,225381
4255,8010,Savings,51631
4256,9603,Savings,276647
4257,2949,Savings,30687
4258,3954,Current,306437
4259,8139,Savings,353092
4260,209,Savings,114457
4261,250,Savings,145650
4262,1426,Current,282716
4263,5666,Current,140159
4264,7092,Current,189885
4265,9846,Savings,234194
4266,1356,Current,212639
4267,5247,Current,90095
4268,4382,Savings,59784
4269,1381,Current,251635
4270,2066,Savings,79835
4271,8782,Savings,308304
4272,6496,Current,386615
4273,274,Current,298796
4274,2397,Savings,24786
4275,1288,Savings,166963
4276,8040,Savings,352863
4277,8016,Current,371717
4278,8923,Current,253516
4279,6399,Current,335302
4280,1733,Current,144000
4281,835,Current,212193
4282,9432,Savings,456316
4283,9335,Savings,165124
4284,995,Current,426481
4285,3412,Savings,307547
4286,1692,Savings,454903
4287,660,Current,58201
4288,9100,Current,256648
4289,3059,Current,178949
4290,3427,Savings,491799
4291,5769,Current,43172
4292,5873,Current,297251
4293,5167,Current,135558
4294,376,Savings,151926
4295,1266,Savings,195573
4296,4471,Savings,491817
4297,3979,Current,431104
4298,7114,Savings,60983
4299,3229,Current,61744
4300,3930,Savings,347023
4301,8948,Savings,306714
4302,3575,Current,411632
4303,1314,Savings,476803
4304,7752,Savings,79865
4305,2980,Current,33886
4306,8711,Current,185059
4307,6856,Current,499243
4308,3012,Savings,189710
4309,6955,Current,145432
4310,63,Savings,216067
4311,2501,Current,47038
4312,6867,Savings,471755
4313,878,Current,454995
4314,3432,Savings,174025
4315,5138,Current,223511
4316,1094,Current,207839
4317,9246,Savings,399536
4318,5396,Savings,302161
4319,1575,Current,282182
4320,1849,Current,278065
4321,4892,Current,135409
4322,3297,Current,220822
4323,5321,Current,204063
4324,7705,Savings,410876
4325,4468,Current,17477
4326,8372,Current,66780
4327,9884,Savings,499031
4328,8374,Savings,488847
4329,9835,Savings,436830
4330,9453,Current,9590
4331,8487,Current,304154
4332,4880,Current,259075
4333,7205,Current,376265
4334,2050,Savings,275897
4335,5023,Savings,459428
4336,6325,Current,127165
4337,4012,Savings,212273
4338,9555,Savings,247348
4339,9322,Savings,42881
4340,2274,Savings,384991
4341,3957,Savings,113788
4342,2547,Current,473586
4343,1450,Current,49829
4344,115,Savings,423432
4345,5354,Current,272629
4346,160,Savings,460932
4347,4902,Savings,415581
4348,8669,Savings,26916
4349,1329,Current,407913
4350,442,Savings,94079
4351,5754,Savings,130290
4352,9938,Savings,368467
4353,7999,Current,24918
4354,2632,Savings,488293
4355,7001,Current,287878
4356,3487,Current,403446
4357,6063,Savings,29464
4358,8113,Savings,45159
4359,8427,Current,96237
4360,5279,Current,402382
4361,3571,Savings,126736
4362,1319,Savings,19132
4363,1022,Savings,375177
4364,4081,Current,158816
4365,2401,Current,234548
4366,2136,Savings,331027
4367,3272,Current,85557
4368,8234,Current,88447
4369,3980,Savings,83981
4370,2441,Current,57865
4371,7027,Savings,494097
4372,2426,Savings,415235
4373,2981,Savings,222867
4374,1088,Savings,359573
4375,2207,Savings,339568
4376,5655,Savings,175282
4377,5251,Savings,223263
4378,1665,Current,463154
4379,6561,Current,272253
4380,2257,Savings,374668
4381,1105,Savings,322801
4382,7421,Savings,271752
4383,8021,Savings,38769
4384,695,Savings,127481
4385,2473,Savings,62734
4386,8442,Current,53047
4387,4342,Savings,127662
4388,5152,Current,164682
4389,7778,Savings,117049
4390,9526,Savings,453397
4391,9420,Current,292932
4392,2430,Savings,482538
4393,1880,Savings,328765
4394,5551,Current,154458
4395,7182,Savings,183770
4396,9995,Savings,416541
4397,5651,Savings,387025
4398,7977,Savings,254223
4399,9188,Savings,465709
4400,6477,Current,183206
4401,1503,Savings,143454
4402,7659,Savings,468075
4403,214,Savings,296652
4404,4942,Savings,257769
4405,7433,Current,39697
4406,9985,Current,40755
4407,3668,Current,253123
4408,3943,Current,172463
4409,7819,Savings,274713
4410,9387,Savings,70808
4411,6958,Savings,384417
4412,2898,Current,150131
4413,3343,Current,447144
4414,4368,Current,287546
4415,2161,Savings,44288
4416,6654,Savings,116459
4417,7345,Savings,327154
4418,9970,Current,340638
4419,4735,Savings,193240
4420,5615,Savings,235175
4421,3687,Savings,273405
4422,9062,Current,458529
4423,4781,Savings,76684
4424,1495,Savings,28084
4425,2180,Current,394683
4426,7422,Savings,447614
4427,2111,Savings,405705
4428,6499,Savings,183203
4429,6297,Current,396318
4430,693,Savings,141696
4431,7835,Current,131724
4432,3470,Savings,385624
4433,6545,Current,349798
4434,1947,Savings,256876
4435,9579,Savings,182126
4436,2303,Current,181354
4437,1168,Current,175949
4438,6505,Current,157767
4439,8454,Current,237769
4440,3046,Current,327372
4441,6312,Savings,36631
4442,446,Current,254316
4443,5211,Current,293075
4444,6522,Savings,135055
4445,6212,Savings,323032
4446,5309,Savings,456041
4447,5470,Savings,453022
4448,8671,Current,406927
4449,2305,Savings,405388
4450,4264,Savings,440318
4451,9685,Savings,191723
4452,9901,Current,148078
4453,9230,Savings,179731
4454,3101,Savings,40694
4455,2601,Savings,96730
4456,7517,Current,409986
4457,2721,Current,87177
4458,625,Current,116881
4459,1567,Current,178328
4460,4748,Savings,34426
4461,5922,Current,252589
4462,5742,Savings,126217
4463,1056,Current,285892
4464,4431,Current,258409
4465,4806,Savings,246172
4466,6636,Current,216291
4467,6111,Savings,116602
4468,7513,Savings,97524
4469,8697,Savings,342328
4470,594,Savings,449703
4471,9133,Savings,251279
4472,5073,Savings,107727
4473,1938,Current,471993
4474,4516,Current,127318
4475,4036,Current,94790
4476,5971,Savings,16168
4477,7218,Current,366204
4478,2813,Savings,15508
4479,9658,Current,58371
4480,5874,Current,412979
4481,1504,Current,262014
4482,8577,Savings,310767
4483,7279,Savings,250279
4484,9578,Savings,287278
4485,7187,Savings,233079
4486,2381,Savings,200204
4487,5209,Savings,167088
4488,5390,Savings,148362
4489,8800,Current,71881
4490,2299,Current,454769
4491,1706,Current,137898
4492,61,Current,412066
4493,4187,Current,376899
4494,8362,Savings,132914
4495,1697,Current,391477
4496,5713,Current,299601
4497,7295,Savings,160532
4498,2789,Savings,113480
4499,5057,Current,473453
4500,5581,Savings,415529
4501,3787,Savings,480974
4502,5503,Savings,473532
4503,9923,Current,131162
4504,7151,Current,354166
4505,8006,Current,376551
4506,1152,Savings,417182
4507,5966,Current,143952
4508,4889,Current,278972
4509,1770,Savings,363594
4510,5085,Savings,478992
4511,9302,Savings,224990
4512,2575,Savings,413191
4513,8541,Savings,357755
4514,5667,Savings,188492
4515,6758,Savings,38828
4516,3259,Current,498864
4517,8603,Current,57234
4518,1824,Current,464641
4519,5525,Current,207307
4520,2126,Current,40808
4521,8697,Current,55402
4522,806,Current,386514
4523,401,Current,487742
4524,8174,Current,300923
4525,3380,Current,203888
4526,1854,Current,95391
4527,840,Current,376199
4528,5585,Current,7709
4529,5713,Current,130030
4530,6573,Savings,429624
4531,8552,Current,127175
4532,499,Savings,116295
4533,6035,Savings,453731
4534,9099,Savings,95430
4535,481,Current,311005
4536,9099,Current,448499
4537,7979,Savings,40306
4538,1437,Savings,260311
4539,4629,Current,46760
4540,2370,Savings,234941
4541,4336,Current,44818
4542,955,Savings,238544
4543,8366,Savings,131837
4544,1830,Savings,382475
4545,3841,Savings,158765
4546,1977,Current,114066
4547,1212,Current,329208
4548,4849,Current,275294
4549,5523,Current,476460
4550,8174,Savings,419185
4551,1919,Current,41550
4552,3636,Current,282484
4553,9178,Current,309441
4554,6949,Current,190529
4555,8353,Savings,46380
4556,2907,Savings,177156
4557,2258,Savings,65591
4558,1927,Savings,279195
4559,9040,Current,309203
4560,8228,Current,311953
4561,450,Savings,190245
4562,7227,Savings,355643
4563,2772,Current,430228
4564,3291,Savings,62284
4565,4650,Current,257757
4566,3149,Current,104697
4567,7427,Current,303157
4568,8672,Savings,56324
4569,4620,Savings,121428
4570,8851,Current,108345
4571,1353,Savings,467164
4572,8019,Savings,308444
4573,5331,Savings,392708
4574,4493,Current,479587
4575,2602,Current,423607
4576,8735,Savings,278416
4577,3360,Current,98897
4578,8224,Current,386581
4579,2639,Savings,274148
4580,5706,Current,406700
4581,2267,Savings,259239
4582,9122,Current,292529
4583,8035,Savings,58714
4584,6577,Savings,199464
4585,2412,Savings,209183
4586,531,Savings,202168
4587,5242,Current,455917
4588,6797,Savings,292344
4589,6294,Current,19545
4590,9253,Savings,48878
4591,917,Current,338533
4592,5603,Current,411181
4593,9358,Current,497385
4594,9405,Savings,395573
4595,6556,Savings,377957
4596,1254,Savings,385727
4597,5013,Savings,305183
4598,661,Savings,337191
4599,9101,Savings,353456
4600,2498,Current,481829
4601,429,Current,393020
4602,4820,Savings,106456
4603,802,Savings,56674
4604,5996,Savings,219774
4605,1538,Savings,128824
4606,7807,Savings,377511
4607,2245,Current,57121
4608,8560,Current,316602
4609,6554,Current,476392
4610,6829,Savings,201118
4611,1263,Savings,395057
4612,4561,Current,345165
4613,3531,Savings,428697
4614,8935,Savings,143155
4615,3046,Current,256364
4616,9198,Savings,245467
4617,2600,Current,391784
4618,7556,Current,50457
4619,2141,Current,482395
4620,2857,Current,485889
4621,8669,Current,246932
4622,1048,Current,148203
4623,6863,Savings,187387
4624,2509,Current,363894
4625,7074,Current,45914
4626,6240,Savings,327525
4627,1959,Savings,105806
4628,3886,Savings,391698
4629,7728,Current,398887
4630,3490,Savings,341197
4631,6079,Savings,321500
4632,4667,Current,450135
4633,5091,Current,164735
4634,3593,Savings,90625
4635,5446,Current,65203
4636,6334,Savings,408403
4637,8138,Current,55391
4638,7851,Savings,393933
4639,130,Current,32317
4640,5702,Current,101209
4641,460,Current,159993
4642,8476,Current,59150
4643,4870,Current,255903
4644,7800,Current,171723
4645,6094,Savings,289645
4646,9834,Savings,439127
4647,549,Current,41585
4648,7913,Current,78972
4649,2659,Current,262771
4650,6344,Savings,469240
4651,7957,Savings,308829
4652,9913,Current,14042
4653,1415,Current,351592
4654,7900,Current,179849
4655,9108,Savings,394421
4656,5384,Savings,465311
4657,1206,Savings,398432
4658,797,Current,72353
4659,9272,Current,448229
4660,1971,Savings,170177
4661,6213,Savings,178269
4662,178,Current,24004
4663,8685,Current,104108
4664,1937,Current,245407
4665,5648,Savings,478273
4666,1157,Savings,340882
4667,7653,Current,347844
4668,248,Savings,248524
4669,5523,Savings,494314
4670,7513,Current,482143
4671,7731,Current,340432
4672,7325,Savings,30733
4673,302,Current,376951
4674,3339,Savings,202935
4675,7708,Savings,278915
4676,5787,Current,166324
4677,8025,Savings,209574
4678,9226,Savings,43102
4679,1076,Current,460602
4680,9599,Savings,220844
4681,5842,Current,488584
4682,1231,Current,240494
4683,6766,Current,14632
4684,762,Current,237646
4685,4918,Savings,236272
4686,9545,Savings,204673
4687,305,Savings,240913
4688,2238,Current,380584
4689,7681,Savings,390524
4690,1362,Current,201264
4691,8802,Current,206871
4692,4876,Savings,53306
4693,7583,Savings,307459
4694,8488,Savings,447985
4695,2061,Savings,184724
4696,7680,Savings,264930
4697,6421,Current,179340
4698,1511,Current,50946
4699,895,Current,485590
4700,4439,Current,270632
4701,3969,Current,480980
4702,8342,Current,10654
4703,952,Savings,101009
4704,162,Current,188070
4705,5317,Savings,138407
4706,7855,Savings,70185
4707,1525,Current,90863
4708,7395,Current,347848
4709,6256,Savings,435487
4710,1257,Savings,104567
4711,527,Current,215554
4712,1127,Savings,213110
4713,6783,Savings,362696
4714,3927,Current,355326
4715,3250,Savings,426133
4716,5267,Savings,306660
4717,1786,Savings,438479
4718,695,Current,292724
4719,3185,Current,322196
4720,2627,Current,469259
4721,6962,Current,495451
4722,242,Current,38830
4723,238,Savings,213512
4724,2741,Savings,6515
4725,9240,Current,117309
4726,3432,Savings,348087
4727,3648,Current,474683
4728,4946,Savings,399961
4729,8794,Current,234226
4730,4049,Savings,362883
4731,7380,Current,299150
4732,9741,Current,68613
4733,8896,Savings,497533
4734,7179,Savings,324097
4735,1666,Current,230453
4736,9478,Savings,137159
4737,1957,Savings,459138
4738,3716,Current,152891
4739,4070,Current,466567
4740,9440,Savings,33288
4741,5817,Savings,438026
4742,2090,Savings,364004
4743,4649,Savings,443140
4744,2717,Savings,238786
4745,9130,Savings,170401
4746,391,Current,196661
4747,3096,Savings,181888
4748,2388,Savings,53769
4749,5156,Current,478567
4750,3556,Savings,288891
4751,6719,Savings,462775
4752,8023,Savings,476273
4753,4867,Savings,295836
4754,6899,Savings,183156
4755,1475,Savings,417067
4756,2942,Savings,365629
4757,5851,Current,298892
4758,480,Current,254422
4759,2610,Savings,5757
4760,1627,Current,204953
4761,6709,Current,138691
4762,4023,Current,356014
4763,2903,Savings,445159
4764,9148,Current,473547
4765,8507,Current,9709
4766,5414,Current,450045
4767,8664,Current,358644
4768,3571,Current,339327
4769,558,Savings,245103
4770,9451,Savings,298076
4771,9625,Savings,293774
4772,3367,Savings,463107
4773,5903,Current,210465
4774,3261,Savings,49890
4775,7619,Savings,68941
4776,3286,Savings,465239
4777,2147,Savings,61394
4778,4770,Current,70572
4779,1355,Savings,460417
4780,1050,Current,278254
4781,5634,Savings,126959
4782,6092,Current,359679
4783,8784,Savings,114006
4784,8062,Current,182138
4785,7483,Savings,88685
4786,8717,Savings,447319
4787,585,Current,54560
4788,7413,Savings,38609
4789,1583,Current,158405
4790,1914,Current,453844
4791,987,Savings,184694
4792,6351,Current,430681
4793,1236,Current,249366
4794,4686,Savings,399829
4795,1214,Savings,384637
4796,4763,Savings,236533
4797,8854,Current,472877
4798,8848,Savings,191803
4799,6406,Current,282198
4800,5873,Current,477039
4801,473,Savings,154141
4802,4430,Current,14880
4803,209,Savings,231758
4804,6609,Current,223961
4805,6172,Savings,285899
4806,5165,Savings,318526
4807,4814,Savings,311925
4808,3578,Savings,195494
4809,5209,Savings,114007
4810,3708,Savings,287210
4811,4961,Current,278493
4812,5824,Current,467717
4813,3830,Savings,360394
4814,4775,Current,421755
4815,5343,Current,73476
4816,1776,Current,274507
4817,2596,Current,448833
4818,6255,Savings,464282
4819,4631,Savings,390472
4820,292,Current,117288
4821,7601,Current,265024
4822,1474,Current,65365
4823,862,Savings,399602
4824,425,Savings,279953
4825,3084,Current,132407
4826,1001,Savings,426531
4827,7154,Current,271008
4828,7810,Current,407526
4829,8296,Current,300924
4830,3878,Current,330181
4831,7340,Savings,28119
4832,4790,Current,14717
4833,72,Current,234887
4834,5479,Current,387736
4835,5239,Current,467892
4836,6151,Current,74085
4837,4945,Savings,318275
4838,8847,Current,383195
4839,1567,Savings,186397
4840,7364,Savings,140506
4841,1684,Current,188396
4842,8274,Current,376967
4843,1629,Current,392028
4844,7584,Current,428670
4845,3832,Savings,429781
4846,2239,Savings,104518
4847,121,Current,420264
4848,1583,Savings,461392
4849,1799,Current,281208
4850,5884,Savings,309935
4851,8401,Current,71526
4852,4275,Current,473264
4853,6921,Current,126947
4854,8373,Savings,410485
4855,1207,Current,163603
4856,8663,Savings,402475
4857,2574,Current,61454
4858,2042,Current,54217
4859,2700,Current,264002
4860,8316,Current,444597
4861,1347,Current,165173
4862,9125,Savings,294459
4863,3745,Savings,235332
4864,4691,Savings,370093
4865,6801,Current,198018
4866,6271,Savings,297800
4867,6731,Current,49922
4868,9,Savings,452235
4869,6470,Current,160383
4870,3508,Current,129858
4871,9795,Current,191517
4872,22,Current,213710
4873,6006,Current,172692
4874,2414,Savings,350078
4875,7435,Savings,6631
4876,7458,Savings,319966
4877,5566,Savings,166291
4878,9709,Current,137211
4879,6482,Savings,395360
4880,2251,Current,221020
4881,8181,Savings,246082
4882,1512,Current,378973
4883,1278,Current,113745
4884,7214,Current,212128
4885,7547,Current,413153
4886,4552,Current,144786
4887,621,Current,215840
4888,5590,Savings,307479
4889,5525,Current,228865
4890,457,Current,192264
4891,3181,Current,404187
4892,2502,Current,39052
4893,1149,Current,161799
4894,6713,Savings,135502
4895,3981,Savings,303790
4896,9627,Savings,56832
4897,5540,Current,257903
4898,3606,Current,84662
4899,2266,Savings,153465
4900,3523,Current,398811
4901,7162,Savings,443315
4902,2227,Current,477287
4903,7601,Savings,147411
4904,9053,Savings,395204
4905,2499,Savings,39889
4906,6135,Current,422827
4907,6047,Savings,180443
4908,8074,Savings,78488
4909,3345,Current,433366
4910,2138,Current,28084
4911,9053,Current,232420
4912,3228,Current,328628
4913,5500,Savings,326917
4914,2481,Savings,248737
4915,6354,Savings,303925
4916,209,Current,341057
4917,6508,Savings,71292
4918,9942,Savings,468406
4919,9700,Current,454293
4920,3415,Savings,29881
4921,8309,Savings,328829
4922,8908,Savings,21980
4923,9068,Savings,218520
4924,8158,Current,18641
4925,9763,Current,254284
4926,1809,Savings,80067
4927,3334,Current,274067
4928,2637,Current,101188
4929,1351,Savings,262737
4930,3128,Savings,216637
4931,4680,Savings,394267
4932,4655,Savings,257171
4933,9307,Savings,402644
4934,3322,Savings,136549
4935,6977,Current,121759
4936,8248,Savings,259335
4937,807,Current,100564
4938,1839,Current,119009
4939,9558,Savings,291193
4940,38,Savings,275721
4941,4112,Current,440100
4942,3896,Current,61709
4943,8767,Savings,180801
4944,5131,Savings,224797
4945,8173,Current,354302
4946,1760,Savings,28898
4947,66,Savings,113443
4948,5120,Current,444968
4949,6376,Current,202244
4950,1803,Savings,283347
4951,7068,Current,411959
4952,7712,Savings,374229
4953,6927,Current,66426
4954,6402,Savings,413920
4955,6757,Savings,120074
4956,3955,Savings,268564
4957,5455,Savings,241416
4958,8350,Savings,438125
4959,5808,Current,316007
4960,2360,Current,403926
4961,5536,Current,395544
4962,2890,Savings,120235
4963,3096,Savings,140875
4964,9207,Current,495026
4965,7325,Current,379203
4966,7515,Current,293181
4967,6524,Savings,231608
4968,9281,Savings,415459
4969,9204,Savings,238618
4970,6936,Savings,260288
4971,3379,Savings,131541
4972,8845,Current,141534
4973,4275,Current,6084
4974,5551,Savings,152897
4975,642,Savings,492433
4976,2646,Savings,352118
4977,5596,Savings,328469
4978,7542,Current,168467
4979,8484,Savings,90629
4980,794,Savings,424206
4981,7083,Current,429245
4982,9106,Savings,234071
4983,8121,Current,343363
4984,5996,Savings,240890
4985,7821,Savings,83663
4986,6108,Savings,393842
4987,4904,Savings,293992
4988,9476,Savings,263218
4989,5305,Savings,71841
4990,5583,Current,5113
4991,6379,Current,18639
4992,9896,Current,64762
4993,2019,Current,129344
4994,8039,Savings,96256
4995,6663,Savings,439829
4996,6991,Current,12175
4997,9809,Current,318442
4998,7463,Savings,90574
4999,6293,Savings,227833
5000,9460,Savings,438888
5001,4574,Savings,372253
5002,1786,Current,19311
5003,3220,Savings,336733
5004,3676,Savings,93791
5005,2310,Current,283691
5006,5661,Savings,16737
5007,1293,Current,10991
5008,7004,Current,125661
5009,6172,Savings,186161
5010,8261,Savings,272965
5011,1795,Current,56347
5012,1994,Current,44076
5013,7928,Current,356606
5014,7449,Current,282382
5015,3194,Current,60688
5016,8579,Current,151524
5017,3659,Savings,430343
5018,8247,Current,112902
5019,3152,Current,427687
5020,9115,Savings,128561
5021,7942,Savings,358653
5022,8823,Current,39156
5023,711,Savings,493155
5024,3864,Current,243714
5025,8281,Current,466583
5026,8695,Savings,277065
5027,3331,Current,105836
5028,2682,Current,50315
5029,1566,Savings,396398
5030,4145,Current,332749
5031,4209,Current,466664
5032,8787,Current,150502
5033,7187,Savings,279552
5034,2352,Current,28251
5035,3701,Current,293684
5036,1295,Current,332463
5037,5956,Current,465664
5038,3977,Savings,194255
5039,9275,Savings,13655
5040,4504,Current,456012
5041,1409,Savings,397806
5042,7240,Current,457029
5043,571,Savings,296415
5044,1256,Current,173801
5045,4003,Savings,210071
5046,259,Current,171245
5047,3197,Current,115456
5048,7549,Savings,38474
5049,2799,Current,46275
5050,5286,Current,401568
5051,535,Savings,131665
5052,1806,Savings,418250
5053,8855,Current,55655
5054,4388,Current,135027
5055,7235,Savings,74868
5056,9756,Savings,59053
5057,1992,Current,7699
5058,3244,Savings,228047
5059,7985,Savings,180071
5060,3901,Savings,308133
5061,4515,Current,378555
5062,8158,Current,37131
5063,3535,Current,266925
5064,7641,Savings,452571
5065,4494,Savings,209229
5066,5159,Current,299588
5067,8730,Current,481314
5068,8075,Savings,291115
5069,9677,Savings,165737
5070,6550,Savings,10712
5071,1847,Current,41804
5072,278,Savings,418183
5073,4423,Savings,156850
5074,4409,Current,360541
5075,2903,Savings,256287
5076,7694,Current,45944
5077,1946,Savings,320517
5078,7675,Savings,425083
5079,1710,Savings,384057
5080,478,Savings,364225
5081,5943,Current,390137
5082,8989,Savings,422182
5083,701,Current,437925
5084,7804,Savings,378801
5085,3445,Savings,403414
5086,9461,Savings,49616
5087,2103,Savings,215846
5088,632,Savings,19130
5089,2794,Savings,18899
5090,1065,Current,161643
5091,9889,Savings,52989
5092,1614,Savings,302997
5093,7361,Current,188154
5094,7759,Current,320124
5095,9170,Savings,372332
5096,4426,Savings,214402
5097,7718,Savings,206396
5098,8295,Current,28122
5099,8183,Savings,315351
5100,2822,Savings,230782
5101,1927,Current,419922
5102,4074,Current,344595
5103,2163,Current,20848
5104,2031,Current,386584
5105,9182,Savings,123867
5106,5178,Current,423100
5107,8991,Current,478560
5108,5127,Savings,270547
5109,1881,Current,277683
5110,3572,Current,36594
5111,4234,Current,349670
5112,497,Savings,461896
5113,4093,Current,29812
5114,2774,Current,488407
5115,8133,Current,399056
5116,5947,Savings,293836
5117,8271,Current,82054
5118,1935,Savings,210536
5119,8455,Savings,427540
5120,2784,Savings,385142
5121,1562,Savings,40028
5122,9984,Savings,133727
5123,4044,Savings,494814
5124,7945,Current,457908
5125,527,Savings,274961
5126,5871,Current,378852
5127,7518,Savings,138035
5128,9349,Savings,9441
5129,9195,Savings,360812
5130,8705,Savings,312796
5131,7830,Current,182841
5132,3699,Current,309249
5133,1213,Savings,87536
5134,7118,Current,187434
5135,1649,Savings,364324
5136,3110,Savings,324612
5137,8932,Savings,385516
5138,5040,Current,382008
5139,3831,Savings,394275
5140,1563,Savings,272696
5141,826,Current,431474
5142,3547,Savings,308963
5143,506,Savings,286065
5144,8447,Current,236632
5145,8511,Savings,398032
5146,438,Current,298432
5147,2139,Current,25163
5148,6411,Savings,128376
5149,9162,Savings,491586
5150,8755,Current,59044
5151,5831,Savings,336741
5152,3472,Savings,334589
5153,6045,Current,304322
5154,5620,Savings,369326
5155,3345,Current,490535
5156,811,Current,86226
5157,4843,Savings,159009
5158,259,Savings,52323
5159,4215,Current,376841
5160,2947,Current,350997
5161,2761,Current,56186
5162,8462,Current,273729
5163,8568,Savings,15669
5164,721,Savings,139256
5165,9945,Savings,169953
5166,3638,Savings,381588
5167,3368,Savings,145090
5168,8661,Savings,410993
5169,5004,Current,437074
5170,396,Savings,484695
5171,5320,Current,108864
5172,6170,Current,16540
5173,1587,Current,496156
5174,2788,Savings,7123
5175,429,Current,479012
5176,3286,Savings,40007
5177,6410,Current,144628
5178,9048,Savings,469141
5179,767,Current,126264
5180,9650,Savings,291322
5181,7333,Savings,369916
5182,85,Savings,415583
5183,599,Current,39902
5184,7392,Current,228353
5185,998,Current,87351
5186,3752,Current,259627
5187,6933,Savings,103658
5188,5300,Current,383886
5189,5872,Savings,498328
5190,5239,Current,265658
5191,322,Current,468374
5192,7529,Current,142718
5193,1071,Current,113991
5194,5399,Savings,360266
5195,9391,Current,121551
5196,1853,Current,411908
5197,5669,Savings,370485
5198,69,Savings,261616
5199,1739,Savings,266242
5200,2123,Current,17837
5201,3225,Savings,477508
5202,9181,Current,148864
5203,7680,Current,43014
5204,9712,Current,339435
5205,1263,Current,24861
5206,6022,Savings,385730
5207,869,Current,149948
5208,5648,Savings,339015
5209,6109,Current,7567
5210,2948,Savings,352938
5211,7491,Current,370512
5212,8949,Savings,53231
5213,2307,Current,21951
5214,1275,Current,295636
5215,1040,Current,453897
5216,3116,Current,440437
5217,8907,Savings,123479
5218,7495,Savings,157506
5219,6845,Savings,228899
5220,4251,Savings,390916
5221,5910,Current,10269
5222,6490,Current,48620
5223,1926,Savings,429912
5224,777,Savings,345473
5225,6084,Savings,331620
5226,4992,Savings,121025
5227,2845,Savings,39820
5228,9890,Savings,104980
5229,4315,Savings,474277
5230,2318,Savings,226804
5231,87,Savings,389582
5232,9882,Current,226436
5233,603,Savings,173114
5234,7385,Current,434088
5235,6717,Current,91226
5236,6319,Current,285342
5237,5955,Savings,293200
5238,7580,Current,308224
5239,2218,Current,357053
5240,8351,Current,422131
5241,2264,Current,66199
5242,3692,Current,198716
5243,3517,Current,307329
5244,901,Savings,63708
5245,747,Savings,215284
5246,7007,Current,227340
5247,5991,Savings,439964
5248,7685,Savings,251983
5249,9807,Current,215179
5250,931,Current,383620
5251,4183,Savings,429117
5252,7295,Savings,444610
5253,4505,Current,420933
5254,7039,Savings,61002
5255,4103,Savings,483583
5256,6791,Current,15057
5257,4240,Savings,370229
5258,9493,Current,186193
5259,8305,Savings,119286
5260,8232,Current,386933
5261,6437,Savings,34202
5262,5696,Current,245947
5263,1224,Current,445411
5264,2591,Savings,257736
5265,4135,Current,378199
5266,9629,Current,444113
5267,1304,Savings,362503
5268,954,Current,37708
5269,3698,Current,39934
5270,678,Current,232474
5271,8340,Savings,338344
5272,1917,Savings,114436
5273,6334,Current,412516
5274,4575,Savings,493432
5275,3350,Savings,184932
5276,4598,Current,257635
5277,7568,Current,199400
5278,7214,Current,366026
5279,7611,Current,204760
5280,5034,Savings,35387
5281,7431,Savings,328374
5282,4639,Savings,122219
5283,2274,Current,488016
5284,7407,Savings,394409
5285,7666,Savings,289815
5286,5175,Current,306494
5287,8451,Savings,307873
5288,2838,Current,33872
5289,8619,Current,423309
5290,7307,Current,55155
5291,7194,Current,202627
5292,7334,Savings,72566
5293,1898,Current,42506
5294,8579,Savings,336801
5295,5776,Savings,124810
5296,9437,Savings,397693
5297,2372,Savings,393154
5298,1403,Savings,442086
5299,2130,Savings,25025
5300,6935,Current,324918
5301,7733,Savings,341747
5302,8516,Current,203108
5303,350,Savings,357150
5304,5254,Current,399252
5305,1941,Savings,208499
5306,8182,Savings,113588
5307,413,Current,473806
5308,7884,Savings,348592
5309,5654,Savings,442613
5310,2710,Savings,280065
5311,232,Savings,215052
5312,254,Savings,5870
5313,6837,Current,220341
5314,7964,Current,387931
5315,9754,Current,86324
5316,1832,Current,180568
5317,9229,Current,291214
5318,4486,Savings,156750
5319,5561,Savings,370912
5320,6003,Savings,339806
5321,9458,Current,408500
5322,2349,Current,359318
5323,4319,Savings,428729
5324,476,Savings,203217
5325,2522,Savings,369856
5326,9003,Savings,77145
5327,8491,Savings,435928
5328,7501,Current,253572
5329,9979,Current,252312
5330,7388,Savings,386252
5331,6629,Savings,16203
5332,9359,Current,159112
5333,5797,Savings,438643
5334,8637,Current,6587
5335,7457,Savings,453313
5336,4446,Savings,260531
5337,8226,Savings,221567
5338,8185,Savings,224662
5339,6175,Current,439802
5340,3856,Savings,353957
5341,3575,Current,420640
5342,6987,Current,27800
5343,1457,Savings,82088
5344,3889,Current,268416
5345,1618,Savings,248781
5346,4941,Savings,246899
5347,4520,Current,453641
5348,5586,Current,79126
5349,3900,Current,120789
5350,5269,Current,337098
5351,5626,Current,236288
5352,2881,Savings,166396
5353,9146,Current,278705
5354,6083,Current,243175
5355,5148,Savings,494704
5356,7053,Current,145450
5357,1929,Current,305253
5358,7480,Current,376582
5359,6235,Savings,214633
5360,3517,Current,333822
5361,7503,Current,212534
5362,3199,Savings,134242
5363,3670,Savings,98056
5364,7794,Savings,163794
5365,4077,Savings,397866
5366,1119,Savings,304579
5367,7609,Current,109040
5368,5813,Savings,354728
5369,5337,Savings,6923
5370,6098,Current,261601
5371,1872,Savings,465124
5372,4934,Savings,252920
5373,7047,Current,174494
5374,4908,Current,463570
5375,513,Savings,391977
5376,9511,Current,66373
5377,9412,Savings,305612
5378,5297,Savings,311073
5379,4827,Savings,427290
5380,5043,Current,319981
5381,4746,Current,123119
5382,6841,Current,101736
5383,5248,Current,94737
5384,4257,Current,445472
5385,4570,Savings,117554
5386,281,Savings,206895
5387,9622,Savings,277327
5388,1315,Current,437188
5389,8340,Current,261954
5390,7857,Savings,342214
5391,3313,Current,65658
5392,4331,Savings,362153
5393,4280,Current,198206
5394,5819,Savings,118768
5395,8561,Current,398217
5396,1160,Current,249838
5397,5261,Current,123190
5398,1441,Current,253558
5399,3342,Savings,9979
5400,3351,Current,310900
5401,5457,Savings,89957
5402,6430,Savings,31581
5403,8705,Current,483430
5404,2845,Current,134692
5405,8361,Current,328161
5406,712,Savings,424954
5407,3684,Savings,137148
5408,2403,Savings,240295
5409,1626,Current,129857
5410,3914,Current,423368
5411,8179,Savings,406795
5412,7452,Savings,328286
5413,5718,Savings,437287
5414,3982,Current,53752
5415,3038,Current,54333
5416,88,Savings,151131
5417,6080,Current,117994
5418,672,Current,194448
5419,6686,Savings,454460
5420,3876,Current,497494
5421,7908,Current,303809
5422,2724,Savings,11972
5423,8219,Savings,391742
5424,2553,Current,419740
5425,5646,Current,221903
5426,9122,Savings,115200
5427,7421,Current,173087
5428,8845,Current,276520
5429,8356,Current,472391
5430,3207,Savings,18028
5431,205,Savings,57510
5432,1891,Current,429988
5433,4083,Savings,153920
5434,9234,Savings,489791
5435,3658,Savings,39954
5436,8854,Savings,227905
5437,2113,Savings,42413
5438,9036,Savings,104703
5439,7401,Savings,150176
5440,862,Savings,239407
5441,8217,Savings,296329
5442,8317,Savings,321869
5443,6985,Current,382839
5444,783,Current,319316
5445,9426,Savings,277764
5446,3436,Current,97923
5447,1270,Savings,75274
5448,5323,Current,156413
5449,4755,Savings,10184
5450,7493,Savings,281958
5451,5846,Current,57125
5452,7440,Savings,498479
5453,7821,Current,44470
5454,8316,Current,418571
5455,9141,Current,265409
5456,2010,Savings,183448
5457,1552,Savings,174845
5458,3724,Current,67706
5459,4676,Current,120716
5460,4796,Current,201599
5461,8226,Current,209451
5462,2950,Savings,133427
5463,9542,Savings,309231
5464,6447,Savings,255756
5465,7753,Savings,470917
5466,5702,Savings,115548
5467,4614,Savings,20355
5468,1129,Savings,379352
5469,6308,Current,14911
5470,3748,Savings,209955
5471,636,Current,369778
5472,2199,Current,190330
5473,3310,Savings,267391
5474,8053,Savings,153205
5475,7718,Savings,298041
5476,169,Current,205421
5477,1987,Savings,201263
5478,7978,Current,173204
5479,5988,Current,79903
5480,8766,Savings,205766
5481,2083,Current,455751
5482,5212,Current,216230
5483,6996,Current,5824
5484,5978,Current,166967
5485,2912,Savings,309870
5486,5640,Current,145792
5487,1704,Savings,98467
5488,280,Current,345140
5489,4324,Current,495350
5490,7782,Savings,266943
5491,7084,Savings,192029
5492,5876,Current,439954
5493,4381,Current,6561
5494,651,Savings,450937
5495,6649,Savings,484463
5496,5919,Savings,457576
5497,7398,Savings,101908
5498,3788,Current,470428
5499,7631,Current,292047
5500,6208,Savings,191114
5501,3655,Current,44841
5502,9658,Current,255129
5503,619,Current,35836
5504,2436,Current,13662
5505,9035,Savings,406089
5506,2258,Savings,439245
5507,6218,Current,18536
5508,7235,Current,128622
5509,9954,Current,58197
5510,596,Savings,23037
5511,9074,Current,307209
5512,5337,Current,44103
5513,3564,Current,174154
5514,1089,Current,465762
5515,8079,Current,90662
5516,9800,Savings,443993
5517,9695,Savings,273045
5518,9698,Savings,174089
5519,5642,Current,126184
5520,7297,Savings,266209
5521,494,Current,48491
5522,150,Current,498011
5523,5643,Savings,457734
5524,3475,Savings,303837
5525,4029,Current,89771
5526,8929,Current,330674
5527,3701,Current,318159
5528,2108,Savings,119422
5529,9571,Savings,216682
5530,2799,Savings,17200
5531,8904,Savings,200659
5532,7351,Current,182098
5533,1528,Current,383213
5534,5776,Current,104500
5535,8583,Savings,469480
5536,4851,Current,155135
5537,6124,Savings,27109
5538,7675,Current,466580
5539,9674,Current,273499
5540,2193,Current,492898
5541,4663,Current,275761
5542,3503,Savings,287235
5543,9285,Current,479548
5544,5619,Savings,130592
5545,8717,Savings,273290
5546,5850,Current,490998
5547,3947,Current,24912
5548,2238,Savings,402821
5549,2607,Current,10965
5550,87,Current,132045
5551,5244,Savings,307185
5552,9290,Current,279405
5553,3620,Current,372520
5554,2307,Savings,433074
5555,5683,Savings,403915
5556,4672,Current,229240
5557,7620,Savings,38804
5558,2735,Current,195466
5559,3713,Current,132034
5560,2195,Current,451248
5561,6532,Savings,12726
5562,5355,Current,497910
5563,9538,Savings,450100
5564,9785,Savings,138948
5565,4125,Current,216933
5566,1338,Savings,220682
5567,1174,Savings,385394
5568,980,Savings,216201
5569,6076,Current,479237
5570,5016,Current,412560
5571,5899,Savings,268624
5572,7616,Savings,300395
5573,740,Current,331179
5574,6620,Current,425504
5575,2223,Savings,446344
5576,5639,Current,393615
5577,6212,Current,290994
5578,1481,Current,370866
5579,7830,Savings,71510
5580,8786,Current,486196
5581,8518,Current,29703
5582,7865,Savings,420464
5583,2100,Savings,282624
5584,8649,Current,364905
5585,3237,Current,350076
5586,1567,Savings,471208
5587,6149,Current,82868
5588,5199,Savings,255756
5589,9578,Current,246174
5590,7803,Current,102648
5591,4686,Savings,208516
5592,9932,Savings,426114
5593,3754,Savings,142831
5594,1884,Savings,233516
5595,8953,Savings,357993
5596,4829,Current,478587
5597,4692,Current,325258
5598,6907,Savings,100904
5599,9121,Current,283261
5600,3008,Savings,431887
5601,168,Savings,318241
5602,9849,Savings,25994
5603,6189,Current,170667
5604,6929,Savings,332324
5605,4874,Savings,193999
5606,2519,Current,499984
5607,1945,Savings,220511
5608,2910,Savings,78177
5609,1284,Current,20820
5610,8633,Current,102447
5611,1434,Savings,230818
5612,3972,Current,240385
5613,9649,Savings,355085
5614,8801,Current,422445
5615,3578,Savings,68799
5616,3908,Savings,304681
5617,7498,Current,118886
5618,3786,Current,460090
5619,4560,Savings,7050
5620,1315,Current,94230
5621,7096,Savings,207938
5622,8854,Current,95076
5623,6047,Current,208287
5624,6615,Current,86672
5625,1227,Current,21053
5626,3456,Current,177410
5627,6347,Savings,491840
5628,953,Savings,251701
5629,3669,Current,167324
5630,1416,Savings,35603
5631,8583,Current,248502
5632,4788,Savings,129187
5633,3364,Savings,235862
5634,3819,Current,115366
5635,9185,Current,266584
5636,3252,Current,419528
5637,8954,Savings,290521
5638,8297,Savings,249161
5639,3479,Savings,249065
5640,4872,Current,234247
5641,5684,Current,398722
5642,7185,Savings,74583
5643,8626,Current,70868
5644,9679,Savings,459871
5645,7095,Savings,80982
5646,8360,Savings,471886
5647,7169,Savings,281687
5648,2985,Savings,421816
5649,5800,Current,425570
5650,2218,Savings,174428
5651,3976,Current,72346
5652,9015,Savings,250533
5653,6719,Current,41614
5654,6974,Savings,122145
5655,7095,Savings,244918
5656,5844,Savings,156028
5657,394,Savings,332728
5658,8987,Current,404092
5659,5841,Current,264897
5660,9836,Current,228352
5661,7943,Savings,161706
5662,1317,Savings,135477
5663,2525,Savings,125688
5664,9697,Savings,122958
5665,1039,Savings,206309
5666,6998,Current,269857
5667,3357,Current,198308
5668,773,Savings,46530
5669,5519,Savings,323603
5670,9172,Savings,426120
5671,319,Savings,72708
5672,169,Current,390359
5673,703,Savings,403325
5674,2359,Savings,201459
5675,3783,Savings,138401
5676,3776,Current,18101
5677,6802,Savings,28513
5678,9631,Savings,336357
5679,4852,Savings,463402
5680,4957,Savings,484919
5681,7841,Current,246728
5682,5604,Savings,94111
5683,8354,Current,74135
5684,3891,Savings,329508
5685,1744,Current,351534
5686,649,Current,117304
5687,4654,Savings,258759
5688,1448,Savings,267399
5689,5627,Current,294159
5690,4035,Current,403779
5691,9727,Current,375771
5692,3209,Current,427571
5693,5103,Savings,229933
5694,1171,Savings,31469
5695,8256,Savings,235023
5696,5466,Current,250570
5697,7726,Savings,383607
5698,3682,Savings,77174
5699,4089,Current,358800
5700,6229,Savings,430668
5701,9922,Current,37336
5702,6149,Savings,218261
5703,1699,Savings,469057
5704,8948,Savings,447138
5705,4780,Savings,335703
5706,4282,Savings,243139
5707,1065,Savings,116576
5708,6450,Savings,120436
5709,2938,Current,326942
5710,4114,Savings,264063
5711,5284,Savings,292998
5712,144,Savings,295193
5713,4582,Current,418219
5714,9906,Current,39571
5715,3267,Savings,127162
5716,7570,Savings,295458
5717,6162,Savings,91072
5718,3724,Savings,221100
5719,6987,Savings,343047
5720,547,Current,68473
5721,5644,Current,367483
5722,6684,Current,476262
5723,1226,Current,172230
5724,937,Current,364971
5725,7010,Savings,311043
5726,6904,Current,139017
5727,8520,Savings,150683
5728,2083,Savings,472021
5729,8623,Current,227484
5730,445,Savings,210743
5731,9389,Current,407625
5732,7711,Current,448679
5733,46,Current,476756
5734,1147,Savings,436657
5735,8751,Current,312034
5736,3931,Savings,270801
5737,5511,Current,384244
5738,7449,Savings,233198
5739,9066,Savings,171830
5740,1083,Current,466967
5741,1765,Savings,436498
5742,1106,Current,9585
5743,5336,Savings,145196
5744,8820,Savings,411740
5745,1485,Savings,236861
5746,5836,Savings,454000
5747,6084,Current,384275
5748,2845,Current,448792
5749,2682,Current,364142
5750,5334,Current,164778
5751,6133,Savings,409920
5752,2104,Current,252703
5753,889,Savings,96584
5754,4935,Savings,345730
5755,4254,Savings,449008
5756,5195,Savings,399653
5757,1749,Current,223166
5758,1762,Savings,87761
5759,9270,Current,431898
5760,7223,Current,372427
5761,5729,Current,118784
5762,5206,Current,346959
5763,5283,Savings,233699
5764,8269,Current,314705
5765,6259,Current,288113
5766,2786,Current,486528
5767,5952,Current,198674
5768,4362,Savings,159376
5769,8120,Current,140877
5770,9015,Savings,166686
5771,492,Current,314600
5772,2041,Savings,11743
5773,5635,Current,93307
5774,1365,Savings,165228
5775,7936,Savings,465128
5776,6555,Current,300487
5777,6594,Current,398221
5778,1756,Savings,306484
5779,2405,Current,200216
5780,4066,Savings,435549
5781,2785,Savings,480668
5782,8889,Savings,405874
5783,9519,Savings,180474
5784,2673,Current,461139
5785,5934,Current,257145
5786,3558,Current,291970
5787,8484,Current,412076
5788,352,Savings,173740
5789,6690,Savings,142797
5790,2915,Savings,114665
5791,4130,Savings,293553
5792,2079,Current,345187
5793,1105,Current,289917
5794,266,Savings,409275
5795,7737,Current,254727
5796,2907,Current,243234
5797,2613,Current,441522
5798,6907,Current,191264
5799,2808,Current,27285
5800,6134,Savings,45297
5801,3849,Current,267757
5802,3398,Current,46331
5803,3618,Current,382496
5804,293,Savings,145321
5805,7218,Current,83577
5806,5548,Current,133720
5807,7009,Current,82106
5808,2305,Current,78573
5809,2013,Savings,134668
5810,8673,Current,212669
5811,4051,Current,256193
5812,4650,Savings,73709
5813,4026,Current,380772
5814,9993,Savings,406653
5815,2252,Savings,244053
5816,105,Savings,230402
5817,2020,Current,388988
5818,6997,Savings,291367
5819,137,Savings,233838
5820,9602,Current,209628
5821,1242,Current,380010
5822,1007,Savings,424527
5823,1503,Savings,230222
5824,9784,Savings,140570
5825,1655,Current,395755
5826,9282,Savings,163951
5827,1230,Savings,359477
5828,9444,Savings,484807
5829,6068,Current,338569
5830,1287,Savings,339870
5831,487,Current,378532
5832,6768,Current,359045
5833,3332,Savings,448488
5834,2678,Savings,111638
5835,9087,Current,367715
5836,169,Savings,310185
5837,3921,Current,131387
5838,1891,Current,356344
5839,4176,Savings,103116
5840,4911,Current,368341
5841,7387,Current,185618
5842,6377,Savings,97834
5843,5281,Savings,272866
5844,21,Current,319153
5845,5166,Current,27366
5846,82,Savings,182495
5847,5603,Savings,352696
5848,3113,Savings,283774
5849,216,Current,412182
5850,6090,Savings,251523
5851,5014,Savings,164925
5852,7072,Savings,455152
5853,3067,Savings,232801
5854,3672,Current,334788
5855,2919,Savings,496477
5856,1050,Current,93788
5857,1733,Current,493557
5858,6048,Savings,87015
5859,1069,Current,58281
5860,2916,Savings,496162
5861,6791,Current,351616
5862,2599,Savings,130156
5863,6955,Savings,208143
5864,9195,Current,412155
5865,9706,Savings,298904
5866,1224,Savings,239055
5867,9827,Current,408269
5868,3810,Savings,9302
5869,3176,Savings,162116
5870,8094,Savings,223844
5871,3326,Current,484302
5872,3216,Savings,115472
5873,8245,Current,135780
5874,1884,Savings,425156
5875,8831,Current,143253
5876,4586,Savings,6736
5877,2776,Current,461864
5878,9167,Current,253457
5879,8040,Current,326344
5880,9824,Savings,307674
5881,2293,Current,281605
5882,3333,Savings,393261
5883,239,Current,92522
5884,7139,Savings,145139
5885,1372,Current,433950
5886,2285,Savings,87386
5887,1101,Savings,39261
5888,3681,Current,382014
5889,759,Savings,380397
5890,8342,Current,328862
5891,5409,Current,46454
5892,6716,Current,162464
5893,3598,Savings,417119
5894,7627,Savings,281397
5895,7025,Current,396623
5896,8912,Savings,399809
5897,8398,Current,131371
5898,9883,Savings,360172
5899,8177,Current,346104
5900,2580,Current,71015
5901,1587,Savings,319889
5902,8052,Current,35490
5903,9024,Savings,50156
5904,4990,Savings,148154
5905,6015,Savings,100017
5906,5805,Current,388638
5907,2048,Savings,53982
5908,828,Current,381883
5909,8,Savings,226414
5910,5399,Current,68368
5911,8837,Savings,155020
5912,640,Savings,309849
5913,8728,Current,17995
5914,472,Savings,394327
5915,4340,Savings,408874
5916,9432,Current,465561
5917,9865,Savings,463513
5918,8193,Savings,412928
5919,1577,Savings,352865
5920,9465,Savings,468044
5921,6160,Current,441408
5922,2664,Current,130247
5923,530,Current,363815
5924,6283,Savings,252351
5925,9685,Savings,326139
5926,8111,Savings,47519
5927,6596,Savings,186811
5928,6037,Current,366159
5929,232,Current,343043
5930,5517,Savings,86613
5931,5115,Savings,438936
5932,3016,Current,22808
5933,5019,Savings,184595
5934,6157,Current,450363
5935,6342,Current,58576
5936,8573,Savings,57159
5937,1397,Savings,292854
5938,8378,Savings,19931
5939,5348,Savings,462769
5940,8596,Current,462964
5941,6827,Current,268787
5942,7608,Current,196412
5943,9907,Savings,418630
5944,3284,Current,247900
5945,1659,Current,253509
5946,9566,Savings,84780
5947,6868,Current,417388
5948,9617,Savings,259706
5949,265,Current,32101
5950,1043,Savings,291506
5951,6209,Savings,414269
5952,7638,Current,227292
5953,7776,Savings,243653
5954,6002,Current,357580
5955,442,Savings,295381
5956,4325,Current,173897
5957,3046,Savings,97643
5958,8612,Savings,234658
5959,1450,Current,458415
5960,7063,Savings,214780
5961,1587,Current,413037
5962,4544,Savings,442768
5963,6960,Savings,489405
5964,5343,Current,192557
5965,2914,Savings,268071
5966,8812,Current,276831
5967,6395,Savings,268125
5968,8247,Savings,116420
5969,86,Savings,182686
5970,2984,Savings,268807
5971,915,Savings,495888
5972,231,Current,197858
5973,6303,Current,437235
5974,8263,Savings,186453
5975,1913,Savings,422525
5976,8213,Current,466377
5977,9116,Current,245258
5978,7670,Savings,41904
5979,1636,Current,275325
5980,2390,Savings,358839
5981,1582,Current,251977
5982,6440,Current,212057
5983,5992,Current,478736
5984,9565,Current,193297
5985,8063,Savings,67155
5986,138,Savings,245574
5987,6160,Current,348526
5988,5432,Current,46516
5989,4383,Current,327027
5990,4544,Savings,493200
5991,5996,Current,183975
5992,9856,Savings,417580
5993,861,Current,181632
5994,2696,Current,381908
5995,782,Current,380927
5996,7132,Current,143414
5997,2155,Current,297161
5998,7534,Current,176638
5999,4671,Current,259567
6000,5419,Savings,228821
6001,7973,Savings,224614
6002,4790,Savings,53394
6003,5308,Savings,458787
6004,6029,Savings,318101
6005,454,Current,144417
6006,2231,Savings,495929
6007,2156,Current,174757
6008,1429,Current,199537
6009,520,Current,103778
6010,9401,Current,262182
6011,4324,Current,330447
6012,1868,Current,391583
6013,4116,Current,20054
6014,6324,Current,427933
6015,218,Current,367999
6016,2709,Savings,139159
6017,8199,Current,230133
6018,8727,Current,180104
6019,5588,Current,148222
6020,5662,Current,213000
6021,8334,Current,237479
6022,4023,Savings,110894
6023,5189,Savings,166166
6024,8235,Savings,55944
6025,3050,Savings,270019
6026,7163,Savings,300131
6027,5598,Savings,482514
6028,2541,Savings,395614
6029,7200,Current,485455
6030,8236,Current,278009
6031,7270,Savings,73005
6032,9429,Current,435858
6033,2992,Savings,417881
6034,9330,Savings,386389
6035,8289,Current,200956
6036,4107,Current,46886
6037,2296,Savings,306308
6038,5722,Current,322406
6039,896,Current,392013
6040,8038,Current,12210
6041,3394,Current,484488
6042,4041,Current,280512
6043,4596,Savings,496081
6044,4040,Savings,69219
6045,3349,Current,110268
6046,2312,Savings,191927
6047,2469,Current,280247
6048,3898,Current,155160
6049,9422,Current,86127
6050,4059,Savings,113783
6051,4796,Savings,347101
6052,3907,Current,446667
6053,2014,Current,228626
6054,5103,Current,281827
6055,2448,Savings,303232
6056,7050,Current,228965
6057,3140,Current,348508
6058,2208,Savings,429498
6059,281,Savings,384086
6060,1144,Savings,33887
6061,9498,Savings,366547
6062,6805,Savings,130034
6063,1269,Current,10928
6064,7255,Savings,327775
6065,1984,Current,294917
6066,7561,Savings,307274
6067,280,Current,278397
6068,264,Savings,403881
6069,4224,Savings,125561
6070,3983,Current,460158
6071,6633,Current,201603
6072,983,Savings,331110
6073,7878,Current,494558
6074,5474,Current,472164
6075,995,Savings,170940
6076,6241,Current,121239
6077,4069,Current,45105
6078,5309,Current,68563
6079,9866,Savings,171666
6080,8483,Current,119664
6081,3612,Current,481233
6082,4234,Current,276485
6083,3703,Current,81268
6084,3162,Savings,50134
6085,1982,Current,84328
6086,1740,Current,99444
6087,6807,Current,274916
6088,838,Savings,34535
6089,1181,Savings,66506
6090,6039,Savings,209273
6091,5884,Savings,439072
6092,2600,Current,399699
6093,7519,Savings,463583
6094,1022,Savings,310589
6095,5789,Savings,466705
6096,4256,Savings,180385
6097,2684,Savings,375791
6098,3857,Current,412938
6099,3401,Savings,111857
6100,9410,Current,392800
6101,910,Current,325129
6102,9010,Savings,60023
6103,6597,Current,467425
6104,6605,Savings,198083
6105,9129,Current,167468
6106,5197,Savings,243234
6107,7106,Savings,293124
6108,546,Current,349166
6109,5829,Current,217335
6110,263,Current,300275
6111,923,Savings,291203
6112,7590,Savings,105163
6113,8378,Current,121519
6114,7510,Current,8072
6115,6003,Current,255037
6116,9682,Savings,204629
6117,8474,Current,263086
6118,9074,Current,426221
6119,1367,Savings,23945
6120,3376,Savings,70251
6121,6752,Current,274046
6122,4062,Savings,217087
6123,317,Savings,89209
6124,859,Current,488761
6125,7228,Savings,379002
6126,5706,Current,125868
6127,5950,Current,434196
6128,7648,Current,376148
6129,7638,Current,322098
6130,2663,Savings,16837
6131,7082,Savings,374252
6132,9240,Current,424816
6133,1677,Current,308389
6134,5084,Savings,337522
6135,1343,Savings,174302
6136,9834,Current,236453
6137,9247,Current,227629
6138,2592,Current,387868
6139,5072,Savings,12237
6140,795,Current,30257
6141,8131,Current,212186
6142,8682,Current,246872
6143,9335,Current,88322
6144,8813,Savings,491154
6145,8066,Savings,267296
6146,5644,Savings,488689
6147,9839,Current,137912
6148,7091,Savings,450220
6149,7222,Current,197383
6150,6573,Savings,278101
6151,3108,Savings,435758
6152,6923,Savings,281290
6153,7594,Savings,369424
6154,3349,Current,485037
6155,5346,Current,151541
6156,8176,Savings,246928
6157,2769,Savings,84856
6158,2962,Current,282157
6159,5378,Savings,95055
6160,2398,Current,474418
6161,9929,Current,331685
6162,5015,Savings,31374
6163,7664,Current,466454
6164,9652,Savings,454976
6165,2927,Current,289640
6166,2803,Savings,368972
6167,1665,Savings,367978
6168,3401,Current,295202
6169,1693,Savings,211297
6170,753,Current,178735
6171,3569,Savings,280569
6172,202,Savings,65535
6173,4097,Savings,350728
6174,8756,Current,100394
6175,7180,Current,219330
6176,2147,Savings,388989
6177,5116,Savings,159895
6178,5650,Savings,355310
6179,5611,Current,159089
6180,9338,Savings,423654
6181,1801,Current,364455
6182,2613,Savings,83392
6183,2665,Savings,293313
6184,2412,Current,16107
6185,8168,Savings,300065
6186,6709,Savings,257198
6187,5271,Savings,271651
6188,3184,Savings,118411
6189,5647,Savings,14983
6190,7327,Current,452041
6191,987,Savings,266372
6192,4049,Savings,454688
6193,4574,Savings,281015
6194,4991,Savings,442972
6195,2898,Current,361006
6196,8833,Current,293905
6197,7016,Savings,419164
6198,4355,Savings,191406
6199,2237,Current,68402
6200,5710,Current,338786
6201,8148,Current,77457
6202,5584,Current,168903
6203,5004,Current,199899
6204,4211,Current,253046
6205,1572,Current,83177
6206,810,Current,297214
6207,2387,Current,202501
6208,5734,Savings,405699
6209,9991,Current,382347
6210,2791,Savings,122636
6211,2978,Savings,218004
6212,4056,Current,200198
6213,2464,Current,51380
6214,4759,Savings,171224
6215,4741,Savings,190101
6216,8346,Current,139270
6217,2340,Current,362456
6218,1900,Current,385559
6219,2869,Savings,167866
6220,1999,Current,24053
6221,9572,Savings,363883
6222,5117,Savings,103310
6223,2056,Current,280758
6224,8127,Current,97962
6225,2168,Savings,268848
6226,1232,Savings,428893
6227,8646,Savings,400639
6228,5928,Current,73847
6229,5743,Savings,270220
6230,3107,Savings,171702
6231,7441,Current,305334
6232,7405,Current,318014
6233,7349,Savings,55092
6234,8518,Savings,164214
6235,7401,Current,466238
6236,1917,Savings,47947
6237,627,Savings,369767
6238,3407,Savings,337337
6239,8782,Current,91576
6240,3576,Savings,250427
6241,678,Savings,387416
6242,2818,Current,496957
6243,4104,Savings,315969
6244,3149,Savings,229440
6245,5532,Current,449684
6246,8930,Current,31700
6247,8852,Savings,311625
6248,2061,Savings,334787
6249,8760,Savings,341047
6250,9332,Current,440458
6251,7045,Savings,404968
6252,1719,Savings,403215
6253,3804,Savings,449910
6254,8470,Savings,91727
6255,8327,Savings,132908
6256,5840,Savings,409195
6257,8081,Current,120531
6258,5417,Current,241150
6259,5112,Current,256255
6260,1556,Current,336013
6261,8627,Savings,206705
6262,2248,Savings,164470
6263,9115,Current,366801
6264,6553,Savings,449309
6265,7969,Savings,276015
6266,906,Current,254796
6267,1536,Savings,483184
6268,4521,Savings,457578
6269,6030,Savings,342188
6270,2373,Current,82607
6271,3491,Savings,305352
6272,2594,Current,66857
6273,2701,Savings,88435
6274,6239,Savings,14480
6275,7508,Current,456951
6276,2398,Savings,349333
6277,5799,Current,37508
6278,2287,Current,102916
6279,2929,Savings,481404
6280,2217,Savings,352556
6281,5714,Savings,49207
6282,8099,Savings,39476
6283,2740,Current,233371
6284,1301,Current,110024
6285,6178,Savings,385299
6286,7894,Savings,353291
6287,1534,Savings,314628
6288,4232,Savings,156773
6289,6076,Current,449693
6290,6296,Current,385076
6291,3888,Current,167848
6292,6021,Current,416467
6293,8286,Savings,352736
6294,3178,Savings,126847
6295,520,Savings,171019
6296,8811,Savings,325619
6297,1508,Current,256517
6298,9752,Savings,317445
6299,9001,Savings,355616
6300,6499,Current,296949
6301,3277,Current,22500
6302,2087,Current,330533
6303,1425,Current,233678
6304,10,Savings,164748
6305,5490,Current,480436
6306,3601,Current,446415
6307,5735,Savings,119201
6308,1495,Current,225075
6309,9896,Savings,295519
6310,8563,Savings,324996
6311,1852,Current,132959
6312,2730,Savings,252350
6313,1090,Current,5832
6314,4491,Current,341392
6315,1346,Savings,491269
6316,1063,Savings,369412
6317,2753,Current,453463
6318,5366,Current,372385
6319,4995,Savings,76982
6320,8561,Current,303498
6321,7191,Current,432426
6322,7086,Current,492396
6323,4961,Savings,232823
6324,9340,Savings,130876
6325,3376,Current,412680
6326,1003,Current,207047
6327,9295,Current,243895
6328,1904,Current,420127
6329,6300,Current,487129
6330,9766,Current,326933
6331,2473,Savings,39686
6332,3749,Savings,47431
6333,8123,Savings,134344
6334,4375,Savings,23531
6335,9093,Savings,196112
6336,8697,Savings,62041
6337,4272,Current,164866
6338,2393,Current,109727
6339,1064,Current,324234
6340,8289,Savings,199355
6341,5028,Current,181654
6342,2743,Current,161441
6343,4528,Current,397938
6344,1223,Current,364571
6345,5058,Savings,396607
6346,5822,Current,24610
6347,4968,Savings,491291
6348,1422,Current,101690
6349,1769,Savings,386034
6350,790,Current,499145
6351,8944,Current,480335
6352,228,Current,354216
6353,5203,Savings,149842
6354,2870,Current,381803
6355,2927,Savings,415359
6356,7040,Current,142196
6357,5496,Current,416746
6358,4124,Savings,281224
6359,7653,Current,118598
6360,7330,Current,309227
6361,7314,Current,373782
6362,8365,Current,434561
6363,1870,Savings,477850
6364,7692,Current,218788
6365,3059,Current,291412
6366,693,Current,41143
6367,5637,Current,414886
6368,373,Savings,280571
6369,8036,Savings,177431
6370,4689,Savings,238584
6371,5637,Savings,342214
6372,7750,Current,120542
6373,2824,Current,201182
6374,2508,Savings,492062
6375,1376,Current,254056
6376,1407,Savings,410314
6377,4282,Current,64066
6378,9761,Savings,334506
6379,1509,Savings,114958
6380,3974,Savings,277786
6381,2284,Current,40702
6382,1732,Savings,380742
6383,7450,Savings,121166
6384,6553,Current,36714
6385,253,Savings,255226
6386,5978,Savings,435845
6387,122,Savings,15162
6388,5048,Savings,344061
6389,4865,Savings,327994
6390,91,Savings,172987
6391,407,Savings,75391
6392,2354,Savings,119213
6393,663,Savings,323181
6394,1967,Current,286687
6395,7615,Savings,363952
6396,655,Savings,148083
6397,4025,Current,393042
6398,8308,Savings,458207
6399,2678,Current,260268
6400,3125,Savings,448676
6401,2210,Current,81006
6402,6254,Current,328160
6403,3685,Current,373841
6404,1345,Savings,353075
6405,5456,Current,179415
6406,3854,Current,118363
6407,4039,Savings,431955
6408,5432,Savings,404210
6409,5015,Current,127504
6410,1973,Current,370965
6411,8277,Current,443940
6412,9991,Savings,347049
6413,1325,Savings,149322
6414,6744,Savings,351863
6415,7227,Savings,140812
6416,1376,Savings,73221
6417,6372,Savings,121760
6418,9479,Current,405946
6419,4716,Current,451300
6420,3383,Current,19244
6421,7241,Savings,221893
6422,6879,Savings,285379
6423,6888,Current,274054
6424,9799,Current,305948
6425,4211,Current,225196
6426,9980,Current,23938
6427,3462,Current,348838
6428,8517,Savings,183463
6429,3476,Current,159087
6430,5972,Savings,371434
6431,9742,Current,90692
6432,8517,Savings,246598
6433,7056,Savings,130556
6434,5510,Savings,88704
6435,9597,Current,366813
6436,9944,Savings,90071
6437,468,Current,198776
6438,6053,Savings,170410
6439,4936,Savings,304536
6440,7652,Savings,169328
6441,9285,Savings,307779
6442,2071,Savings,268338
6443,4538,Current,213385
6444,2934,Current,75781
6445,1489,Savings,298924
6446,7199,Savings,78950
6447,984,Current,466863
6448,6344,Current,170487
6449,3914,Savings,188856
6450,5932,Savings,120417
6451,4504,Savings,459580
6452,1429,Savings,171325
6453,7499,Savings,137160
6454,9175,Savings,178126
6455,9301,Current,113548
6456,7111,Current,78704
6457,8625,Current,388332
6458,7958,Current,290679
6459,7193,Current,35313
6460,7270,Savings,222662
6461,4013,Current,219155
6462,1421,Savings,214375
6463,5075,Current,281240
6464,7710,Current,416998
6465,4478,Savings,53087
6466,2884,Savings,444172
6467,1693,Savings,65662
6468,9529,Current,286536
6469,6209,Savings,308456
6470,3556,Current,190380
6471,2974,Savings,493622
6472,5933,Current,218327
6473,6293,Savings,110884
6474,5650,Savings,453448
6475,8140,Current,400679
6476,754,Savings,170822
6477,7909,Savings,273363
6478,9,Savings,456676
6479,8715,Savings,83255
6480,36,Savings,39263
6481,6251,Savings,484530
6482,6315,Savings,107075
6483,5265,Savings,49704
6484,5038,Current,311751
6485,3790,Savings,297433
6486,2267,Current,106787
6487,5448,Savings,16650
6488,9107,Savings,281249
6489,1101,Current,281033
6490,1573,Current,183426
6491,9487,Current,239986
6492,5715,Savings,497151
6493,2701,Current,114600
6494,2029,Savings,46213
6495,6603,Current,468052
6496,9497,Current,108308
6497,7970,Savings,155987
6498,365,Savings,235531
6499,6062,Savings,159791
6500,7659,Savings,366874
6501,9394,Savings,449688
6502,4416,Savings,59743
6503,3,Savings,499014
6504,9134,Savings,182123
6505,1144,Current,403208
6506,982,Savings,150700
6507,4152,Current,343565
6508,4898,Savings,357248
6509,1728,Current,312503
6510,3865,Current,497322
6511,3374,Savings,425636
6512,4863,Current,236346
6513,7852,Current,491791
6514,3662,Savings,64126
6515,673,Savings,378730
6516,5040,Current,117623
6517,2685,Savings,138960
6518,1644,Current,164845
6519,3550,Savings,335347
6520,5442,Current,290806
6521,4818,Savings,73277
6522,4254,Current,440472
6523,5597,Current,408324
6524,4577,Savings,38320
6525,4892,Current,486025
6526,1627,Savings,319726
6527,6330,Savings,427722
6528,6183,Current,476075
6529,5636,Savings,100974
6530,5401,Current,363495
6531,3598,Current,136720
6532,1478,Current,224517
6533,6454,Savings,360962
6534,9782,Current,194140
6535,8003,Current,123113
6536,6889,Current,151404
6537,9736,Savings,160710
6538,1561,Savings,428099
6539,9831,Current,357059
6540,1961,Savings,208622
6541,6464,Savings,136764
6542,2530,Savings,497371
6543,9238,Savings,208080
6544,1964,Current,143404
6545,1494,Savings,485378
6546,9249,Savings,108157
6547,6106,Savings,473542
6548,3387,Savings,207013
6549,6507,Savings,305848
6550,9874,Savings,459353
6551,8536,Savings,376886
6552,4836,Current,285822
6553,5829,Current,494264
6554,949,Savings,231302
6555,9542,Savings,112877
6556,8856,Current,318882
6557,5412,Savings,268784
6558,335,Savings,405829
6559,1566,Savings,443221
6560,4026,Savings,454694
6561,7998,Savings,82620
6562,1284,Current,299380
6563,3424,Current,173356
6564,1696,Current,189369
6565,2274,Savings,449164
6566,9238,Current,187221
6567,7204,Savings,49797
6568,812,Current,96200
6569,3260,Savings,43480
6570,6864,Current,354153
6571,7985,Current,295957
6572,6698,Savings,402513
6573,6299,Current,478723
6574,6953,Savings,238560
6575,388,Savings,255491
6576,2647,Savings,159459
6577,2288,Current,462677
6578,3658,Savings,319692
6579,8585,Savings,108743
6580,6314,Current,289891
6581,9152,Current,33376
6582,6148,Savings,485762
6583,7259,Current,56064
6584,6294,Savings,247989
6585,8420,Savings,383787
6586,9520,Savings,443991
6587,9482,Savings,322842
6588,3462,Savings,334642
6589,3922,Savings,29214
6590,5381,Savings,235074
6591,2562,Current,239186
6592,9238,Savings,178821
6593,9977,Savings,30669
6594,7236,Current,412151
6595,1820,Savings,213632
6596,167,Savings,54320
6597,9611,Current,322537
6598,2423,Current,321465
6599,8401,Current,338150
6600,6947,Savings,317899
6601,6379,Current,78243
6602,8599,Savings,242709
6603,4404,Savings,124839
6604,8766,Savings,95342
6605,8540,Savings,429451
6606,7985,Current,33965
6607,8235,Savings,364554
6608,6926,Savings,436000
6609,7800,Savings,443701
6610,279,Current,17840
6611,5016,Savings,474508
6612,1793,Savings,408518
6613,4520,Current,397519
6614,9904,Current,58963
6615,7139,Savings,132260
6616,5046,Savings,421297
6617,8867,Savings,77357
6618,9566,Current,452269
6619,5806,Savings,291433
6620,247,Savings,157796
6621,5360,Savings,165235
6622,4901,Savings,190763
6623,8136,Current,340540
6624,1352,Savings,480701
6625,6621,Current,458804
6626,9391,Savings,279321
6627,2816,Current,156690
6628,6335,Savings,315048
6629,6442,Savings,284950
6630,6067,Savings,442915
6631,1757,Savings,135540
6632,9501,Savings,219093
6633,1489,Savings,210320
6634,9226,Savings,131705
6635,2318,Savings,266004
6636,4447,Savings,109797
6637,6124,Savings,280241
6638,4418,Savings,321129
6639,8425,Savings,383385
6640,2574,Savings,454023
6641,2218,Current,352407
6642,2004,Current,157974
6643,5295,Savings,85425
6644,1826,Savings,201636
6645,4596,Current,498042
6646,7035,Savings,318898
6647,7377,Savings,375271
6648,4173,Current,477580
6649,368,Savings,412119
6650,9719,Savings,324485
6651,3155,Current,242209
6652,1284,Savings,344107
6653,3558,Current,380788
6654,9974,Savings,80376
6655,5631,Savings,272219
6656,8526,Current,435056
6657,5835,Current,229275
6658,5010,Savings,459820
6659,8668,Savings,257354
6660,5207,Current,63248
6661,6903,Current,44092
6662,8894,Savings,478623
6663,5324,Current,233504
6664,668,Current,152859
6665,4699,Savings,66497
6666,835,Savings,227434
6667,9176,Savings,18415
6668,7023,Current,78812
6669,57,Savings,142109
6670,7810,Savings,199834
6671,2796,Savings,200158
6672,4349,Savings,345904
6673,6129,Savings,439466
6674,5873,Current,490419
6675,4998,Current,369711
6676,9100,Current,391579
6677,355,Current,263756
6678,722,Savings,119678
6679,5331,Current,58964
6680,717,Savings,324586
6681,6234,Savings,285961
6682,1564,Savings,495641
6683,8946,Current,465053
6684,7469,Current,184805
6685,6091,Current,45451
6686,8020,Savings,198987
6687,1308,Current,340630
6688,111,Current,391635
6689,2137,Savings,442712
6690,4148,Current,417213
6691,3890,Current,426750
6692,3849,Savings,434798
6693,6734,Current,9594
6694,4417,Current,447351
6695,4022,Current,254087
6696,3656,Current,442173
6697,39,Current,225942
6698,9770,Current,298311
6699,7677,Current,169719
6700,520,Current,95869
6701,8345,Current,127647
6702,4847,Savings,333302
6703,3518,Savings,134633
6704,2553,Savings,462799
6705,7394,Current,162402
6706,1966,Savings,351262
6707,4292,Current,180209
6708,8392,Current,166867
6709,1931,Savings,278994
6710,4591,Savings,341916
6711,1377,Current,318423
6712,1544,Savings,323426
6713,6471,Current,223693
6714,8945,Current,479345
6715,9858,Current,329118
6716,3876,Savings,9971
6717,6501,Current,492353
6718,3093,Current,288138
6719,3097,Savings,169602
6720,6018,Current,467183
6721,1301,Savings,86114
6722,3255,Savings,30869
6723,2287,Current,307400
6724,1299,Current,103967
6725,5769,Current,75563
6726,9514,Current,29477
6727,1238,Current,445573
6728,5169,Current,406508
6729,5141,Savings,49059
6730,9138,Savings,53239
6731,9668,Savings,90959
6732,4978,Current,107711
6733,4803,Savings,355097
6734,6523,Savings,97305
6735,8603,Savings,74521
6736,1855,Current,418953
6737,5511,Savings,194390
6738,9341,Current,143103
6739,6610,Current,413407
6740,9297,Current,451978
6741,4806,Current,338070
6742,5692,Savings,355729
6743,793,Savings,265141
6744,3375,Savings,492872
6745,1121,Savings,194636
6746,4265,Savings,259880
6747,3959,Savings,139826
6748,6093,Current,406422
6749,5888,Savings,73714
6750,9500,Current,413108
6751,5749,Savings,490386
6752,217,Savings,174629
6753,8469,Current,268164
6754,865,Savings,81412
6755,9216,Current,471394
6756,3461,Current,165231
6757,7786,Savings,341241
6758,4795,Savings,62762
6759,8289,Savings,228977
6760,8355,Current,381770
6761,6384,Current,411102
6762,7516,Savings,117159
6763,5342,Savings,230626
6764,9314,Current,484882
6765,6937,Savings,33387
6766,5013,Current,314345
6767,4887,Savings,226076
6768,4724,Savings,368490
6769,3623,Current,258083
6770,4277,Savings,245859
6771,2213,Current,390397
6772,8082,Current,270305
6773,8988,Savings,221053
6774,6748,Current,476957
6775,5174,Current,169065
6776,123,Current,488456
6777,3637,Current,358964
6778,6781,Savings,144499
6779,8763,Current,487078
6780,1883,Savings,297107
6781,638,Current,361728
6782,9449,Savings,212879
6783,6967,Savings,37608
6784,2896,Current,49538
6785,2695,Savings,385230
6786,3552,Current,249613
6787,335,Savings,60457
6788,1929,Savings,245347
6789,5138,Current,483795
6790,3522,Current,359751
6791,167,Savings,343052
6792,1198,Savings,138475
6793,2210,Current,468270
6794,6126,Current,169318
6795,4206,Current,258454
6796,3568,Savings,140082
6797,2456,Savings,375697
6798,7407,Savings,121413
6799,172,Current,170054
6800,1698,Current,29464
6801,5372,Savings,68865
6802,7661,Savings,124950
6803,8912,Current,247418
6804,5575,Current,335665
6805,2311,Savings,364481
6806,9815,Savings,343659
6807,8335,Current,317677
6808,3420,Savings,73523
6809,4549,Savings,48315
6810,9991,Current,364253
6811,3289,Current,242302
6812,8100,Current,446854
6813,4107,Savings,45879
6814,3493,Savings,242690
6815,839,Savings,320111
6816,5801,Current,271413
6817,554,Savings,432784
6818,1902,Savings,439218
6819,3265,Savings,33869
6820,3796,Savings,179058
6821,1624,Current,248385
6822,5697,Savings,370856
6823,8023,Current,146049
6824,1163,Savings,200729
6825,3301,Savings,31872
6826,4348,Savings,482200
6827,6660,Current,364778
6828,5327,Current,74078
6829,2154,Current,150932
6830,6223,Savings,57232
6831,3481,Savings,339693
6832,2393,Current,178597
6833,1840,Savings,188464
6834,2261,Current,227576
6835,9934,Current,340049
6836,7993,Current,153040
6837,6931,Savings,81233
6838,3159,Current,69259
6839,9935,Savings,370340
6840,2241,Current,486977
6841,6023,Savings,227480
6842,6288,Current,8963
6843,1482,Current,111122
6844,9915,Savings,76828
6845,8028,Current,483108
6846,4674,Current,368046
6847,8655,Savings,212476
6848,401,Savings,242585
6849,7112,Current,31755
6850,1709,Savings,467866
6851,1580,Savings,65808
6852,7152,Current,48994
6853,5849,Savings,228195
6854,5311,Current,187888
6855,5464,Current,336854
6856,1768,Savings,313052
6857,2738,Savings,166808
6858,2488,Savings,250632
6859,4243,Savings,261022
6860,218,Current,159010
6861,4755,Savings,480930
6862,6841,Current,336985
6863,1174,Savings,479836
6864,3924,Savings,63516
6865,5048,Current,398221
6866,8997,Savings,499173
6867,8124,Savings,233463
6868,5128,Current,425408
6869,4438,Current,225526
6870,1285,Savings,365923
6871,1475,Savings,44061
6872,7212,Savings,62978
6873,8787,Savings,64447
6874,4712,Savings,448992
6875,3441,Savings,271095
6876,4329,Savings,303532
6877,5380,Savings,494046
6878,6925,Current,13546
6879,2015,Savings,54493
6880,273,Current,324468
6881,1391,Savings,307975
6882,9423,Savings,84818
6883,5532,Savings,189724
6884,2903,Current,437108
6885,2840,Savings,64117
6886,7122,Current,420530
6887,839,Current,133767
6888,5662,Savings,48329
6889,9990,Current,208893
6890,885,Current,283069
6891,3690,Savings,373561
6892,9272,Current,287019
6893,795,Savings,173434
6894,7830,Current,465036
6895,1864,Savings,180875
6896,8581,Savings,290525
6897,7687,Current,258542
6898,8401,Savings,181083
6899,4420,Savings,139412
6900,4444,Current,249679
6901,5024,Savings,458941
6902,8730,Current,318797
6903,2982,Savings,55538
6904,9474,Savings,179543
6905,2182,Savings,309015
6906,618,Current,243770
6907,9491,Savings,29744
6908,4223,Current,404760
6909,6080,Savings,372759
6910,8483,Current,298003
6911,9463,Savings,332765
6912,377,Current,344269
6913,8218,Current,368678
6914,277,Savings,416202
6915,3640,Current,20394
6916,3786,Savings,89630
6917,8498,Current,366446
6918,8726,Savings,168373
6919,9829,Savings,294138
6920,1903,Savings,62300
6921,4593,Savings,494915
6922,6628,Savings,476268
6923,8249,Savings,291422
6924,6348,Savings,247917
6925,9599,Current,309698
6926,8295,Savings,458556
6927,4560,Savings,446678
6928,8248,Current,412201
6929,9409,Savings,65428
6930,815,Current,98903
6931,7996,Savings,131905
6932,7296,Savings,312904
6933,8076,Savings,201343
6934,7333,Savings,496029
6935,936,Current,15583
6936,4200,Savings,9719
6937,3382,Current,383179
6938,6262,Current,227428
6939,8394,Current,237261
6940,5142,Savings,419467
6941,3857,Current,239338
6942,507,Savings,114269
6943,1877,Current,141883
6944,4321,Current,479499
6945,1341,Savings,193534
6946,9226,Savings,480354
6947,9836,Current,140353
6948,7796,Current,90455
6949,7079,Savings,156271
6950,6703,Savings,404111
6951,9470,Current,130163
6952,4707,Savings,280396
6953,5435,Savings,26795
6954,9315,Current,285397
6955,8620,Current,323107
6956,5507,Current,146575
6957,2456,Savings,416810
6958,2349,Savings,343921
6959,4837,Current,26475
6960,9006,Current,28442
6961,7338,Savings,328382
6962,9583,Current,81138
6963,2774,Savings,198194
6964,3052,Current,171167
6965,6305,Savings,419793
6966,4175,Current,335108
6967,2739,Current,247130
6968,7068,Current,360720
6969,839,Savings,483589
6970,8377,Savings,217232
6971,4170,Current,171241
6972,9659,Savings,474222
6973,5466,Current,325888
6974,6756,Current,353031
6975,7380,Current,173977
6976,6213,Savings,80646
6977,4977,Current,217384
6978,1096,Current,460688
6979,441,Savings,109945
6980,3862,Current,302646
6981,6271,Current,492102
6982,5272,Savings,139693
6983,3266,Savings,268992
6984,7098,Savings,229595
6985,2465,Current,269981
6986,5408,Savings,13206
6987,5136,Current,429623
6988,600,Current,420184
6989,4782,Current,6489
6990,7222,Current,398815
6991,7120,Savings,279010
6992,2831,Current,418930
6993,8528,Savings,210048
6994,8826,Savings,5185
6995,9485,Current,168911
6996,5019,Current,211422
6997,507,Savings,399162
6998,5135,Savings,364467
6999,7425,Savings,376487
7000,7644,Current,308989
7001,6820,Savings,230454
7002,4594,Current,111616
7003,1560,Savings,87248
7004,721,Current,454751
7005,4398,Current,228209
7006,9549,Current,145080
7007,6048,Current,273923
7008,218,Savings,322305
7009,4267,Current,53235
7010,9473,Savings,161267
7011,6902,Current,484046
7012,6112,Current,47063
7013,9379,Current,439818
7014,9391,Current,385931
7015,1950,Savings,269508
7016,9131,Savings,409216
7017,2648,Savings,347356
7018,7876,Current,396576
7019,8263,Savings,192895
7020,8281,Current,64601
7021,2130,Savings,89226
7022,879,Current,89153
7023,2605,Savings,248832
7024,3457,Savings,255087
7025,7887,Savings,496611
7026,2148,Current,396777
7027,4432,Savings,22927
7028,8741,Current,357133
7029,1510,Current,180112
7030,6745,Savings,391606
7031,8423,Savings,215668
7032,7873,Current,392425
7033,3172,Current,499467
7034,7499,Current,367025
7035,3542,Current,177817
7036,738,Savings,84424
7037,7052,Savings,98095
7038,7167,Savings,262672
7039,3331,Current,467359
7040,7647,Savings,233437
7041,1449,Current,230641
7042,4717,Current,319148
7043,5719,Current,373796
7044,6169,Savings,130356
7045,8236,Savings,249858
7046,3860,Current,425863
7047,2279,Savings,437237
7048,6088,Current,472967
7049,5365,Savings,303207
7050,1137,Savings,380751
7051,7846,Current,243655
7052,1744,Current,306709
7053,6475,Current,405569
7054,8915,Current,104718
7055,8644,Current,420633
7056,9258,Savings,334643
7057,6443,Current,495467
7058,1894,Savings,144145
7059,2534,Current,263723
7060,3762,Current,257678
7061,7780,Savings,469264
7062,5670,Savings,299192
7063,1416,Current,275232
7064,9047,Savings,36953
7065,1244,Savings,472039
7066,1828,Savings,46859
7067,5939,Current,343588
7068,4278,Current,68363
7069,212,Current,322625
7070,7226,Savings,486813
7071,9273,Savings,292672
7072,8498,Savings,246787
7073,2693,Savings,184317
7074,7038,Current,488106
7075,7805,Savings,103260
7076,9781,Current,17665
7077,9617,Savings,485304
7078,7709,Savings,266172
7079,9696,Savings,200440
7080,4429,Current,329739
7081,9084,Current,73839
7082,5996,Savings,44076
7083,4192,Current,92431
7084,7302,Current,41221
7085,5845,Savings,204973
7086,4544,Savings,478942
7087,6111,Savings,235105
7088,1884,Savings,244399
7089,8786,Current,429913
7090,4284,Current,419962
7091,8128,Current,332409
7092,5579,Current,369479
7093,2135,Savings,187005
7094,6348,Current,43953
7095,6874,Savings,305271
7096,600,Current,296253
7097,7743,Savings,289753
7098,4940,Savings,398336
7099,7425,Current,179042
7100,3762,Current,327911
7101,2737,Savings,94095
7102,4936,Current,94849
7103,6915,Current,228713
7104,4609,Savings,374555
7105,2217,Savings,347919
7106,2073,Current,240254
7107,9512,Savings,277755
7108,9602,Savings,19609
7109,2378,Savings,35357
7110,1058,Savings,151469
7111,7721,Current,492007
7112,3522,Current,344125
7113,8909,Savings,467628
7114,781,Current,123636
7115,9052,Savings,357074
7116,7168,Current,115073
7117,3850,Current,101694
7118,9366,Savings,468641
7119,8300,Savings,334287
7120,9859,Current,497305
7121,8680,Savings,309014
7122,6496,Savings,294197
7123,5972,Current,58317
7124,3025,Current,327244
7125,8130,Current,495630
7126,1916,Savings,463155
7127,1157,Savings,326381
7128,2463,Savings,230249
7129,1022,Savings,46400
7130,5449,Savings,467428
7131,381,Savings,382894
7132,5611,Current,173042
7133,6332,Current,294273
7134,3507,Savings,250328
7135,2197,Current,116796
7136,7525,Current,65403
7137,1160,Current,354689
7138,3409,Current,218956
7139,9333,Current,71569
7140,7490,Current,435347
7141,230,Current,185485
7142,7750,Savings,8894
7143,6961,Savings,409815
7144,2656,Savings,184745
7145,1279,Savings,32617
7146,2591,Current,309359
7147,5654,Current,277889
7148,6293,Savings,315953
7149,3815,Savings,113877
7150,706,Savings,364301
7151,7868,Current,454660
7152,3984,Savings,468126
7153,1860,Current,319630
7154,6806,Current,314970
7155,3521,Current,130336
7156,8286,Savings,241175
7157,7771,Current,108061
7158,8847,Savings,364906
7159,6342,Savings,346792
7160,4268,Savings,418114
7161,3773,Savings,496463
7162,5853,Current,434970
7163,6374,Current,78858
7164,325,Savings,76876
7165,5384,Savings,188716
7166,7451,Current,493447
7167,7557,Savings,172498
7168,7666,Savings,470449
7169,2120,Savings,391943
7170,4112,Savings,149719
7171,2899,Savings,182376
7172,1161,Savings,28889
7173,4924,Current,165694
7174,3589,Savings,487987
7175,8911,Savings,319280
7176,5467,Current,245074
7177,5948,Current,11643
7178,544,Current,324405
7179,9182,Current,474658
7180,2661,Savings,141490
7181,6857,Current,229551
7182,3397,Savings,495330
7183,3837,Current,465304
7184,7684,Savings,214884
7185,4706,Current,389553
7186,4616,Savings,304820
7187,4831,Savings,65092
7188,4321,Current,95163
7189,1017,Savings,324113
7190,4099,Savings,47671
7191,4210,Current,288799
7192,7702,Savings,410699
7193,2541,Current,168024
7194,212,Current,466986
7195,2833,Current,115721
7196,9376,Current,407417
7197,6394,Savings,38367
7198,834,Savings,81315
7199,8376,Current,163865
7200,6875,Savings,401506
7201,365,Savings,187468
7202,2068,Savings,131380
7203,8868,Current,200595
7204,5296,Savings,190561
7205,2407,Savings,276164
7206,4382,Savings,387287
7207,8678,Savings,206492
7208,3246,Current,371555
7209,7380,Current,69761
7210,3216,Current,409517
7211,125,Savings,138368
7212,8010,Savings,8088
7213,7228,Savings,281786
7214,6639,Savings,14924
7215,6419,Savings,139073
7216,4960,Current,8508
7217,7182,Current,6534
7218,7817,Savings,474865
7219,569,Savings,226624
7220,3440,Savings,344952
7221,5110,Savings,456791
7222,6454,Current,476283
7223,5091,Savings,174723
7224,5075,Savings,272176
7225,809,Savings,326092
7226,8358,Current,474492
7227,3604,Current,464011
7228,6120,Current,425470
7229,5478,Current,426586
7230,8647,Current,27353
7231,6906,Savings,131621
7232,5694,Current,492193
7233,107,Savings,272173
7234,3838,Current,35788
7235,7605,Current,401639
7236,4841,Savings,375826
7237,8377,Current,476685
7238,3497,Current,369419
7239,1318,Savings,184211
7240,7985,Savings,360113
7241,1385,Current,97986
7242,3109,Savings,186423
7243,5968,Current,430596
7244,6830,Savings,355759
7245,3324,Current,475377
7246,5004,Savings,442666
7247,5260,Current,26513
7248,3547,Current,362668
7249,1306,Current,193962
7250,9161,Savings,381277
7251,7548,Current,263101
7252,126,Current,270715
7253,9999,Savings,298057
7254,7022,Savings,80471
7255,6438,Current,389379
7256,2549,Current,427714
7257,8903,Current,406751
7258,8672,Savings,384449
7259,9289,Savings,96384
7260,2585,Savings,25859
7261,9416,Savings,237141
7262,1560,Current,93347
7263,4581,Savings,328173
7264,6785,Current,391381
7265,5964,Savings,39397
7266,3087,Current,243821
7267,9992,Current,129732
7268,4697,Current,389941
7269,9292,Savings,287028
7270,307,Savings,409559
7271,6850,Current,360309
7272,1960,Current,423502
7273,6479,Savings,217888
7274,7072,Savings,224025
7275,6144,Current,288107
7276,7658,Savings,374690
7277,830,Savings,6338
7278,4576,Current,438425
7279,7219,Savings,230984
7280,774,Savings,316137
7281,3862,Current,113994
7282,4759,Current,469779
7283,9114,Current,31884
7284,5302,Current,377832
7285,3289,Current,476345
7286,700,Current,238355
7287,9828,Savings,331909
7288,4656,Savings,111135
7289,3356,Savings,98144
7290,4184,Current,446358
7291,9985,Savings,76753
7292,5077,Savings,139512
7293,81,Savings,42434
7294,9199,Savings,71160
7295,5506,Savings,448351
7296,6870,Savings,379724
7297,624,Current,256746
7298,6601,Savings,285875
7299,8063,Current,357806
7300,48,Savings,349169
7301,2175,Savings,493857
7302,4117,Current,496652
7303,7960,Savings,195791
7304,3231,Savings,173254
7305,9074,Current,102122
7306,12,Current,470263
7307,6487,Current,369719
7308,3697,Current,47260
7309,3815,Current,333983
7310,663,Current,216035
7311,5197,Savings,264922
7312,9767,Current,396386
7313,8588,Current,70140
7314,1309,Savings,168659
7315,9640,Current,115322
7316,6412,Current,94584
7317,713,Savings,176385
7318,3504,Savings,90117
7319,132,Current,313185
7320,5154,Current,233864
7321,4723,Current,334402
7322,1562,Current,463218
7323,2182,Current,201418
7324,7283,Current,315681
7325,2357,Current,344421
7326,4652,Savings,181959
7327,7557,Savings,144773
7328,5783,Savings,123684
7329,5820,Savings,82204
7330,9148,Savings,140892
7331,9304,Current,259529
7332,2618,Savings,71723
7333,9669,Savings,343907
7334,1710,Savings,379957
7335,403,Current,428936
7336,1343,Current,115488
7337,9816,Current,357861
7338,7566,Current,222541
7339,7278,Current,245075
7340,7221,Savings,23204
7341,1729,Current,484934
7342,6888,Savings,156570
7343,627,Savings,78200
7344,2981,Current,257461
7345,1286,Current,432087
7346,9427,Current,219573
7347,144,Current,300415
7348,533,Savings,14554
7349,8512,Savings,454445
7350,9382,Current,222172
7351,1020,Savings,212777
7352,4915,Savings,63115
7353,7651,Current,323369
7354,2320,Current,395933
7355,4014,Savings,35007
7356,152,Savings,92547
7357,7764,Current,79229
7358,7446,Current,106855
7359,4051,Current,273703
7360,845,Current,398664
7361,9079,Current,308958
7362,2100,Current,437081
7363,4668,Savings,192206
7364,189,Savings,169203
7365,9217,Savings,459898
7366,9012,Savings,429227
7367,1502,Savings,261307
7368,9059,Current,103762
7369,5120,Current,305749
7370,209,Savings,430647
7371,3694,Current,41250
7372,5464,Current,64751
7373,6859,Savings,56932
7374,1190,Savings,283276
7375,3195,Savings,139661
7376,7319,Savings,158908
7377,5248,Current,326229
7378,7911,Current,71197
7379,7383,Current,80772
7380,2674,Current,430481
7381,878,Current,382495
7382,8156,Savings,198109
7383,4776,Savings,100675
7384,9115,Savings,229614
7385,2580,Current,58698
7386,1356,Savings,457308
7387,9879,Current,68120
7388,2247,Current,94473
7389,6723,Savings,379019
7390,438,Savings,106913
7391,1661,Savings,447912
7392,857,Savings,86846
7393,5334,Current,126318
7394,3115,Current,377432
7395,3395,Current,135041
7396,3584,Savings,278308
7397,3880,Savings,259606
7398,8749,Savings,424383
7399,7106,Savings,201158
7400,9180,Savings,308467
7401,7895,Savings,96154
7402,9513,Current,155261
7403,6036,Savings,284633
7404,8071,Current,426109
7405,4000,Current,138381
7406,9600,Savings,210346
7407,4326,Current,437643
7408,1886,Current,100472
7409,3979,Savings,445585
7410,8586,Current,167829
7411,694,Savings,132876
7412,6799,Current,266752
7413,3345,Current,56260
7414,7581,Savings,288043
7415,4231,Current,399462
7416,6689,Savings,277562
7417,308,Current,35934
7418,1759,Current,295625
7419,9201,Savings,337610
7420,8304,Current,359307
7421,4976,Savings,346788
7422,1762,Current,284448
7423,7881,Savings,471310
7424,90,Current,295707
7425,9163,Current,319999
7426,8164,Current,35513
7427,4849,Current,174797
7428,7531,Current,377112
7429,3027,Current,462484
7430,7641,Savings,149506
7431,7838,Current,286407
7432,2699,Savings,190987
7433,3708,Savings,115043
7434,6457,Current,260874
7435,8727,Current,226116
7436,2215,Current,141890
7437,4297,Current,73319
7438,3634,Current,375841
7439,5688,Current,176423
7440,6758,Current,165469
7441,4851,Current,148083
7442,712,Current,318643
7443,2983,Savings,74408
7444,3278,Savings,303877
7445,3181,Current,162856
7446,8307,Savings,399365
7447,1218,Current,311034
7448,2836,Current,65840
7449,9686,Current,7846
7450,4965,Current,246501
7451,451,Savings,90806
7452,4896,Savings,161821
7453,1262,Savings,385781
7454,5344,Current,150924
7455,1506,Current,479935
7456,7920,Current,155122
7457,7535,Savings,309160
7458,4701,Current,456123
7459,2958,Savings,453936
7460,4118,Current,309745
7461,6503,Current,415771
7462,5276,Current,285154
7463,6351,Current,320965
7464,375,Savings,317380
7465,7716,Current,321806
7466,3758,Current,44106
7467,7664,Current,190586
7468,4987,Savings,145051
7469,8703,Current,243180
7470,4770,Current,68948
7471,52,Savings,339390
7472,7545,Savings,243905
7473,1956,Savings,443801
7474,7708,Savings,301660
7475,4712,Savings,62908
7476,2042,Savings,307515
7477,2829,Savings,13246
7478,2224,Current,432560
7479,7955,Current,183040
7480,1889,Current,180136
7481,4921,Savings,263719
7482,2352,Savings,393925
7483,7251,Savings,85680
7484,4353,Current,370136
7485,8553,Savings,474713
7486,6296,Savings,179564
7487,2063,Current,157592
7488,8426,Savings,470857
7489,9968,Savings,263043
7490,5157,Savings,14777
7491,8660,Current,395476
7492,2751,Savings,94068
7493,6430,Savings,212483
7494,8076,Current,471127
7495,3052,Current,350534
7496,5081,Savings,393491
7497,3408,Current,171567
7498,7469,Savings,423977
7499,399,Current,411084
7500,4782,Savings,212209
7501,4474,Savings,378167
7502,3197,Current,405297
7503,3503,Current,134103
7504,2560,Savings,242135
7505,6117,Savings,358004
7506,5573,Savings,190595
7507,633,Savings,279218
7508,2039,Current,251400
7509,5532,Savings,117983
7510,1853,Savings,199314
7511,4193,Current,9905
7512,3693,Savings,112978
7513,7198,Current,47589
7514,4943,Savings,249247
7515,3702,Current,175246
7516,5777,Savings,289709
7517,765,Savings,473981
7518,1407,Savings,174111
7519,782,Savings,127295
7520,2974,Savings,389384
7521,5345,Current,197461
7522,4983,Current,416370
7523,8986,Savings,440718
7524,2854,Savings,108719
7525,6014,Current,288600
7526,9284,Savings,360695
7527,5867,Savings,42576
7528,4905,Current,202661
7529,4408,Current,175889
7530,9634,Savings,290135
7531,4077,Savings,426015
7532,5640,Savings,439192
7533,2674,Current,421090
7534,3019,Current,278954
7535,6093,Current,13918
7536,4507,Current,170657
7537,2213,Current,254958
7538,7156,Current,104617
7539,5267,Current,383180
7540,3490,Savings,315034
7541,9836,Savings,35098
7542,5444,Savings,125526
7543,5351,Savings,223394
7544,3631,Savings,419429
7545,850,Current,291586
7546,2752,Savings,204101
7547,2119,Current,424235
7548,7005,Savings,275931
7549,9126,Savings,247420
7550,458,Current,340796
7551,5174,Savings,53940
7552,4268,Current,76570
7553,6446,Current,499824
7554,8876,Current,442478
7555,7738,Current,169449
7556,3754,Savings,374167
7557,6724,Current,46056
7558,2062,Current,193771
7559,820,Savings,128423
7560,7032,Savings,450021
7561,9001,Savings,427704
7562,3892,Savings,22686
7563,6296,Current,406711
7564,286,Current,287131
7565,7012,Current,192805
7566,6395,Savings,356719
7567,2901,Current,343558
7568,6287,Savings,274698
7569,4955,Current,385947
7570,8292,Current,213753
7571,9646,Savings,242265
7572,9604,Savings,241226
7573,2794,Current,384547
7574,2775,Savings,71932
7575,6857,Savings,117537
7576,6984,Current,235171
7577,7575,Current,392169
7578,5671,Savings,403480
7579,5526,Savings,31691
7580,7039,Current,335424
7581,7233,Savings,478791
7582,4119,Current,281827
7583,6818,Current,271621
7584,2900,Savings,379292
7585,8121,Current,361085
7586,8065,Savings,220157
7587,6339,Savings,221121
7588,2204,Savings,364215
7589,6966,Savings,151200
7590,3504,Savings,299675
7591,5601,Current,114927
7592,7167,Current,213341
7593,2717,Savings,298006
7594,9698,Savings,427727
7595,2979,Savings,380963
7596,1023,Current,110064
7597,4368,Current,478437
7598,1531,Savings,295160
7599,3909,Savings,51296
7600,3381,Current,485852
7601,7054,Current,281654
7602,721,Current,219222
7603,8323,Current,175575
7604,8109,Current,490893
7605,1766,Savings,275985
7606,9918,Savings,352806
7607,8232,Current,417021
7608,8963,Savings,164901
7609,3456,Current,170796
7610,496,Current,330546
7611,9663,Savings,351444
7612,3056,Current,207324
7613,4312,Savings,376717
7614,2624,Current,372546
7615,5358,Current,347671
7616,5210,Current,239402
7617,1911,Savings,30286
7618,6868,Savings,142109
7619,124,Current,454853
7620,257,Savings,145612
7621,4482,Savings,79289
7622,4004,Current,42319
7623,4864,Current,121809
7624,1298,Current,424772
7625,9550,Current,459760
7626,4242,Savings,225319
7627,7814,Current,428139
7628,7022,Current,312622
7629,7000,Current,352870
7630,4509,Savings,377718
7631,8717,Current,82283
7632,2269,Current,351364
7633,8424,Savings,367386
7634,6769,Savings,342343
7635,9930,Savings,163668
7636,7500,Savings,164050
7637,1500,Savings,285578
7638,5209,Savings,114695
7639,6403,Savings,81700
7640,729,Current,428691
7641,8539,Savings,48549
7642,7456,Current,270443
7643,8819,Current,208591
7644,6071,Current,374470
7645,2947,Current,445731
7646,3062,Savings,137682
7647,3581,Current,49326
7648,2584,Current,195551
7649,4865,Savings,236971
7650,1224,Savings,426323
7651,7424,Savings,204534
7652,7400,Savings,215329
7653,8545,Current,152906
7654,4860,Savings,266848
7655,1816,Savings,366838
7656,9812,Savings,117685
7657,3736,Current,467014
7658,6177,Current,454293
7659,5357,Current,193517
7660,8117,Current,40172
7661,6178,Current,177301
7662,6934,Savings,13643
7663,4100,Current,55629
7664,1257,Savings,177725
7665,7618,Savings,308345
7666,7060,Savings,360756
7667,4814,Current,258664
7668,3798,Current,399984
7669,7035,Current,22050
7670,4616,Current,279432
7671,9369,Current,401187
7672,7760,Current,367023
7673,3659,Current,305573
7674,8916,Current,436483
7675,9937,Current,416223
7676,9973,Savings,122322
7677,6260,Current,270013
7678,8875,Current,6488
7679,1130,Current,232893
7680,5225,Savings,363312
7681,712,Current,147705
7682,683,Current,452484
7683,2315,Current,374179
7684,9799,Current,433145
7685,7248,Savings,227395
7686,4923,Savings,417287
7687,6568,Savings,317487
7688,9094,Savings,396363
7689,8874,Current,441511
7690,4084,Current,45899
7691,5276,Savings,359998
7692,6527,Savings,99628
7693,3606,Current,489998
7694,3064,Savings,323010
7695,8169,Current,47062
7696,2030,Savings,349605
7697,8627,Savings,29171
7698,9154,Savings,331537
7699,635,Current,361964
7700,2881,Current,27637
7701,5129,Savings,190520
7702,4557,Savings,272235
7703,9315,Savings,460536
7704,7781,Current,128405
7705,9534,Savings,175005
7706,4665,Savings,30487
7707,3654,Savings,176520
7708,7381,Current,194097
7709,7463,Current,21559
7710,4051,Current,188863
7711,1538,Current,361257
7712,1953,Current,236395
7713,7640,Savings,480958
7714,7819,Savings,395275
7715,4457,Savings,163592
7716,8997,Savings,309364
7717,8821,Savings,77069
7718,7242,Current,305638
7719,8287,Savings,157121
7720,4308,Current,309756
7721,3758,Current,42565
7722,5974,Current,19446
7723,6866,Savings,25878
7724,3444,Savings,35009
7725,5027,Savings,95008
7726,9107,Savings,244016
7727,5969,Current,269167
7728,8477,Savings,472924
7729,4595,Savings,281100
7730,5857,Savings,7025
7731,6677,Current,82299
7732,2954,Savings,136103
7733,8025,Savings,25339
7734,5140,Savings,446865
7735,6186,Savings,212911
7736,4836,Current,196842
7737,6228,Savings,25566
7738,6753,Savings,259065
7739,8413,Current,241769
7740,6241,Savings,132730
7741,3975,Savings,413324
7742,2183,Savings,219631
7743,6249,Current,435632
7744,7369,Savings,39869
7745,549,Current,402930
7746,9504,Savings,106799
7747,51,Current,342215
7748,6603,Current,420577
7749,9193,Current,78387
7750,7146,Savings,49764
7751,2672,Current,271672
7752,9678,Savings,71719
7753,9230,Savings,53252
7754,9349,Current,458651
7755,3105,Savings,281409
7756,4408,Current,467034
7757,7533,Current,481647
7758,8275,Savings,39500
7759,8153,Savings,369323
7760,4186,Current,98876
7761,9719,Current,222339
7762,5071,Savings,386050
7763,4938,Savings,322843
7764,7553,Savings,197100
7765,4956,Current,242131
7766,6824,Savings,265523
7767,6797,Savings,70403
7768,6113,Current,113910
7769,8739,Current,251056
7770,76,Current,176230
7771,9579,Current,340196
7772,7781,Savings,385433
7773,2320,Savings,61822
7774,2207,Savings,223331
7775,7294,Current,76933
7776,6614,Savings,260611
7777,9957,Current,101955
7778,5420,Current,405991
7779,5416,Savings,30435
7780,439,Savings,67783
7781,796,Current,494051
7782,8656,Savings,61329
7783,5850,Current,200891
7784,4390,Savings,173928
7785,9293,Savings,288919
7786,441,Savings,235950
7787,9962,Current,347929
7788,326,Savings,92314
7789,7498,Current,21331
7790,8921,Savings,245247
7791,904,Current,189127
7792,1564,Savings,382583
7793,19,Current,183990
7794,6374,Current,330958
7795,2635,Savings,19483
7796,1062,Current,51406
7797,3662,Current,373297
7798,6975,Current,139170
7799,5925,Current,408891
7800,3591,Current,296446
7801,7558,Savings,22862
7802,4884,Current,101084
7803,9242,Current,438707
7804,1008,Savings,268861
7805,4380,Savings,67512
7806,7889,Savings,404869
7807,8598,Current,127096
7808,3019,Savings,115302
7809,5239,Current,83639
7810,1218,Savings,78984
7811,7983,Current,296125
7812,8383,Current,96652
7813,9425,Current,176147
7814,5547,Current,261919
7815,12,Savings,148854
7816,4118,Current,389170
7817,7526,Current,180442
7818,9439,Savings,278809
7819,826,Savings,368722
7820,2783,Current,80930
7821,7397,Savings,452513
7822,5259,Current,90940
7823,6189,Current,7328
7824,7743,Current,44831
7825,7024,Current,477718
7826,7931,Current,399044
7827,5705,Current,269234
7828,6226,Savings,14387
7829,3848,Current,446431
7830,2863,Savings,355218
7831,2619,Current,156308
7832,2488,Savings,406973
7833,1984,Savings,218723
7834,2115,Savings,468276
7835,5489,Current,230392
7836,6743,Savings,80498
7837,3099,Current,47186
7838,8531,Current,449430
7839,1926,Savings,496289
7840,5134,Savings,395854
7841,7436,Current,275829
7842,1072,Current,156058
7843,6612,Savings,142209
7844,1145,Savings,94118
7845,8400,Savings,116018
7846,8758,Current,31973
7847,6630,Savings,186312
7848,5601,Current,50444
7849,2997,Current,157095
7850,8707,Savings,86611
7851,8047,Savings,141394
7852,3589,Current,284785
7853,8955,Savings,120383
7854,8072,Current,74021
7855,9438,Savings,385939
7856,4256,Savings,484667
7857,4327,Savings,190498
7858,8591,Savings,332358
7859,2340,Savings,288436
7860,8894,Savings,307941
7861,1636,Current,349381
7862,9892,Current,85683
7863,6980,Current,306737
7864,7606,Current,179294
7865,9627,Savings,411519
7866,3508,Savings,174741
7867,5996,Savings,18461
7868,7646,Current,228524
7869,9745,Savings,33709
7870,3882,Savings,140832
7871,535,Current,161945
7872,7653,Savings,222395
7873,7294,Current,206426
7874,9979,Savings,434446
7875,5976,Current,452713
7876,6624,Savings,128153
7877,8235,Savings,191320
7878,2922,Savings,101259
7879,8747,Savings,12414
7880,8949,Savings,45328
7881,5427,Savings,78464
7882,2376,Savings,325586
7883,3583,Savings,484840
7884,6416,Current,233458
7885,11,Current,432008
7886,5257,Current,216383
7887,7867,Savings,358030
7888,7964,Current,189036
7889,9108,Current,22514
7890,5728,Savings,389996
7891,5861,Current,294845
7892,6655,Savings,15684
7893,6522,Current,112147
7894,9219,Current,367642
7895,5808,Current,326883
7896,1013,Current,359816
7897,7268,Current,492992
7898,5518,Savings,90977
7899,8942,Savings,483228
7900,5317,Savings,447353
7901,9894,Current,243795
7902,2047,Current,189904
7903,7015,Current,346779
7904,1166,Current,264818
7905,4022,Current,163702
7906,855,Savings,161783
7907,8554,Savings,497899
7908,5757,Savings,408820
7909,1856,Savings,285986
7910,5217,Current,337332
7911,3382,Current,429061
7912,7502,Current,282680
7913,1483,Current,78674
7914,2472,Current,116293
7915,641,Current,422345
7916,8902,Savings,413970
7917,5253,Savings,388926
7918,6266,Savings,359482
7919,9018,Savings,379908
7920,5167,Current,158995
7921,1129,Current,85413
7922,674,Current,88074
7923,9785,Current,244142
7924,4796,Savings,9669
7925,8029,Savings,260124
7926,1863,Savings,289254
7927,1063,Current,430431
7928,1946,Savings,480842
7929,4027,Savings,301922
7930,3301,Current,464925
7931,3930,Current,410422
7932,2635,Savings,437029
7933,3725,Current,496149
7934,3491,Savings,255455
7935,9486,Savings,213678
7936,6801,Current,415114
7937,2694,Savings,404112
7938,4194,Savings,54436
7939,1766,Current,475800
7940,5632,Current,99090
7941,6562,Savings,208450
7942,8277,Savings,450989
7943,4459,Current,71293
7944,8555,Current,107633
7945,3431,Current,141499
7946,7991,Current,158711
7947,5354,Savings,122731
7948,7056,Savings,174660
7949,9993,Savings,238973
7950,7310,Current,109848
7951,8852,Current,48762
7952,8929,Current,332716
7953,7087,Current,427740
7954,3828,Current,401493
7955,3520,Savings,22846
7956,4765,Current,384012
7957,3037,Savings,199047
7958,5084,Savings,437359
7959,4166,Current,357816
7960,3146,Current,244235
7961,2250,Savings,74016
7962,3712,Savings,136243
7963,1935,Current,449274
7964,9935,Savings,275887
7965,7391,Current,339958
7966,4187,Current,237790
7967,9234,Savings,456507
7968,2260,Current,145169
7969,3104,Savings,155017
7970,3795,Savings,277119
7971,3167,Current,477666
7972,993,Savings,408572
7973,9289,Savings,213247
7974,4462,Savings,267998
7975,3136,Current,418265
7976,7147,Current,11104
7977,9330,Savings,341173
7978,4425,Current,46881
7979,2369,Savings,237829
7980,8574,Savings,97810
7981,8388,Current,438455
7982,9888,Savings,483030
7983,1007,Savings,93095
7984,2237,Savings,115763
7985,9265,Current,64445
7986,1374,Savings,154404
7987,2937,Savings,201873
7988,8025,Current,486342
7989,4592,Current,297597
7990,1406,Current,94165
7991,3363,Current,327670
7992,3860,Savings,274847
7993,5901,Current,396493
7994,3732,Current,107706
7995,4944,Savings,257441
7996,9357,Savings,141625
7997,6381,Current,21786
7998,4829,Savings,13707
7999,3185,Savings,430323
8000,1970,Savings,330668
8001,2050,Savings,23629
8002,6899,Current,312253
8003,5150,Savings,188328
8004,6294,Savings,234246
8005,8141,Savings,12367
8006,656,Savings,385338
8007,3973,Current,153163
8008,9755,Current,165504
8009,483,Current,18876
8010,2523,Savings,132922
8011,2684,Savings,426303
8012,1446,Current,72198
8013,9245,Current,111619
8014,9659,Savings,452978
8015,2893,Savings,370730
8016,5206,Current,372037
8017,1237,Current,257378
8018,441,Savings,137835
8019,7628,Current,278791
8020,6094,Current,422867
8021,5708,Current,48770
8022,2495,Current,330381
8023,7140,Savings,280418
8024,5346,Current,497895
8025,6006,Current,143971
8026,227,Savings,214915
8027,7059,Savings,265945
8028,6875,Current,389636
8029,9517,Current,19672
8030,2549,Savings,216317
8031,5830,Savings,266123
8032,830,Savings,236918
8033,7544,Savings,190929
8034,2954,Savings,398329
8035,9962,Savings,95338
8036,3599,Current,120855
8037,3236,Current,284375
8038,4612,Current,258033
8039,1101,Savings,306712
8040,8140,Current,50499
8041,668,Savings,255186
8042,3575,Current,499909
8043,3022,Current,319158
8044,1230,Current,89211
8045,9621,Current,28272
8046,4528,Savings,202267
8047,5030,Savings,41185
8048,376,Savings,143331
8049,9056,Savings,357196
8050,6733,Current,174184
8051,7356,Savings,154800
8052,295,Current,416442
8053,5429,Current,17299
8054,8778,Current,316105
8055,4594,Savings,62790
8056,6673,Current,90070
8057,828,Savings,377290
8058,3695,Current,394021
8059,8322,Savings,385374
8060,8058,Current,244432
8061,7024,Current,212520
8062,7460,Current,91105
8063,2302,Savings,217736
8064,9434,Current,460737
8065,5818,Current,47163
8066,6042,Savings,396682
8067,7294,Current,38288
8068,1028,Current,52918
8069,5795,Savings,319913
8070,1008,Savings,450896
8071,8557,Savings,85445
8072,1074,Current,14616
8073,7731,Current,144617
8074,4863,Current,76448
8075,8469,Savings,498722
8076,489,Current,229065
8077,3119,Savings,369109
8078,1278,Current,373036
8079,801,Current,249411
8080,4481,Savings,430196
8081,2684,Savings,248096
8082,840,Current,403489
8083,4671,Current,476240
8084,216,Current,233647
8085,9184,Savings,319000
8086,2230,Savings,8605
8087,84,Savings,376315
8088,6395,Savings,230468
8089,1955,Savings,137706
8090,8730,Current,261066
8091,5291,Savings,63582
8092,8362,Current,93311
8093,8284,Savings,67292
8094,5485,Current,282342
8095,3266,Current,31959
8096,3650,Savings,162125
8097,7493,Savings,411676
8098,1604,Savings,479444
8099,4216,Current,177762
8100,2795,Current,369023
8101,3000,Current,205974
8102,899,Current,18084
8103,2438,Current,231928
8104,6196,Current,324800
8105,3048,Savings,27662
8106,9814,Current,62513
8107,6418,Current,196802
8108,117,Savings,24951
8109,4385,Savings,298748
8110,397,Savings,331710
8111,9610,Current,256906
8112,1912,Savings,51679
8113,7655,Current,151635
8114,3084,Current,224909
8115,1040,Current,298655
8116,8543,Savings,260780
8117,4010,Current,304205
8118,8044,Savings,126666
8119,2000,Savings,74253
8120,8878,Savings,175797
8121,9009,Savings,332385
8122,5292,Current,258988
8123,7268,Current,68487
8124,3684,Savings,342932
8125,3347,Current,419957
8126,3285,Current,346988
8127,1983,Savings,97116
8128,5729,Savings,149586
8129,447,Savings,100224
8130,5950,Savings,363524
8131,6553,Current,27058
8132,4424,Savings,305814
8133,437,Current,302005
8134,6576,Savings,426875
8135,5607,Savings,274572
8136,4005,Current,56703
8137,2192,Savings,174844
8138,9918,Savings,63843
8139,976,Current,441871
8140,3217,Savings,452625
8141,3929,Current,109116
8142,6510,Current,66382
8143,8179,Current,403571
8144,1771,Current,244160
8145,1332,Current,85520
8146,2966,Current,186503
8147,1416,Savings,23194
8148,1447,Current,454959
8149,4572,Current,177003
8150,7426,Savings,349504
8151,2497,Savings,434217
8152,7913,Current,346773
8153,540,Current,438353
8154,1051,Current,440938
8155,7126,Current,78389
8156,3013,Savings,218646
8157,5700,Savings,122694
8158,9889,Savings,255060
8159,6957,Savings,397660
8160,2836,Current,183774
8161,8499,Savings,62201
8162,8203,Current,431758
8163,8362,Savings,19031
8164,6657,Savings,108949
8165,8237,Current,31118
8166,9857,Current,119184
8167,3219,Current,43781
8168,5434,Savings,168143
8169,8394,Savings,121047
8170,8254,Savings,283603
8171,3783,Savings,390539
8172,1118,Current,248264
8173,4423,Savings,495719
8174,8432,Current,421973
8175,8525,Current,225345
8176,8399,Savings,294045
8177,9520,Savings,229691
8178,7729,Current,226143
8179,2933,Current,449453
8180,819,Savings,202275
8181,344,Current,254025
8182,2540,Savings,105445
8183,6947,Savings,483500
8184,7632,Savings,457406
8185,5248,Current,353770
8186,6311,Savings,128655
8187,8939,Savings,399154
8188,7082,Savings,96231
8189,1175,Current,157522
8190,410,Current,392643
8191,8379,Savings,166438
8192,8067,Current,121966
8193,8162,Savings,267494
8194,3573,Current,287468
8195,9761,Savings,63808
8196,8304,Current,448595
8197,7700,Savings,223177
8198,7622,Current,18474
8199,8457,Current,93967
8200,5021,Savings,289293
8201,2948,Current,123460
8202,5121,Current,55164
8203,984,Savings,385558
8204,7026,Current,402448
8205,4947,Savings,332364
8206,3345,Current,344453
8207,9003,Savings,166893
8208,4753,Savings,350367
8209,5337,Current,385897
8210,7295,Current,449718
8211,8042,Savings,287490
8212,8672,Current,14316
8213,3015,Current,388789
8214,9192,Current,45850
8215,8565,Savings,17734
8216,11,Savings,49464
8217,3922,Current,370028
8218,8082,Savings,275626
8219,9294,Current,335657
8220,6067,Savings,238030
8221,6398,Current,217005
8222,6861,Current,473822
8223,5821,Current,40235
8224,809,Current,330354
8225,3334,Current,354738
8226,194,Current,32756
8227,7992,Current,437530
8228,6700,Current,182053
8229,9888,Savings,112314
8230,2242,Savings,489667
8231,5910,Savings,450621
8232,5538,Current,254619
8233,3779,Current,208656
8234,5372,Savings,210948
8235,2251,Current,310935
8236,9414,Current,51322
8237,3269,Current,454462
8238,4433,Current,354662
8239,3054,Current,438698
8240,2252,Current,64866
8241,7360,Current,452730
8242,9138,Savings,96517
8243,4834,Savings,372728
8244,7852,Current,32336
8245,55,Savings,170041
8246,2201,Current,428359
8247,34,Current,371257
8248,1506,Current,449078
8249,9081,Savings,491177
8250,235,Savings,325488
8251,3333,Savings,169397
8252,5261,Savings,320904
8253,7514,Current,461897
8254,685,Savings,100988
8255,4391,Current,284840
8256,6260,Current,413714
8257,3927,Current,357810
8258,7790,Savings,125375
8259,7268,Savings,418377
8260,9951,Savings,7568
8261,7606,Savings,86888
8262,4270,Current,217156
8263,7028,Current,6772
8264,6105,Current,132741
8265,4831,Current,157822
8266,9830,Current,490192
8267,91,Savings,316611
8268,8520,Current,74329
8269,6725,Savings,327733
8270,3577,Current,280838
8271,3043,Savings,367657
8272,4728,Savings,40955
8273,2638,Savings,117604
8274,2565,Savings,435278
8275,6824,Savings,478965
8276,4286,Savings,286025
8277,1034,Savings,34329
8278,9980,Savings,82891
8279,1532,Current,49814
8280,6279,Savings,232424
8281,9077,Current,124009
8282,8558,Current,122787
8283,6260,Current,294425
8284,1300,Current,466971
8285,1335,Savings,223446
8286,6549,Savings,421953
8287,3595,Savings,19300
8288,4723,Current,441100
8289,8063,Savings,222179
8290,9030,Savings,383969
8291,7037,Current,76731
8292,6776,Savings,479391
8293,3164,Current,49303
8294,2004,Current,301327
8295,1577,Savings,381715
8296,1919,Savings,150957
8297,9970,Current,64739
8298,9184,Current,49401
8299,4108,Current,453415
8300,2533,Savings,239480
8301,4680,Current,374570
8302,2338,Savings,208014
8303,3729,Current,330317
8304,1875,Current,438402
8305,7849,Savings,398216
8306,638,Savings,146989
8307,5477,Savings,290011
8308,4534,Savings,257670
8309,8229,Current,135361
8310,4695,Current,381218
8311,5060,Current,69489
8312,7910,Current,26288
8313,83,Current,451984
8314,8399,Current,207478
8315,7937,Savings,225572
8316,4782,Current,374984
8317,203,Current,199014
8318,1429,Savings,188499
8319,2216,Current,406165
8320,5906,Current,398321
8321,3119,Current,480170
8322,2157,Current,491670
8323,1810,Savings,131948
8324,4710,Current,421848
8325,3509,Savings,287540
8326,8252,Savings,340657
8327,7431,Savings,94264
8328,8512,Current,137159
8329,8634,Current,104944
8330,413,Current,197717
8331,835,Savings,251031
8332,6006,Current,253121
8333,5716,Savings,386549
8334,3745,Savings,329397
8335,6079,Savings,87384
8336,8577,Savings,250371
8337,1236,Current,91904
8338,7224,Savings,196356
8339,7745,Savings,320349
8340,224,Savings,299729
8341,4882,Current,392925
8342,5104,Current,174496
8343,3023,Current,265021
8344,2690,Current,348553
8345,5758,Savings,494969
8346,146,Current,401986
8347,1778,Savings,124308
8348,6824,Savings,472778
8349,9347,Savings,15794
8350,1059,Current,419754
8351,5357,Savings,315374
8352,5254,Current,485881
8353,4545,Current,56798
8354,5704,Savings,261477
8355,1143,Current,295953
8356,3325,Current,417212
8357,8178,Current,39234
8358,8,Savings,404746
8359,6655,Current,85589
8360,5079,Current,355013
8361,8405,Current,141910
8362,2636,Current,426508
8363,7548,Current,493365
8364,8764,Current,367018
8365,2270,Current,244905
8366,5798,Savings,334200
8367,5467,Current,260862
8368,9173,Current,308028
8369,4346,Savings,21758
8370,6459,Savings,229202
8371,9256,Savings,235028
8372,254,Savings,380189
8373,2727,Savings,169588
8374,2446,Current,13177
8375,7540,Savings,421370
8376,2163,Savings,263409
8377,2638,Savings,105268
8378,120,Current,321214
8379,8576,Current,245635
8380,1619,Savings,70345
8381,3540,Savings,153777
8382,2699,Current,401524
8383,6152,Savings,133532
8384,7785,Savings,115835
8385,161,Current,103922
8386,2447,Current,477479
8387,7208,Savings,383593
8388,2820,Current,449585
8389,7028,Current,237307
8390,1190,Savings,178678
8391,9713,Savings,53897
8392,7431,Current,406776
8393,7525,Savings,187612
8394,5406,Savings,197744
8395,9810,Current,22640
8396,8337,Current,244198
8397,3702,Current,45349
8398,9701,Savings,175311
8399,6712,Current,346995
8400,4007,Savings,221529
8401,1872,Current,486148
8402,4997,Current,241186
8403,1262,Current,57143
8404,8429,Current,489829
8405,435,Current,294956
8406,932,Savings,22039
8407,3787,Savings,356055
8408,5103,Current,131230
8409,775,Current,11775
8410,9259,Current,355930
8411,5670,Current,26021
8412,8303,Current,446242
8413,518,Current,103597
8414,2186,Savings,446586
8415,9781,Savings,68263
8416,9931,Current,104378
8417,5037,Savings,145568
8418,3418,Current,164852
8419,1196,Current,483412
8420,6877,Current,299041
8421,4784,Savings,156331
8422,8229,Current,137975
8423,7754,Current,277977
8424,6081,Current,270941
8425,677,Current,181453
8426,2579,Current,322218
8427,2416,Savings,371201
8428,8569,Current,370209
8429,5154,Current,386286
8430,1548,Current,264040
8431,1406,Savings,474111
8432,3924,Savings,58763
8433,450,Savings,48141
8434,3833,Savings,264418
8435,854,Current,138931
8436,4156,Savings,312705
8437,7848,Current,19113
8438,7685,Current,448041
8439,2394,Savings,476019
8440,1773,Current,190289
8441,1441,Savings,223873
8442,577,Savings,342399
8443,1458,Current,307000
8444,536,Savings,299356
8445,6716,Current,104392
8446,5034,Savings,279001
8447,3223,Current,498770
8448,5130,Savings,209545
8449,1059,Current,118748
8450,7229,Savings,316403
8451,4422,Savings,16513
8452,8482,Current,321236
8453,2552,Current,51094
8454,9227,Savings,316153
8455,1659,Current,179866
8456,8438,Current,216419
8457,8912,Savings,287242
8458,3394,Savings,127179
8459,4174,Savings,194746
8460,6508,Current,42707
8461,3815,Savings,345760
8462,6195,Current,312447
8463,2509,Current,64887
8464,4171,Current,446139
8465,4533,Current,265547
8466,5634,Current,442979
8467,8569,Current,335651
8468,4464,Savings,64667
8469,9318,Savings,153409
8470,4465,Current,185690
8471,7373,Savings,80963
8472,7857,Current,342228
8473,9860,Current,446438
8474,4045,Current,29644
8475,5887,Savings,293285
8476,698,Savings,107768
8477,8846,Savings,334554
8478,3935,Savings,299596
8479,2479,Current,167501
8480,3173,Savings,201357
8481,755,Current,308357
8482,8881,Savings,494134
8483,498,Current,172451
8484,4306,Savings,160084
8485,4509,Savings,411241
8486,6747,Savings,70604
8487,9893,Savings,371816
8488,8968,Savings,71907
8489,2066,Current,151767
8490,3176,Current,357988
8491,3332,Current,297401
8492,2980,Current,213963
8493,471,Savings,83335
8494,7853,Savings,181255
8495,8270,Savings,455959
8496,8606,Current,36441
8497,6078,Savings,364786
8498,2531,Savings,411230
8499,818,Savings,452173
8500,968,Current,87148
8501,6499,Savings,256233
8502,2661,Current,324022
8503,8002,Current,460282
8504,8162,Current,221651
8505,7116,Savings,329549
8506,3090,Savings,53587
8507,8987,Savings,452365
8508,6861,Savings,360428
8509,6575,Current,325134
8510,9425,Savings,130143
8511,9173,Current,131204
8512,3502,Current,357112
8513,8051,Savings,148208
8514,4836,Savings,305075
8515,6807,Current,443901
8516,8271,Savings,189147
8517,2833,Current,268890
8518,1970,Savings,259723
8519,8403,Current,259410
8520,5938,Savings,32810
8521,8338,Savings,207717
8522,7992,Savings,410472
8523,3145,Savings,487161
8524,4901,Savings,121602
8525,9164,Savings,54178
8526,4307,Savings,96564
8527,3845,Savings,415160
8528,1215,Savings,405791
8529,247,Current,173472
8530,5488,Current,463325
8531,5608,Savings,359010
8532,8108,Current,310922
8533,543,Savings,259119
8534,7283,Savings,368001
8535,3553,Current,93646
8536,4332,Savings,8286
8537,1697,Current,52192
8538,9758,Savings,114200
8539,1567,Savings,397996
8540,9190,Savings,59348
8541,1352,Current,381585
8542,2463,Current,87902
8543,3167,Current,431993
8544,8412,Current,217378
8545,2995,Savings,359592
8546,3659,Savings,407476
8547,5221,Current,78429
8548,8266,Current,155917
8549,9539,Savings,122057
8550,6709,Current,458933
8551,5002,Savings,426147
8552,1175,Savings,124830
8553,1163,Current,226516
8554,5397,Current,189886
8555,4285,Savings,350407
8556,1022,Current,88039
8557,8742,Current,55116
8558,1899,Savings,68573
8559,7650,Current,206225
8560,2435,Savings,430561
8561,9956,Savings,210129
8562,5588,Savings,481577
8563,6251,Savings,272006
8564,8462,Current,131597
8565,8020,Savings,352011
8566,1244,Current,270661
8567,5818,Current,201094
8568,9835,Current,419593
8569,610,Current,218744
8570,3897,Savings,215774
8571,8500,Current,191255
8572,2244,Current,76453
8573,303,Savings,89089
8574,4167,Current,71325
8575,6786,Current,96301
8576,4998,Savings,479411
8577,5433,Savings,63764
8578,2077,Savings,94292
8579,7541,Current,391060
8580,6497,Savings,371023
8581,9237,Savings,465538
8582,6973,Current,268593
8583,645,Current,487437
8584,580,Current,322193
8585,7284,Savings,413808
8586,9278,Current,141819
8587,3073,Current,254211
8588,532,Savings,85160
8589,2238,Savings,419261
8590,3452,Current,363736
8591,239,Savings,16025
8592,3722,Savings,65556
8593,255,Current,5489
8594,1188,Current,262989
8595,8872,Savings,205673
8596,4913,Savings,65801
8597,5938,Current,499618
8598,2561,Savings,347798
8599,1025,Savings,208675
8600,4056,Current,38820
8601,9082,Current,24482
8602,8152,Savings,458334
8603,6606,Current,222700
8604,1467,Current,309287
8605,4664,Current,220012
8606,3490,Current,20409
8607,7033,Current,295609
8608,762,Savings,295205
8609,689,Savings,451127
8610,6908,Current,28597
8611,3888,Savings,436717
8612,3130,Current,480405
8613,3550,Savings,493586
8614,8503,Savings,413617
8615,4237,Current,75299
8616,5543,Current,136151
8617,4368,Savings,415196
8618,5519,Savings,174708
8619,8026,Current,436354
8620,6770,Savings,27171
8621,6473,Savings,210426
8622,7864,Savings,261283
8623,9590,Savings,441475
8624,8668,Current,106837
8625,5318,Current,133270
8626,752,Savings,124919
8627,469,Savings,236297
8628,3775,Savings,107703
8629,5702,Current,119289
8630,181,Current,324059
8631,7218,Current,436764
8632,7200,Savings,85725
8633,9802,Savings,278046
8634,5607,Savings,263402
8635,2280,Savings,56785
8636,3333,Savings,150026
8637,7550,Savings,468837
8638,7626,Current,89692
8639,6064,Current,147869
8640,4287,Savings,31561
8641,7889,Savings,82420
8642,8401,Current,477310
8643,9879,Savings,43764
8644,1659,Savings,147437
8645,5936,Savings,140192
8646,522,Savings,393084
8647,7291,Savings,350664
8648,4673,Savings,485283
8649,5135,Current,438831
8650,5717,Savings,215901
8651,5646,Savings,26446
8652,6844,Savings,487797
8653,7470,Current,328691
8654,6822,Current,224297
8655,4150,Savings,264390
8656,8660,Current,55645
8657,3643,Savings,34421
8658,6234,Savings,284324
8659,3327,Savings,323392
8660,439,Savings,397774
8661,3988,Current,166577
8662,2355,Savings,101490
8663,2127,Savings,424634
8664,4879,Savings,98383
8665,4961,Savings,156791
8666,141,Savings,154667
8667,7685,Savings,445534
8668,2381,Current,478416
8669,3123,Current,428479
8670,2480,Current,85844
8671,9363,Current,150738
8672,4004,Current,413734
8673,5037,Current,464692
8674,8764,Savings,468283
8675,2824,Current,244547
8676,4354,Savings,393188
8677,7875,Savings,97392
8678,2919,Current,391639
8679,3762,Current,475975
8680,5454,Current,79453
8681,7696,Savings,264418
8682,7433,Savings,229910
8683,651,Savings,178380
8684,64,Savings,9713
8685,5115,Savings,376425
8686,920,Current,146248
8687,3825,Savings,26888
8688,4472,Current,212199
8689,7875,Savings,138870
8690,387,Current,395890
8691,6475,Savings,92312
8692,9027,Savings,404143
8693,1211,Savings,257674
8694,7399,Current,332118
8695,8186,Savings,415513
8696,2176,Savings,330114
8697,3537,Current,123780
8698,2929,Savings,254591
8699,5155,Current,323912
8700,8935,Current,52211
8701,4591,Savings,214047
8702,3099,Current,201429
8703,6213,Current,425106
8704,138,Current,148457
8705,5887,Current,378952
8706,6706,Savings,279982
8707,7181,Current,224478
8708,1373,Savings,13252
8709,4090,Current,188560
8710,2446,Current,248894
8711,5618,Savings,259627
8712,2458,Savings,275727
8713,6230,Savings,191158
8714,8017,Current,473008
8715,4297,Current,89176
8716,6070,Current,109273
8717,3321,Savings,9188
8718,7108,Current,343841
8719,7657,Savings,95796
8720,5318,Current,387007
8721,7824,Savings,72403
8722,2898,Current,6552
8723,759,Savings,40245
8724,6756,Current,494733
8725,3930,Savings,249686
8726,1653,Savings,442243
8727,6566,Current,223700
8728,5534,Current,11479
8729,9191,Savings,302851
8730,235,Current,332229
8731,2019,Savings,85866
8732,3549,Savings,444633
8733,1659,Savings,475609
8734,773,Savings,116163
8735,1758,Current,142226
8736,632,Current,454866
8737,3500,Current,187342
8738,358,Current,465371
8739,9131,Savings,240689
8740,4612,Current,187738
8741,28,Savings,491651
8742,815,Current,83527
8743,9709,Savings,430674
8744,6415,Savings,367366
8745,4640,Current,196501
8746,7209,Savings,204960
8747,4742,Savings,105191
8748,8838,Savings,313016
8749,4713,Savings,364321
8750,6254,Savings,417774
8751,9495,Savings,183877
8752,7489,Current,352792
8753,8943,Current,133679
8754,5335,Savings,384042
8755,9495,Current,244665
8756,1745,Savings,276907
8757,7715,Savings,452928
8758,9710,Savings,254780
8759,4207,Savings,143053
8760,2270,Savings,268718
8761,3576,Current,270205
8762,5172,Savings,157144
8763,3671,Current,278701
8764,6617,Current,98961
8765,7413,Current,193265
8766,3637,Savings,250432
8767,3213,Current,310432
8768,9442,Current,61826
8769,6754,Savings,157442
8770,2100,Savings,415657
8771,2462,Savings,406366
8772,202,Current,155338
8773,5352,Savings,100353
8774,8766,Savings,221223
8775,6578,Current,38691
8776,2944,Savings,249280
8777,1762,Current,196237
8778,4957,Savings,28829
8779,9201,Current,235625
8780,799,Savings,395854
8781,8369,Current,191623
8782,9906,Savings,363324
8783,6691,Current,409373
8784,6950,Current,159946
8785,1529,Savings,416568
8786,1502,Savings,376651
8787,7398,Savings,441007
8788,5060,Current,135586
8789,4709,Savings,137771
8790,406,Savings,90422
8791,5424,Savings,372659
8792,8402,Current,405345
8793,2420,Current,175021
8794,9230,Savings,18810
8795,8118,Savings,126372
8796,6608,Savings,224632
8797,2142,Current,72262
8798,2106,Current,489774
8799,3569,Savings,488332
8800,2260,Current,394191
8801,1592,Current,70020
8802,2111,Current,378985
8803,5534,Current,40787
8804,1528,Savings,395430
8805,3081,Current,191472
8806,5078,Savings,421711
8807,17,Current,304566
8808,7152,Current,465778
8809,6320,Current,387314
8810,2451,Savings,132593
8811,932,Current,375300
8812,8687,Current,394374
8813,5704,Current,137125
8814,3512,Current,10433
8815,5242,Savings,213724
8816,5646,Current,28739
8817,8444,Current,170366
8818,6289,Savings,27639
8819,6562,Savings,421695
8820,2687,Savings,231874
8821,8197,Current,342007
8822,1173,Current,248095
8823,3907,Savings,411705
8824,1226,Current,60290
8825,5931,Savings,334792
8826,7146,Current,292539
8827,2408,Current,91319
8828,4181,Savings,90877
8829,7944,Current,179216
8830,2701,Savings,347323
8831,4531,Current,329792
8832,3964,Current,234541
8833,4422,Savings,128981
8834,4858,Savings,215136
8835,9620,Savings,349397
8836,7035,Current,415141
8837,8008,Current,338594
8838,1769,Savings,59521
8839,4839,Current,135830
8840,8074,Current,80174
8841,401,Savings,484786
8842,9036,Savings,114792
8843,2605,Savings,343478
8844,1234,Current,326874
8845,8081,Savings,29060
8846,4800,Savings,164297
8847,7550,Savings,320564
8848,225,Savings,457584
8849,9909,Current,494369
8850,5047,Current,359907
8851,4699,Current,215830
8852,4415,Savings,484629
8853,379,Current,400156
8854,5039,Current,303500
8855,8190,Savings,108269
8856,7095,Current,27598
8857,7741,Current,428255
8858,4152,Current,12747
8859,6019,Savings,446801
8860,816,Savings,81477
8861,6563,Savings,171559
8862,7692,Current,474178
8863,1356,Current,141674
8864,9203,Current,251397
8865,620,Savings,48086
8866,4953,Savings,167708
8867,8968,Savings,165986
8868,243,Savings,155159
8869,652,Savings,246666
8870,8699,Current,474057
8871,2923,Savings,375478
8872,8759,Savings,382304
8873,5048,Savings,299371
8874,4133,Current,211016
8875,6361,Savings,66605
8876,7673,Current,95324
8877,5676,Savings,168305
8878,4913,Savings,133245
8879,9123,Savings,248761
8880,6508,Current,143180
8881,9206,Savings,164339
8882,9654,Savings,344207
8883,7879,Savings,168989
8884,3672,Savings,273791
8885,1822,Savings,352639
8886,6062,Savings,108099
8887,5393,Savings,195838
8888,5626,Current,131237
8889,1548,Current,491233
8890,9491,Savings,42967
8891,102,Savings,46338
8892,8221,Savings,124881
8893,4297,Current,194978
8894,9334,Current,97723
8895,9692,Savings,84913
8896,7754,Savings,201362
8897,209,Current,482342
8898,6456,Savings,140440
8899,4608,Current,98049
8900,9161,Current,312721
8901,5745,Current,34801
8902,1528,Current,379536
8903,7097,Savings,465803
8904,1943,Current,310443
8905,7110,Savings,366681
8906,780,Savings,418100
8907,8140,Savings,212169
8908,8471,Current,359812
8909,5080,Current,115045
8910,2794,Current,156031
8911,9967,Savings,338973
8912,5851,Savings,335817
8913,3189,Savings,179888
8914,8433,Savings,70181
8915,5743,Savings,276662
8916,8844,Current,411673
8917,5767,Savings,450855
8918,7322,Savings,28804
8919,6418,Savings,222925
8920,3070,Current,449554
8921,3761,Current,350703
8922,3464,Savings,116295
8923,6407,Savings,20022
8924,9824,Current,227202
8925,1687,Savings,281357
8926,511,Current,368084
8927,3948,Current,392270
8928,1998,Current,228468
8929,9735,Current,135711
8930,7680,Current,261750
8931,3301,Savings,34207
8932,9325,Savings,131649
8933,825,Current,19428
8934,3474,Current,342694
8935,8595,Savings,291080
8936,1374,Current,474353
8937,1451,Current,312446
8938,7074,Savings,223191
8939,46,Savings,335182
8940,6109,Current,228481
8941,8704,Savings,256413
8942,7066,Savings,80301
8943,51,Savings,205857
8944,2240,Savings,138707
8945,7021,Current,270119
8946,7026,Savings,430563
8947,7289,Current,20352
8948,10,Savings,402007
8949,2923,Current,342373
8950,9966,Savings,278865
8951,8651,Current,312819
8952,7115,Savings,494645
8953,9213,Current,139831
8954,8448,Current,487254
8955,1275,Current,18704
8956,1498,Savings,265851
8957,737,Current,164550
8958,2935,Current,190829
8959,1506,Savings,256361
8960,569,Savings,345441
8961,9664,Savings,92499
8962,5840,Current,228968
8963,3818,Savings,163473
8964,6808,Savings,262653
8965,77,Current,146206
8966,5163,Savings,278034
8967,2293,Savings,64449
8968,3409,Savings,395019
8969,564,Current,198493
8970,8895,Savings,493054
8971,1380,Savings,240531
8972,9123,Savings,489980
8973,8036,Savings,360421
8974,9805,Current,462264
8975,8214,Current,105663
8976,9904,Current,322089
8977,2907,Savings,190025
8978,8101,Savings,374950
8979,8867,Current,108620
8980,5268,Savings,13422
8981,4113,Current,275714
8982,7829,Current,388216
8983,3064,Current,376649
8984,9106,Current,455282
8985,4455,Current,360142
8986,4948,Current,35950
8987,4303,Current,319446
8988,624,Current,453997
8989,171,Savings,310515
8990,1222,Savings,123045
8991,9590,Savings,399489
8992,8600,Current,383825
8993,1113,Current,301912
8994,4218,Savings,452055
8995,1416,Current,15497
8996,2046,Current,154918
8997,7802,Savings,376979
8998,1589,Savings,182928
8999,4581,Savings,308975
9000,8336,Current,275787
9001,9846,Current,69146
9002,7981,Current,24548
9003,9037,Current,328503
9004,8252,Savings,195298
9005,9248,Current,292707
9006,5290,Current,462863
9007,4466,Current,197296
9008,7532,Current,275600
9009,9399,Current,452097
9010,8656,Savings,76070
9011,9706,Savings,365779
9012,752,Current,376413
9013,465,Current,328266
9014,7084,Current,461253
9015,3261,Current,190586
9016,66,Savings,161025
9017,7316,Savings,251147
9018,7362,Savings,152892
9019,5252,Current,198999
9020,8005,Current,327650
9021,901,Savings,99013
9022,9421,Savings,479120
9023,8188,Savings,32793
9024,8820,Savings,22990
9025,4040,Savings,480159
9026,1412,Savings,62066
9027,8589,Savings,497931
9028,5714,Current,74520
9029,9831,Current,207130
9030,635,Current,321675
9031,427,Savings,264378
9032,3427,Savings,113803
9033,5063,Savings,421291
9034,6809,Savings,398306
9035,583,Savings,479107
9036,8452,Savings,488208
9037,7752,Savings,361636
9038,8555,Savings,442328
9039,1299,Savings,451439
9040,103,Current,485259
9041,6578,Savings,178016
9042,2137,Savings,297516
9043,3261,Current,94683
9044,5829,Current,493550
9045,5466,Savings,238938
9046,7147,Current,418722
9047,5646,Current,77828
9048,8070,Savings,185623
9049,7956,Savings,359382
9050,517,Current,11787
9051,896,Savings,297189
9052,8913,Current,126738
9053,3872,Current,76723
9054,8988,Current,89950
9055,9828,Current,421636
9056,477,Current,378057
9057,180,Savings,218875
9058,5574,Current,351515
9059,1125,Current,32658
9060,7830,Current,113763
9061,5969,Savings,262693
9062,476,Current,379880
9063,479,Savings,172072
9064,6194,Savings,361721
9065,904,Savings,357269
9066,4982,Savings,328319
9067,7565,Savings,10908
9068,5629,Savings,41134
9069,9401,Current,51812
9070,2919,Savings,329180
9071,33,Savings,272373
9072,3427,Savings,338400
9073,1418,Savings,316885
9074,2250,Savings,492841
9075,3866,Current,498478
9076,3851,Savings,398214
9077,3916,Savings,289890
9078,2455,Savings,425894
9079,3285,Savings,410978
9080,9383,Savings,340380
9081,28,Savings,150755
9082,7912,Savings,481726
9083,6852,Current,219324
9084,840,Current,106782
9085,9697,Current,136517
9086,9174,Savings,160873
9087,2051,Savings,345329
9088,3493,Savings,444128
9089,5298,Savings,135761
9090,529,Savings,492314
9091,8248,Current,470684
9092,7799,Current,155199
9093,3934,Savings,130117
9094,9818,Savings,128245
9095,6563,Savings,267641
9096,7440,Savings,366506
9097,1492,Savings,273370
9098,8530,Savings,100509
9099,8471,Current,132227
9100,3610,Current,124460
9101,3225,Savings,362094
9102,5960,Current,261790
9103,573,Current,21082
9104,7620,Savings,112648
9105,7194,Current,58730
9106,2831,Savings,377569
9107,458,Current,357906
9108,7023,Savings,435767
9109,667,Savings,39658
9110,2254,Savings,185588
9111,4314,Savings,209736
9112,7884,Current,144578
9113,6610,Current,244721
9114,6214,Current,126090
9115,8752,Savings,7132
9116,9073,Savings,136815
9117,6955,Current,284142
9118,4138,Savings,401921
9119,1951,Savings,376176
9120,9954,Savings,289464
9121,277,Current,473334
9122,1939,Current,269534
9123,737,Savings,167196
9124,819,Savings,305009
9125,5670,Savings,302644
9126,5513,Savings,150550
9127,4386,Savings,270660
9128,7681,Current,212300
9129,3146,Savings,268500
9130,777,Current,327152
9131,2879,Savings,196505
9132,1381,Savings,58617
9133,5136,Savings,471380
9134,330,Savings,55992
9135,9122,Savings,454733
9136,1121,Current,253004
9137,5395,Current,304284
9138,628,Current,9412
9139,3755,Savings,351585
9140,9148,Savings,321142
9141,3795,Current,134932
9142,8132,Savings,345563
9143,4553,Current,488432
9144,8154,Current,416083
9145,1205,Savings,442254
9146,1974,Current,287941
9147,6110,Savings,416786
9148,4909,Savings,120843
9149,6594,Savings,190169
9150,8246,Savings,325606
9151,2724,Current,98801
9152,2223,Savings,264487
9153,1446,Current,357511
9154,3262,Savings,295832
9155,4547,Savings,44594
9156,5843,Savings,188398
9157,5877,Savings,445002
9158,8468,Current,463271
9159,5252,Savings,236637
9160,5486,Current,135702
9161,7678,Current,47812
9162,7158,Savings,464222
9163,450,Savings,46650
9164,5001,Current,389547
9165,6631,Current,243365
9166,731,Savings,221659
9167,1263,Savings,391072
9168,820,Savings,189839
9169,2005,Savings,120281
9170,3786,Current,25482
9171,6432,Current,427856
9172,7613,Current,469271
9173,8658,Savings,204558
9174,2300,Current,434435
9175,3092,Savings,278474
9176,4803,Current,497492
9177,6461,Savings,52278
9178,1427,Current,407310
9179,7558,Current,106335
9180,4615,Savings,483237
9181,6333,Savings,375556
9182,4992,Savings,194527
9183,5479,Savings,192538
9184,3796,Savings,397913
9185,3921,Savings,407114
9186,6644,Savings,107657
9187,516,Savings,79953
9188,8560,Savings,27991
9189,833,Current,157324
9190,352,Current,367767
9191,8722,Savings,316180
9192,726,Savings,246340
9193,7610,Current,449664
9194,7285,Savings,165724
9195,2190,Current,271156
9196,8090,Current,51516
9197,1759,Savings,83595
9198,6380,Savings,424698
9199,8419,Current,36525
9200,2248,Savings,14727
9201,3653,Current,7810
9202,3052,Savings,24215
9203,7888,Current,58939
9204,5108,Current,240428
9205,1504,Savings,25082
9206,2047,Current,300500
9207,3643,Current,266001
9208,6674,Savings,44474
9209,4354,Current,117796
9210,7151,Savings,9321
9211,5917,Current,177449
9212,9117,Savings,85016
9213,3530,Savings,104421
9214,275,Savings,10716
9215,8402,Current,151016
9216,1273,Current,384014
9217,7689,Current,399714
9218,795,Current,151761
9219,6848,Savings,330220
9220,3040,Savings,270077
9221,6067,Current,341591
9222,7036,Savings,129498
9223,4012,Savings,477359
9224,8689,Current,160881
9225,4377,Current,185036
9226,5025,Current,178400
9227,5531,Savings,97592
9228,3506,Current,77660
9229,3281,Savings,104103
9230,5717,Savings,213097
9231,830,Savings,132580
9232,8293,Current,384636
9233,2570,Savings,333103
9234,2403,Savings,70090
9235,2556,Current,333090
9236,6213,Savings,35677
9237,4411,Savings,293037
9238,227,Current,237566
9239,1427,Current,120149
9240,1066,Savings,366682
9241,6060,Current,471394
9242,8579,Savings,26839
9243,2861,Savings,389708
9244,9120,Current,69095
9245,265,Savings,79169
9246,5189,Savings,312041
9247,6607,Savings,313909
9248,3485,Current,308300
9249,5533,Savings,282125
9250,1143,Savings,259653
9251,7759,Current,34283
9252,1803,Current,69029
9253,8259,Current,200657
9254,3313,Current,405846
9255,7715,Savings,274964
9256,2587,Savings,41453
9257,7682,Current,19860
9258,4545,Current,31941
9259,4142,Current,115636
9260,5706,Savings,210052
9261,238,Savings,137933
9262,9048,Savings,171567
9263,6262,Current,102415
9264,5872,Savings,493981
9265,1767,Savings,137240
9266,5171,Savings,477132
9267,9902,Current,413873
9268,4674,Savings,330579
9269,1633,Savings,454381
9270,1898,Savings,58612
9271,5305,Current,62628
9272,2192,Savings,39563
9273,3532,Savings,458208
9274,9891,Savings,71243
9275,9415,Savings,243966
9276,5651,Savings,357554
9277,3343,Current,237809
9278,7468,Savings,286287
9279,7248,Current,238102
9280,9250,Savings,58538
9281,6094,Current,320585
9282,7999,Current,414722
9283,7082,Current,89121
9284,3567,Current,432078
9285,1143,Current,448562
9286,1130,Savings,15472
9287,2092,Current,412867
9288,2500,Savings,134769
9289,1137,Current,394841
9290,717,Savings,211248
9291,8182,Savings,37651
9292,9865,Savings,245140
9293,3480,Savings,63708
9294,4560,Savings,436633
9295,1830,Savings,255789
9296,7791,Current,378580
9297,447,Current,204981
9298,3012,Current,33745
9299,5508,Savings,474319
9300,3261,Current,201794
9301,3412,Savings,261337
9302,9475,Current,171685
9303,5521,Savings,266984
9304,8098,Savings,212066
9305,2715,Savings,18227
9306,4050,Savings,433001
9307,8593,Savings,257213
9308,7922,Current,175383
9309,1405,Savings,218356
9310,8409,Savings,75666
9311,7661,Savings,87167
9312,9561,Savings,212059
9313,2396,Current,409312
9314,5387,Savings,105822
9315,1300,Current,385809
9316,3097,Savings,173824
9317,4199,Current,349999
9318,4007,Current,137879
9319,320,Savings,378570
9320,3679,Savings,64830
9321,9960,Savings,34200
9322,8800,Savings,197311
9323,2202,Current,228243
9324,7954,Current,38609
9325,1,Savings,8446
9326,4122,Savings,245958
9327,9047,Savings,57742
9328,12,Current,283992
9329,6096,Savings,114194
9330,3230,Current,165526
9331,6174,Savings,317270
9332,8044,Savings,311988
9333,3254,Current,230497
9334,5872,Savings,334661
9335,9681,Savings,424860
9336,1372,Current,431283
9337,2830,Current,194025
9338,4568,Current,143916
9339,3577,Current,499546
9340,6575,Savings,462072
9341,8104,Current,226752
9342,3093,Savings,11822
9343,8216,Savings,407239
9344,5174,Savings,372365
9345,3029,Current,255462
9346,2809,Savings,164501
9347,4034,Savings,14787
9348,6596,Savings,166254
9349,816,Savings,211125
9350,5722,Savings,191262
9351,3288,Savings,65028
9352,9636,Savings,155611
9353,1238,Current,361283
9354,9038,Savings,279349
9355,7808,Current,5811
9356,9992,Savings,284740
9357,4992,Savings,443615
9358,6825,Current,101807
9359,8825,Current,333995
9360,9464,Current,126932
9361,8813,Savings,388351
9362,9323,Savings,430510
9363,8806,Current,176220
9364,4044,Current,242661
9365,5868,Current,315875
9366,6663,Savings,141247
9367,3004,Current,458070
9368,7514,Current,39841
9369,6655,Savings,189856
9370,4929,Current,81776
9371,1378,Savings,84019
9372,2870,Savings,190836
9373,1845,Current,39955
9374,4500,Current,54879
9375,1437,Savings,115939
9376,2287,Savings,57390
9377,1748,Current,482093
9378,1670,Current,318187
9379,8509,Current,363509
9380,4254,Savings,231396
9381,3975,Current,469493
9382,8548,Savings,42163
9383,5562,Current,427159
9384,4606,Savings,76867
9385,2198,Current,169290
9386,1494,Current,233101
9387,5762,Savings,379303
9388,7513,Savings,325834
9389,1504,Savings,126804
9390,4963,Savings,233278
9391,8680,Savings,426886
9392,3691,Savings,154968
9393,3873,Savings,67931
9394,2385,Current,184682
9395,4779,Current,51565
9396,3062,Savings,446722
9397,3643,Savings,345499
9398,5985,Current,130156
9399,5511,Current,160532
9400,8274,Current,296200
9401,5505,Savings,126974
9402,3922,Current,343365
9403,991,Current,173306
9404,4898,Savings,159146
9405,1204,Current,389405
9406,7139,Savings,239527
9407,1536,Savings,49657
9408,4320,Savings,408602
9409,993,Current,52108
9410,8489,Current,239803
9411,7293,Savings,192019
9412,1410,Current,392371
9413,7804,Savings,437785
9414,7871,Savings,448442
9415,3920,Savings,208470
9416,2338,Savings,236564
9417,8258,Current,275314
9418,2415,Savings,53658
9419,1283,Savings,109476
9420,9651,Savings,488419
9421,3720,Savings,296674
9422,6537,Savings,219277
9423,8523,Savings,374005
9424,7278,Savings,106339
9425,7491,Savings,244777
9426,98,Savings,382471
9427,5364,Savings,8238
9428,8694,Savings,338566
9429,3664,Current,77942
9430,178,Current,338160
9431,5564,Savings,169425
9432,1649,Savings,186837
9433,848,Savings,319671
9434,4318,Savings,387584
9435,4271,Current,140820
9436,8959,Current,451904
9437,3821,Savings,418568
9438,8585,Savings,238426
9439,2247,Current,37424
9440,9650,Current,470178
9441,4551,Savings,96678
9442,6395,Savings,405552
9443,7397,Current,159342
9444,8100,Savings,178404
9445,6577,Current,249215
9446,1231,Current,42990
9447,6475,Current,102111
9448,1202,Savings,405534
9449,8188,Savings,223073
9450,5896,Current,225832
9451,4419,Current,25949
9452,4665,Savings,95375
9453,9354,Current,174080
9454,4503,Current,15059
9455,2274,Current,13467
9456,5809,Current,147571
9457,7000,Savings,95201
9458,7192,Current,12912
9459,3618,Current,196878
9460,4530,Current,406565
9461,5005,Current,107971
9462,529,Current,139536
9463,2617,Savings,294302
9464,3415,Savings,410453
9465,7392,Savings,212626
9466,6510,Savings,445575
9467,4103,Savings,36158
9468,5286,Current,490004
9469,177,Savings,202502
9470,561,Savings,63396
9471,3392,Savings,210824
9472,4321,Current,124659
9473,4980,Savings,385507
9474,9776,Current,148925
9475,6649,Current,372987
9476,4120,Savings,227677
9477,7684,Savings,102957
9478,501,Current,200312
9479,3460,Savings,255481
9480,706,Savings,342624
9481,5468,Current,408046
9482,6706,Current,476439
9483,3361,Current,240245
9484,5677,Savings,254128
9485,2953,Savings,71548
9486,333,Savings,218299
9487,6767,Savings,261685
9488,7932,Savings,35668
9489,6494,Current,279363
9490,2447,Current,177644
9491,7122,Savings,375426
9492,8304,Current,248707
9493,1102,Savings,287788
9494,2959,Savings,230723
9495,9622,Savings,133715
9496,4792,Savings,410669
9497,5813,Current,60404
9498,5846,Savings,437157
9499,4960,Savings,79152
9500,7991,Savings,75034
9501,7229,Savings,16271
9502,1326,Savings,453092
9503,2274,Savings,236504
9504,3297,Savings,175663
9505,1421,Current,157522
9506,4155,Current,416778
9507,2544,Savings,416874
9508,4674,Savings,494133
9509,4796,Current,107609
9510,8427,Savings,325710
9511,8750,Current,136999
9512,8464,Savings,71703
9513,1071,Savings,319797
9514,2392,Current,458667
9515,6727,Current,61954
9516,9943,Savings,96087
9517,8271,Current,471520
9518,3623,Current,413408
9519,7622,Current,277082
9520,3584,Current,18820
9521,5039,Savings,446484
9522,8599,Current,264234
9523,8753,Current,61328
9524,3838,Current,346191
9525,2705,Current,89108
9526,8228,Savings,168542
9527,7638,Current,93654
9528,9752,Current,23312
9529,9838,Savings,257067
9530,6525,Savings,179925
9531,7641,Current,64365
9532,7104,Savings,422543
9533,3206,Current,256538
9534,6525,Current,212181
9535,3236,Savings,279829
9536,3325,Current,341419
9537,5443,Current,185482
9538,5424,Savings,9330
9539,4326,Current,362731
9540,8108,Current,203191
9541,3200,Savings,91631
9542,4059,Current,453981
9543,7465,Current,161416
9544,4368,Savings,294240
9545,1255,Current,195939
9546,3721,Savings,206910
9547,870,Current,412309
9548,5891,Current,342881
9549,6942,Savings,493511
9550,6095,Savings,282883
9551,3999,Savings,270520
9552,9899,Current,417806
9553,5555,Current,457961
9554,7373,Savings,148982
9555,5239,Current,131783
9556,700,Savings,172921
9557,6137,Current,380496
9558,9475,Savings,201645
9559,1564,Current,486959
9560,3086,Current,212156
9561,3030,Savings,28724
9562,878,Current,120795
9563,1324,Savings,239817
9564,3230,Savings,422038
9565,9416,Savings,104008
9566,1449,Savings,242140
9567,4715,Savings,255173
9568,7761,Current,176506
9569,872,Current,94752
9570,1282,Savings,15154
9571,5101,Current,102009
9572,6482,Current,125025
9573,1591,Current,389779
9574,1498,Savings,151833
9575,9950,Current,421453
9576,364,Savings,43985
9577,5552,Current,305103
9578,9636,Savings,135272
9579,8243,Current,194419
9580,1677,Savings,450084
9581,270,Current,22413
9582,2199,Current,486121
9583,9478,Current,88567
9584,298,Current,173925
9585,1699,Current,82497
9586,1340,Savings,355391
9587,2736,Savings,442952
9588,4909,Current,323052
9589,2389,Current,343678
9590,9607,Current,145759
9591,7143,Savings,129585
9592,5932,Current,276429
9593,9927,Savings,356346
9594,2491,Savings,327100
9595,5901,Current,264020
9596,1653,Savings,168523
9597,3190,Savings,20815
9598,238,Savings,266978
9599,7630,Current,260542
9600,1301,Current,276360
9601,1741,Savings,84590
9602,6476,Current,194383
9603,9033,Savings,277833
9604,4998,Current,492650
9605,8503,Current,89275
9606,6791,Savings,237475
9607,3862,Current,165425
9608,7011,Current,104958
9609,9375,Current,11802
9610,6317,Current,26717
9611,7121,Current,382587
9612,8896,Current,133482
9613,7144,Current,487659
9614,2482,Current,58993
9615,2392,Savings,407754
9616,4445,Current,472170
9617,6831,Savings,75924
9618,7978,Savings,420223
9619,3629,Savings,24657
9620,2219,Current,256200
9621,6111,Current,148894
9622,8913,Current,320753
9623,9061,Current,316684
9624,3095,Savings,260673
9625,9234,Current,220897
9626,8325,Current,260085
9627,4181,Savings,461656
9628,5652,Current,22396
9629,4667,Current,42260
9630,8596,Savings,460344
9631,9915,Savings,195400
9632,4719,Current,338301
9633,1038,Savings,178020
9634,2946,Current,297188
9635,8177,Savings,195278
9636,1114,Current,136552
9637,9163,Savings,454652
9638,5594,Current,398697
9639,180,Savings,67097
9640,6536,Current,463954
9641,2275,Current,334548
9642,2591,Savings,193725
9643,792,Savings,270886
9644,4067,Current,274864
9645,9302,Savings,496196
9646,8555,Savings,275761
9647,8495,Current,290880
9648,9900,Savings,354788
9649,8891,Savings,450681
9650,5177,Savings,23054
9651,8038,Current,129620
9652,5617,Current,263402
9653,2742,Savings,138990
9654,2088,Savings,374037
9655,273,Current,88145
9656,2835,Current,176422
9657,2671,Savings,175681
9658,1536,Savings,11068
9659,1190,Savings,196659
9660,7952,Savings,32917
9661,5700,Savings,403512
9662,3851,Current,394265
9663,4435,Current,228589
9664,8900,Savings,32163
9665,5945,Current,57608
9666,5378,Savings,269239
9667,4026,Current,414050
9668,2777,Current,195104
9669,4066,Savings,110552
9670,7581,Savings,393885
9671,12,Current,186221
9672,4612,Current,74612
9673,6069,Current,364060
9674,6144,Savings,85191
9675,5817,Current,498605
9676,8698,Savings,385823
9677,4174,Current,256924
9678,1648,Current,100737
9679,4895,Current,294616
9680,7330,Current,156944
9681,1695,Savings,147278
9682,1554,Current,50885
9683,8533,Current,188351
9684,7488,Savings,74107
9685,9786,Current,183413
9686,3597,Current,10436
9687,800,Savings,267123
9688,8632,Savings,92209
9689,1132,Current,282560
9690,9345,Current,184243
9691,4677,Savings,110058
9692,2903,Savings,183175
9693,1939,Savings,157247
9694,5990,Savings,243849
9695,9816,Savings,73935
9696,4226,Current,33237
9697,3718,Savings,99310
9698,7293,Savings,157061
9699,2952,Savings,222222
9700,7480,Savings,447717
9701,2913,Savings,158468
9702,7396,Current,279668
9703,1160,Current,493725
9704,5072,Current,319365
9705,4491,Current,303499
9706,4688,Savings,128182
9707,3917,Savings,352108
9708,8927,Savings,134116
9709,4706,Current,156042
9710,97,Savings,432291
9711,1889,Current,366682
9712,1078,Savings,430893
9713,5809,Savings,269212
9714,1122,Savings,85666
9715,7426,Savings,21626
9716,6225,Savings,345002
9717,190,Current,168860
9718,9104,Current,299363
9719,9596,Current,130989
9720,6908,Current,361109
9721,9982,Savings,94214
9722,608,Current,13504
9723,5900,Current,499736
9724,2768,Current,180623
9725,2433,Current,119167
9726,2583,Current,360770
9727,4649,Current,336465
9728,7840,Current,341505
9729,4909,Current,407608
9730,8387,Savings,76122
9731,3320,Savings,28335
9732,7085,Current,232442
9733,9088,Current,247280
9734,6496,Current,78478
9735,6477,Current,440959
9736,8785,Current,366555
9737,8402,Current,285755
9738,4161,Current,445102
9739,5722,Current,223953
9740,8235,Current,353125
9741,2996,Savings,460196
9742,7119,Current,182003
9743,7673,Current,203054
9744,5851,Savings,207901
9745,1477,Current,303837
9746,1974,Savings,399928
9747,3483,Current,178888
9748,6364,Current,319303
9749,4944,Current,85308
9750,9383,Savings,117852
9751,5391,Current,440980
9752,8509,Current,82660
9753,7018,Current,294860
9754,3117,Savings,454227
9755,7866,Savings,327039
9756,4271,Savings,177857
9757,709,Current,16394
9758,9945,Current,416081
9759,5436,Current,445327
9760,1384,Current,10753
9761,818,Current,134535
9762,7456,Current,50901
9763,1614,Current,343677
9764,3234,Current,421150
9765,6430,Current,117279
9766,1155,Current,364079
9767,8375,Savings,471899
9768,5093,Savings,461219
9769,9068,Current,411879
9770,4353,Savings,145238
9771,9765,Current,247880
9772,2237,Savings,386409
9773,7805,Current,459377
9774,7875,Current,459709
9775,5758,Savings,360501
9776,1328,Savings,244086
9777,8059,Savings,266702
9778,6909,Savings,408932
9779,4270,Savings,277842
9780,3963,Savings,381289
9781,6781,Savings,321568
9782,8054,Current,471554
9783,1264,Savings,262505
9784,5101,Current,335638
9785,8012,Savings,312815
9786,2051,Current,412616
9787,6412,Current,391689
9788,2670,Savings,487216
9789,2682,Current,136066
9790,9935,Current,399456
9791,1797,Current,330071
9792,5930,Current,166711
9793,4038,Current,151105
9794,1411,Savings,421963
9795,5317,Current,332334
9796,4941,Current,278648
9797,8543,Current,108572
9798,6782,Savings,336335
9799,5697,Current,226173
9800,7893,Current,102846
9801,4188,Savings,236268
9802,9391,Current,389307
9803,5606,Current,107045
9804,6597,Savings,105536
9805,6082,Savings,194744
9806,8889,Savings,372962
9807,6517,Current,416416
9808,8796,Current,211360
9809,1918,Current,132817
9810,3222,Current,90352
9811,2394,Current,59966
9812,9563,Savings,344351
9813,4102,Current,136693
9814,9833,Savings,429120
9815,2989,Savings,399092
9816,7000,Savings,47205
9817,4784,Current,201178
9818,4614,Savings,206229
9819,237,Savings,265963
9820,9174,Current,401261
9821,203,Savings,348806
9822,3917,Current,219370
9823,1641,Current,470304
9824,9013,Savings,12404
9825,9061,Savings,458137
9826,1273,Savings,314620
9827,5123,Savings,115911
9828,2064,Savings,67303
9829,3537,Savings,81272
9830,1890,Savings,407490
9831,8686,Current,156921
9832,1963,Savings,334859
9833,1097,Current,59122
9834,5860,Current,468913
9835,8677,Savings,411740
9836,9211,Current,49102
9837,9457,Current,399723
9838,6454,Savings,17892
9839,5890,Current,59385
9840,6650,Current,167190
9841,2294,Savings,317792
9842,7864,Savings,409378
9843,2410,Savings,339729
9844,4370,Savings,11210
9845,8849,Current,429233
9846,3506,Savings,245821
9847,4046,Current,47089
9848,8954,Current,367353
9849,5482,Current,374735
9850,7482,Current,293765
9851,1765,Savings,464374
9852,4300,Savings,49351
9853,7394,Savings,136082
9854,1652,Current,359972
9855,6933,Current,113043
9856,6199,Savings,119822
9857,843,Current,121744
9858,7774,Current,152280
9859,1669,Current,434086
9860,1608,Savings,260431
9861,3859,Current,304725
9862,9310,Current,434374
9863,9360,Current,127968
9864,8546,Savings,427008
9865,6705,Savings,74383
9866,4916,Savings,156701
9867,9670,Current,167786
9868,5596,Current,484486
9869,2462,Savings,173835
9870,9905,Current,428467
9871,6531,Current,236347
9872,5164,Savings,13993
9873,5697,Current,301449
9874,5268,Current,66464
9875,5113,Current,218342
9876,6016,Savings,188136
9877,6233,Current,36239
9878,8567,Savings,70113
9879,8594,Current,191338
9880,5345,Current,57180
9881,1122,Current,152222
9882,4506,Savings,100339
9883,3522,Savings,378450
9884,5226,Savings,254156
9885,814,Savings,353748
9886,2873,Current,25886
9887,5019,Savings,31406
9888,9264,Current,194126
9889,4107,Current,272050
9890,3839,Savings,9002
9891,1813,Current,272661
9892,7670,Savings,439917
9893,5135,Savings,17767
9894,4344,Current,317266
9895,5284,Current,327619
9896,3662,Savings,46048
9897,2385,Current,412023
9898,3629,Savings,380726
9899,2094,Current,156894
9900,1570,Current,74323
9901,5714,Savings,72515
9902,4817,Savings,109865
9903,540,Savings,272684
9904,9801,Current,115515
9905,2863,Current,48489
9906,7665,Current,288804
9907,5476,Savings,367888
9908,8614,Current,334662
9909,9612,Savings,316925
9910,1587,Savings,276832
9911,4256,Savings,407246
9912,1140,Current,147074
9913,2383,Savings,290395
9914,6794,Current,458745
9915,2381,Savings,403587
9916,438,Savings,62815
9917,7069,Savings,241253
9918,6850,Savings,396718
9919,5273,Current,70369
9920,8788,Current,422382
9921,6115,Savings,390772
9922,1842,Current,336052
9923,9183,Current,197060
9924,6663,Savings,149546
9925,910,Savings,240138
9926,8267,Savings,324746
9927,8441,Current,235296
9928,702,Current,269279
9929,5086,Current,212142
9930,6049,Savings,192139
9931,8474,Current,60826
9932,8163,Current,70641
9933,8067,Savings,82523
9934,8950,Current,370188
9935,517,Savings,22656
9936,3021,Savings,17349
9937,6967,Savings,150421
9938,5072,Current,19164
9939,9857,Current,332257
9940,9288,Current,400207
9941,91,Savings,294845
9942,7419,Current,5742
9943,8672,Current,75514
9944,1310,Current,172056
9945,3929,Savings,331203
9946,7331,Current,185069
9947,9981,Savings,170159
9948,8033,Savings,201687
9949,4411,Current,253659
9950,3520,Current,180923
9951,3646,Current,316325
9952,3780,Savings,293204
9953,6889,Savings,363165
9954,1197,Savings,469414
9955,7355,Savings,474108
9956,2103,Current,434919
9957,3343,Current,175239
9958,8442,Savings,421757
9959,724,Current,36132
9960,1777,Current,498856
9961,249,Savings,385054
9962,8760,Current,433025
9963,2414,Savings,364467
9964,467,Current,27554
9965,5939,Current,282329
9966,1277,Current,232904
9967,314,Current,246780
9968,7835,Current,184302
9969,2956,Savings,164632
9970,1591,Current,276539
9971,5168,Savings,329608
9972,7416,Current,420143
9973,1580,Savings,130386
9974,2096,Savings,32992
9975,9839,Savings,201245
9976,7064,Current,251025
9977,9720,Savings,373694
9978,9484,Savings,19625
9979,4744,Current,346230
9980,9599,Savings,330576
9981,6081,Current,6695
9982,9235,Savings,309069
9983,4304,Current,172690
9984,4792,Savings,454772
9985,4528,Savings,149537
9986,8278,Current,334989
9987,59,Savings,6080
9988,6062,Savings,418307
9989,8932,Current,354518
9990,2116,Savings,127710
9991,6765,Savings,459083
9992,8376,Savings,357092
9993,8825,Savings,78550
9994,8600,Savings,165304
9995,7796,Current,464621
9996,3109,Savings,448114
9997,163,Current,196336
9998,8607,Savings,166319
9999,8114,Savings,195864
10000,8135,Savings,105740
10001,76,Savings,480686
10002,7684,Current,101906
10003,7723,Current,71639
10004,9072,Current,33391
10005,2462,Current,142779
10006,9939,Savings,290207
10007,972,Current,377948
10008,8104,Current,51975
10009,3258,Savings,24456
10010,7701,Savings,193658
10011,2747,Savings,41728
10012,8881,Savings,435845
10013,3394,Current,222776
10014,6483,Savings,13656
10015,1428,Savings,285932
10016,2967,Current,156956
10017,150,Savings,251055
10018,3306,Current,7840
10019,4394,Savings,313699
10020,8087,Current,354560
10021,9683,Savings,89928
10022,9863,Current,21795
10023,6100,Current,218500
10024,4338,Savings,313044
10025,6190,Current,416743
10026,3653,Current,126138
10027,5128,Current,325849
10028,2888,Savings,11806
10029,4673,Current,134666
10030,283,Savings,60590
10031,5576,Current,199868
10032,1287,Savings,453596
10033,8296,Savings,45005
10034,5131,Savings,90409
10035,8133,Current,10670
10036,1380,Savings,304718
10037,2479,Current,96938
10038,4477,Current,435295
10039,1163,Savings,336308
10040,2719,Savings,119369
10041,7966,Current,9129
10042,6179,Savings,163519
10043,7940,Current,192148
10044,3904,Current,182436
10045,8685,Current,363253
10046,859,Savings,228634
10047,6907,Savings,142039
10048,7194,Savings,134732
10049,3952,Current,34010
10050,6366,Savings,450979
10051,1631,Savings,216990
10052,8222,Current,52155
10053,6209,Current,109352
10054,7368,Current,226500
10055,4570,Savings,322444
10056,1159,Current,321963
10057,6063,Savings,474849
10058,2922,Savings,28697
10059,3391,Current,364120
10060,5618,Current,288075
10061,2408,Savings,217408
10062,9341,Current,471319
10063,2563,Savings,262078
10064,9267,Savings,235921
10065,5445,Savings,366022
10066,4712,Savings,298108
10067,8681,Current,40970
10068,391,Savings,101220
10069,8991,Savings,387403
10070,2590,Current,264380
10071,7075,Current,155046
10072,4192,Current,310513
10073,4123,Savings,148509
10074,5100,Current,216713
10075,8895,Savings,414790
10076,6960,Savings,154434
10077,8500,Current,415377
10078,9733,Savings,397638
10079,5642,Savings,14412
10080,331,Savings,66655
10081,8326,Savings,335579
10082,2853,Savings,326752
10083,714,Current,216967
10084,4859,Savings,302342
10085,9710,Current,265096
10086,5241,Savings,44525
10087,2761,Current,369064
10088,8470,Savings,383294
10089,4361,Savings,190769
10090,8941,Current,358775
10091,9717,Current,262107
10092,123,Savings,237677
10093,3518,Current,477340
10094,7506,Savings,487087
10095,8725,Current,477016
10096,5329,Current,495329
10097,9959,Current,301419
10098,6708,Current,481598
10099,848,Savings,144408
10100,8184,Savings,107829
10101,9556,Current,423525
10102,5630,Savings,345988
10103,6441,Savings,43675
10104,3993,Savings,82622
10105,1392,Current,339239
10106,7506,Current,411383
10107,1472,Savings,203488
10108,6756,Savings,342055
10109,5510,Current,282024
10110,840,Savings,250423
10111,8137,Current,111998
10112,8452,Savings,24476
10113,7287,Current,143378
10114,9061,Savings,166389
10115,2575,Current,275659
10116,8309,Savings,303298
10117,2915,Savings,371564
10118,3367,Current,178236
10119,9082,Savings,203812
10120,1801,Savings,201167
10121,8364,Current,236981
10122,2190,Savings,305662
10123,8697,Savings,451736
10124,2365,Current,462108
10125,8606,Current,396926
10126,6800,Savings,391723
10127,9877,Savings,149547
10128,1129,Current,207785
10129,7720,Current,331434
10130,7711,Savings,287448
10131,8250,Savings,296477
10132,7413,Current,341835
10133,4964,Savings,112555
10134,8721,Current,346709
10135,7281,Savings,423025
10136,6522,Current,6073
10137,7086,Savings,355910
10138,4066,Current,401958
10139,8272,Current,438504
10140,422,Savings,450360
10141,2629,Savings,422476
10142,5151,Savings,92638
10143,757,Current,114943
10144,3872,Current,238049
10145,1298,Savings,432941
10146,4945,Savings,31528
10147,8757,Savings,479552
10148,1419,Current,88484
10149,318,Current,227739
10150,1275,Current,156202
10151,9685,Current,93050
10152,1286,Current,219478
10153,7695,Current,408241
10154,2136,Savings,17165
10155,3995,Savings,214880
10156,3135,Current,137221
10157,4120,Current,31673
10158,9588,Savings,141244
10159,568,Current,287076
10160,8174,Savings,296442
10161,688,Savings,171186
10162,662,Savings,223733
10163,6808,Savings,486813
10164,1225,Current,114310
10165,6861,Current,262901
10166,7916,Current,21135
10167,6815,Current,332652
10168,9870,Current,457241
10169,3790,Savings,417668
10170,4438,Savings,160864
10171,8376,Current,112285
10172,7928,Current,180698
10173,6594,Savings,373708
10174,242,Current,323617
10175,8322,Savings,466153
10176,1155,Current,332142
10177,3510,Savings,407748
10178,3682,Current,147780
10179,7378,Savings,79941
10180,529,Current,57838
10181,5166,Current,358168
10182,854,Current,118588
10183,4457,Current,435489
10184,8797,Savings,412807
10185,8478,Current,47379
10186,6378,Savings,193953
10187,801,Savings,92912
10188,2192,Savings,438268
10189,8697,Current,258801
10190,4942,Savings,477057
10191,7153,Savings,201221
10192,4057,Savings,21793
10193,4080,Current,452198
10194,5396,Savings,261480
10195,422,Current,51761
10196,7862,Savings,226964
10197,3368,Current,337167
10198,6826,Current,196979
10199,4892,Current,53131
10200,2584,Current,476572
10201,8644,Current,406816
10202,9222,Savings,107901
10203,7739,Savings,37311
10204,6075,Current,141805
10205,1656,Current,48052
10206,4668,Current,216641
10207,3824,Current,263119
10208,6961,Savings,438378
10209,2423,Savings,285023
10210,5369,Current,261043
10211,1676,Current,472365
10212,6279,Current,365516
10213,4329,Savings,87578
10214,2418,Savings,213954
10215,1028,Savings,188263
10216,2898,Savings,54096
10217,337,Savings,19709
10218,4107,Current,108024
10219,4711,Current,19477
10220,5292,Current,467992
10221,4516,Current,180312
10222,963,Current,24156
10223,8936,Savings,232778
10224,1181,Current,391054
10225,7424,Savings,197958
10226,5590,Current,418488
10227,1550,Savings,58952
10228,8850,Savings,11620
10229,8397,Savings,172892
10230,7867,Savings,499706
10231,4628,Current,305332
10232,1545,Savings,477116
10233,9173,Savings,261441
10234,4413,Savings,51933
10235,8318,Current,385991
10236,5430,Current,462193
10237,2551,Savings,192020
10238,422,Current,293577
10239,527,Savings,148567
10240,5289,Current,304694
10241,2817,Current,142827
10242,9617,Current,473754
10243,3192,Savings,67247
10244,948,Current,67971
10245,2550,Savings,22887
10246,3378,Current,237748
10247,3160,Savings,330898
10248,4065,Current,123267
10249,1894,Savings,54127
10250,1320,Current,166184
10251,8321,Current,465193
10252,5658,Savings,11100
10253,1867,Current,366544
10254,4635,Savings,82591
10255,3,Current,290181
10256,3278,Current,337565
10257,3551,Savings,481215
10258,3409,Current,252099
10259,6324,Current,39331
10260,5535,Current,228442
10261,4543,Current,339221
10262,106,Savings,331703
10263,9911,Current,211953
10264,4869,Current,262078
10265,6316,Savings,85580
10266,9131,Current,95025
10267,510,Current,123892
10268,8316,Savings,400997
10269,4717,Savings,7713
10270,7997,Current,65014
10271,3895,Current,265940
10272,6071,Savings,344258
10273,508,Savings,253990
10274,973,Current,454375
10275,3766,Current,147755
10276,9663,Current,204922
10277,5491,Current,173661
10278,8045,Current,196532
10279,5638,Current,246395
10280,8687,Current,33916
10281,3284,Current,179477
10282,1591,Savings,194155
10283,4468,Current,187641
10284,7499,Current,337453
10285,8756,Savings,156669
10286,5452,Savings,313078
10287,3211,Savings,301117
10288,5664,Savings,114716
10289,8694,Current,156769
10290,5039,Savings,94170
10291,6196,Current,192412
10292,1397,Current,390592
10293,4895,Current,48430
10294,5940,Current,201897
10295,140,Current,300524
10296,6879,Savings,287120
10297,410,Savings,340522
10298,9942,Current,212145
10299,349,Current,262458
10300,9514,Current,42197
10301,6215,Savings,435139
10302,3415,Current,347197
10303,4638,Savings,204636
10304,4705,Savings,65693
10305,6982,Current,298905
10306,8061,Current,400675
10307,3408,Current,192114
10308,753,Current,73662
10309,4320,Savings,327825
10310,6465,Current,126975
10311,7448,Current,471269
10312,1347,Current,51286
10313,227,Savings,22433
10314,2253,Current,137743
10315,5162,Savings,341091
10316,5121,Savings,8389
10317,7150,Current,322195
10318,3368,Savings,46024
10319,3680,Savings,211448
10320,3746,Savings,369028
10321,7384,Current,220545
10322,1141,Savings,352886
10323,4734,Current,230122
10324,6848,Current,278892
10325,9917,Savings,42382
10326,8681,Current,472480
10327,2105,Savings,301751
10328,9866,Current,316464
10329,126,Savings,405715
10330,1109,Current,308243
10331,5746,Savings,265014
10332,40,Current,6276
10333,3878,Current,97980
10334,7318,Savings,30540
10335,6826,Current,330116
10336,1367,Savings,253043
10337,9958,Current,408836
10338,4511,Savings,331751
10339,6453,Current,92878
10340,6135,Current,395651
10341,6421,Current,48647
10342,2432,Current,129762
10343,5755,Current,310669
10344,1946,Savings,481713
10345,7323,Current,254497
10346,6689,Savings,51223
10347,7457,Current,414880
10348,9846,Current,367229
10349,8251,Savings,271849
10350,8697,Current,326328
10351,6644,Current,465144
10352,4252,Savings,362102
10353,358,Current,423704
10354,8602,Savings,347265
10355,7933,Savings,255562
10356,647,Current,240356
10357,3124,Savings,387872
10358,3686,Savings,51974
10359,6641,Savings,298570
10360,7089,Savings,438359
10361,8440,Current,430830
10362,8465,Current,366680
10363,8880,Savings,235552
10364,8278,Savings,240051
10365,4888,Current,205032
10366,4234,Savings,314905
10367,7408,Savings,183579
10368,367,Current,60466
10369,1663,Savings,237950
10370,4984,Savings,139637
10371,3897,Current,305000
10372,4940,Current,380711
10373,8621,Savings,20160
10374,8984,Current,323129
10375,6999,Current,201748
10376,8805,Savings,205777
10377,4235,Savings,413163
10378,3626,Current,401391
10379,7763,Current,230282
10380,9393,Savings,13611
10381,9616,Current,278047
10382,7169,Current,253234
10383,1061,Current,329771
10384,2483,Savings,119115
10385,5891,Savings,458431
10386,3190,Savings,233386
10387,7412,Savings,181196
10388,4904,Savings,485740
10389,3708,Savings,259494
10390,3119,Savings,185283
10391,2559,Current,442960
10392,4404,Current,157305
10393,8042,Current,152260
10394,6548,Savings,366940
10395,9260,Current,384166
10396,1865,Savings,270151
10397,3937,Savings,463662
10398,2905,Savings,404825
10399,7547,Savings,91212
10400,8774,Current,166070
10401,1798,Savings,117945
10402,1324,Savings,48831
10403,9761,Current,147797
10404,8662,Savings,107506
10405,9864,Current,155735
10406,761,Current,253162
10407,9147,Current,398262
10408,5818,Savings,430633
10409,9314,Current,76090
10410,1569,Current,293221
10411,2426,Savings,413297
10412,1934,Current,450969
10413,659,Savings,371243
10414,4465,Savings,192861
10415,5990,Current,484765
10416,7536,Savings,183070
10417,2960,Current,461389
10418,6935,Current,142724
10419,8296,Current,396552
10420,4994,Current,372407
10421,2334,Current,462290
10422,4396,Current,251762
10423,3969,Savings,25357
10424,5495,Savings,78554
10425,2880,Current,368930
10426,226,Current,391654
10427,7995,Current,386409
10428,5790,Current,350246
10429,6294,Savings,345917
10430,749,Savings,301230
10431,7174,Savings,5631
10432,4924,Savings,247693
10433,8257,Savings,42802
10434,8181,Savings,154568
10435,894,Savings,150826
10436,1170,Current,32396
10437,8531,Savings,147276
10438,9497,Savings,166323
10439,7625,Current,398342
10440,9230,Current,12226
10441,7136,Current,423119
10442,6101,Savings,30866
10443,5005,Savings,332702
10444,2558,Savings,23444
10445,3546,Savings,45214
10446,1443,Savings,276826
10447,8423,Savings,323812
10448,3695,Current,433292
10449,4207,Savings,259899
10450,1065,Savings,404300
10451,7884,Savings,107245
10452,5559,Savings,472329
10453,2766,Savings,83965
10454,8844,Savings,194764
10455,5687,Savings,276084
10456,4601,Savings,465408
10457,1735,Savings,23711
10458,6093,Savings,312524
10459,4933,Savings,162735
10460,4802,Savings,367158
10461,2566,Current,358636
10462,4989,Savings,323601
10463,8613,Current,95566
10464,7756,Savings,272173
10465,8157,Savings,418964
10466,1220,Savings,493508
10467,165,Current,106323
10468,4891,Savings,69218
10469,5157,Savings,136730
10470,7602,Current,10992
10471,9271,Savings,309335
10472,8697,Savings,205206
10473,6943,Current,187815
10474,4958,Current,390889
10475,790,Savings,171636
10476,8731,Savings,383001
10477,9564,Current,444171
10478,8963,Savings,411065
10479,9924,Current,269670
10480,1283,Current,158369
10481,3357,Current,34172
10482,6465,Savings,333683
10483,8876,Savings,316420
10484,8341,Current,103743
10485,2752,Savings,403463
10486,331,Savings,182390
10487,1022,Savings,293241
10488,6373,Savings,457259
10489,7878,Savings,268989
10490,8291,Savings,415467
10491,6733,Current,374540
10492,5626,Savings,193120
10493,2898,Savings,266485
10494,6448,Current,207950
10495,2871,Savings,165494
10496,7155,Current,393927
10497,1813,Current,393326
10498,6987,Current,410126
10499,6180,Savings,103631
10500,2844,Current,163330
10501,751,Current,112354
10502,517,Savings,465993
10503,3712,Savings,61645
10504,6499,Savings,202895
10505,5834,Current,44007
10506,9862,Current,185775
10507,5673,Savings,444855
10508,9231,Current,65257
10509,4032,Current,208743
10510,6673,Current,34073
10511,7798,Current,244103
10512,2501,Savings,138564
10513,4894,Current,234344
10514,7013,Current,110664
10515,7292,Current,419642
10516,3664,Current,299273
10517,7078,Current,258178
10518,5844,Current,471566
10519,1175,Current,299048
10520,5158,Current,86765
10521,7537,Savings,421519
10522,8562,Savings,289490
10523,9134,Savings,154169
10524,2020,Current,211950
10525,1107,Savings,103788
10526,4298,Current,161777
10527,6387,Current,452298
10528,637,Current,129488
10529,3414,Savings,389196
10530,1297,Current,207534
10531,7178,Current,381926
10532,2979,Savings,66465
10533,5994,Savings,487538
10534,451,Savings,20402
10535,2201,Current,150583
10536,6132,Current,239030
10537,9853,Savings,190230
10538,2174,Savings,42256
10539,3676,Current,245163
10540,5605,Current,259891
10541,5858,Current,99856
10542,9593,Savings,35220
10543,6308,Savings,473443
10544,7783,Savings,71344
10545,1588,Current,91876
10546,6856,Current,197180
10547,1713,Current,329901
10548,3936,Savings,27633
10549,5681,Current,176147
10550,3961,Current,121013
10551,7937,Current,170659
10552,6148,Savings,427761
10553,3065,Current,321100
10554,1164,Savings,377733
10555,2912,Current,23460
10556,4377,Savings,207824
10557,3780,Current,413269
10558,92,Savings,189245
10559,7265,Savings,196891
10560,8273,Current,418638
10561,9683,Current,499629
10562,2315,Savings,221044
10563,3070,Savings,370863
10564,116,Savings,403081
10565,8006,Current,43793
10566,6429,Current,134841
10567,9521,Savings,122033
10568,1414,Current,135179
10569,661,Savings,383115
10570,9055,Current,467260
10571,3685,Savings,354943
10572,8768,Savings,304102
10573,8324,Savings,134602
10574,9030,Current,127565
10575,9171,Savings,177448
10576,9663,Savings,6323
10577,3041,Current,356288
10578,6785,Current,475489
10579,8820,Savings,129402
10580,8212,Current,333725
10581,3202,Current,259227
10582,7396,Savings,451568
10583,6405,Savings,283835
10584,5227,Current,74306
10585,9579,Savings,255055
10586,1905,Savings,318698
10587,2009,Current,484867
10588,247,Savings,17311
10589,6878,Current,34913
10590,8205,Current,34256
10591,278,Savings,119566
10592,2939,Savings,135520
10593,4135,Savings,83640
10594,883,Current,258205
10595,8834,Current,376310
10596,3093,Savings,244820
10597,7638,Current,37948
10598,9977,Current,204063
10599,2645,Savings,337910
10600,3729,Savings,182231
10601,4792,Savings,288320
10602,4037,Current,209785
10603,7765,Savings,481107
10604,2660,Savings,309100
10605,7245,Savings,37156
10606,16,Savings,296132
10607,8426,Current,296250
10608,2987,Current,497057
10609,5583,Savings,440971
10610,7654,Savings,67527
10611,9905,Savings,269173
10612,1706,Savings,226349
10613,5302,Savings,386426
10614,7975,Current,396290
10615,6561,Savings,132889
10616,4677,Savings,161517
10617,7559,Current,430805
10618,9595,Current,173857
10619,696,Current,443367
10620,5217,Current,456402
10621,2636,Savings,276514
10622,7857,Savings,205488
10623,616,Current,230109
10624,7730,Current,481132
10625,1187,Current,305272
10626,1910,Current,153900
10627,3752,Savings,128018
10628,8232,Current,280132
10629,787,Savings,449434
10630,8484,Current,363382
10631,7042,Current,265421
10632,7776,Current,335695
10633,7768,Current,329633
10634,2827,Savings,469990
10635,5109,Savings,399286
10636,6056,Current,72782
10637,7578,Current,418571
10638,1680,Savings,420946
10639,8440,Savings,9374
10640,9033,Savings,211215
10641,3853,Current,184428
10642,2286,Current,131843
10643,1444,Savings,48360
10644,3689,Current,437845
10645,7500,Savings,135257
10646,8050,Savings,175821
10647,9086,Savings,203864
10648,9403,Current,21816
10649,1282,Current,240127
10650,3768,Current,77706
10651,7319,Current,187667
10652,2768,Current,188602
10653,18,Current,243159
10654,211,Current,268159
10655,7881,Savings,208888
10656,8875,Current,152686
10657,5302,Current,238478
10658,4887,Savings,224076
10659,923,Current,430407
10660,3621,Current,106047
10661,1754,Savings,21119
10662,3622,Savings,10281
10663,277,Savings,104565
10664,7486,Savings,312109
10665,549,Current,28836
10666,6818,Current,383824
10667,9032,Savings,8178
10668,5975,Current,490893
10669,8154,Savings,299388
10670,6008,Savings,207441
10671,4645,Savings,462519
10672,7272,Current,73052
10673,249,Savings,18208
10674,7336,Savings,406554
10675,7836,Current,92356
10676,2698,Current,388717
10677,9102,Current,492527
10678,1826,Current,31370
10679,4209,Savings,275632
10680,8174,Savings,365924
10681,5315,Current,432035
10682,4977,Savings,303982
10683,6818,Savings,344329
10684,258,Current,328363
10685,6394,Savings,422800
10686,8818,Current,412213
10687,1811,Savings,417638
10688,5141,Current,167052
10689,1150,Current,336663
10690,7734,Savings,7941
10691,1608,Current,20553
10692,1932,Savings,401212
10693,4174,Savings,417992
10694,5998,Current,56486
10695,6008,Current,481388
10696,94,Current,34693
10697,2076,Savings,121452
10698,8210,Savings,233768
10699,1306,Current,468797
10700,4687,Current,211913
10701,6419,Current,384287
10702,4500,Savings,333664
10703,395,Savings,417133
10704,4409,Current,240343
10705,31,Current,100694
10706,7633,Current,387754
10707,3379,Savings,124856
10708,4432,Savings,149473
10709,524,Current,303132
10710,5106,Current,147282
10711,3734,Current,360845
10712,4072,Current,18580
10713,4095,Savings,405303
10714,2620,Savings,441164
10715,7274,Current,480793
10716,1099,Current,36240
10717,2907,Current,333485
10718,5493,Current,474585
10719,1415,Current,373333
10720,6190,Current,424709
10721,9664,Current,187359
10722,1658,Current,259801
10723,1937,Current,381184
10724,6278,Current,269205
10725,4663,Savings,192049
10726,4798,Current,156052
10727,9219,Savings,15119
10728,2787,Savings,99622
10729,7244,Savings,244875
10730,1084,Savings,357346
10731,8666,Savings,247271
10732,2709,Savings,77227
10733,5399,Current,405112
10734,3356,Savings,302311
10735,7165,Savings,334276
10736,1224,Savings,441090
10737,2628,Savings,91715
10738,7054,Savings,270876
10739,508,Current,392863
10740,7375,Savings,215815
10741,8179,Savings,57437
10742,5565,Savings,293809
10743,5125,Savings,120604
10744,4110,Savings,7158
10745,7919,Savings,270398
10746,5029,Current,12459
10747,5365,Current,361320
10748,9676,Savings,425268
10749,1473,Savings,73176
10750,9287,Current,106348
10751,6423,Current,445095
10752,3227,Current,408009
10753,8103,Current,363735
10754,9818,Savings,199798
10755,7446,Savings,292061
10756,4642,Current,325651
10757,9233,Savings,460773
10758,5655,Current,112647
10759,535,Current,13120
10760,9303,Current,150948
10761,6070,Current,146343
10762,4043,Savings,281069
10763,72,Current,179612
10764,8330,Savings,474810
10765,5478,Savings,40890
10766,3558,Current,243106
10767,9271,Savings,216273
10768,6431,Current,222156
10769,6991,Current,180946
10770,4926,Current,427351
10771,1478,Savings,267563
10772,2898,Current,160045
10773,7560,Savings,139204
10774,8934,Savings,90644
10775,6881,Current,495729
10776,3698,Savings,427860
10777,5786,Savings,212223
10778,5228,Current,9281
10779,5982,Savings,48709
10780,2526,Savings,390223
10781,2586,Current,364848
10782,3383,Savings,102454
10783,2337,Current,288257
10784,6061,Current,365259
10785,4994,Savings,36587
10786,8588,Current,260431
10787,5001,Savings,234645
10788,530,Savings,488389
10789,9810,Current,257934
10790,9712,Current,351784
10791,998,Current,237715
10792,3360,Savings,123454
10793,1206,Savings,270852
10794,3089,Savings,496068
10795,6398,Savings,141680
10796,4448,Current,493378
10797,9381,Current,184249
10798,5888,Current,251595
10799,7277,Savings,349835
10800,5852,Current,115192
10801,8939,Savings,58369
10802,1228,Current,263574
10803,4911,Current,15589
10804,9607,Savings,214798
10805,8941,Savings,187609
10806,4994,Savings,130558
10807,5739,Current,499687
10808,1009,Savings,121563
10809,464,Savings,169262
10810,3911,Current,439829
10811,4183,Current,101656
10812,3397,Savings,318863
10813,4955,Savings,185734
10814,5609,Savings,325305
10815,5628,Savings,337320
10816,2163,Savings,403171
10817,7160,Current,273439
10818,8421,Savings,206119
10819,2330,Current,304804
10820,7918,Savings,412587
10821,8662,Current,49050
10822,1885,Current,241053
10823,4939,Savings,394074
10824,1853,Current,26565
10825,8230,Current,321582
10826,4172,Savings,429590
10827,9952,Savings,495273
10828,7220,Current,63513
10829,1450,Current,131051
10830,8940,Savings,163278
10831,1373,Current,37325
10832,2079,Current,14735
10833,4597,Savings,173100
10834,9361,Current,198876
10835,9429,Current,476781
10836,8447,Current,481172
10837,7145,Current,188535
10838,3053,Current,443875
10839,2142,Current,104910
10840,8602,Savings,159373
10841,9343,Savings,218935
10842,8177,Savings,41433
10843,7853,Savings,201867
10844,8661,Savings,182728
10845,813,Current,161364
10846,7890,Savings,497490
10847,2405,Savings,66908
10848,3585,Savings,366464
10849,8600,Current,134902
10850,3684,Current,170503
10851,1684,Current,194469
10852,140,Current,245483
10853,1558,Current,141124
10854,9236,Current,310538
10855,5172,Current,95984
10856,5861,Current,338436
10857,4095,Current,46283
10858,6182,Current,89792
10859,4059,Current,466877
10860,3467,Savings,177537
10861,1088,Current,117470
10862,9341,Savings,150713
10863,3809,Current,149475
10864,3563,Savings,428147
10865,7096,Savings,83205
10866,3945,Current,100512
10867,8439,Current,233161
10868,2621,Savings,92803
10869,1535,Current,163403
10870,8739,Current,489020
10871,2266,Current,329540
10872,7604,Savings,104202
10873,9208,Current,291518
10874,8403,Current,360013
10875,4772,Current,65525
10876,7082,Savings,149706
10877,6408,Savings,68498
10878,306,Savings,313804
10879,1312,Savings,250104
10880,4052,Current,254939
10881,2118,Current,395434
10882,2116,Savings,164205
10883,4577,Current,123004
10884,7378,Savings,133404
10885,6018,Current,347185
10886,4998,Savings,19322
10887,9229,Savings,367476
10888,363,Savings,211830
10889,6683,Savings,253967
10890,3975,Current,431425
10891,1561,Savings,392815
10892,4701,Current,286446
10893,4587,Current,330999
10894,8114,Savings,70141
10895,8185,Current,259498
10896,552,Current,339369
10897,2749,Savings,384633
10898,5172,Current,343399
10899,2945,Current,367923
10900,6168,Current,375301
10901,2438,Savings,52236
10902,4023,Current,14342
10903,6770,Current,166750
10904,9228,Current,494939
10905,8443,Current,222602
10906,8825,Savings,188494
10907,6811,Current,101889
10908,9106,Savings,53177
10909,8479,Savings,47955
10910,9631,Current,216382
10911,4086,Savings,221357
10912,1385,Savings,493058
10913,1153,Current,69513
10914,9860,Savings,25748
10915,7915,Savings,235718
10916,7366,Current,7263
10917,817,Current,220178
10918,9609,Current,182376
10919,4405,Savings,423461
10920,2720,Savings,294368
10921,4389,Savings,372263
10922,4870,Savings,98456
10923,8855,Current,305793
10924,2928,Current,459055
10925,7055,Savings,440590
10926,9756,Savings,234270
10927,8967,Savings,325398
10928,7367,Current,408334
10929,1810,Current,332183
10930,9029,Current,188926
10931,3405,Savings,133698
10932,8992,Current,332995
10933,7587,Current,155916
10934,4786,Current,178477
10935,3631,Current,352478
10936,3090,Current,170038
10937,3494,Current,301626
10938,5717,Savings,61705
10939,2112,Savings,172524
10940,9907,Current,201188
10941,2723,Savings,461744
10942,4676,Savings,386072
10943,6737,Savings,240219
10944,4242,Savings,185875
10945,1206,Savings,165830
10946,7208,Current,192031
10947,659,Savings,459790
10948,5342,Savings,239066
10949,5997,Current,470803
10950,8363,Current,124067
10951,2345,Savings,280038
10952,6675,Savings,342379
10953,8510,Savings,363925
10954,6547,Savings,59960
10955,3595,Current,375183
10956,7057,Current,159147
10957,253,Savings,5983
10958,6094,Savings,450987
10959,5612,Savings,27644
10960,1044,Savings,481806
10961,4224,Savings,152244
10962,1815,Current,195570
10963,9151,Savings,6969
10964,5636,Current,193372
10965,3219,Current,49080
10966,4681,Savings,164435
10967,506,Savings,228737
10968,6217,Savings,283408
10969,5260,Current,54109
10970,6493,Current,200360
10971,6389,Savings,121507
10972,782,Current,209399
10973,6946,Current,124448
10974,9414,Savings,12338
10975,1754,Current,271356
10976,567,Current,399382
10977,5941,Savings,327101
10978,2104,Savings,215727
10979,5109,Savings,370600
10980,5363,Savings,159930
10981,3188,Current,348822
10982,7624,Current,232272
10983,5519,Current,218924
10984,4408,Savings,346655
10985,9512,Current,324362
10986,3091,Current,345492
10987,1056,Savings,399062
10988,9990,Current,222503
10989,4593,Savings,152706
10990,8150,Savings,476485
10991,7648,Current,70858
10992,2882,Savings,95577
10993,811,Current,495589
10994,8665,Savings,484443
10995,3361,Savings,492294
10996,5838,Savings,85885
10997,7216,Savings,454547
10998,1232,Savings,103110
10999,2555,Current,207292
11000,6735,Savings,294062
11001,8991,Savings,351636
11002,1909,Savings,475607
11003,9850,Current,489831
11004,6439,Current,451705
11005,1082,Savings,329908
11006,700,Current,348438
11007,4666,Savings,426239
11008,6932,Current,69782
11009,2039,Current,481908
11010,2939,Current,46401
11011,6682,Current,131771
11012,7868,Savings,213154
11013,4587,Current,230454
11014,717,Current,214034
11015,1058,Savings,419971
11016,7038,Current,76593
11017,7762,Current,227650
11018,3277,Current,187695
11019,8407,Current,286329
11020,1469,Current,303023
11021,3229,Savings,416634
11022,9697,Savings,317527
11023,9053,Current,231541
11024,4711,Savings,417433
11025,6187,Current,419530
11026,4551,Current,91792
11027,4023,Current,130227
11028,9583,Current,386510
11029,7999,Savings,299107
11030,2340,Current,440218
11031,9650,Current,202267
11032,881,Savings,103942
11033,3446,Savings,180148
11034,7363,Current,382955
11035,8373,Current,457524
11036,2602,Savings,59305
11037,5240,Current,209331
11038,3647,Savings,28399
11039,5575,Current,289134
11040,7986,Current,200346
11041,8139,Current,128601
11042,578,Current,155529
11043,1558,Current,48946
11044,2633,Current,406903
11045,2034,Current,398759
11046,2382,Savings,355974
11047,76,Current,244444
11048,598,Current,467557
11049,3094,Current,164979
11050,425,Current,380009
11051,1786,Savings,440089
11052,6407,Current,359503
11053,1,Current,143920
11054,6219,Current,415559
11055,7220,Savings,256562
11056,4080,Savings,20395
11057,4326,Current,77806
11058,3065,Savings,18909
11059,1972,Current,172006
11060,6155,Savings,199026
11061,3113,Savings,61109
11062,8582,Current,68600
11063,872,Current,442283
11064,9532,Current,297677
11065,8952,Current,154071
11066,3013,Savings,385942
11067,601,Savings,265565
11068,7166,Current,470432
11069,7918,Savings,342644
11070,502,Savings,405570
11071,8569,Current,78353
11072,3571,Savings,121626
11073,4982,Savings,38355
11074,9912,Current,90684
11075,5058,Current,70366
11076,8274,Current,215826
11077,103,Savings,174391
11078,3235,Savings,73702
11079,9442,Current,28839
11080,2425,Savings,233765
11081,9987,Current,123412
11082,1553,Current,188095
11083,1842,Savings,498851
11084,1487,Savings,58905
11085,133,Current,60199
11086,1773,Savings,346532
11087,9087,Current,125964
11088,9898,Savings,16618
11089,5702,Current,125354
11090,1554,Savings,418269
11091,7735,Current,456118
11092,6800,Savings,157677
11093,5361,Current,238536
11094,1501,Current,235487
11095,2964,Savings,491852
11096,6906,Current,473656
11097,3290,Current,432909
11098,9203,Savings,298869
11099,7490,Savings,379017
11100,4598,Current,61485
11101,9221,Current,141839
11102,9011,Current,384537
11103,3190,Savings,487315
11104,7154,Current,367512
11105,9282,Current,204341
11106,9140,Current,408764
11107,7191,Current,389130
11108,9841,Current,29384
11109,3549,Current,160003
11110,7690,Savings,498993
11111,8848,Savings,366586
11112,5155,Savings,297491
11113,7972,Savings,170315
11114,7964,Savings,73916
11115,6471,Savings,448733
11116,5246,Current,175449
11117,3067,Current,176277
11118,4656,Current,60919
11119,5380,Savings,335739
11120,4835,Current,386750
11121,4272,Savings,110945
11122,7199,Savings,461715
11123,8853,Current,230812
11124,5231,Savings,72993
11125,8785,Current,195039
11126,1673,Current,31609
11127,9133,Savings,376982
11128,5376,Current,263453
11129,6474,Savings,337679
11130,3919,Current,497929
11131,2908,Savings,135352
11132,3962,Savings,211773
11133,9834,Savings,43899
11134,6473,Savings,461187
11135,8071,Current,352591
11136,1806,Savings,327573
11137,2598,Current,349529
11138,3449,Savings,250125
11139,5817,Savings,428751
11140,2076,Current,69696
11141,6635,Current,421549
11142,3449,Current,78564
11143,8410,Savings,465650
11144,7106,Savings,232346
11145,2932,Savings,278784
11146,1780,Savings,373714
11147,7669,Savings,454264
11148,3249,Current,331704
11149,9687,Current,140107
11150,3058,Savings,81392
11151,9022,Current,333013
11152,1052,Savings,379417
11153,5592,Current,28366
11154,8300,Current,446372
11155,3404,Current,129409
11156,5293,Current,440597
11157,7536,Current,322792
11158,3549,Current,319070
11159,3294,Savings,318537
11160,334,Current,438206
11161,7778,Savings,137432
11162,6348,Savings,350075
11163,8521,Savings,67856
11164,2908,Savings,36672
11165,8405,Current,120749
11166,9528,Savings,171379
11167,421,Savings,177506
11168,3301,Current,78211
11169,9889,Current,8843
11170,5957,Savings,301114
11171,6106,Savings,123064
11172,1098,Current,284726
11173,4074,Current,334273
11174,7644,Savings,478856
11175,6125,Savings,380950
11176,1661,Savings,262858
11177,729,Current,68902
11178,6696,Savings,85877
11179,7676,Current,234337
11180,1344,Current,352225
11181,429,Current,64488
11182,468,Savings,434841
11183,722,Current,304988
11184,8018,Current,332645
11185,20,Current,201628
11186,9812,Savings,251247
11187,3093,Current,474313
11188,4006,Current,236545
11189,5775,Savings,420033
11190,9621,Savings,293017
11191,9971,Current,384557
11192,8484,Savings,138395
11193,6662,Current,296811
11194,6232,Current,163675
11195,753,Current,246242
11196,5219,Current,207908
11197,4170,Current,121129
11198,8465,Savings,314274
11199,5647,Current,227161
11200,2587,Savings,496844
11201,6568,Current,128124
11202,6085,Current,304209
11203,4115,Savings,286699
11204,3307,Current,494545
11205,898,Current,27508
11206,2554,Savings,219770
11207,1484,Savings,403362
11208,5900,Current,31577
11209,7759,Savings,490736
11210,1817,Current,491792
11211,4354,Current,179909
11212,8472,Current,350547
11213,4683,Current,242245
11214,9642,Savings,193965
11215,5679,Current,318302
11216,7769,Savings,405055
11217,7238,Current,327073
11218,8680,Current,160656
11219,5035,Savings,438868
11220,7757,Current,261827
11221,9792,Savings,369123
11222,5717,Savings,383436
11223,6905,Current,440418
11224,3544,Savings,474872
11225,6388,Current,325945
11226,7050,Savings,374783
11227,7703,Savings,117357
11228,2875,Current,152519
11229,5397,Current,157779
11230,3101,Savings,63744
11231,1832,Savings,88107
11232,2280,Current,115167
11233,9671,Current,144980
11234,9410,Savings,381212
11235,916,Savings,486164
11236,8499,Savings,399680
11237,4061,Savings,122510
11238,7490,Savings,273967
11239,2003,Savings,238503
11240,8607,Current,144589
11241,5366,Current,296598
11242,8754,Current,422417
11243,5303,Current,358162
11244,1704,Current,260652
11245,1705,Savings,454388
11246,7475,Savings,335574
11247,7753,Savings,117942
11248,9165,Current,93504
11249,8407,Current,215417
11250,7355,Savings,340777
11251,6821,Current,259919
11252,8202,Savings,480427
11253,7002,Current,251300
11254,8308,Current,46119
11255,2138,Savings,90648
11256,7571,Savings,74693
11257,3084,Current,306338
11258,4552,Current,257694
11259,7562,Current,103986
11260,4396,Savings,71664
11261,8561,Savings,494006
11262,8179,Savings,233640
11263,1809,Savings,295610
11264,6028,Savings,471516
11265,5553,Savings,399295
11266,8478,Current,29285
11267,7329,Current,110189
11268,9473,Savings,311832
11269,9092,Savings,85757
11270,9271,Savings,13721
11271,1162,Current,470672
11272,1780,Current,45065
11273,3191,Current,374718
11274,8114,Current,153745
11275,7365,Current,168403
11276,9247,Current,434224
11277,2344,Current,381892
11278,8077,Savings,288618
11279,4889,Current,409980
11280,4582,Current,271426
11281,3577,Savings,379302
11282,1109,Current,134291
11283,1562,Savings,345100
11284,8157,Current,151568
11285,9659,Current,343807
11286,4392,Savings,12170
11287,3049,Current,190426
11288,4703,Savings,160552
11289,4774,Savings,447491
11290,8069,Current,201349
11291,5778,Savings,237870
11292,9981,Savings,284711
11293,7040,Savings,136832
11294,8936,Savings,228912
11295,1839,Current,97016
11296,7587,Savings,84029
11297,8,Current,127266
11298,1560,Savings,424839
11299,7051,Current,418403
11300,3220,Current,427821
11301,9074,Savings,48886
11302,5337,Current,116990
11303,6103,Savings,482989
11304,6518,Savings,259310
11305,689,Current,144061
11306,4676,Current,390411
11307,2049,Current,193464
11308,2816,Savings,368706
11309,4222,Savings,283087
11310,1830,Savings,233640
11311,9069,Current,154280
11312,1836,Savings,328239
11313,2089,Current,180066
11314,5089,Current,291080
11315,7086,Savings,381397
11316,7595,Savings,440370
11317,5777,Savings,122604
11318,6270,Savings,205403
11319,5434,Savings,27760
11320,7013,Current,75584
11321,9964,Current,190048
11322,8589,Savings,36163
11323,4518,Savings,348018
11324,6615,Current,369427
11325,3512,Savings,390823
11326,6934,Savings,191326
11327,5277,Current,455552
11328,2759,Current,465007
11329,7485,Savings,403034
11330,7393,Savings,326747
11331,8610,Savings,164937
11332,6353,Current,94280
11333,7313,Savings,300048
11334,5807,Savings,263670
11335,7241,Savings,305594
11336,7356,Savings,221905
11337,1969,Savings,228582
11338,1363,Current,438397
11339,5572,Current,60469
11340,1051,Current,236085
11341,8864,Current,36616
11342,476,Current,383385
11343,6358,Savings,153882
11344,1932,Current,304677
11345,1263,Savings,309156
11346,6219,Current,244158
11347,6312,Savings,268067
11348,99,Savings,295265
11349,2206,Current,398171
11350,8949,Current,294741
11351,297,Savings,421620
11352,3185,Current,480729
11353,4899,Savings,426746
11354,8667,Savings,451327
11355,2560,Savings,93125
11356,9867,Current,228874
11357,1513,Savings,334108
11358,4489,Current,175569
11359,2065,Current,125204
11360,556,Savings,78247
11361,3236,Current,324069
11362,6533,Savings,379109
11363,9101,Current,329300
11364,3901,Current,394357
11365,9104,Current,226102
11366,7324,Current,223080
11367,6066,Savings,134187
11368,3994,Current,407389
11369,4568,Savings,123521
11370,3177,Savings,478567
11371,5841,Savings,459067
11372,6218,Savings,36334
11373,7100,Current,498624
11374,9577,Current,414190
11375,6816,Current,423468
11376,8458,Current,15984
11377,9271,Current,268225
11378,104,Savings,290708
11379,6976,Current,317032
11380,2142,Savings,159675
11381,9183,Savings,263578
11382,5511,Savings,390246
11383,7865,Current,282243
11384,5629,Savings,21353
11385,795,Savings,185367
11386,6205,Current,11259
11387,7243,Current,32362
11388,9013,Current,420269
11389,2895,Savings,44251
11390,7617,Savings,288346
11391,1833,Current,462678
11392,4244,Current,327569
11393,7341,Current,190882
11394,9816,Savings,169915
11395,3899,Current,311415
11396,1618,Current,265117
11397,8223,Current,208472
11398,8292,Savings,305472
11399,6173,Savings,333199
11400,5613,Current,59266
11401,8008,Savings,309920
11402,5131,Savings,314603
11403,7880,Savings,198746
11404,9289,Savings,257128
11405,3595,Savings,202857
11406,5737,Savings,176161
11407,3739,Current,418435
11408,9933,Current,312494
11409,8022,Current,470466
11410,745,Current,445570
11411,5899,Savings,258771
11412,1220,Current,83855
11413,8474,Savings,167134
11414,2943,Savings,287080
11415,6839,Savings,475343
11416,9524,Savings,224777
11417,195,Current,61915
11418,3258,Current,265394
11419,1826,Savings,50895
11420,1588,Current,145949
11421,362,Current,438656
11422,1366,Savings,195097
11423,8405,Savings,442747
11424,6483,Current,247667
11425,8668,Current,403867
11426,7248,Current,12958
11427,5514,Current,131286
11428,8484,Savings,233576
11429,123,Savings,79677
11430,2832,Current,94542
11431,9517,Savings,437517
11432,7923,Current,168629
11433,7340,Current,46300
11434,9374,Savings,320304
11435,7446,Savings,464299
11436,1209,Savings,355753
11437,9883,Savings,96191
11438,7556,Savings,360959
11439,3555,Savings,323741
11440,7695,Savings,59228
11441,7507,Current,404154
11442,9763,Current,189744
11443,3748,Current,412889
11444,5235,Savings,297972
11445,4142,Savings,280931
11446,7192,Savings,88867
11447,3152,Current,142300
11448,395,Savings,182966
11449,3424,Current,259051
11450,8910,Current,31644
11451,9502,Current,141998
11452,9412,Current,281142
11453,7453,Current,121338
11454,3484,Current,78773
11455,7099,Current,461866
11456,9549,Savings,216142
11457,8953,Current,340962
11458,9034,Current,495271
11459,9445,Savings,447440
11460,1992,Current,428385
11461,1677,Savings,102999
11462,8591,Current,229780
11463,3193,Current,80023
11464,428,Savings,109087
11465,825,Current,246284
11466,6223,Savings,8181
11467,5237,Savings,141729
11468,9421,Savings,14410
11469,5821,Current,350530
11470,8694,Current,17516
11471,6869,Savings,455323
11472,4941,Current,142846
11473,4960,Savings,255561
11474,7072,Current,124326
11475,5750,Current,136606
11476,6731,Savings,278438
11477,6798,Current,421391
11478,4097,Savings,453285
11479,6203,Savings,254425
11480,7346,Current,212097
11481,4400,Current,433418
11482,2662,Current,219320
11483,4408,Current,335931
11484,8151,Savings,215386
11485,1941,Current,111806
11486,7459,Savings,202739
11487,875,Savings,44458
11488,5463,Savings,244984
11489,4486,Current,30089
11490,9635,Savings,44716
11491,1007,Savings,48093
11492,7081,Current,51486
11493,7714,Current,132140
11494,1174,Savings,227799
11495,768,Current,48285
11496,6586,Current,306006
11497,7915,Current,181758
11498,6555,Savings,374711
11499,9252,Savings,419769
11500,9497,Current,7156
11501,3755,Savings,479686
11502,3835,Savings,423796
11503,755,Savings,18547
11504,4387,Savings,316292
11505,2498,Current,375660
11506,3444,Savings,251497
11507,4909,Current,190707
11508,5963,Savings,419010
11509,8869,Current,279898
11510,5274,Savings,157649
11511,8440,Current,177358
11512,7218,Current,402029
11513,455,Current,131810
11514,6235,Current,436479
11515,5967,Savings,129697
11516,4802,Current,308933
11517,524,Current,239943
11518,7865,Savings,324051
11519,5586,Savings,437003
11520,1636,Savings,147121
11521,5316,Current,422428
11522,7828,Current,277019
11523,7414,Savings,140552
11524,9475,Savings,256837
11525,144,Current,417301
11526,3263,Current,123881
11527,9225,Savings,248645
11528,1177,Savings,295131
11529,842,Savings,6406
11530,5527,Savings,423548
11531,9816,Current,230142
11532,1730,Savings,210868
11533,8175,Current,168421
11534,4626,Current,132822
11535,4109,Current,195449
11536,7179,Current,308756
11537,6503,Current,350834
11538,4031,Current,398741
11539,2521,Current,344002
11540,462,Current,425467
11541,970,Savings,79243
11542,5641,Current,70526
11543,3740,Current,428381
11544,469,Savings,437021
11545,6645,Current,452626
11546,736,Current,179982
11547,4282,Current,55983
11548,3440,Savings,308814
11549,1245,Current,283088
11550,5388,Savings,119476
11551,2450,Savings,21198
11552,9084,Current,379255
11553,8927,Current,152107
11554,2104,Current,414579
11555,1426,Current,7889
11556,3567,Current,74229
11557,5973,Savings,205275
11558,9310,Current,470879
11559,6537,Current,126669
11560,9841,Savings,136043
11561,2669,Savings,318369
11562,7802,Current,265893
11563,9375,Current,329612
11564,8645,Savings,88891
11565,6492,Current,211810
11566,4091,Current,471850
11567,7112,Savings,42890
11568,5079,Current,381085
11569,8103,Savings,452038
11570,3065,Current,146129
11571,2520,Current,357924
11572,6989,Savings,107077
11573,622,Current,400185
11574,5183,Current,458497
11575,3606,Current,448479
11576,8059,Savings,121048
11577,2032,Savings,30677
11578,9285,Current,219389
11579,3998,Current,189566
11580,5213,Current,32136
11581,6432,Current,260645
11582,2117,Current,360529
11583,1469,Savings,12222
11584,4708,Current,181398
11585,3145,Savings,14605
11586,7588,Savings,311927
11587,1358,Current,493041
11588,4556,Savings,397398
11589,126,Savings,113512
11590,7558,Savings,328687
11591,9931,Current,173228
11592,3426,Current,259562
11593,3550,Savings,370496
11594,9285,Savings,102513
11595,9958,Current,356602
11596,9295,Savings,451202
11597,3395,Savings,240029
11598,1580,Current,169294
11599,6486,Savings,344009
11600,9606,Savings,324441
11601,9680,Current,196953
11602,3642,Current,165132
11603,2529,Current,332195
11604,3137,Savings,485270
11605,5541,Current,462507
11606,5550,Savings,279507
11607,303,Savings,49305
11608,323,Current,176170
11609,9002,Savings,132771
11610,7516,Savings,263194
11611,9624,Savings,326843
11612,7027,Current,360183
11613,1278,Current,270526
11614,5080,Savings,196704
11615,9440,Savings,236837
11616,3596,Savings,58451
11617,8304,Current,73739
11618,792,Savings,480798
11619,9078,Savings,452900
11620,745,Current,371181
11621,6815,Current,338235
11622,5001,Savings,401222
11623,20,Current,184720
11624,3884,Current,199420
11625,565,Current,348759
11626,5346,Savings,458238
11627,3950,Savings,341577
11628,8843,Savings,141004
11629,4541,Savings,105249
11630,6692,Savings,9369
11631,2863,Savings,64483
11632,9084,Savings,282598
11633,3670,Savings,214835
11634,7245,Current,85204
11635,1813,Savings,110502
11636,5079,Savings,421388
11637,4993,Savings,307499
11638,9004,Current,11271
11639,9537,Savings,459432
11640,2818,Current,51363
11641,4883,Current,387284
11642,9354,Current,468804
11643,1412,Current,242504
11644,4382,Current,454373
11645,4072,Savings,381256
11646,1099,Savings,190597
11647,1843,Savings,469302
11648,3978,Savings,364060
11649,6723,Current,150180
11650,7545,Current,253227
11651,7974,Current,417129
11652,3518,Savings,91661
11653,5208,Current,9935
11654,7775,Current,190706
11655,9715,Savings,478852
11656,2253,Savings,390269
11657,8994,Current,69971
11658,3690,Current,425241
11659,6786,Current,143930
11660,763,Current,499852
11661,8899,Savings,315786
11662,8464,Current,444033
11663,9974,Current,369528
11664,1004,Savings,343453
11665,6162,Savings,147728
11666,8414,Savings,18748
11667,1890,Current,35662
11668,4121,Savings,272194
11669,9797,Savings,289014
11670,1774,Current,340443
11671,4918,Current,271235
11672,1314,Savings,436243
11673,9396,Current,169205
11674,3200,Current,288168
11675,6290,Current,255427
11676,2690,Current,292100
11677,3284,Savings,200005
11678,1147,Current,258021
11679,2571,Current,401089
11680,8406,Current,340792
11681,1564,Current,407756
11682,7316,Current,52612
11683,2541,Savings,249807
11684,7932,Savings,309056
11685,9052,Savings,393243
11686,2043,Current,301654
11687,268,Savings,246041
11688,4985,Savings,70566
11689,6162,Savings,477955
11690,3059,Current,134001
11691,1195,Current,317483
11692,1286,Savings,47742
11693,2042,Savings,188246
11694,858,Savings,298081
11695,8336,Savings,316391
11696,9372,Current,436218
11697,9523,Current,404512
11698,1504,Savings,342093
11699,3826,Current,213475
11700,7542,Savings,462216
11701,1104,Current,342394
11702,6331,Savings,161641
11703,1862,Savings,344261
11704,5203,Current,83212
11705,625,Savings,445393
11706,5282,Savings,440899
11707,1125,Savings,300681
11708,462,Savings,344134
11709,762,Savings,338897
11710,6308,Savings,332639
11711,4344,Current,245872
11712,9555,Savings,83086
11713,72,Savings,427483
11714,8288,Current,169608
11715,9110,Savings,340522
11716,7425,Current,302674
11717,9345,Current,406625
11718,7380,Current,417689
11719,575,Current,488726
11720,2351,Savings,142843
11721,6791,Savings,259868
11722,5662,Current,90675
11723,821,Savings,375611
11724,4313,Current,39419
11725,3957,Savings,390088
11726,9535,Savings,492702
11727,516,Savings,105419
11728,363,Current,107725
11729,8862,Current,380052
11730,5139,Savings,160730
11731,9135,Savings,200029
11732,6974,Current,467743
11733,697,Current,426217
11734,3449,Current,424598
11735,107,Current,159389
11736,9556,Current,301003
11737,946,Savings,237631
11738,9747,Current,240135
11739,8307,Savings,46349
11740,9429,Current,81286
11741,9432,Savings,265756
11742,2130,Savings,430374
11743,5043,Savings,474146
11744,4347,Current,120735
11745,4176,Current,305137
11746,9087,Savings,222359
11747,5696,Current,189075
11748,2923,Current,265513
11749,1824,Savings,442958
11750,5946,Current,497706
11751,8547,Savings,135500
11752,2,Current,111196
11753,3433,Current,253695
11754,6573,Savings,235122
11755,6194,Current,493729
11756,2514,Savings,315812
11757,1817,Savings,473989
11758,2165,Current,367296
11759,4656,Savings,182930
11760,2588,Current,408920
11761,7624,Savings,308731
11762,1531,Savings,263485
11763,6906,Savings,122582
11764,3722,Savings,393324
11765,5078,Savings,47355
11766,4709,Savings,237314
11767,4777,Current,135942
11768,9519,Current,111959
11769,1434,Savings,65801
11770,2849,Current,293506
11771,2840,Current,100463
11772,4174,Current,156368
11773,2799,Current,403427
11774,3937,Savings,195015
11775,5737,Current,70145
11776,4588,Current,404332
11777,3647,Current,13290
11778,8560,Savings,406962
11779,1725,Savings,439391
11780,1166,Current,22040
11781,6446,Savings,405744
11782,2421,Savings,278692
11783,495,Savings,364723
11784,8991,Savings,166516
11785,4090,Savings,36117
11786,3388,Savings,424557
11787,475,Savings,330094
11788,4367,Current,206193
11789,281,Savings,107783
11790,4548,Current,491916
11791,3645,Savings,58509
11792,1498,Current,478890
11793,4968,Savings,194192
11794,4309,Current,497540
11795,6277,Current,487211
11796,1126,Savings,192446
11797,544,Current,476844
11798,9720,Savings,457101
11799,4556,Current,154183
11800,3352,Savings,39795
11801,436,Current,294729
11802,8952,Savings,426244
11803,1673,Savings,371037
11804,4324,Savings,395889
11805,1279,Savings,461447
11806,8115,Savings,366916
11807,1895,Current,198925
11808,1512,Current,236507
11809,8235,Current,409688
11810,5224,Current,376341
11811,5252,Current,137816
11812,1244,Savings,409155
11813,26,Savings,496447
11814,5210,Current,186017
11815,4064,Savings,144504
11816,3390,Savings,63610
11817,7839,Savings,81474
11818,3638,Current,128846
11819,9711,Savings,102834
11820,9021,Savings,435420
11821,8768,Savings,392008
11822,3675,Savings,219077
11823,3689,Savings,203220
11824,8648,Current,334241
11825,2561,Savings,75243
11826,9991,Current,71544
11827,6085,Savings,153874
11828,4345,Current,400703
11829,300,Current,185693
11830,31,Savings,300991
11831,704,Current,224741
11832,8378,Current,149070
11833,2850,Current,479405
11834,3035,Savings,488174
11835,6540,Savings,13208
11836,8279,Current,14575
11837,4745,Savings,181586
11838,2469,Current,480435
11839,6321,Current,130389
11840,1253,Savings,59105
11841,7795,Current,64158
11842,2165,Savings,384650
11843,50,Savings,107214
11844,1862,Current,223629
11845,741,Current,381660
11846,4925,Current,256687
11847,9024,Current,482146
11848,6143,Savings,327969
11849,9668,Savings,475720
11850,665,Current,143818
11851,3631,Current,373946
11852,656,Savings,320712
11853,3146,Savings,437155
11854,7195,Current,146978
11855,4362,Current,361230
11856,5536,Current,142230
11857,1380,Current,489883
11858,147,Current,72457
11859,4240,Savings,254429
11860,3047,Current,209349
11861,6945,Savings,289564
11862,5837,Current,412323
11863,5641,Current,253270
11864,9627,Savings,397161
11865,1257,Savings,428001
11866,1389,Savings,73928
11867,1039,Savings,327795
11868,6989,Current,264471
11869,6069,Savings,86222
11870,504,Current,389741
11871,4742,Current,376465
11872,4856,Savings,94485
11873,462,Savings,448765
11874,4920,Savings,151163
11875,158,Savings,64764
11876,6180,Current,188345
11877,200,Savings,378255
11878,4511,Savings,371736
11879,8825,Current,232716
11880,5184,Current,103027
11881,1756,Savings,176148
11882,2088,Savings,453072
11883,6932,Savings,89582
11884,5196,Current,358213
11885,5229,Savings,461314
11886,2013,Savings,424718
11887,3175,Savings,132217
11888,9374,Current,36763
11889,1772,Savings,264502
11890,3377,Savings,100917
11891,1553,Savings,457828
11892,9367,Savings,153654
11893,9342,Current,457294
11894,3318,Savings,156520
11895,7635,Current,66455
11896,5517,Current,308563
11897,9025,Current,346686
11898,5554,Current,216940
11899,9217,Savings,16300
11900,4756,Savings,328733
11901,4447,Current,131419
11902,6028,Current,161209
11903,7625,Current,252277
11904,6470,Current,438248
11905,9255,Savings,455908
11906,3904,Savings,173270
11907,9610,Savings,221867
11908,3290,Current,61894
11909,556,Savings,224060
11910,1922,Savings,323981
11911,6228,Current,201936
11912,987,Current,34918
11913,5989,Current,102146
11914,3045,Savings,82349
11915,8914,Savings,23411
11916,2085,Current,169531
11917,5883,Savings,272753
11918,8707,Savings,368053
11919,8549,Current,31721
11920,8862,Current,336402
11921,1312,Savings,344005
11922,6054,Savings,475480
11923,4703,Current,145766
11924,3059,Current,63423
11925,6714,Current,477273
11926,6669,Current,434437
11927,7332,Savings,113252
11928,7400,Savings,344993
11929,290,Savings,486920
11930,9470,Savings,202228
11931,908,Current,391221
11932,6907,Current,224077
11933,6560,Current,383451
11934,1850,Current,213279
11935,996,Savings,262640
11936,7237,Savings,67286
11937,8965,Current,332957
11938,6225,Current,40102
11939,6891,Current,353421
11940,8211,Savings,127802
11941,8199,Current,142383
11942,5244,Current,78659
11943,2096,Current,441321
11944,1559,Savings,153348
11945,8996,Current,320695
11946,2417,Savings,350217
11947,1291,Savings,387024
11948,8445,Current,249735
11949,757,Current,286665
11950,6970,Savings,47317
11951,1960,Savings,400370
11952,1821,Savings,288245
11953,7379,Current,58875
11954,3020,Current,32766
11955,7849,Savings,30114
11956,6435,Savings,368865
11957,3610,Current,375568
11958,7888,Current,462947
11959,8708,Current,302432
11960,4702,Savings,96084
11961,5843,Current,365410
11962,2499,Savings,117869
11963,7424,Current,463427
11964,8085,Savings,91986
11965,4556,Savings,98886
11966,8260,Current,243089
11967,2103,Current,394202
11968,5293,Current,12931
11969,3297,Current,198388
11970,1291,Current,10019
11971,6886,Current,40462
11972,6649,Current,170593
11973,4918,Current,77606
11974,9928,Current,324760
11975,8747,Savings,60577
11976,7519,Savings,150671
11977,7325,Current,13493
11978,99,Current,54474
11979,7264,Current,367591
11980,8530,Current,331646
11981,2,Current,402507
11982,1399,Savings,239872
11983,9297,Savings,141123
11984,9585,Current,384291
11985,3269,Current,348301
11986,2753,Current,179245
11987,8824,Savings,316134
11988,1636,Current,189405
11989,9802,Current,495391
11990,940,Current,146492
11991,2292,Current,435714
11992,7503,Savings,214796
11993,6084,Savings,432653
11994,5511,Savings,456967
11995,2417,Savings,230797
11996,9406,Savings,150707
11997,7744,Savings,56278
11998,2245,Savings,22459
11999,8691,Current,388790
12000,1454,Current,8554
12001,8317,Current,472497
12002,3951,Current,436526
12003,1554,Current,306853
12004,1527,Savings,494193
12005,8571,Current,88086
12006,6158,Savings,229741
12007,7375,Current,283689
12008,8805,Savings,466844
12009,5168,Current,295869
12010,9863,Current,457876
12011,8706,Current,447688
12012,4153,Savings,472722
12013,8968,Current,185149
12014,2461,Savings,214592
12015,5371,Current,120876
12016,3080,Current,204418
12017,3914,Current,56392
12018,6618,Savings,461764
12019,8765,Current,45433
12020,5049,Savings,199045
12021,9210,Savings,98527
12022,8954,Savings,291177
12023,4274,Savings,467552
12024,9841,Current,148211
12025,4128,Current,441594
12026,5647,Savings,32621
12027,3444,Current,96957
12028,6538,Savings,199347
12029,3867,Current,87754
12030,7071,Current,111616
12031,7992,Savings,308764
12032,9386,Savings,213067
12033,2090,Savings,74850
12034,7218,Savings,498106
12035,3809,Savings,90267
12036,5128,Current,192752
12037,9058,Current,120960
12038,5417,Current,451757
12039,6603,Current,194414
12040,24,Current,99062
12041,6589,Current,305461
12042,739,Savings,38816
12043,5332,Current,224203
12044,5459,Current,386296
12045,9950,Savings,231229
12046,4417,Current,373304
12047,1218,Savings,292297
12048,629,Current,309918
12049,3111,Current,399243
12050,3915,Current,272359
12051,965,Savings,287093
12052,7961,Current,235023
12053,1629,Current,405237
12054,5529,Savings,93682
12055,1127,Current,104895
12056,9664,Savings,466749
12057,5894,Savings,297855
12058,8853,Current,107618
12059,6806,Savings,126417
12060,7383,Current,51404
12061,7033,Savings,10606
12062,5302,Current,329384
12063,2833,Savings,19383
12064,5771,Savings,330790
12065,2779,Savings,146362
12066,9966,Savings,235582
12067,2039,Savings,74470
12068,8451,Current,430082
12069,3711,Savings,262381
12070,2149,Current,287674
12071,4642,Current,284741
12072,4793,Savings,164389
12073,6975,Savings,327350
12074,3754,Current,477087
12075,2340,Current,366966
12076,1940,Savings,324985
12077,7552,Current,429290
12078,1645,Current,136449
12079,4469,Savings,354915
12080,913,Current,368747
12081,1704,Current,232337
12082,843,Savings,456832
12083,3253,Current,228552
12084,2442,Current,253091
12085,7748,Current,83280
12086,3197,Savings,358876
12087,5069,Savings,315571
12088,46,Savings,193730
12089,7195,Current,168360
12090,7079,Savings,324495
12091,5019,Savings,173150
12092,5664,Savings,446854
12093,3907,Savings,421961
12094,3074,Savings,328335
12095,4195,Savings,370968
12096,7994,Savings,220387
12097,6553,Savings,380992
12098,5886,Savings,278269
12099,5525,Current,323483
12100,6565,Current,66286
12101,6967,Savings,114417
12102,916,Current,113960
12103,7808,Current,400537
12104,5168,Current,254417
12105,4301,Current,467789
12106,4449,Savings,386736
12107,9576,Savings,403659
12108,7692,Current,276907
12109,1886,Current,496335
12110,7359,Current,375127
12111,5497,Savings,45283
12112,905,Savings,97616
12113,3751,Savings,395828
12114,8418,Current,192697
12115,7277,Savings,135998
12116,5261,Current,165526
12117,5744,Current,168242
12118,9949,Current,454198
12119,7180,Savings,498003
12120,8000,Savings,74176
12121,7898,Savings,439120
12122,3570,Current,30242
12123,6285,Savings,448651
12124,6408,Savings,495784
12125,8646,Savings,487242
12126,4976,Current,428564
12127,6316,Savings,406606
12128,866,Current,203093
12129,8985,Savings,219039
12130,8817,Current,302421
12131,6850,Savings,185731
12132,8057,Current,218289
12133,7008,Current,143187
12134,5680,Current,426129
12135,8100,Current,352953
12136,192,Savings,389726
12137,2858,Savings,406860
12138,8532,Current,410361
12139,5313,Current,279802
12140,511,Savings,54492
12141,8073,Savings,286001
12142,1891,Current,241488
12143,917,Savings,448481
12144,5554,Current,27267
12145,4796,Savings,254056
12146,9478,Current,111678
12147,2798,Savings,120200
12148,3298,Current,132842
12149,363,Savings,205699
12150,6884,Savings,200154
12151,9516,Current,298898
12152,1628,Savings,15945
12153,3501,Current,440966
12154,1649,Savings,153671
12155,4451,Savings,229995
12156,7955,Current,259703
12157,7109,Current,211853
12158,8466,Current,70861
12159,2262,Current,419070
12160,4016,Savings,365745
12161,3637,Savings,310150
12162,2865,Savings,19434
12163,1801,Savings,24871
12164,9132,Savings,6855
12165,5741,Savings,154024
12166,7122,Savings,88133
12167,2746,Current,29356
12168,4220,Current,42824
12169,9504,Current,402897
12170,2559,Savings,351935
12171,1892,Current,211134
12172,6907,Savings,255244
12173,1042,Savings,342159
12174,196,Savings,282723
12175,307,Savings,363667
12176,5933,Savings,199374
12177,3463,Current,205509
12178,291,Savings,348131
12179,5884,Current,226472
12180,4905,Current,132760
12181,1261,Current,237496
12182,5110,Savings,468166
12183,8047,Current,353522
12184,4266,Savings,37648
12185,5800,Current,158219
12186,1229,Savings,137581
12187,5644,Savings,439032
12188,6910,Current,334429
12189,7586,Savings,141896
12190,9006,Savings,488326
12191,2671,Savings,491855
12192,16,Current,226932
12193,8749,Savings,56818
12194,1533,Savings,125493
12195,3514,Current,342973
12196,6819,Savings,328537
12197,4557,Savings,178156
12198,190,Savings,326797
12199,5493,Savings,264829
12200,4109,Savings,332586
12201,4158,Current,395207
12202,2506,Savings,242515
12203,4071,Savings,215297
12204,2793,Current,294853
12205,5718,Current,172338
12206,2657,Current,312884
12207,5299,Savings,108436
12208,9310,Current,297362
12209,4812,Savings,119328
12210,2813,Current,58488
12211,8420,Savings,283663
12212,2774,Savings,175634
12213,9215,Savings,22690
12214,4966,Current,188652
12215,1202,Savings,276528
12216,8289,Current,467739
12217,2451,Current,136459
12218,2620,Savings,296932
12219,9,Savings,196910
12220,9102,Current,149941
12221,7994,Savings,370651
12222,5049,Savings,355376
12223,6016,Current,60044
12224,7827,Current,235908
12225,5657,Savings,242501
12226,6019,Savings,102471
12227,251,Savings,180271
12228,6789,Savings,157023
12229,294,Current,466686
12230,1879,Current,449059
12231,7805,Savings,345331
12232,4359,Current,85789
12233,8172,Savings,436189
12234,8491,Savings,196352
12235,4213,Current,461930
12236,4178,Savings,385433
12237,7879,Savings,362200
12238,5481,Current,391038
12239,3971,Savings,489245
12240,1310,Current,132195
12241,2636,Savings,163095
12242,7867,Current,19832
12243,5588,Savings,400352
12244,478,Savings,408181
12245,4982,Current,448989
12246,3771,Current,447612
12247,5744,Savings,364316
12248,9025,Current,216172
12249,714,Savings,474642
12250,1215,Current,444823
12251,8566,Savings,80689
12252,6267,Savings,152123
12253,2071,Savings,467553
12254,7399,Savings,91715
12255,727,Savings,64691
12256,8483,Savings,325084
12257,8258,Savings,227289
12258,5699,Current,262213
12259,6851,Savings,55995
12260,7126,Savings,293277
12261,4824,Savings,182737
12262,3097,Current,401247
12263,6599,Savings,66173
12264,7017,Current,73009
12265,9159,Current,71026
12266,6958,Current,499838
12267,3680,Savings,119094
12268,1436,Current,347293
12269,6176,Current,257432
12270,6490,Savings,65997
12271,6229,Current,401730
12272,518,Current,429116
12273,4427,Current,33069
12274,5771,Savings,143747
12275,1573,Savings,482882
12276,632,Savings,347676
12277,3745,Current,380385
12278,5410,Savings,362299
12279,1994,Savings,211866
12280,103,Current,459033
12281,7888,Savings,185691
12282,6019,Savings,119478
12283,3289,Current,483425
12284,4088,Current,399297
12285,8457,Current,329441
12286,7440,Savings,299672
12287,5403,Current,219990
12288,8180,Current,411225
12289,2097,Savings,365244
12290,8986,Savings,151361
12291,360,Current,80213
12292,4728,Current,192496
12293,993,Current,284691
12294,5619,Current,486964
12295,2840,Savings,437199
12296,3907,Current,10166
12297,4432,Current,488580
12298,9742,Savings,433320
12299,9998,Current,263357
12300,2090,Savings,219923
12301,4111,Savings,202781
12302,7491,Current,5009
12303,9595,Savings,214003
12304,2197,Current,79221
12305,3039,Savings,413518
12306,9889,Current,165411
12307,7465,Current,306356
12308,1645,Savings,428727
12309,8482,Savings,60420
12310,7115,Current,240045
12311,2199,Current,463105
12312,9272,Current,373612
12313,4584,Current,34207
12314,1832,Current,244301
12315,176,Current,301084
12316,4173,Current,39827
12317,4907,Savings,181663
12318,4296,Current,415924
12319,1231,Current,184266
12320,7197,Current,418705
12321,6819,Savings,403469
12322,6828,Current,341902
12323,7530,Current,241567
12324,7885,Savings,142798
12325,852,Savings,8600
12326,6842,Current,428047
12327,8362,Savings,474378
12328,3596,Savings,301064
12329,8089,Current,378094
12330,8067,Current,445217
12331,5131,Savings,238704
12332,3034,Current,28730
12333,1849,Savings,479608
12334,469,Current,181566
12335,2477,Savings,67387
12336,8761,Savings,194246
12337,4571,Current,433697
12338,8823,Current,416950
12339,3573,Savings,399625
12340,4307,Savings,310276
12341,2152,Savings,66428
12342,3354,Savings,337470
12343,23,Current,162266
12344,1714,Current,139871
12345,6453,Current,265045
12346,309,Current,75305
12347,6804,Current,347361
12348,9926,Savings,215135
12349,4827,Current,229829
12350,1827,Savings,73672
12351,553,Current,496332
12352,1505,Savings,415083
12353,7610,Current,492085
12354,1141,Current,32861
12355,4993,Current,56121
12356,1436,Current,50469
12357,290,Current,224615
12358,7831,Current,247963
12359,6317,Savings,310206
12360,1342,Current,30509
12361,137,Current,30247
12362,6047,Savings,92088
12363,9346,Current,255024
12364,7298,Current,383972
12365,804,Current,147922
12366,6265,Current,273787
12367,3077,Current,152762
12368,1354,Current,74690
12369,5275,Current,349204
12370,7023,Savings,193194
12371,3131,Savings,340226
12372,4963,Current,450017
12373,7708,Current,255769
12374,8684,Current,102171
12375,2505,Current,129647
12376,7157,Savings,299570
12377,8043,Savings,336221
12378,7905,Savings,388027
12379,7765,Current,234278
12380,1655,Current,293979
12381,224,Current,314422
12382,6300,Savings,390257
12383,166,Savings,284663
12384,3494,Savings,499898
12385,8516,Current,413914
12386,8056,Savings,11765
12387,1846,Savings,446558
12388,9964,Savings,446371
12389,184,Savings,280111
12390,2924,Savings,293985
12391,8330,Current,59147
12392,4050,Current,218998
12393,6065,Savings,389151
12394,8264,Savings,231074
12395,9847,Current,179190
12396,1274,Current,211448
12397,631,Savings,454592
12398,8702,Current,172575
12399,2617,Savings,79413
12400,3329,Savings,409943
12401,5864,Current,329228
12402,4651,Current,432427
12403,5241,Savings,222812
12404,3785,Savings,441970
12405,3151,Current,274778
12406,3750,Savings,241835
12407,6690,Savings,155899
12408,7754,Savings,264611
12409,167,Current,119836
12410,9923,Current,388890
12411,4714,Current,62728
12412,2554,Savings,467970
12413,9370,Current,345501
12414,1733,Savings,410384
12415,317,Savings,282240
12416,2207,Current,274753
12417,6059,Current,471236
12418,5851,Savings,470212
12419,4902,Savings,363112
12420,1919,Savings,413601
12421,2728,Savings,23110
12422,8646,Current,250816
12423,5103,Savings,183147
12424,1187,Savings,364472
12425,3649,Savings,85401
12426,8523,Savings,211960
12427,5522,Current,426879
12428,2286,Savings,280281
12429,9800,Savings,50133
12430,890,Current,448415
12431,3344,Savings,167897
12432,9607,Savings,465087
12433,3531,Savings,331917
12434,6630,Savings,456735
12435,1514,Savings,147083
12436,6821,Current,155049
12437,4327,Current,475383
12438,5589,Savings,156905
12439,6014,Savings,41483
12440,5165,Savings,400210
12441,2963,Current,143243
12442,5168,Current,16266
12443,9523,Current,488967
12444,4247,Current,131551
12445,5934,Current,26111
12446,2281,Savings,345019
12447,1849,Current,491769
12448,785,Savings,290073
12449,4234,Current,205178
12450,8088,Current,8235
12451,417,Current,338231
12452,8719,Current,310920
12453,2765,Savings,429145
12454,8708,Current,472638
12455,5923,Current,418417
12456,9933,Current,315140
12457,4016,Current,171755
12458,8343,Current,414872
12459,6124,Current,29924
12460,8685,Savings,456581
12461,2003,Current,78601
12462,4040,Current,482289
12463,439,Savings,474182
12464,1138,Current,494989
12465,6166,Current,89127
12466,6961,Savings,148430
12467,7656,Savings,239593
12468,3880,Current,64675
12469,7809,Savings,291379
12470,7398,Current,97937
12471,7513,Current,39347
12472,9786,Current,156303
12473,5891,Current,464572
12474,6311,Current,307230
12475,9770,Current,69342
12476,6039,Savings,74162
12477,4228,Current,141186
12478,6300,Savings,126659
12479,3247,Savings,29299
12480,4771,Current,307681
12481,222,Savings,389782
12482,9680,Savings,111068
12483,2608,Savings,363391
12484,1776,Savings,44110
12485,7438,Savings,492241
12486,9715,Current,238813
12487,2389,Current,86754
12488,9652,Savings,350453
12489,4655,Savings,137028
12490,7195,Current,184244
12491,3511,Current,261754
12492,3535,Current,252892
12493,7938,Savings,480990
12494,483,Current,248810
12495,7962,Current,224916
12496,9110,Savings,77444
12497,3485,Savings,397127
12498,7043,Savings,497377
12499,2275,Savings,371915
12500,1780,Current,379778
12501,8016,Savings,145292
12502,5033,Savings,331123
12503,9509,Savings,47014
12504,2265,Savings,182697
12505,4406,Current,356661
12506,2189,Current,334186
12507,1924,Current,467205
12508,207,Savings,48485
12509,9125,Savings,352468
12510,5231,Current,77001
12511,3067,Savings,93292
12512,4761,Current,370598
12513,711,Savings,493587
12514,4392,Savings,110313
12515,717,Current,267550
12516,8829,Savings,107268
12517,9725,Current,120986
12518,7652,Current,452517
12519,6442,Current,251872
12520,6490,Current,36518
12521,7357,Current,309040
12522,3409,Savings,24868
12523,6848,Current,378752
12524,2523,Savings,125267
12525,4629,Savings,440831
12526,6887,Savings,356228
12527,4202,Savings,63333
12528,6229,Current,351722
12529,3786,Current,145842
12530,1552,Savings,372208
12531,2099,Savings,496626
12532,479,Savings,190583
12533,4545,Savings,18279
12534,106,Savings,354122
12535,6899,Savings,37975
12536,4772,Current,242176
12537,2583,Savings,381845
12538,4698,Current,222775
12539,6305,Current,335502
12540,4427,Current,338300
12541,5414,Current,295722
12542,1235,Current,354592
12543,4761,Current,432127
12544,275,Savings,307037
12545,899,Current,358108
12546,7977,Savings,56382
12547,7127,Current,293682
12548,401,Current,103618
12549,2072,Current,328107
12550,9613,Savings,321982
12551,4010,Current,121935
12552,5639,Savings,383827
12553,7459,Current,480492
12554,7811,Savings,391687
12555,3464,Current,98090
12556,7354,Savings,135752
12557,7860,Savings,329241
12558,6397,Savings,269293
12559,6411,Current,50761
12560,1954,Savings,457676
12561,6347,Current,235367
12562,250,Current,127952
12563,491,Savings,253651
12564,9354,Savings,375610
12565,4895,Current,242961
12566,4111,Current,251016
12567,4242,Savings,34454
12568,6540,Savings,22767
12569,968,Savings,227889
12570,1791,Current,129438
12571,4247,Savings,489668
12572,3586,Savings,496012
12573,7774,Savings,166459
12574,1233,Current,164536
12575,9732,Current,414653
12576,2805,Current,138758
12577,6691,Current,126484
12578,8293,Current,367776
12579,5869,Savings,457073
12580,8811,Savings,303993
12581,4921,Savings,489909
12582,5816,Current,18201
12583,1374,Current,316016
12584,5853,Current,247507
12585,7058,Current,156824
12586,5428,Current,389776
12587,9575,Savings,375340
12588,8625,Savings,416430
12589,7256,Savings,85266
12590,3946,Current,304251
12591,2932,Current,65441
12592,8076,Current,298811
12593,7537,Current,195096
12594,6281,Current,498473
12595,6871,Savings,57364
12596,6229,Savings,263150
12597,3009,Savings,371933
12598,422,Savings,55633
12599,7150,Current,196067
12600,3724,Current,288127
12601,1497,Current,88255
12602,8649,Savings,13547
12603,2071,Savings,5396
12604,2811,Current,312670
12605,3146,Savings,215602
12606,6047,Savings,263732
12607,366,Current,431196
12608,7306,Savings,122255
12609,488,Current,320546
12610,2438,Current,323357
12611,3529,Current,295023
12612,1190,Savings,54746
12613,6497,Current,5364
12614,889,Current,95242
12615,1461,Current,270396
12616,2837,Current,18470
12617,3625,Savings,257892
12618,8673,Current,111206
12619,5818,Savings,349502
12620,2875,Savings,375630
12621,4651,Current,369043
12622,2242,Savings,208827
12623,9767,Savings,490302
12624,9798,Current,114777
12625,4498,Current,87776
12626,8637,Savings,287572
12627,9916,Current,391382
12628,8222,Current,162048
12629,1518,Savings,423826
12630,3739,Current,452457
12631,9165,Current,382479
12632,5241,Current,24851
12633,9599,Current,96999
12634,7306,Current,60613
12635,7514,Savings,102121
12636,4929,Current,112070
12637,7285,Current,493429
12638,6367,Savings,207266
12639,750,Current,264367
12640,1879,Current,147018
12641,6533,Savings,221990
12642,3209,Savings,57893
12643,5895,Savings,58165
12644,5710,Current,398816
12645,747,Current,441679
12646,1815,Current,7354
12647,3811,Savings,117503
12648,3678,Savings,175577
12649,3335,Savings,409112
12650,5545,Savings,492742
12651,9975,Current,14792
12652,4881,Savings,238587
12653,4392,Current,306597
12654,8420,Savings,52706
12655,8712,Savings,212522
12656,6923,Savings,278301
12657,6158,Current,279059
12658,8277,Current,380129
12659,7352,Savings,75191
12660,784,Savings,177258
12661,1227,Savings,484471
12662,2117,Savings,385903
12663,1459,Current,129317
12664,6833,Savings,399301
12665,2262,Savings,253606
12666,7270,Savings,224294
12667,5440,Savings,195620
12668,9258,Savings,195916
12669,7137,Current,300245
12670,7638,Current,426802
12671,2365,Savings,397088
12672,8026,Current,104801
12673,2323,Savings,475823
12674,9066,Savings,293735
12675,1453,Current,331225
12676,1400,Savings,97684
12677,4408,Current,386467
12678,4442,Current,401522
12679,1299,Current,291264
12680,9643,Current,326462
12681,2592,Current,214995
12682,1690,Current,18526
12683,8596,Current,417059
12684,5557,Current,419664
12685,4855,Current,207149
12686,9750,Savings,317122
12687,2109,Savings,410071
12688,452,Current,232981
12689,965,Current,244783
12690,7379,Current,220591
12691,7121,Savings,485950
12692,9007,Current,153039
12693,3824,Current,391326
12694,3747,Savings,261854
12695,7347,Current,126364
12696,9682,Current,338797
12697,343,Savings,315732
12698,4658,Savings,81196
12699,7516,Current,237136
12700,6050,Savings,187394
12701,5471,Savings,46520
12702,5832,Current,429746
12703,496,Current,421797
12704,1098,Current,408564
12705,2721,Current,133794
12706,30,Savings,347885
12707,2160,Savings,466915
12708,4237,Current,425869
12709,8422,Savings,21418
12710,6202,Savings,228588
12711,9334,Savings,102906
12712,4682,Savings,279532
12713,9021,Current,458671
12714,9807,Current,364548
12715,1367,Current,36848
12716,4814,Current,325913
12717,9174,Savings,90683
12718,9135,Savings,292722
12719,5063,Current,103701
12720,491,Current,322542
12721,3646,Current,172699
12722,9650,Savings,464010
12723,5301,Current,33580
12724,319,Current,156737
12725,1662,Current,187211
12726,3473,Current,289954
12727,2184,Current,107053
12728,4612,Savings,215873
12729,8544,Savings,70884
12730,6188,Current,490287
12731,2260,Savings,257675
12732,6837,Current,454549
12733,2818,Current,363326
12734,3341,Current,231805
12735,9892,Savings,78341
12736,8637,Current,367254
12737,4783,Current,463849
12738,7665,Savings,215069
12739,936,Savings,64271
12740,1848,Current,235682
12741,5301,Current,102898
12742,300,Savings,284990
12743,9986,Savings,400450
12744,1285,Savings,41345
12745,9953,Savings,196301
12746,1285,Savings,293599
12747,8031,Current,260758
12748,2028,Current,38916
12749,5278,Savings,490186
12750,208,Savings,12709
12751,3191,Current,494805
12752,5451,Savings,152967
12753,6335,Current,429189
12754,3514,Current,382377
12755,8070,Savings,357872
12756,3125,Savings,369951
12757,5603,Savings,497083
12758,354,Current,39631
12759,8379,Savings,395401
12760,1465,Current,206060
12761,318,Savings,121055
12762,1505,Savings,404081
12763,2924,Savings,453471
12764,6231,Savings,114229
12765,1348,Savings,460801
12766,442,Current,412503
12767,8491,Current,171101
12768,1041,Savings,448048
12769,8329,Savings,70736
12770,7809,Savings,477758
12771,4001,Savings,441723
12772,4058,Savings,189641
12773,6409,Current,253388
12774,6640,Savings,55301
12775,4584,Savings,495975
12776,2053,Current,295915
12777,7953,Current,111430
12778,6420,Savings,371259
12779,3283,Current,440041
12780,5699,Current,15028
12781,6256,Current,313760
12782,6255,Current,168648
12783,1509,Current,99067
12784,6417,Current,462612
12785,4391,Savings,322531
12786,7713,Savings,209975
12787,2307,Savings,204613
12788,3761,Savings,13115
12789,3411,Savings,235539
12790,1959,Savings,70372
12791,6904,Savings,103271
12792,9969,Savings,475456
12793,7972,Current,9083
12794,3519,Current,339829
12795,4918,Savings,32220
12796,9763,Savings,179593
12797,7044,Current,399069
12798,9024,Savings,340599
12799,6187,Savings,378400
12800,8505,Savings,224505
12801,4288,Current,32474
12802,8051,Current,154477
12803,3744,Current,273700
12804,3896,Current,449372
12805,5576,Savings,92584
12806,9764,Savings,407778
12807,3576,Current,248402
12808,1379,Savings,358284
12809,8039,Current,355663
12810,9547,Savings,131583
12811,2649,Savings,216290
12812,1392,Current,191435
12813,3854,Current,427287
12814,6351,Current,287397
12815,6661,Current,234787
12816,7230,Savings,400842
12817,5355,Savings,482960
12818,1030,Savings,160642
12819,4774,Savings,204970
12820,8080,Current,327647
12821,3900,Current,37366
12822,6067,Savings,26545
12823,3937,Savings,355482
12824,3786,Savings,134394
12825,4281,Current,40951
12826,7490,Current,163790
12827,9217,Current,254434
12828,9350,Current,7845
12829,1856,Savings,357628
12830,3769,Current,235104
12831,679,Savings,118686
12832,7756,Current,303460
12833,4077,Current,52957
12834,3475,Current,221770
12835,9226,Savings,19440
12836,1542,Savings,104890
12837,7097,Savings,410279
12838,2527,Savings,440308
12839,5949,Savings,435735
12840,6089,Current,275239
12841,4098,Savings,367931
12842,3058,Current,463354
12843,7223,Savings,193582
12844,7367,Savings,431557
12845,2627,Savings,132797
12846,5153,Savings,36361
12847,7693,Savings,394292
12848,4469,Current,50017
12849,4057,Savings,423981
12850,145,Savings,211937
12851,635,Savings,37751
12852,3775,Savings,370916
12853,6926,Savings,196493
12854,4192,Current,367629
12855,9499,Savings,395707
12856,2289,Current,321845
12857,8364,Savings,455070
12858,5359,Savings,111014
12859,723,Current,320424
12860,9814,Savings,84971
12861,5920,Savings,218242
12862,499,Savings,222825
12863,2075,Savings,288644
12864,9728,Current,290558
12865,8206,Savings,349116
12866,3571,Current,227345
12867,7989,Current,261858
12868,9592,Savings,120770
12869,3769,Current,170792
12870,6309,Savings,99823
12871,2525,Savings,470453
12872,518,Savings,417680
12873,8534,Savings,306087
12874,2391,Current,121275
12875,3836,Current,297856
12876,3716,Current,200021
12877,6639,Savings,491959
12878,5362,Current,228928
12879,4559,Savings,222732
12880,9581,Current,465955
12881,5637,Savings,464762
12882,2490,Current,155781
12883,1795,Savings,56284
12884,5302,Savings,380230
12885,2041,Savings,86810
12886,7538,Current,404352
12887,2077,Savings,421363
12888,5765,Current,325806
12889,6730,Current,462637
12890,8848,Current,242511
12891,8520,Current,422913
12892,201,Savings,227318
12893,4756,Current,27686
12894,8857,Current,317892
12895,3060,Savings,190649
12896,1868,Current,124059
12897,5062,Current,104737
12898,2212,Savings,228546
12899,5961,Current,259805
12900,9500,Current,402366
12901,6886,Current,8124
12902,2414,Current,300534
12903,9646,Current,385240
12904,8085,Current,445457
12905,1051,Savings,114890
12906,7759,Current,6020
12907,38,Savings,170962
12908,9348,Savings,452510
12909,1068,Savings,162522
12910,974,Savings,68780
12911,7281,Current,215287
12912,9544,Savings,18906
12913,442,Savings,294249
12914,8490,Current,289856
12915,1335,Current,132905
12916,6458,Savings,245585
12917,193,Savings,24194
12918,5529,Savings,237971
12919,4544,Savings,156759
12920,8983,Savings,194672
12921,1448,Savings,51038
12922,117,Savings,378933
12923,8495,Current,8905
12924,9451,Savings,208254
12925,3401,Savings,106434
12926,9662,Current,399258
12927,885,Current,403015
12928,6577,Savings,369353
12929,6088,Savings,272591
12930,2927,Savings,149524
12931,8048,Savings,164095
12932,3185,Savings,207047
12933,510,Current,447237
12934,9338,Savings,368686
12935,3365,Current,469997
12936,9257,Current,440977
12937,3947,Current,87699
12938,6541,Current,292134
12939,276,Current,15059
12940,601,Savings,438176
12941,1103,Savings,388889
12942,1214,Savings,486116
12943,249,Savings,194125
12944,5697,Current,133132
12945,8613,Current,376059
12946,2291,Savings,398948
12947,205,Savings,324705
12948,5696,Savings,134869
12949,9674,Savings,499855
12950,9580,Current,84196
12951,5444,Current,255095
12952,274,Savings,423885
12953,2646,Savings,497955
12954,173,Savings,497117
12955,5013,Savings,423261
12956,5401,Current,265259
12957,8889,Savings,76575
12958,1892,Current,377616
12959,304,Savings,458277
12960,3576,Savings,195178
12961,5288,Current,158927
12962,2971,Current,141669
12963,2884,Savings,258951
12964,5217,Savings,185908
12965,1299,Savings,423486
12966,327,Current,332492
12967,3770,Savings,451936
12968,6677,Savings,396433
12969,3569,Savings,60297
12970,1278,Savings,219291
12971,1092,Savings,100038
12972,559,Savings,434094
12973,4705,Savings,71311
12974,9319,Savings,455158
12975,2470,Savings,464494
12976,4325,Savings,241744
12977,866,Current,498101
12978,1640,Current,100759
12979,345,Current,126913
12980,8415,Savings,52986
12981,8708,Current,283405
12982,4758,Savings,432556
12983,1607,Current,281220
12984,7615,Savings,284877
12985,2671,Savings,107172
12986,4170,Savings,362476
12987,6850,Current,80482
12988,6821,Savings,87962
12989,2470,Savings,51611
12990,1715,Current,399650
12991,5278,Savings,204330
12992,2101,Current,419826
12993,9615,Current,298064
12994,7145,Savings,389415
12995,9136,Current,479917
12996,7507,Savings,159970
12997,7670,Savings,210126
12998,7432,Current,400762
12999,806,Savings,265246
13000,1138,Savings,263908
13001,8528,Current,218553
13002,4099,Current,180162
13003,1367,Current,53663
13004,1893,Savings,260149
13005,748,Savings,17993
13006,9925,Savings,477337
13007,1040,Current,41852
13008,4302,Savings,123084
13009,9456,Savings,209417
13010,320,Savings,65485
13011,3997,Current,52497
13012,6839,Current,325448
13013,6656,Savings,5769
13014,9219,Current,420607
13015,2415,Current,73969
13016,6816,Current,31247
13017,4235,Savings,246719
13018,1793,Savings,116373
13019,4906,Current,81919
13020,5884,Savings,371033
13021,4080,Savings,357250
13022,1086,Savings,53511
13023,5543,Current,275529
13024,2667,Current,53422
13025,9284,Savings,376102
13026,5076,Current,392125
13027,9708,Current,326308
13028,6472,Savings,231933
13029,6952,Current,486705
13030,4652,Savings,444524
13031,4041,Savings,287528
13032,580,Current,106274
13033,9183,Savings,458726
13034,6629,Savings,220085
13035,3279,Current,123993
13036,607,Savings,213072
13037,4162,Current,476535
13038,2213,Current,293149
13039,5018,Savings,167938
13040,1998,Savings,415954
13041,7562,Current,39471
13042,4559,Savings,97863
13043,7363,Savings,93954
13044,9430,Current,294682
13045,947,Savings,145931
13046,9048,Savings,419660
13047,7286,Current,381042
13048,8488,Savings,225554
13049,9004,Current,439328
13050,8744,Current,171937
13051,8840,Current,338034
13052,9438,Current,295684
13053,4468,Current,215163
13054,1807,Current,300190
13055,98,Savings,107640
13056,9938,Savings,405154
13057,7769,Savings,329564
13058,5341,Savings,418333
13059,3362,Savings,426957
13060,9747,Savings,468162
13061,656,Current,302882
13062,3210,Savings,310874
13063,9199,Savings,496486
13064,2707,Current,106885
13065,1001,Savings,16629
13066,2050,Current,328075
13067,1349,Current,290714
13068,8250,Current,482506
13069,4374,Current,71741
13070,8810,Current,392852
13071,8471,Current,367061
13072,8843,Current,421303
13073,8450,Current,6318
13074,4416,Current,350548
13075,3358,Savings,290473
13076,8317,Current,99554
13077,3856,Current,181709
13078,6258,Savings,482185
13079,9279,Savings,310450
13080,2322,Savings,330469
13081,6456,Savings,219236
13082,6402,Current,180613
13083,3358,Current,370193
13084,8574,Savings,185033
13085,6776,Savings,325701
13086,3287,Current,75462
13087,8432,Savings,487764
13088,9987,Current,390608
13089,5202,Current,156717
13090,6085,Current,354607
13091,8199,Current,299946
13092,6339,Savings,381033
13093,6845,Savings,319410
13094,2704,Current,369387
13095,7923,Current,126735
13096,6557,Current,27350
13097,4811,Savings,67016
13098,8069,Current,366593
13099,6984,Savings,162152
13100,6210,Current,212084
13101,206,Current,424081
13102,1167,Current,81309
13103,8787,Savings,199049
13104,787,Savings,16844
13105,2918,Savings,378507
13106,3620,Savings,83200
13107,711,Current,30588
13108,2001,Current,418842
13109,9505,Savings,144413
13110,2607,Current,390873
13111,6239,Current,215223
13112,7294,Savings,244915
13113,2773,Savings,82816
13114,2925,Current,139939
13115,8106,Current,69120
13116,4419,Savings,285459
13117,7216,Current,283735
13118,1858,Current,267596
13119,2476,Savings,279639
13120,7770,Savings,398895
13121,9449,Current,455034
13122,5099,Savings,377639
13123,4131,Savings,71754
13124,4184,Current,485590
13125,2989,Savings,353793
13126,3014,Savings,496448
13127,2824,Current,283683
13128,5957,Current,488683
13129,9468,Current,436008
13130,9685,Current,125450
13131,5754,Savings,348201
13132,4872,Savings,183673
13133,2990,Savings,490884
13134,5497,Savings,342575
13135,1808,Current,177433
13136,5357,Savings,477819
13137,8263,Current,430840
13138,681,Current,468206
13139,1409,Savings,326931
13140,8091,Savings,439807
13141,3811,Savings,380328
13142,9184,Current,337013
13143,9609,Current,107914
13144,4666,Current,154965
13145,9683,Current,15119
13146,1015,Current,156273
13147,6341,Current,450124
13148,8430,Savings,301470
13149,2332,Savings,245016
13150,9713,Savings,16660
13151,7253,Savings,486527
13152,5922,Savings,428591
13153,3474,Current,194242
13154,8400,Current,197275
13155,197,Current,332518
13156,4158,Current,385225
13157,1774,Current,123429
13158,3323,Current,90437
13159,1815,Savings,234165
13160,9699,Current,311736
13161,8672,Current,433863
13162,66,Savings,128473
13163,3957,Savings,64751
13164,1393,Savings,42339
13165,4067,Current,41122
13166,7517,Current,389619
13167,7580,Current,278437
13168,6713,Savings,284563
13169,9839,Current,442178
13170,1301,Current,333510
13171,740,Savings,472966
13172,2380,Current,401205
13173,2880,Savings,484254
13174,4976,Current,421555
13175,5941,Current,137301
13176,20,Current,242733
13177,2378,Current,66912
13178,4440,Current,338812
13179,9573,Current,344099
13180,690,Savings,421695
13181,6003,Savings,225732
13182,1259,Current,490488
13183,5941,Savings,412661
13184,3583,Current,353669
13185,7399,Savings,178052
13186,3300,Current,35520
13187,2343,Current,171880
13188,2668,Current,250341
13189,3883,Current,355057
13190,6537,Savings,353972
13191,6104,Savings,190120
13192,5873,Current,134340
13193,9154,Savings,345539
13194,7542,Current,101102
13195,1275,Current,27081
13196,7223,Savings,9816
13197,6243,Savings,275476
13198,5644,Current,268744
13199,2369,Savings,265172
13200,9951,Savings,265278
13201,4674,Current,158323
13202,7343,Savings,90924
13203,975,Savings,449581
13204,9009,Savings,58140
13205,6972,Current,483126
13206,5920,Savings,200826
13207,1971,Current,361524
13208,5750,Savings,350213
13209,6902,Savings,334729
13210,9095,Current,103936
13211,2226,Savings,79897
13212,3926,Current,216703
13213,4605,Savings,451989
13214,2894,Current,39633
13215,4492,Current,193853
13216,3564,Current,351385
13217,3638,Savings,31781
13218,1490,Savings,17915
13219,3356,Current,391111
13220,6989,Savings,310903
13221,8089,Current,85369
13222,9913,Current,133639
13223,9854,Savings,64264
13224,4640,Current,491705
13225,4711,Savings,398348
13226,7511,Savings,439830
13227,2619,Savings,242460
13228,1020,Current,274406
13229,3403,Savings,168191
13230,6935,Savings,108781
13231,3669,Savings,28954
13232,7638,Current,201685
13233,8506,Savings,189524
13234,4966,Current,27241
13235,7353,Current,146847
13236,2519,Current,164715
13237,6299,Current,213190
13238,1804,Current,96799
13239,1953,Savings,140941
13240,6916,Current,465126
13241,971,Savings,417442
13242,9658,Savings,420346
13243,51,Savings,80264
13244,3754,Current,294672
13245,3804,Current,243970
13246,8904,Current,246565
13247,6883,Savings,332078
13248,1743,Savings,441265
13249,8257,Savings,335198
13250,2181,Current,219747
13251,2495,Savings,245112
13252,4754,Current,389011
13253,8244,Savings,376893
13254,5406,Current,10651
13255,4747,Savings,65246
13256,5559,Savings,450643
13257,4826,Savings,322986
13258,4777,Current,390469
13259,8956,Current,196049
13260,6484,Savings,410321
13261,6420,Savings,315747
13262,5642,Savings,17981
13263,3053,Current,451805
13264,2463,Savings,400203
13265,2123,Current,258632
13266,4864,Current,65819
13267,634,Current,343225
13268,5931,Savings,482090
13269,129,Savings,484247
13270,8635,Current,262201
13271,6521,Current,430420
13272,2881,Savings,290838
13273,1061,Savings,180363
13274,3213,Current,428160
13275,2461,Savings,427884
13276,5392,Current,423171
13277,6031,Savings,137393
13278,3190,Current,295547
13279,4611,Savings,176933
13280,513,Savings,289822
13281,8806,Savings,69147
13282,4510,Current,136744
13283,9903,Current,410157
13284,2957,Savings,441972
13285,2406,Savings,186708
13286,5164,Savings,131137
13287,6786,Savings,180493
13288,4994,Savings,335079
13289,8851,Savings,18411
13290,8679,Current,313709
13291,9221,Savings,410896
13292,9691,Current,162172
13293,2527,Savings,492227
13294,2998,Savings,104682
13295,8911,Current,156660
13296,5554,Current,350156
13297,1541,Current,51223
13298,3408,Savings,455132
13299,3659,Current,363973
13300,868,Savings,255607
13301,1571,Savings,276351
13302,2507,Current,9808
13303,8652,Current,48773
13304,8022,Current,134489
13305,3769,Savings,385337
13306,7621,Current,166337
13307,5529,Current,375770
13308,6465,Current,40480
13309,3491,Current,34118
13310,1456,Savings,58607
13311,8993,Savings,485695
13312,20,Savings,98293
13313,8286,Current,18557
13314,2399,Current,206885
13315,2686,Current,74792
13316,8549,Savings,374625
13317,2655,Current,56326
13318,6986,Current,353637
13319,259,Savings,93679
13320,7896,Current,330854
13321,8133,Current,275282
13322,6160,Current,258704
13323,4558,Current,23652
13324,3253,Savings,229995
13325,3234,Savings,365067
13326,4574,Current,195555
13327,5607,Savings,450920
13328,8026,Savings,415405
13329,2011,Savings,218531
13330,3463,Current,352744
13331,866,Savings,281838
13332,8427,Current,409004
13333,1595,Current,114033
13334,4872,Current,164998
13335,1905,Current,390270
13336,1276,Savings,318942
13337,5345,Current,384954
13338,6234,Current,29767
13339,3469,Savings,317517
13340,1713,Savings,165927
13341,1582,Savings,216976
13342,1699,Current,144583
13343,1453,Current,151525
13344,6404,Current,499051
13345,5532,Savings,154364
13346,6501,Current,464052
13347,4821,Savings,441729
13348,2103,Current,208391
13349,9310,Savings,143014
13350,8049,Savings,426346
13351,533,Savings,457627
13352,9886,Current,311817
13353,6334,Current,229226
13354,6483,Current,489731
13355,5683,Savings,404630
13356,8,Current,264780
13357,841,Savings,238498
13358,3381,Savings,290418
13359,8545,Current,275983
13360,9177,Savings,482321
13361,3286,Current,79387
13362,275,Savings,467136
13363,8554,Current,194603
13364,3901,Savings,322336
13365,9827,Current,244229
13366,9713,Savings,185827
13367,2829,Current,322931
13368,2205,Current,241762
13369,6258,Savings,202276
13370,6622,Current,434765
13371,636,Current,239959
13372,9092,Savings,331203
13373,9790,Current,468096
13374,6785,Current,307561
13375,4488,Current,191664
13376,4153,Current,19040
13377,3872,Savings,187391
13378,2417,Savings,226085
13379,6739,Current,473073
13380,2924,Savings,307069
13381,9979,Savings,187773
13382,9458,Savings,20306
13383,8887,Current,266386
13384,3122,Current,406487
13385,9714,Current,106769
13386,9843,Savings,180722
13387,6953,Savings,69190
13388,6052,Savings,499673
13389,9211,Current,135012
13390,577,Savings,330456
13391,146,Current,314822
13392,5418,Current,117320
13393,6774,Current,364538
13394,5196,Current,452009
13395,8092,Current,195862
13396,1922,Current,227123
13397,1830,Current,155856
13398,3706,Savings,474726
13399,5990,Current,477468
13400,2968,Current,250269
13401,2682,Current,132083
13402,1470,Current,349532
13403,2243,Current,121972
13404,716,Savings,470095
13405,7808,Current,144554
13406,1039,Savings,456049
13407,9069,Savings,306660
13408,6645,Savings,263873
13409,4787,Savings,5699
13410,9256,Current,33297
13411,2928,Savings,313499
13412,3888,Savings,384824
13413,4414,Savings,152402
13414,5214,Savings,440821
13415,4106,Savings,306913
13416,7404,Current,70971
13417,4687,Current,281186
13418,9696,Savings,307645
13419,3510,Current,298170
13420,9176,Current,475667
13421,9062,Current,14041
13422,9822,Current,250613
13423,2855,Savings,248740
13424,6959,Current,248013
13425,6065,Current,253705
13426,2719,Savings,121500
13427,4549,Savings,198580
13428,8523,Savings,407518
13429,5810,Savings,334568
13430,7560,Current,380090
13431,3012,Current,278417
13432,9703,Current,498167
13433,3263,Savings,74649
13434,9828,Savings,246397
13435,6732,Current,434013
13436,4091,Current,18128
13437,8622,Current,458148
13438,7396,Current,301863
13439,6457,Current,187483
13440,6258,Savings,73892
13441,1132,Savings,300775
13442,2552,Current,297462
13443,8667,Savings,305369
13444,9699,Current,366609
13445,3323,Current,486084
13446,8294,Savings,208504
13447,1535,Current,393969
13448,8881,Savings,283282
13449,3242,Current,33555
13450,3237,Current,305636
13451,353,Current,49847
13452,1109,Current,437658
13453,7806,Savings,86121
13454,7624,Current,371866
13455,1045,Savings,122207
13456,8335,Current,370329
13457,9848,Savings,171570
13458,9612,Savings,179579
13459,3336,Savings,459870
13460,271,Savings,142926
13461,8265,Current,132573
13462,3414,Savings,326203
13463,5179,Savings,455770
13464,4192,Current,327282
13465,5565,Current,177094
13466,8572,Current,89626
13467,6686,Current,151290
13468,6542,Current,423397
13469,6759,Current,201350
13470,3490,Current,390734
13471,1588,Current,248026
13472,5047,Savings,282780
13473,9113,Current,415682
13474,360,Current,143793
13475,8697,Savings,422391
13476,2786,Current,268821
13477,9764,Current,497370
13478,2306,Current,499089
13479,252,Current,207631
13480,1941,Savings,373362
13481,3579,Savings,70974
13482,1768,Savings,289522
13483,6723,Savings,247537
13484,7237,Savings,9184
13485,4599,Current,424411
13486,4802,Savings,208295
13487,6464,Savings,137309
13488,403,Current,182081
13489,2543,Current,262041
13490,5101,Savings,84601
13491,1717,Savings,30013
13492,9473,Current,279626
13493,3097,Savings,284075
13494,7296,Savings,162229
13495,6612,Savings,260623
13496,2842,Current,170852
13497,8291,Current,421919
13498,1170,Current,91509
13499,8166,Current,176749
13500,1752,Current,421389
13501,1618,Savings,492058
13502,9194,Current,111692
13503,9187,Current,25838
13504,6735,Current,70547
13505,8041,Savings,358911
13506,8574,Savings,126199
13507,2530,Current,489193
13508,4780,Current,41281
13509,6913,Current,447590
13510,3109,Savings,318538
13511,4297,Savings,434863
13512,9243,Savings,460921
13513,7935,Savings,96220
13514,7662,Current,186177
13515,3543,Current,230278
13516,3555,Current,162713
13517,8216,Current,497484
13518,1121,Current,449883
13519,8777,Current,384652
13520,1423,Current,80959
13521,3810,Current,15723
13522,9324,Current,258150
13523,6936,Savings,174323
13524,4282,Current,317140
13525,1516,Current,465981
13526,7768,Current,123996
13527,1616,Current,373158
13528,3953,Savings,305899
13529,3708,Savings,51477
13530,7609,Current,339748
13531,4994,Savings,308276
13532,6241,Current,221056
13533,2227,Savings,483504
13534,5198,Current,5108
13535,391,Savings,236051
13536,1855,Current,417099
13537,3851,Current,487611
13538,6353,Savings,83157
13539,6058,Savings,368542
13540,1532,Current,29488
13541,9104,Savings,443814
13542,6292,Savings,51470
13543,6440,Savings,453162
13544,991,Savings,491618
13545,9358,Current,202010
13546,1802,Savings,84730
13547,3618,Current,128463
13548,2721,Current,461771
13549,7082,Current,415182
13550,7706,Current,215411
13551,8566,Savings,251435
13552,9236,Current,361980
13553,5871,Current,132236
13554,2532,Current,146332
13555,4400,Savings,261350
13556,6040,Savings,46346
13557,3129,Savings,287522
13558,5915,Current,326619
13559,1130,Savings,161563
13560,6456,Current,394164
13561,8395,Savings,164651
13562,8329,Savings,104896
13563,3471,Current,445519
13564,6404,Savings,497118
13565,7086,Current,487117
13566,6896,Current,94491
13567,6263,Current,57373
13568,827,Savings,364098
13569,3819,Current,435492
13570,4015,Current,199582
13571,6180,Current,156085
13572,9212,Savings,397882
13573,1620,Current,140044
13574,7247,Current,303342
13575,6811,Current,37889
13576,8693,Savings,23544
13577,7831,Current,245414
13578,3769,Current,86312
13579,8723,Savings,388360
13580,7795,Savings,115368
13581,4991,Savings,440588
13582,4639,Current,195204
13583,3174,Savings,264444
13584,883,Savings,324601
13585,8381,Current,73980
13586,3062,Savings,221971
13587,745,Current,479411
13588,1729,Current,77224
13589,3886,Savings,391759
13590,4927,Savings,335600
13591,9602,Savings,108579
13592,2996,Savings,410701
13593,9962,Current,482935
13594,4658,Current,192519
13595,410,Savings,238374
13596,6758,Savings,234100
13597,5877,Savings,359682
13598,5247,Current,143157
13599,9486,Savings,497691
13600,6293,Savings,76770
13601,1587,Savings,81363
13602,4599,Savings,446066
13603,2593,Savings,335212
13604,218,Current,449526
13605,8121,Savings,344947
13606,2561,Current,195080
13607,2518,Savings,432518
13608,7658,Current,196491
13609,4012,Current,289557
13610,3659,Current,7757
13611,4699,Current,128254
13612,3203,Savings,120922
13613,8891,Current,301122
13614,6886,Savings,42323
13615,2283,Savings,46838
13616,8007,Current,452845
13617,4923,Current,407952
13618,5846,Current,425901
13619,4687,Current,68164
13620,9961,Current,199196
13621,9164,Savings,395750
13622,6938,Savings,177508
13623,8477,Savings,441092
13624,985,Savings,330535
13625,1670,Current,464119
13626,1877,Savings,143123
13627,836,Savings,179165
13628,3766,Current,18161
13629,1393,Current,492529
13630,3781,Savings,253302
13631,6038,Savings,129490
13632,4096,Savings,213412
13633,2309,Savings,360560
13634,2069,Current,134775
13635,8826,Savings,213966
13636,7466,Current,462860
13637,7853,Savings,249293
13638,6418,Current,204621
13639,5800,Current,476741
13640,2420,Savings,60558
13641,3291,Current,173756
13642,9110,Current,405506
13643,4101,Current,362262
13644,7851,Savings,238584
13645,1974,Current,164841
13646,8309,Savings,474409
13647,4976,Savings,76347
13648,4815,Savings,236681
13649,7770,Current,484689
13650,9822,Current,85021
13651,4681,Savings,42476
13652,2363,Current,97257
13653,9791,Savings,276622
13654,9805,Current,158386
13655,3689,Current,22415
13656,3325,Savings,386572
13657,9419,Current,315177
13658,7838,Savings,186464
13659,5634,Savings,74387
13660,4148,Current,202561
13661,219,Current,372628
13662,2835,Current,499760
13663,2159,Savings,492631
13664,6154,Savings,432614
13665,7412,Savings,487315
13666,5143,Savings,119893
13667,7312,Current,52491
13668,2737,Savings,387042
13669,6744,Savings,383131
13670,1842,Savings,281673
13671,3144,Current,228042
13672,9602,Current,107244
13673,8540,Current,153223
13674,2686,Current,378191
13675,5631,Current,374174
13676,1105,Current,123197
13677,5921,Savings,156797
13678,1321,Savings,78639
13679,1182,Savings,193783
13680,1444,Current,194590
13681,6549,Current,168161
13682,5799,Current,279728
13683,831,Savings,338519
13684,9365,Savings,477305
13685,3760,Savings,105794
13686,1407,Savings,223273
13687,1569,Savings,272969
13688,6361,Current,478000
13689,198,Current,208339
13690,5047,Current,305077
13691,207,Savings,467593
13692,4676,Savings,475661
13693,6962,Current,7473
13694,3368,Savings,412065
13695,5748,Savings,38237
13696,7002,Current,273011
13697,1578,Current,361090
13698,9063,Savings,193635
13699,1519,Current,352561
13700,9779,Savings,480271
13701,152,Current,476231
13702,4849,Savings,77526
13703,4780,Savings,266230
13704,94,Savings,498182
13705,7981,Current,382661
13706,2162,Savings,273324
13707,7986,Current,48538
13708,2750,Current,69587
13709,6000,Savings,16200
13710,2313,Savings,234665
13711,9969,Savings,157360
13712,3972,Savings,138062
13713,7763,Current,47340
13714,3843,Current,448525
13715,143,Current,20848
13716,7596,Savings,57579
13717,6379,Current,118814
13718,1319,Savings,397481
13719,2344,Savings,351704
13720,9805,Current,193253
13721,4429,Current,475104
13722,5821,Current,481904
13723,6450,Current,420924
13724,1398,Current,86416
13725,6186,Current,180200
13726,738,Savings,385260
13727,9852,Current,108471
13728,4220,Current,76138
13729,3159,Savings,358150
13730,9980,Savings,186541
13731,6248,Savings,475946
13732,6365,Savings,47035
13733,7529,Current,413123
13734,5967,Savings,228146
13735,3600,Savings,104827
13736,6142,Current,306948
13737,104,Savings,52900
13738,6437,Savings,56431
13739,1202,Current,216397
13740,6085,Current,317154
13741,2999,Current,227004
13742,1177,Current,56804
13743,4027,Savings,45621
13744,4624,Savings,404341
13745,8995,Savings,233809
13746,8315,Current,369015
13747,2235,Current,487803
13748,1325,Savings,63945
13749,9080,Current,163604
13750,6512,Savings,451401
13751,6680,Current,129327
13752,228,Current,498947
13753,3428,Savings,209334
13754,7937,Current,249539
13755,2188,Current,353547
13756,6166,Savings,66149
13757,3875,Savings,228596
13758,503,Current,389889
13759,8827,Savings,13254
13760,9492,Savings,374004
13761,6356,Savings,275281
13762,7396,Savings,264012
13763,5640,Savings,341843
13764,9503,Current,454404
13765,8831,Savings,284879
13766,1105,Savings,71951
13767,7920,Current,199098
13768,4169,Current,108534
13769,1330,Savings,164196
13770,4958,Current,219637
13771,9150,Current,80321
13772,5666,Savings,406869
13773,902,Current,53005
13774,6291,Current,23618
13775,4915,Savings,474511
13776,8468,Current,293883
13777,367,Savings,187412
13778,1383,Savings,378117
13779,5860,Current,476512
13780,8911,Savings,370495
13781,7012,Savings,379087
13782,8302,Current,484795
13783,2654,Savings,179194
13784,6138,Savings,262166
13785,3015,Current,416511
13786,2253,Savings,328519
13787,6551,Current,326665
13788,9011,Savings,323458
13789,9551,Savings,117594
13790,6584,Savings,70251
13791,3606,Current,222575
13792,7895,Current,328077
13793,2915,Savings,197974
13794,6453,Savings,148689
13795,7816,Savings,28594
13796,5958,Current,49422
13797,7659,Current,259271
13798,3560,Current,43211
13799,54,Savings,423023
13800,5366,Savings,432726
13801,8343,Savings,173840
13802,5827,Savings,127911
13803,748,Savings,458950
13804,2065,Savings,63611
13805,9146,Current,287978
13806,9135,Current,68146
13807,4377,Current,463226
13808,4640,Savings,202050
13809,4847,Savings,209146
13810,1025,Savings,18620
13811,135,Savings,252317
13812,4903,Savings,396356
13813,6107,Savings,414352
13814,8121,Current,100665
13815,6328,Current,77138
13816,5269,Savings,265071
13817,8208,Savings,463141
13818,1381,Savings,9319
13819,7412,Current,345293
13820,7620,Current,98429
13821,1079,Savings,489474
13822,6817,Savings,365204
13823,4819,Current,149461
13824,3703,Savings,339336
13825,9987,Savings,488497
13826,9791,Current,196616
13827,5328,Savings,67504
13828,8404,Savings,358472
13829,7354,Current,13468
13830,3246,Savings,192358
13831,2037,Current,121828
13832,413,Current,269089
13833,9574,Current,200868
13834,184,Current,298888
13835,8419,Savings,427108
13836,1637,Current,458382
13837,6929,Savings,440374
13838,1076,Current,410426
13839,132,Current,239347
13840,217,Savings,287308
13841,9024,Current,484177
13842,6097,Savings,354626
13843,8870,Current,33097
13844,9721,Savings,18623
13845,6726,Savings,302441
13846,4092,Savings,76301
13847,101,Current,32189
13848,3393,Current,341753
13849,7939,Current,44153
13850,3963,Current,41148
13851,1927,Savings,448063
13852,5875,Savings,275248
13853,9454,Savings,271702
13854,9724,Current,423288
13855,2811,Current,174004
13856,1640,Savings,5465
13857,6861,Savings,253259
13858,1201,Current,162865
13859,488,Savings,429229
13860,6887,Savings,166494
13861,9030,Savings,349407
13862,932,Savings,271491
13863,7100,Current,78952
13864,4180,Savings,45429
13865,9017,Savings,318417
13866,8765,Savings,249037
13867,6633,Current,98537
13868,3878,Savings,99638
13869,1323,Savings,249472
13870,7466,Savings,429095
13871,9721,Savings,88670
13872,8198,Current,46936
13873,6276,Current,479102
13874,8082,Savings,447929
13875,612,Savings,214368
13876,98,Current,137140
13877,6124,Current,199395
13878,2810,Current,407443
13879,8691,Savings,485162
13880,9419,Current,442030
13881,1500,Current,106898
13882,6492,Savings,112281
13883,7712,Current,475193
13884,699,Current,473715
13885,6045,Current,447336
13886,9409,Current,184307
13887,7315,Current,258865
13888,7862,Savings,23424
13889,8474,Current,130491
13890,3026,Savings,307898
13891,7313,Savings,158461
13892,6648,Savings,277094
13893,7190,Current,337002
13894,4085,Savings,341777
13895,3976,Savings,327264
13896,1513,Savings,100117
13897,3539,Current,322678
13898,7176,Current,66333
13899,2336,Current,431008
13900,7333,Current,318928
13901,6290,Savings,252906
13902,5811,Savings,460142
13903,5149,Savings,368697
13904,6104,Current,254218
13905,439,Savings,25432
13906,4244,Savings,66579
13907,6133,Current,348211
13908,8161,Savings,315181
13909,9058,Current,127289
13910,5121,Current,113694
13911,5068,Savings,11133
13912,5634,Savings,396357
13913,8446,Current,253943
13914,5279,Savings,171442
13915,6463,Current,461668
13916,6900,Current,240048
13917,8135,Savings,151784
13918,5144,Savings,35630
13919,7488,Savings,377999
13920,6523,Savings,24878
13921,9440,Savings,70777
13922,2843,Current,190235
13923,5911,Savings,293026
13924,1108,Current,169767
13925,2990,Current,66819
13926,9088,Savings,437645
13927,6315,Savings,435190
13928,1040,Current,294670
13929,8212,Savings,339290
13930,2860,Current,168329
13931,913,Current,305856
13932,6337,Current,42074
13933,7339,Savings,485412
13934,645,Savings,119011
13935,8661,Savings,370949
13936,1417,Savings,18332
13937,3158,Current,363613
13938,885,Savings,375393
13939,6449,Current,110702
13940,1130,Current,105013
13941,1963,Savings,474945
13942,8812,Savings,464738
13943,6792,Savings,354609
13944,7163,Savings,141176
13945,4922,Savings,95516
13946,3794,Current,374637
13947,9190,Savings,63718
13948,5155,Current,12225
13949,5796,Current,275898
13950,8123,Savings,119347
13951,7272,Savings,180958
13952,3459,Current,429691
13953,1808,Current,405174
13954,1688,Savings,338399
13955,213,Savings,49263
13956,4027,Current,270901
13957,8136,Savings,247805
13958,4385,Current,463654
13959,9237,Current,455792
13960,3707,Savings,220961
13961,1718,Current,19626
13962,8174,Current,106557
13963,6452,Savings,92146
13964,7010,Savings,319480
13965,5077,Current,399265
13966,4542,Savings,410732
13967,6244,Current,419933
13968,3087,Current,440901
13969,4788,Current,108046
13970,6403,Savings,356996
13971,4158,Current,369298
13972,8673,Savings,114472
13973,6099,Current,308455
13974,8671,Current,55311
13975,2972,Savings,164261
13976,4197,Savings,110898
13977,6339,Savings,266389
13978,919,Current,461020
13979,9879,Current,372373
13980,4105,Savings,472618
13981,7534,Savings,225412
13982,2088,Savings,406411
13983,5061,Current,98162
13984,9109,Savings,192980
13985,7182,Current,386825
13986,9287,Savings,437597
13987,7098,Savings,499586
13988,3350,Savings,268924
13989,233,Savings,98316
13990,3441,Current,273268
13991,7898,Savings,442165
13992,2063,Savings,405628
13993,1471,Savings,73906
13994,7623,Current,292560
13995,409,Savings,159973
13996,1177,Current,356125
13997,6637,Current,305041
13998,7677,Savings,110813
13999,6589,Current,259764
14000,8671,Current,367971
14001,5000,Current,233844
14002,8475,Current,182861
14003,1025,Current,394919
14004,3047,Savings,32698
14005,8201,Current,12725
14006,6147,Current,269671
14007,816,Current,442063
14008,1214,Current,82804
14009,9098,Savings,360051
14010,2671,Current,458653
14011,8463,Savings,347131
14012,5123,Current,25807
14013,6562,Savings,482796
14014,7721,Savings,250175
14015,891,Current,91176
14016,2373,Current,384122
14017,8639,Current,362939
14018,4598,Savings,406129
14019,3529,Savings,393859
14020,9770,Current,381847
14021,2893,Savings,407303
14022,927,Current,123573
14023,2278,Savings,468903
14024,2250,Current,408386
14025,5204,Savings,66028
14026,6748,Savings,18061
14027,4430,Savings,450330
14028,6454,Savings,175204
14029,6551,Savings,228439
14030,1472,Current,332878
14031,1998,Current,444940
14032,9002,Current,28013
14033,9058,Current,481851
14034,7612,Current,252528
14035,6097,Current,46753
14036,4279,Current,260523
14037,5411,Current,322167
14038,8901,Current,491363
14039,8536,Current,344311
14040,259,Savings,496910
14041,7895,Current,122313
14042,9995,Savings,101114
14043,9362,Savings,245800
14044,3506,Savings,178849
14045,2448,Current,14110
14046,7498,Savings,446516
14047,8947,Savings,89397
14048,8317,Current,25036
14049,989,Savings,50003
14050,7567,Current,422886
14051,5163,Savings,344298
14052,4839,Current,173946
14053,1293,Savings,202538
14054,6765,Current,186909
14055,2171,Savings,215897
14056,3878,Savings,465659
14057,5583,Savings,8516
14058,8290,Current,330563
14059,5004,Current,306341
14060,9885,Savings,141069
14061,3683,Current,69842
14062,6272,Current,127818
14063,6505,Savings,124134
14064,5937,Savings,58266
14065,4362,Savings,434191
14066,7990,Current,45040
14067,8748,Current,18103
14068,2194,Savings,283410
14069,345,Current,256248
14070,7794,Savings,32379
14071,5801,Savings,431962
14072,9369,Savings,114128
14073,5073,Savings,352548
14074,4031,Current,210657
14075,616,Savings,469768
14076,3737,Savings,326618
14077,1036,Savings,105210
14078,3982,Savings,218727
14079,6129,Savings,32567
14080,7131,Current,156203
14081,937,Current,417275
14082,5479,Savings,88151
14083,9105,Savings,475225
14084,9561,Savings,399970
14085,3109,Current,421739
14086,7163,Savings,237763
14087,8878,Savings,252442
14088,5317,Current,91514
14089,5185,Current,29133
14090,8904,Savings,17814
14091,8172,Current,8075
14092,1562,Savings,83387
14093,704,Savings,370811
14094,1585,Current,324480
14095,8587,Savings,146336
14096,2205,Current,356705
14097,6194,Savings,460083
14098,2944,Savings,298232
14099,1202,Savings,213935
14100,5901,Current,499720
14101,1926,Current,412031
14102,3742,Current,146281
14103,1604,Savings,485631
14104,3268,Savings,341059
14105,8766,Current,197936
14106,9697,Current,416349
14107,8196,Current,388821
14108,2251,Current,114517
14109,4081,Savings,358382
14110,1166,Current,264640
14111,1100,Current,171959
14112,6690,Savings,297227
14113,3977,Savings,323106
14114,4008,Current,282631
14115,1797,Current,267736
14116,2270,Current,265629
14117,6633,Current,311308
14118,9012,Savings,305157
14119,1960,Current,329918
14120,414,Savings,107272
14121,3439,Current,150253
14122,7155,Savings,391551
14123,5538,Current,162433
14124,9591,Savings,131488
14125,1910,Current,364156
14126,2775,Savings,31191
14127,2180,Savings,52213
14128,2819,Current,185855
14129,6978,Savings,412650
14130,7949,Savings,29425
14131,9142,Current,302147
14132,305,Savings,235559
14133,3269,Savings,440163
14134,272,Savings,391861
14135,6506,Savings,320821
14136,5718,Savings,482717
14137,2283,Current,172794
14138,1636,Savings,312389
14139,1072,Savings,193235
14140,1803,Savings,25826
14141,1696,Current,426693
14142,7528,Savings,37058
14143,2515,Current,73715
14144,2809,Savings,443635
14145,6892,Current,320843
14146,2280,Current,424472
14147,5952,Savings,327884
14148,5698,Current,443194
14149,6482,Savings,282347
14150,9687,Savings,171200
14151,2474,Current,169023
14152,6070,Savings,322197
14153,5983,Savings,335877
14154,4620,Savings,454013
14155,4525,Current,240353
14156,1038,Current,130352
14157,8469,Current,426283
14158,6986,Savings,295774
14159,9246,Current,144881
14160,8061,Current,428906
14161,194,Current,226998
14162,9315,Current,405067
14163,4794,Current,280863
14164,7927,Savings,138988
14165,2696,Current,372022
14166,7336,Savings,296393
14167,7893,Savings,192057
14168,3159,Current,97644
14169,786,Current,182672
14170,5560,Savings,229289
14171,6136,Savings,209166
14172,7603,Current,340440
14173,814,Savings,485239
14174,5595,Current,436311
14175,931,Savings,312731
14176,7082,Current,208199
14177,8286,Current,288768
14178,9310,Current,327549
14179,8104,Current,284706
14180,2453,Current,310472
14181,8283,Savings,367575
14182,3481,Current,296612
14183,1885,Current,133389
14184,6560,Savings,162002
14185,1382,Savings,78866
14186,8793,Savings,68283
14187,3807,Savings,483335
14188,9732,Savings,340821
14189,6162,Current,446041
14190,3563,Current,380063
14191,6783,Savings,249495
14192,1824,Current,172894
14193,7892,Current,149757
14194,8970,Savings,390434
14195,2,Savings,105506
14196,2356,Current,237206
14197,7487,Current,355201
14198,4871,Current,14659
14199,3083,Current,160864
14200,2586,Current,487045
14201,6615,Savings,229316
14202,7523,Current,295930
14203,469,Current,470247
14204,7349,Savings,271771
14205,5726,Current,240508
14206,7166,Savings,435735
14207,4626,Current,58164
14208,4313,Savings,147074
14209,6162,Current,278820
14210,7589,Savings,233925
14211,946,Current,205271
14212,1527,Current,283345
14213,8339,Current,299699
14214,5592,Current,162361
14215,4374,Current,375617
14216,4218,Savings,205209
14217,7733,Current,315614
14218,5308,Savings,434669
14219,4414,Savings,213706
14220,6078,Current,490519
14221,5838,Current,396206
14222,632,Current,320949
14223,7568,Savings,110118
14224,2613,Current,256886
14225,768,Savings,122030
14226,78,Current,481957
14227,7826,Current,85225
14228,3582,Savings,130995
14229,5489,Savings,237637
14230,1311,Current,391685
14231,5704,Savings,235883
14232,3665,Current,275048
14233,547,Current,275324
14234,5191,Savings,46320
14235,8475,Current,12572
14236,1393,Current,373972
14237,9381,Savings,98513
14238,3947,Current,428053
14239,8532,Savings,98971
14240,6313,Current,131071
14241,5636,Savings,234741
14242,1256,Current,354645
14243,6841,Current,395334
14244,1569,Current,394447
14245,2070,Savings,389730
14246,488,Current,106747
14247,1578,Savings,176444
14248,9175,Savings,168507
14249,435,Current,362906
14250,6722,Savings,424807
14251,5185,Current,334814
14252,55,Current,290554
14253,9276,Current,460021
14254,2763,Savings,412029
14255,1267,Current,417368
14256,8269,Current,404194
14257,4902,Savings,123343
14258,8941,Current,482878
14259,436,Current,418595
14260,3357,Current,166320
14261,2898,Current,478868
14262,5527,Savings,265884
14263,5730,Current,259781
14264,2401,Current,100052
14265,2795,Current,272318
14266,6170,Savings,20156
14267,6232,Current,270554
14268,3572,Current,79895
14269,683,Savings,286578
14270,4415,Current,51110
14271,2519,Savings,387924
14272,7853,Savings,374886
14273,7015,Current,213746
14274,5590,Current,449341
14275,7147,Current,103606
14276,6602,Current,41134
14277,1240,Current,160117
14278,1044,Current,291432
14279,2267,Current,115273
14280,4759,Savings,251940
14281,1252,Current,362369
14282,4307,Current,174415
14283,9471,Current,415922
14284,1863,Current,295801
14285,3645,Current,224346
14286,3701,Current,83405
14287,7929,Current,264081
14288,7592,Savings,288884
14289,4411,Savings,71557
14290,8463,Current,431201
14291,6111,Savings,116062
14292,8899,Current,239082
14293,510,Savings,464104
14294,3917,Savings,246806
14295,2078,Current,75670
14296,5131,Current,97004
14297,8954,Current,254682
14298,1031,Savings,267591
14299,1223,Savings,95475
14300,6489,Savings,368100
14301,4852,Savings,88636
14302,2909,Current,262805
14303,582,Savings,198396
14304,5370,Savings,318089
14305,9690,Savings,418747
14306,3853,Savings,443608
14307,3134,Current,231500
14308,1606,Savings,344751
14309,1672,Savings,17077
14310,815,Current,334907
14311,3354,Current,431336
14312,5506,Current,369295
14313,2687,Current,492571
14314,3438,Current,282056
14315,6627,Savings,477365
14316,4412,Current,417181
14317,9238,Savings,43083
14318,5339,Current,374657
14319,1406,Current,409439
14320,146,Savings,365005
14321,9372,Savings,291465
14322,9433,Savings,392528
14323,5253,Savings,74659
14324,9452,Current,230049
14325,2199,Current,153176
14326,8589,Current,71012
14327,4106,Savings,354876
14328,7278,Savings,131602
14329,7516,Savings,434959
14330,2130,Savings,379893
14331,9370,Current,296733
14332,7594,Current,245694
14333,9818,Savings,358320
14334,8195,Current,313705
14335,2080,Savings,310136
14336,7590,Current,301847
14337,884,Current,252745
14338,2779,Current,63188
14339,3261,Current,454482
14340,280,Savings,267981
14341,1263,Current,97607
14342,720,Savings,161943
14343,3291,Current,266507
14344,9044,Savings,289208
14345,161,Current,175571
14346,6739,Current,162859
14347,4692,Current,233887
14348,3048,Current,181715
14349,7277,Savings,332047
14350,3984,Current,457318
14351,3431,Savings,292473
14352,5504,Savings,93551
14353,8715,Current,472936
14354,6583,Savings,169599
14355,9054,Savings,133810
14356,1809,Current,469214
14357,7911,Savings,353265
14358,9971,Savings,165059
14359,7671,Current,306864
14360,6411,Current,360646
14361,1179,Savings,65679
14362,1961,Savings,29342
14363,6353,Current,270758
14364,7662,Current,107470
14365,5264,Savings,252930
14366,4679,Current,71185
14367,7990,Current,98551
14368,4739,Savings,488791
14369,8620,Savings,444540
14370,977,Savings,203514
14371,6140,Savings,214815
14372,8843,Current,325848
14373,3208,Current,275736
14374,2651,Current,224929
14375,5947,Savings,123784
14376,7201,Savings,279967
14377,7651,Current,23880
14378,9199,Current,406304
14379,3273,Savings,121992
14380,1563,Current,248186
14381,6815,Current,40636
14382,1151,Savings,399508
14383,83,Current,160766
14384,8538,Current,336300
14385,8228,Savings,111411
14386,5426,Current,198361
14387,2846,Savings,330773
14388,7458,Savings,405060
14389,4066,Current,331355
14390,472,Savings,12506
14391,1075,Current,363260
14392,6280,Current,158225
14393,3933,Savings,191228
14394,5785,Current,86889
14395,681,Current,221050
14396,9088,Current,9624
14397,8813,Savings,322728
14398,1073,Current,233530
14399,2908,Savings,36563
14400,9055,Savings,31744
14401,3240,Savings,153167
14402,2258,Savings,71190
14403,1790,Current,335071
14404,8546,Current,175701
14405,7759,Savings,306247
14406,463,Current,167626
14407,2928,Current,208222
14408,3515,Current,308619
14409,2291,Current,279770
14410,9650,Savings,393147
14411,8114,Current,156810
14412,2443,Current,76985
14413,4426,Savings,79890
14414,4018,Current,19220
14415,8862,Current,402552
14416,7662,Current,173696
14417,7446,Current,21063
14418,7003,Current,12272
14419,4843,Savings,315719
14420,7984,Savings,383090
14421,4328,Savings,437648
14422,90,Current,144347
14423,4486,Savings,146844
14424,8583,Current,8505
14425,8210,Current,339165
14426,8669,Current,335611
14427,5906,Current,193702
14428,2070,Savings,389042
14429,8782,Savings,173969
14430,5305,Savings,473630
14431,1553,Current,266487
14432,1463,Savings,286881
14433,6516,Current,469366
14434,6208,Savings,444305
14435,8606,Savings,365617
14436,3384,Current,150267
14437,3742,Savings,82145
14438,5151,Savings,384479
14439,7448,Savings,213713
14440,7697,Savings,51855
14441,1654,Current,438692
14442,6942,Current,316975
14443,9563,Current,376455
14444,7579,Current,478780
14445,9662,Current,36759
14446,3892,Current,295623
14447,9600,Current,436286
14448,3771,Current,189637
14449,2999,Savings,117661
14450,1449,Current,102684
14451,8011,Current,304079
14452,2529,Savings,175649
14453,1152,Current,115316
14454,2290,Savings,120738
14455,5433,Current,191907
14456,8541,Savings,111226
14457,8289,Savings,183855
14458,4480,Current,485874
14459,7928,Current,163729
14460,6292,Savings,16986
14461,2803,Savings,280409
14462,1149,Current,152920
14463,8293,Current,409255
14464,1553,Current,8737
14465,2432,Savings,360784
14466,2933,Current,119690
14467,2866,Current,222295
14468,2362,Current,52964
14469,7607,Current,8449
14470,8841,Current,421375
14471,432,Savings,96874
14472,5244,Savings,25085
14473,908,Current,380146
14474,700,Savings,445401
14475,2340,Current,262028
14476,3566,Savings,211966
14477,21,Current,284830
14478,9324,Savings,47554
14479,912,Savings,327256
14480,9054,Current,324132
14481,9503,Savings,416867
14482,3450,Current,97295
14483,9948,Savings,19550
14484,6438,Savings,420340
14485,8372,Savings,220163
14486,2242,Current,208531
14487,8919,Current,144927
14488,8554,Current,291985
14489,7212,Current,347953
14490,9024,Savings,385353
14491,3468,Current,141038
14492,8120,Savings,475751
14493,7269,Current,33493
14494,2327,Savings,270736
14495,6993,Savings,214162
14496,5693,Savings,357705
14497,2560,Savings,281704
14498,3003,Savings,8555
14499,198,Current,99709
14500,2377,Savings,219088
14501,1414,Savings,431885
14502,4243,Savings,343636
14503,6246,Current,328155
14504,7310,Current,283924
14505,2153,Current,264747
14506,6441,Savings,350302
14507,3289,Savings,464773
14508,2684,Savings,466691
14509,9718,Savings,253686
14510,8895,Current,26365
14511,9285,Current,238949
14512,5888,Current,252203
14513,3100,Current,338852
14514,6596,Current,166777
14515,5362,Savings,148370
14516,3738,Savings,430236
14517,1595,Savings,396248
14518,9437,Current,95093
14519,1560,Savings,469474
14520,8413,Savings,439338
14521,8560,Savings,279083
14522,3336,Current,412792
14523,6413,Savings,296016
14524,998,Savings,50827
14525,5074,Current,350853
14526,4969,Savings,139692
14527,9254,Savings,25883
14528,5556,Savings,216584
14529,7629,Savings,212331
14530,1318,Current,357976
14531,9149,Savings,296728
14532,597,Savings,106784
14533,7998,Current,399062
14534,4519,Current,434586
14535,9226,Current,228853
14536,5284,Savings,241135
14537,2282,Current,268205
14538,5895,Current,207113
14539,3817,Current,6870
14540,4122,Current,351598
14541,1215,Current,247218
14542,6640,Savings,120912
14543,1474,Current,499824
14544,8737,Current,128502
14545,4034,Current,86319
14546,7903,Current,256771
14547,7529,Current,235468
14548,1888,Current,273956
14549,3658,Current,289210
14550,3859,Current,205194
14551,1309,Current,160231
14552,2314,Current,263327
14553,8398,Savings,77480
14554,6361,Savings,336758
14555,4053,Current,472783
14556,2827,Current,469525
14557,5915,Savings,35636
14558,1904,Savings,156021
14559,1344,Savings,449300
14560,8683,Current,157728
14561,8473,Current,252578
14562,2762,Savings,173420
14563,6021,Current,176966
14564,3309,Savings,129250
14565,9138,Savings,47684
14566,9094,Savings,198064
14567,4338,Current,204539
14568,3225,Current,15880
14569,4748,Current,458245
14570,7660,Current,498357
14571,8386,Savings,440136
14572,6013,Current,186947
14573,6038,Current,83123
14574,7014,Savings,386000
14575,8820,Savings,128160
14576,1467,Savings,343130
14577,2316,Savings,43032
14578,6070,Current,175204
14579,4319,Savings,494331
14580,2685,Savings,255068
14581,1858,Savings,194047
14582,2505,Current,399933
14583,1007,Current,355680
14584,3624,Savings,335727
14585,4985,Current,401006
14586,3532,Current,151056
14587,1874,Savings,212135
14588,5818,Savings,230884
14589,6760,Current,416618
14590,1564,Current,379580
14591,9348,Savings,148644
14592,3670,Savings,219099
14593,2860,Current,429910
14594,1044,Current,12412
14595,6191,Current,362003
14596,3890,Savings,355305
14597,5152,Current,231112
14598,2552,Savings,446366
14599,2568,Current,57079
14600,1826,Savings,374123
14601,9134,Savings,133397
14602,9505,Savings,334585
14603,4449,Savings,391036
14604,7294,Savings,227576
14605,4543,Current,168649
14606,3624,Savings,106890
14607,6319,Current,343356
14608,6041,Savings,232333
14609,5086,Current,36764
14610,7640,Savings,488848
14611,455,Current,295981
14612,6007,Current,178341
14613,2091,Savings,164531
14614,4784,Savings,152724
14615,2885,Savings,170644
14616,6392,Savings,315719
14617,6269,Current,485487
14618,3904,Savings,372102
14619,6182,Savings,383873
14620,8643,Current,75759
14621,9390,Savings,369486
14622,8744,Savings,411339
14623,7501,Savings,314873
14624,8692,Current,121718
14625,446,Current,54369
14626,8790,Current,291458
14627,3410,Current,148785
14628,1333,Savings,116747
14629,7535,Savings,480509
14630,7877,Savings,146503
14631,5962,Savings,214711
14632,3347,Current,367406
14633,8350,Current,62604
14634,2246,Current,131444
14635,9920,Savings,75329
14636,6995,Current,169154
14637,4229,Savings,131472
14638,8281,Current,413368
14639,4949,Current,216871
14640,266,Current,368863
14641,9124,Savings,316748
14642,9665,Current,401724
14643,1816,Current,224106
14644,8358,Savings,317225
14645,8995,Savings,484128
14646,504,Savings,267940
14647,7137,Savings,114104
14648,9102,Current,84563
14649,8891,Savings,216414
14650,4502,Savings,180423
14651,9358,Savings,422524
14652,2472,Current,474703
14653,1785,Current,109753
14654,4336,Savings,457036
14655,1651,Savings,208602
14656,1673,Savings,229123
14657,8579,Current,158473
14658,5494,Current,265525
14659,7786,Savings,296276
14660,6886,Savings,473639
14661,9008,Savings,168040
14662,7157,Savings,34431
14663,6361,Current,209545
14664,3914,Current,297845
14665,3419,Savings,384532
14666,740,Savings,475674
14667,6119,Current,340718
14668,7209,Savings,101961
14669,5599,Savings,336168
14670,8453,Current,249128
14671,1043,Current,184035
14672,7547,Current,474861
14673,49,Savings,115322
14674,4112,Savings,414512
14675,8244,Savings,252941
14676,9113,Savings,497707
14677,7878,Savings,258586
14678,5446,Savings,62861
14679,5342,Current,94624
14680,6120,Current,404334
14681,7799,Savings,417351
14682,4528,Current,201113
14683,6643,Current,465381
14684,4347,Savings,115671
14685,3401,Savings,357820
14686,4827,Current,474139
14687,8079,Current,448609
14688,9453,Current,421084
14689,4234,Savings,438272
14690,1255,Savings,248988
14691,1079,Savings,54208
14692,3370,Current,94865
14693,1953,Current,196278
14694,7259,Savings,441466
14695,3140,Savings,388677
14696,2915,Current,383782
14697,981,Savings,366101
14698,7399,Savings,440191
14699,376,Savings,150679
14700,998,Savings,233477
14701,6419,Savings,178418
14702,4463,Current,467825
14703,4485,Savings,356168
14704,7347,Current,471542
14705,9843,Current,108476
14706,1957,Current,276565
14707,8338,Savings,132885
14708,7834,Savings,165676
14709,3241,Savings,111238
14710,2149,Savings,413630
14711,1123,Current,412797
14712,3509,Current,97787
14713,8498,Savings,42096
14714,2428,Savings,202786
14715,7455,Current,499825
14716,8348,Savings,107928
14717,984,Savings,359108
14718,8831,Savings,331085
14719,1815,Current,438301
14720,2272,Savings,451429
14721,6612,Savings,396854
14722,4260,Current,65801
14723,801,Savings,88339
14724,7965,Current,245622
14725,675,Savings,161799
14726,7117,Current,131534
14727,3837,Savings,158433
14728,8531,Current,137331
14729,6421,Savings,380170
14730,1671,Current,23195
14731,5240,Savings,84757
14732,7732,Savings,294432
14733,907,Savings,471200
14734,6029,Savings,82498
14735,971,Savings,490408
14736,6408,Current,270998
14737,2755,Current,104914
14738,4803,Savings,165111
14739,7273,Current,102997
14740,7822,Current,125838
14741,8472,Current,9894
14742,6512,Current,355658
14743,2613,Current,162558
14744,7237,Current,90135
14745,7267,Savings,118452
14746,4049,Savings,131569
14747,1873,Savings,346940
14748,6008,Savings,5355
14749,7165,Current,219217
14750,9294,Current,204591
14751,1250,Savings,197659
14752,5702,Savings,162751
14753,5282,Current,423571
14754,5809,Savings,352142
14755,5881,Savings,251051
14756,5291,Current,30581
14757,8656,Current,267366
14758,2880,Savings,61129
14759,1988,Current,369912
14760,4776,Savings,107909
14761,9137,Savings,298277
14762,6174,Savings,419198
14763,140,Savings,386379
14764,2549,Current,52150
14765,6073,Savings,364076
14766,1583,Current,137574
14767,112,Savings,383980
14768,4796,Current,285987
14769,8520,Current,308046
14770,4054,Current,469517
14771,8097,Current,80500
14772,3463,Current,404208
14773,1711,Current,405773
14774,8752,Current,468097
14775,4989,Savings,32232
14776,6516,Savings,175689
14777,2043,Current,493191
14778,2270,Current,148797
14779,6688,Savings,267047
14780,674,Current,89397
14781,9618,Savings,307585
14782,9198,Current,181317
14783,5400,Current,175273
14784,8735,Current,359860
14785,6590,Savings,353530
14786,992,Savings,467726
14787,7871,Savings,112754
14788,1258,Current,174440
14789,3858,Savings,491124
14790,7674,Savings,417933
14791,6065,Savings,472719
14792,6411,Current,259956
14793,2603,Savings,225538
14794,1974,Savings,451058
14795,7182,Savings,254674
14796,3829,Savings,224181
14797,7704,Current,165070
14798,5554,Savings,31197
14799,6409,Current,162959
14800,5518,Savings,240756
14801,9582,Current,220395
14802,2831,Savings,117223
14803,7511,Current,77716
14804,7819,Current,154123
14805,9312,Current,394072
14806,4721,Current,284284
14807,9679,Savings,101954
14808,7457,Savings,397713
14809,7278,Current,357444
14810,3760,Current,98662
14811,7913,Savings,303287
14812,1800,Savings,407219
14813,3939,Current,161946
14814,7836,Savings,490784
14815,9404,Current,157604
14816,5860,Current,455762
14817,563,Current,439759
14818,5525,Current,297875
14819,4322,Current,133709
14820,2525,Current,283697
14821,2331,Current,132288
14822,111,Savings,294965
14823,1741,Current,417235
14824,739,Current,483816
14825,4296,Current,20720
14826,7557,Savings,303785
14827,9853,Current,360725
14828,2029,Current,67621
14829,7503,Savings,96657
14830,8765,Savings,397659
14831,1102,Savings,425139
14832,1135,Savings,466680
14833,8824,Current,373669
14834,4304,Current,377792
14835,389,Current,368154
14836,6719,Savings,181307
14837,1165,Current,114563
14838,9352,Current,350230
14839,6249,Current,416822
14840,9767,Current,184865
14841,5309,Savings,316526
14842,1621,Current,83320
14843,9240,Savings,248172
14844,9653,Savings,156447
14845,3651,Savings,331607
14846,4473,Savings,478400
14847,2459,Savings,194398
14848,4896,Current,343560
14849,1159,Current,360182
14850,3021,Current,276743
14851,8105,Savings,401575
14852,1276,Current,498812
14853,6029,Current,102748
14854,5830,Current,23275
14855,9204,Savings,434638
14856,9157,Current,325240
14857,3545,Savings,391494
14858,8209,Current,404465
14859,8389,Savings,175331
14860,7828,Savings,295922
14861,9274,Savings,62741
14862,9815,Savings,328492
14863,7715,Current,17684
14864,7081,Current,345624
14865,6852,Current,11811
14866,7322,Savings,246692
14867,4241,Current,45964
14868,8767,Savings,393836
14869,5924,Current,215096
14870,1682,Savings,236706
14871,196,Savings,204867
14872,5885,Current,243801
14873,4388,Savings,223919
14874,6912,Savings,182193
14875,3499,Savings,499510
14876,1156,Savings,417231
14877,7927,Current,393393
14878,315,Current,338283
14879,1229,Savings,177416
14880,7111,Current,192888
14881,3984,Savings,161487
14882,8986,Savings,10589
14883,7662,Current,203536
14884,6054,Current,431999
14885,8552,Savings,212045
14886,3407,Savings,89328
14887,1657,Savings,159537
14888,5747,Current,32846
14889,513,Savings,94564
14890,8274,Savings,264118
14891,9936,Savings,259270
14892,1940,Current,369579
14893,1264,Current,213238
14894,8891,Current,29145
14895,5078,Savings,184884
14896,3765,Savings,135250
14897,2502,Savings,203834
14898,9013,Savings,231731
14899,3468,Current,79470
14900,1978,Current,329867
14901,1224,Savings,358275
14902,1459,Savings,59625
14903,4519,Savings,260540
14904,5571,Savings,457053
14905,4066,Current,381027
14906,7992,Savings,398328
14907,2969,Savings,89887
14908,6322,Savings,296638
14909,8236,Current,286855
14910,1716,Savings,273858
14911,6645,Current,104631
14912,7786,Current,383662
14913,9742,Savings,124697
14914,3876,Current,437228
14915,5125,Savings,197403
14916,7961,Current,447928
14917,2356,Savings,134546
14918,995,Savings,249853
14919,538,Savings,301113
14920,90,Current,8845
14921,9595,Savings,207848
14922,4994,Savings,435022
14923,9148,Savings,435057
14924,1311,Current,188225
14925,7174,Savings,227636
14926,2639,Savings,407557
14927,3863,Current,458260
14928,2215,Current,97377
14929,426,Current,299118
14930,8336,Savings,388025
14931,1046,Savings,419416
14932,637,Current,82139
14933,8017,Savings,466718
14934,772,Savings,431857
14935,5354,Savings,236059
14936,5131,Current,433649
14937,2603,Savings,202863
14938,8462,Current,357818
14939,1634,Current,176862
14940,5392,Current,155413
14941,4889,Savings,35446
14942,2051,Savings,402523
14943,4952,Savings,280239
14944,3313,Savings,137702
14945,575,Savings,417760
14946,8804,Current,163501
14947,9871,Savings,208442
14948,3906,Savings,224571
14949,8520,Savings,75292
14950,6983,Savings,44402
14951,7566,Savings,181801
14952,1362,Current,409448
14953,5991,Current,156452
14954,2010,Savings,371155
14955,8254,Current,341251
14956,4942,Current,269297
14957,4802,Savings,348515
14958,9171,Current,116819
14959,6760,Current,384027
14960,3749,Current,24550
14961,2405,Savings,162234
14962,557,Current,213935
14963,2888,Current,228501
14964,4208,Current,213942
14965,1228,Savings,221773
14966,6491,Current,301230
14967,117,Current,438247
14968,534,Savings,161039
14969,4271,Current,372873
14970,7039,Savings,148111
14971,3056,Savings,340339
14972,1725,Savings,257038
14973,2543,Savings,375029
14974,9530,Current,195003
14975,310,Current,427168
14976,1658,Savings,427011
14977,4623,Savings,360976
14978,9417,Current,223252
14979,1042,Savings,238328
14980,4924,Current,104003
14981,1227,Savings,128600
14982,3065,Current,159100
14983,2217,Savings,483869
14984,353,Savings,267924
14985,3793,Current,185459
14986,7606,Current,144559
14987,771,Current,15310
14988,6669,Current,382957
14989,7156,Savings,453406
14990,4726,Savings,12020
14991,2395,Current,171384
14992,4560,Savings,328158
14993,5253,Savings,314386
14994,2936,Savings,371287
14995,1297,Current,164824
14996,2551,Current,228552
14997,5753,Current,232297
14998,994,Current,458556
14999,1326,Savings,91376
15000,657,Savings,132071
15001,2521,Savings,66691
15002,509,Current,445679
15003,4827,Current,248577
15004,9516,Savings,188717
15005,7609,Savings,97438
15006,6628,Current,456517
15007,3636,Current,151626
15008,4062,Savings,368942
15009,616,Savings,243308
15010,580,Current,439762
15011,8389,Current,27822
15012,9883,Current,487218
15013,3171,Savings,300912
15014,4047,Current,328417
15015,927,Current,21121
15016,4819,Current,329094
15017,7032,Savings,151800
15018,6071,Current,269635
15019,6874,Current,29237
15020,7447,Savings,93176
15021,1288,Current,37780
15022,6000,Savings,459257
15023,3139,Current,194469
15024,9980,Current,212702
15025,5948,Savings,207956
15026,8740,Savings,156441
15027,240,Savings,435814
15028,9350,Savings,31046
15029,5535,Current,115653
15030,7884,Current,180813
15031,4728,Current,465161
15032,1223,Savings,200146
15033,3223,Current,349860
15034,8513,Current,111742
15035,6991,Current,271080
15036,3831,Current,249689
15037,8052,Current,302482
15038,9411,Current,339732
15039,7817,Current,392209
15040,6189,Current,239772
15041,1643,Current,402721
15042,4929,Current,12451
15043,5629,Savings,277694
15044,219,Savings,158211
15045,8848,Current,223175
15046,4582,Savings,170487
15047,9602,Savings,145406
15048,2410,Savings,196772
15049,3760,Current,383518
15050,6338,Current,181762
15051,305,Current,383909
15052,4968,Savings,394481
15053,7357,Current,487698
15054,5712,Savings,271547
15055,6302,Current,156556
15056,5479,Current,295412
15057,2531,Savings,337374
15058,2257,Current,97970
15059,7390,Savings,190908
15060,5578,Savings,478590
15061,7660,Current,271291
15062,2574,Current,437764
15063,18,Savings,280080
15064,3110,Savings,91967
15065,876,Savings,252330
15066,7378,Current,186381
15067,9735,Current,431478
15068,4328,Savings,247839
15069,5919,Savings,446371
15070,3072,Current,340400
15071,9764,Savings,22778
15072,5830,Current,277756
15073,1974,Savings,360849
15074,3092,Savings,167252
15075,2823,Savings,271341
15076,647,Savings,91344
15077,1289,Savings,261447
15078,6911,Current,406788
15079,3182,Current,454624
15080,4925,Savings,151737
15081,281,Savings,417899
15082,7517,Current,140810
15083,9445,Current,239487
15084,4680,Savings,330948
15085,8620,Savings,452440
15086,1495,Savings,215342
15087,4572,Current,436328
15088,1899,Savings,313902
15089,6795,Savings,139290
15090,773,Current,140389
15091,9418,Current,413405
15092,7702,Savings,370771
15093,7878,Current,146343
15094,351,Savings,109499
15095,5819,Current,489022
15096,864,Savings,253694
15097,119,Savings,254294
15098,5723,Current,256306
15099,1301,Current,197580
15100,6237,Savings,375651
