customer_id,name,total_balance,total_interest,account_count,risk_flag
1,Yash Shankar,362578.0,5249.02,4,NORMAL
2,Vedant Chawla,619209.0,9357.27,3,NORMAL
3,Pushti Khalsa,789195.0,22862.370000000003,2,NORMAL
4,Utkarsh Vala,409976.0,4099.76,1,NORMAL
5,Balvan Mannan,260203.0,2602.03,1,NORMAL
6,Inaya Ramakrishnan,366669.0,14666.76,1,NORMAL
8,Wriddhish Pandey,1048992.0,29424.72,5,VIP
9,Harish Mammen,1552065.0,62082.600000000006,4,VIP
10,Devansh Pau,661831.0,26473.24,3,NORMAL
11,Urishilla Bhargava,821113.0,9695.05,3,NORMAL
12,Lavanya Bhat,1728466.0,21750.28,6,VIP
16,Vinaya Khanna,523064.0,14114.6,2,NORMAL
17,Kala Muni,340327.0,4476.1,2,NORMAL
18,David Verma,523239.0,13634.79,2,NORMAL
19,Ishani Raman,183990.0,1839.9,1,NORMAL
20,Ekaraj Banik,727374.0,10222.53,4,NORMAL
21,Janaki Khurana,603983.0,6039.83,2,NORMAL
22,Kavya Sur,213710.0,2137.1,1,NORMAL
23,Amol Ratti,162266.0,1622.66,1,NORMAL
24,Kabir Tiwari,263722.0,7577.02,2,NORMAL
25,Upma Chawla,80984.0,3239.36,1,NORMAL
26,Bahadurjit Ghose,787688.0,31507.52,2,NORMAL
28,Oliver More,1113245.0,30404.63,3,VIP
29,Imaran Som,453870.0,10967.76,3,NORMAL
30,Geetika Mandal,819666.0,32786.64,2,NORMAL
31,Chanchal Tiwari,863654.0,17666.27,4,NORMAL
32,Vansha Chahal,541045.0,21641.800000000003,2,NORMAL
33,Raagini Bali,272373.0,10894.92,1,NORMAL
34,Kabir Shroff,371257.0,3712.57,1,NORMAL
35,Warinder Sami,241248.0,2412.48,1,NORMAL
36,Madhav Nori,422801.0,5405.9,2,NORMAL
38,Warjas Kurian,783494.0,21235.43,3,NORMAL
39,Devika Dasgupta,225942.0,2259.42,1,NORMAL
40,Chakrika Sani,6276.0,62.76,1,NORMAL
46,Omaja Gour,1005668.0,25924.04,3,VIP
48,Wakeeta More,349169.0,13966.76,1,NORMAL
49,Rachana Kalita,115322.0,4612.88,1,NORMAL
50,William De,107214.0,4288.56,1,NORMAL
51,Patrick Verma,628336.0,14866.99,3,NORMAL
52,Kabir Arya,339390.0,13575.6,1,NORMAL
54,Wridesh Khanna,711684.0,28467.36,2,NORMAL
55,Daksh Ranganathan,460595.0,9707.18,2,NORMAL
57,Aarav Bahri,142109.0,5684.36,1,NORMAL
58,Niharika Venkatesh,44005.0,1760.2,1,NORMAL
59,Advay Varghese,320184.0,6282.72,3,NORMAL
61,Dayita Mall,412066.0,4120.66,1,NORMAL
63,Hemal Dara,306581.0,9547.82,2,NORMAL
64,Nitara Chawla,9713.0,388.52,1,NORMAL
66,Simon Singhal,869925.0,34797.0,4,NORMAL
67,Matthew Narain,221642.0,2216.42,1,NORMAL
68,Dipta Varkey,390774.0,3907.7400000000002,1,NORMAL
69,Tejas Kara,838549.0,26677.42,3,NORMAL
72,Balendra Dash,841982.0,21244.309999999998,3,NORMAL
74,Warjas Khosla,315662.0,3156.62,1,NORMAL
76,Chanchal Kalla,1281160.0,38626.18,4,VIP
77,Ayushman Rama,146206.0,1462.06,1,NORMAL
78,Hema Mishra,481957.0,4819.57,1,NORMAL
81,Dalbir Chandra,263538.0,3908.4,2,NORMAL
82,Chatura Mandal,182495.0,7299.8,1,NORMAL
83,Advik Gour,612750.0,6127.5,2,NORMAL
84,Tarak Kapur,376315.0,15052.6,1,NORMAL
85,Yauvani Varty,415583.0,16623.32,1,NORMAL
86,Abeer Andra,359476.0,9075.34,2,NORMAL
87,Sanya Kumar,521627.0,16903.73,2,NORMAL
88,Dalbir Bedi,151131.0,6045.24,1,NORMAL
89,Bhanumati Agarwal,378548.0,15141.92,1,NORMAL
90,Ubika Keer,448899.0,4488.99,3,NORMAL
91,Vaishnavi Gera,784443.0,31377.72,3,NORMAL
92,Rudra Borra,637499.0,12052.34,2,NORMAL
94,Harsh Ramachandran,915844.0,32540.41,4,NORMAL
96,Manya Om,191548.0,1915.48,1,NORMAL
97,Christopher Vohra,432291.0,17291.64,1,NORMAL
98,Wridesh Varty,1120091.0,40689.44,4,VIP
99,Laksh Ben,405175.0,14572.78,3,NORMAL
101,Siddharth Jani,32189.0,321.89,1,NORMAL
102,Vincent Tiwari,46338.0,1853.52,1,NORMAL
103,Yash Palan,1118683.0,16418.56,3,VIP
104,Rohan Madan,754348.0,30173.92,3,NORMAL
105,Omisha Bhatti,230402.0,9216.08,1,NORMAL
106,Harish Sampath,685825.0,27433.0,2,NORMAL
107,Wishi Mitra,903009.0,28092.48,4,NORMAL
108,Anay Jani,228657.0,9146.28,1,NORMAL
109,Krish Bal,495734.0,5648.36,2,NORMAL
110,Aayush Rajan,345311.0,12789.68,2,NORMAL
111,Eesha Natarajan,1180102.0,20649.97,3,VIP
112,Triveni Raman,708120.0,18600.600000000002,2,NORMAL
113,Lipika Sha,225585.0,2255.85,2,NORMAL
115,Logan Kurian,423432.0,16937.28,1,NORMAL
116,Arya Tara,403081.0,16123.24,1,NORMAL
117,Eiravati Chaudry,842131.0,20537.83,3,NORMAL
119,Imaran Kumar,254294.0,10171.76,1,NORMAL
120,Chasmum Samra,447110.0,4471.1,2,NORMAL
121,Tara Chaudhary,798370.0,19326.88,2,NORMAL
122,Abhimanyu Mangat,160800.0,6432.0,2,NORMAL
123,Ucchal Dubey,1182123.0,21341.85,4,VIP
124,Viraj Pillay,874975.0,21353.41,2,NORMAL
125,Jagrati Dugar,138368.0,5534.72,1,NORMAL
126,Jyoti Andra,789942.0,23476.23,3,NORMAL
127,Vanya Choudhry,321557.0,12862.28,1,NORMAL
129,Ishita Pathak,484247.0,19369.88,1,NORMAL
130,Oviya Pal,32317.0,323.17,1,NORMAL
131,Mahika Balay,392563.0,3925.63,1,NORMAL
132,Jeet Kota,552532.0,5525.32,2,NORMAL
133,Yatan Doctor,251389.0,2513.8900000000003,2,NORMAL
134,Wishi Kamdar,170627.0,1706.27,1,NORMAL
135,Ishaan Bail,252317.0,10092.68,1,NORMAL
137,Yatin Nori,643364.0,24827.15,3,NORMAL
138,Rajata D’Alia,394031.0,11307.53,2,NORMAL
139,Rajeshri Kala,362412.0,3624.12,1,NORMAL
140,Nikita Sami,932386.0,20915.23,3,NORMAL
141,Jyoti Pant,154667.0,6186.68,1,NORMAL
142,Nidhi Parmer,452262.0,4522.62,1,NORMAL
143,Falguni Andra,20848.0,208.48000000000002,1,NORMAL
144,Raghav Sankar,1012909.0,18984.879999999997,3,VIP
145,Mahika Taneja,211937.0,8477.48,1,NORMAL
146,Yashodhara Yogi,1362743.0,33005.48,4,VIP
147,Rayaan Dhaliwal,72457.0,724.57,1,NORMAL
150,Arjun Ganguly,1170835.0,31893.070000000003,3,VIP
152,Girish Chander,825692.0,11033.33,3,NORMAL
158,Arin Rau,64764.0,2590.56,1,NORMAL
160,Yutika Gaba,917277.0,23000.73,3,NORMAL
161,Jatin Raj,279493.0,2794.9300000000003,2,NORMAL
162,Sneha Nadig,188070.0,1880.7,1,NORMAL
163,Champak Sinha,513047.0,5130.47,2,NORMAL
164,Manbir Majumdar,848014.0,23169.31,2,NORMAL
165,Imaran Tata,106323.0,1063.23,1,NORMAL
166,Yashica Vala,284663.0,11386.52,1,NORMAL
167,Urvi Chaudhari,517208.0,17093.239999999998,3,NORMAL
168,Prisha Das,408237.0,16329.48,2,NORMAL
169,Kiaan Seth,905965.0,18365.2,3,NORMAL
171,Kalpit Natt,566761.0,14983.060000000001,2,NORMAL
172,Logan Gour,170054.0,1700.54,1,NORMAL
173,Nitara Sani,497117.0,19884.68,1,NORMAL
174,Omya Oommen,38517.0,1540.68,1,NORMAL
176,Ayush Varty,301084.0,3010.84,1,NORMAL
177,Manbir Bakshi,202502.0,8100.08,1,NORMAL
178,Dalbir Ghosh,362164.0,3621.64,2,NORMAL
180,Faris Dey,285972.0,11438.880000000001,2,NORMAL
181,Dhruv Sha,324059.0,3240.59,1,NORMAL
183,Rajeshri Ghosh,985197.0,9851.970000000001,2,NORMAL
184,Anusha Chana,578999.0,14193.32,2,NORMAL
189,Wahab Chanda,231486.0,7390.95,2,NORMAL
190,Aarini Kannan,495657.0,14760.480000000001,2,NORMAL
191,Zehaan Sarna,204574.0,8182.96,1,NORMAL
192,Hemang Raghavan,389726.0,15589.04,1,NORMAL
193,Riya Sur,24194.0,967.76,1,NORMAL
194,Omisha Chand,934147.0,29573.26,4,NORMAL
195,Mugdha Panchal,386490.0,13602.15,2,NORMAL
196,Gagan Khanna,487590.0,19503.6,2,NORMAL
197,Gavin Shah,467670.0,4676.700000000001,2,NORMAL
198,Warda Goyal,308048.0,3080.48,2,NORMAL
200,Karan Talwar,649757.0,25990.28,2,NORMAL
201,Geetika Raval,1176146.0,33160.94,4,VIP
202,Radhika Sangha,475945.0,14377.660000000002,3,NORMAL
203,Thomas Jani,561998.0,16509.5,3,NORMAL
205,Teerth Nazareth,437703.0,15843.480000000001,3,NORMAL
206,Rajeshri Bora,424081.0,4240.81,1,NORMAL
207,Jhalak Thaker,607507.0,24300.28,3,NORMAL
208,Yagnesh Chokshi,12709.0,508.36,1,NORMAL
209,Ijaya Gaba,1600261.0,39308.47,5,VIP
210,Vaishnavi Prabhu,136398.0,1363.98,1,NORMAL
211,Veda Lall,268159.0,2681.59,1,NORMAL
212,Qadim Majumdar,789611.0,7896.11,2,NORMAL
213,Janya Vasa,505776.0,20231.04,2,NORMAL
214,Zehaan Chandra,296652.0,11866.08,1,NORMAL
216,Osha Kurian,645829.0,6458.29,2,NORMAL
217,Adweta Parsa,461937.0,18477.48,2,NORMAL
218,Mitali Ravel,1298840.0,22657.550000000003,4,VIP
219,Sanaya Khurana,530839.0,10054.720000000001,2,NORMAL
220,Leena Kadakia,850076.0,16484.63,3,NORMAL
222,Divya Wason,637404.0,18067.5,2,NORMAL
224,Yashoda Kamdar,614151.0,15133.380000000001,2,NORMAL
225,Omkaar Dua,914242.0,22869.940000000002,3,NORMAL
226,Advika Ramachandran,391654.0,3916.54,1,NORMAL
227,Urvashi Dar,632211.0,18161.460000000003,4,NORMAL
228,Vinaya Saini,853163.0,8531.630000000001,2,NORMAL
230,Vyanjana Parmar,486977.0,13914.53,2,NORMAL
231,Indali Gala,197858.0,1978.5800000000002,1,NORMAL
232,Robert Cherian,558095.0,12032.51,2,NORMAL
233,Sara Korpal,98316.0,3932.64,1,NORMAL
235,Bimala Nayak,657717.0,16341.810000000001,2,NORMAL
236,Charvi Dugar,262473.0,10498.92,1,NORMAL
237,Harshil Rajagopal,265963.0,10638.52,1,NORMAL
238,Falak Thakur,618423.0,24736.92,3,NORMAL
239,Krish Mall,108547.0,1566.22,2,NORMAL
240,Mohini Bhatnagar,904442.0,22118.84,3,NORMAL
242,Pranav Kade,579639.0,5796.39,3,NORMAL
243,Ati Agarwal,155159.0,6206.360000000001,1,NORMAL
244,Lakshit Lanka,278451.0,2784.51,1,NORMAL
247,Janani Sem,348579.0,8739.0,3,NORMAL
248,Wazir Prasad,248524.0,9940.960000000001,1,NORMAL
249,Chanchal Jani,638850.0,25554.0,4,NORMAL
250,Yug Sem,273602.0,7105.52,2,NORMAL
251,Libni Dalal,677629.0,12184.42,2,NORMAL
252,Wriddhish Pillay,207631.0,2076.31,1,NORMAL
253,Qadim Ben,261209.0,10448.36,2,NORMAL
254,Naksh Borde,460521.0,18420.84,3,NORMAL
255,Vanya Narayan,5489.0,54.89,1,NORMAL
257,Aarna Zacharia,208213.0,8328.52,2,NORMAL
258,Nachiket Patil,655440.0,6554.4,2,NORMAL
259,Yadavi Mohanty,1368706.0,32974.42,6,VIP
261,Aryan Chada,68213.0,2728.52,1,NORMAL
263,Baljiwan Chokshi,300275.0,3002.75,1,NORMAL
264,Hemangini Dewan,403881.0,16155.24,1,NORMAL
265,Meera Nair,111270.0,3487.7700000000004,2,NORMAL
266,Farhan Bir,778138.0,20059.63,2,NORMAL
267,Jatin Sani,418210.0,16728.4,1,NORMAL
268,Reyansh Arya,251397.0,10055.88,2,NORMAL
270,Dalbir Parmar,160964.0,1609.6399999999999,2,NORMAL
271,Umang Badal,973139.0,24712.370000000003,4,NORMAL
272,Agastya Chaudhari,507752.0,16833.350000000002,2,NORMAL
273,Ganga Grover,412613.0,4126.13,2,NORMAL
274,Girish Salvi,1197453.0,24691.08,3,VIP
275,Nitara Saran,784889.0,31395.559999999998,3,NORMAL
276,Anusha Thakkar,429986.0,16747.670000000002,2,NORMAL
277,Kai Hora,1406638.0,29689.39,4,VIP
278,Om Raghavan,537749.0,21509.96,2,NORMAL
279,Pooja Vaidya,17840.0,178.4,1,NORMAL
280,Anmol Kaul,891518.0,16954.61,3,NORMAL
281,Pallavi Ray,1116663.0,44666.52,4,VIP
282,Praneel Dass,204156.0,8166.24,1,NORMAL
283,Nidra Devan,113996.0,4559.84,2,NORMAL
284,Yatin Shetty,717145.0,28685.8,2,NORMAL
286,Champak Balay,482990.0,4829.9,2,NORMAL
288,Laksh Dass,286569.0,2865.69,1,NORMAL
290,Aarav Gokhale,711535.0,21722.95,2,NORMAL
291,Azaan Dugal,348131.0,13925.24,1,NORMAL
292,Tripti Saha,117288.0,1172.88,1,NORMAL
293,Ekavir Mann,145321.0,5812.84,1,NORMAL
294,Yashasvi Ganesan,466686.0,4666.86,1,NORMAL
295,Ekalinga Mane,792888.0,19222.260000000002,2,NORMAL
296,Wahab Chanda,389750.0,3897.5,1,NORMAL
297,Chaman Divan,421620.0,16864.8,1,NORMAL
298,Qabil Trivedi,173925.0,1739.25,1,NORMAL
300,Anita Acharya,801459.0,17219.22,4,NORMAL
302,Yashoda Goel,376951.0,3769.51,1,NORMAL
303,Dhriti De,271403.0,10856.119999999999,3,NORMAL
304,Darika Contractor,458277.0,18331.08,1,NORMAL
305,Nakul Nori,1268036.0,26974.52,4,VIP
306,Darpan Narang,313804.0,12552.16,1,NORMAL
307,Tara Kalla,773226.0,30929.04,2,NORMAL
308,Andrew Bhatia,35934.0,359.34000000000003,1,NORMAL
309,Unnati Bir,155206.0,3949.09,2,NORMAL
310,Nachiket Mand,427168.0,4271.68,1,NORMAL
314,Ira Narayanan,569482.0,5694.82,2,NORMAL
315,Idika More,438709.0,4387.09,2,NORMAL
317,Kala Mitter,371449.0,14857.960000000001,2,NORMAL
318,Rohan Kant,348794.0,7119.59,2,NORMAL
319,Aashi Suresh,229445.0,4475.6900000000005,2,NORMAL
320,Jatin Mohan,444055.0,17762.2,2,NORMAL
321,Sneha Bhandari,439476.0,4394.76,1,NORMAL
322,Maanav Bala,956983.0,24228.1,2,NORMAL
323,Vincent Kulkarni,176170.0,1761.7,1,NORMAL
324,Lakshmi Iyengar,849976.0,33999.04,2,NORMAL
325,Dalaja Narain,76876.0,3075.04,1,NORMAL
326,Frederick Johal,92314.0,3692.56,1,NORMAL
327,Parth Jha,332492.0,3324.92,1,NORMAL
328,Ekani Walia,223665.0,2236.65,1,NORMAL
330,Yochana Gera,817347.0,19611.36,3,NORMAL
331,Unni Master,249045.0,9961.800000000001,2,NORMAL
333,Urmi Dyal,533968.0,11888.650000000001,2,NORMAL
334,Sanya Chaudhari,850051.0,20855.86,2,NORMAL
335,Chameli Upadhyay,491890.0,18907.48,3,NORMAL
336,Yashica Sarkar,408292.0,4082.92,1,NORMAL
337,Bhavini Gara,19709.0,788.36,1,NORMAL
338,Ojasvi Sidhu,254194.0,10167.76,1,NORMAL
343,Damyanti Sane,834844.0,31225.210000000003,3,NORMAL
344,Rehaan Sama,254025.0,2540.25,1,NORMAL
345,Inaya Bahl,666694.0,10535.29,4,NORMAL
346,Raksha Mukherjee,419254.0,4192.54,1,NORMAL
349,Warinder Ganesan,262458.0,2624.58,1,NORMAL
350,Lucky Kumer,713056.0,26210.559999999998,3,NORMAL
351,Vasatika Shukla,176291.0,7051.639999999999,2,NORMAL
352,Vedhika Varughese,871356.0,23821.230000000003,3,NORMAL
353,Arunima Ranganathan,317771.0,11215.43,2,NORMAL
354,Adweta Karan,60982.0,1250.35,2,NORMAL
355,Samar Deshmukh,263756.0,2637.56,1,NORMAL
356,Yadavi Ratta,168882.0,6755.280000000001,2,NORMAL
357,Naveen Ram,95949.0,959.49,1,NORMAL
358,Ganga Rau,889075.0,8890.75,2,NORMAL
359,Onkar Deo,75656.0,756.5600000000001,1,NORMAL
360,Aishani Narula,224006.0,2240.06,2,NORMAL
362,Omya Chad,438656.0,4386.56,1,NORMAL
363,Azaan Gara,525254.0,17778.410000000003,3,NORMAL
364,Tanay Wali,165929.0,2978.84,2,NORMAL
365,Anjali Contractor,422999.0,16919.96,2,NORMAL
366,Neha Sarma,431196.0,4311.96,1,NORMAL
367,Jyoti Bhagat,247878.0,8101.14,2,NORMAL
368,Yuvraj Saxena,412119.0,16484.760000000002,1,NORMAL
369,Radhika Dutta,113492.0,4539.68,1,NORMAL
370,Jacob Sule,418989.0,16759.56,1,NORMAL
373,Ranveer Varghese,280571.0,11222.84,1,NORMAL
374,Ekalinga Gulati,173995.0,1739.95,1,NORMAL
375,Girindra Bhatnagar,317380.0,12695.2,1,NORMAL
376,Ubika Swamy,661760.0,26470.4,4,NORMAL
377,Harini Khanna,1110886.0,34107.37,3,VIP
378,Adweta Koshy,39949.0,1597.96,1,NORMAL
379,Vyanjana Lal,400156.0,4001.56,1,NORMAL
381,Chaitanya Prabhu,859324.0,20080.06,2,NORMAL
383,Girindra Ravi,45730.0,1829.2,1,NORMAL
387,Mahika Om,497150.0,8009.3,2,NORMAL
388,Yutika Master,478668.0,12451.41,2,NORMAL
389,Eesha Bhavsar,378996.0,4115.22,2,NORMAL
391,Meera Puri,533932.0,15457.45,3,NORMAL
393,Upadhriti Mangal,449646.0,17985.84,1,NORMAL
394,Gagan Singh,332728.0,13309.12,1,NORMAL
395,Yuvraj Nath,600099.0,24003.96,2,NORMAL
396,Abeer Viswanathan,686279.0,21403.64,2,NORMAL
397,Samar Mohanty,331710.0,13268.4,1,NORMAL
399,Madhav Munshi,411084.0,4110.84,1,NORMAL
401,Pranav Seshadri,1318731.0,35008.439999999995,4,VIP
403,Samesh Magar,937677.0,19176.57,3,NORMAL
406,Theodore Ganesh,90422.0,3616.88,1,NORMAL
407,Dev Ahuja,269859.0,10794.36,2,NORMAL
408,Arunima Dutt,188198.0,7527.92,1,NORMAL
409,Oni Bedi,260736.0,7406.55,2,NORMAL
410,Damini Mukhopadhyay,1259309.0,29959.97,4,VIP
411,Pranit Gala,1064471.0,11425.4,4,VIP
412,Mekhala Talwar,467774.0,4677.74,1,NORMAL
413,Ikbal Bajwa,1145815.0,11458.150000000001,4,VIP
414,Patrick Mani,107272.0,4290.88,1,NORMAL
416,Ladli Kota,166924.0,6676.96,1,NORMAL
417,Veda Goda,338231.0,3382.31,1,NORMAL
419,Abeer Kaur,383976.0,3839.76,1,NORMAL
420,Amaira Bhatti,374606.0,13481.18,2,NORMAL
421,David Kothari,177506.0,7100.24,1,NORMAL
422,Shravya Memon,851331.0,23693.100000000002,4,NORMAL
424,Jatin Bal,111996.0,4479.84,1,NORMAL
425,Aarnav Bhagat,659962.0,14998.210000000001,2,NORMAL
426,Darpan Gandhi,566940.0,13704.060000000001,2,NORMAL
427,Warda Naik,264378.0,10575.12,1,NORMAL
428,Zehaan Bora,109087.0,4363.4800000000005,1,NORMAL
429,Mugdha Ghosh,1393675.0,27651.4,4,VIP
430,Mohammed Shetty,309935.0,12397.4,1,NORMAL
432,Ridhi Samra,392459.0,6830.8099999999995,2,NORMAL
435,Megha Rajagopalan,736984.0,9743.5,3,NORMAL
436,Krish Gupta,713324.0,7133.24,2,NORMAL
437,Daksha Pai,302005.0,3020.05,1,NORMAL
438,Ekiya Grover,1069896.0,20314.95,5,VIP
439,Balveer Trivedi,965171.0,38606.840000000004,4,NORMAL
440,Yashasvi Kale,440121.0,4401.21,1,NORMAL
441,Jason Varughese,483730.0,19349.2,3,NORMAL
442,Nihal Sengupta,1096212.0,31473.39,4,VIP
445,Vivaan Kar,210743.0,8429.72,1,NORMAL
446,Nathan Singhal,555423.0,5554.23,3,NORMAL
447,Riya Swaminathan,305205.0,6058.77,2,NORMAL
449,Bina Dara,314878.0,3148.78,1,NORMAL
450,Ekansh Bakshi,285036.0,11401.44,3,NORMAL
451,Dominic Pall,111208.0,4448.320000000001,2,NORMAL
452,Tanay Tella,232981.0,2329.81,1,NORMAL
454,Owen Sankaran,479325.0,4793.25,2,NORMAL
455,Nihal Bajwa,427791.0,4277.91,2,NORMAL
456,Ojasvi Chadha,410135.0,16405.4,2,NORMAL
457,Brinda Ganesh,466156.0,4661.56,2,NORMAL
458,Laban Sankar,698702.0,6987.02,2,NORMAL
460,Lohit Chaudhari,159993.0,1599.93,1,NORMAL
462,Zilmil Dyal,1218366.0,35970.630000000005,3,VIP
463,Max Mammen,167626.0,1676.26,1,NORMAL
464,Irya Krishnamurthy,169262.0,6770.4800000000005,1,NORMAL
465,Omisha Radhakrishnan,690706.0,17780.260000000002,2,NORMAL
467,Radha Kala,27554.0,275.54,1,NORMAL
468,Nirja Nanda,633617.0,19381.399999999998,2,NORMAL
469,Aarnav Koshy,1325131.0,33450.85,4,VIP
471,Chatura Peri,83335.0,3333.4,1,NORMAL
472,Vasudha Dey,406833.0,16273.32,2,NORMAL
473,Vihaan Parmar,549853.0,21994.12,2,NORMAL
474,Samesh Agrawal,165744.0,1657.44,1,NORMAL
475,Bhavika Ray,1006700.0,30858.53,3,VIP
476,Arjun Dyal,999973.0,16096.24,4,NORMAL
477,Raksha Raman,378057.0,3780.57,1,NORMAL
478,Aarna Verma,956245.0,32734.629999999997,3,NORMAL
479,Barkha Tiwari,362655.0,14506.2,2,NORMAL
480,Champak Panchal,254422.0,2544.2200000000003,1,NORMAL
481,Triya Sandal,311005.0,3110.05,1,NORMAL
482,Luke Kalla,276095.0,11043.800000000001,1,NORMAL
483,Lajita Shankar,267686.0,2676.8599999999997,2,NORMAL
484,Jason Nagarajan,466011.0,17466.420000000002,2,NORMAL
485,Vasana Morar,440456.0,4404.56,1,NORMAL
486,Triveni Pau,132902.0,1329.02,1,NORMAL
487,Tarak Pillai,378532.0,3785.32,1,NORMAL
488,Jason Tripathi,856522.0,21442.09,3,NORMAL
489,Amaira Aggarwal,641153.0,18774.170000000002,2,NORMAL
491,Baghyawati Sridhar,576193.0,13371.460000000001,2,NORMAL
492,Vincent Mander,604339.0,14735.56,2,NORMAL
494,Arjun Banik,48491.0,484.91,1,NORMAL
495,Thomas Cheema,591426.0,23657.04,2,NORMAL
496,Tanish Dhillon,973676.0,16376.75,3,NORMAL
497,Benjamin Kapur,461896.0,18475.84,1,NORMAL
498,Jonathan Zacharia,172451.0,1724.51,1,NORMAL
499,Teerth Mukhopadhyay,436098.0,14534.58,3,NORMAL
500,Ikbal Das,210183.0,2101.83,1,NORMAL
501,Lucky Chauhan,200312.0,2003.1200000000001,1,NORMAL
502,Dhriti Sami,405570.0,16222.800000000001,1,NORMAL
503,Nidhi Goyal,389889.0,3898.89,1,NORMAL
504,Aarna Bahl,657681.0,14615.01,2,NORMAL
506,Ekanta Bobal,514802.0,20592.08,2,NORMAL
507,George Malhotra,513431.0,20537.239999999998,2,NORMAL
508,Bakhshi Sankar,646853.0,14088.23,2,NORMAL
509,Laksh Ram,797406.0,18525.87,2,NORMAL
510,Indira Rana,1035233.0,24275.45,3,VIP
511,Yashodhara Sahota,422576.0,5860.52,2,NORMAL
513,Tripti Roy,776363.0,31054.52,3,NORMAL
514,Elijah Badal,358043.0,14321.720000000001,1,NORMAL
515,Pushti Rajagopalan,540245.0,5402.450000000001,2,NORMAL
516,Orinder Ray,185372.0,7414.88,2,NORMAL
517,Falan Dixit,500436.0,19663.83,3,NORMAL
518,Harinakshi Mane,950393.0,22034.33,3,NORMAL
519,Idika Madan,150510.0,6020.400000000001,1,NORMAL
520,Lakshit Ganesan,370666.0,8837.23,3,NORMAL
521,Bhanumati Sood,228442.0,2284.42,1,NORMAL
522,Wazir Virk,427599.0,17103.96,2,NORMAL
524,Devansh Chandran,543075.0,5430.75,2,NORMAL
527,Timothy Lalla,639082.0,19096.660000000003,3,NORMAL
529,Bishakha Mani,689688.0,21666.300000000003,3,NORMAL
530,Oeshi Divan,852204.0,23173.710000000003,2,NORMAL
531,Robert Andra,258233.0,10329.32,2,NORMAL
532,Aarnav De,85160.0,3406.4,1,NORMAL
533,Warda Guha,472181.0,18887.24,2,NORMAL
534,Jhalak Randhawa,494805.0,19792.2,2,NORMAL
535,Zaitra Nagar,592998.0,9879.93,4,NORMAL
536,Deepa Ramakrishnan,299356.0,11974.24,1,NORMAL
537,Isaiah Yohannan,666836.0,26673.440000000002,2,NORMAL
538,Dhriti Radhakrishnan,301113.0,12044.52,1,NORMAL
540,Yashvi Mani,711037.0,15290.89,2,NORMAL
542,Guneet Mutti,186041.0,1860.41,1,NORMAL
543,Teerth Madan,259119.0,10364.76,1,NORMAL
544,Farhan Venkatesh,801249.0,8012.490000000001,2,NORMAL
545,Ishita Bora,73884.0,2955.36,1,NORMAL
546,Yash Kashyap,349166.0,3491.66,1,NORMAL
547,Abdul Parekh,343797.0,3437.9700000000003,2,NORMAL
549,Isaiah Balakrishnan,473351.0,4733.51,3,NORMAL
552,Laksh Kakar,541263.0,11469.45,2,NORMAL
553,Simon Vohra,731263.0,14360.56,2,NORMAL
554,Karan Yogi,1033983.0,23323.35,3,VIP
555,Bhavani Chawla,59892.0,2395.68,1,NORMAL
556,Dalaja Mahajan,302307.0,12092.279999999999,2,NORMAL
557,Vedant Sachar,213935.0,2139.35,1,NORMAL
558,Bishakha Nayak,346375.0,10816.84,2,NORMAL
559,Bishakha Dutta,434094.0,17363.760000000002,1,NORMAL
561,Vritti Puri,63396.0,2535.84,1,NORMAL
563,Eesha Chana,1003528.0,13866.52,3,VIP
564,Triveni Chand,595086.0,5950.860000000001,2,NORMAL
565,Isaac Badal,348759.0,3487.59,1,NORMAL
567,Gagan Vohra,399382.0,3993.82,1,NORMAL
568,Ekantika Barad,287076.0,2870.76,1,NORMAL
569,Manthan Sarkar,572065.0,22882.6,2,NORMAL
571,Warjas Rout,296415.0,11856.6,1,NORMAL
572,Advaith Doshi,239289.0,9571.56,1,NORMAL
573,Nandini Mishra,21082.0,210.82,1,NORMAL
575,Tarak Chokshi,906486.0,21597.660000000003,2,NORMAL
577,Champak Sarraf,672855.0,26914.2,2,NORMAL
578,Adya Ramaswamy,427913.0,4279.13,2,NORMAL
579,Eta Yadav,328562.0,3285.62,1,NORMAL
580,Balvan Comar,868229.0,8682.29,3,NORMAL
581,Yasti Prasad,236495.0,9459.800000000001,1,NORMAL
582,Robert Gopal,198396.0,7935.84,1,NORMAL
583,Karan Pandey,525258.0,19625.789999999997,2,NORMAL
585,Wahab Sarkar,54560.0,545.6,1,NORMAL
590,Qadim Dar,81891.0,818.91,1,NORMAL
593,Saksham Bhattacharyya,464027.0,18561.08,1,NORMAL
594,Neel Gera,449703.0,17988.12,1,NORMAL
595,Yasti Mahajan,377508.0,3775.08,1,NORMAL
596,Bachittar Palla,23037.0,921.48,1,NORMAL
597,Hitesh Memon,106784.0,4271.36,1,NORMAL
598,Chakradhar Shere,684485.0,6844.85,2,NORMAL
599,Amruta Morar,39902.0,399.02,1,NORMAL
600,Abha Narayanan,770512.0,9327.37,3,NORMAL
601,Jatin Hora,703741.0,28149.64,2,NORMAL
603,Oviya Thaker,173114.0,6924.56,1,NORMAL
607,Netra Ramesh,1285860.0,36927.03,4,VIP
608,Yadavi Narula,13504.0,135.04,1,NORMAL
610,Upkaar Soman,218744.0,2187.44,1,NORMAL
611,Saanvi Kala,340621.0,11333.32,2,NORMAL
612,Pallavi Sengupta,618769.0,24750.760000000002,2,NORMAL
614,Reyansh Chowdhury,607819.0,13001.77,2,NORMAL
615,Deepa Patel,495040.0,19801.600000000002,1,NORMAL
616,Falguni Sarma,943185.0,30824.13,3,NORMAL
618,Bhavya Gupta,243770.0,2437.7000000000003,1,NORMAL
619,Pahal Dugar,179905.0,6121.12,2,NORMAL
620,Chasmum Prabhu,526400.0,6706.58,2,NORMAL
621,Daksha Nagarajan,215840.0,2158.4,1,NORMAL
622,Prisha Pant,400185.0,4001.85,1,NORMAL
624,Suhani Sampath,710743.0,7107.43,2,NORMAL
625,Isaac Banik,562274.0,18984.530000000002,2,NORMAL
626,Vrishti Malhotra,122948.0,4917.92,1,NORMAL
627,Alka Roy,1013280.0,27277.56,4,VIP
628,Wakeeta Som,9412.0,94.12,1,NORMAL
629,Bhavini Roy,309918.0,3099.1800000000003,1,NORMAL
631,Siya Bakshi,454592.0,18183.68,1,NORMAL
632,Anay Sekhon,1142621.0,22430.390000000003,4,VIP
633,Vrishti Bhattacharyya,279218.0,11168.72,1,NORMAL
634,Sanya Srinivasan,700135.0,7001.35,2,NORMAL
635,Jasmit Morar,940988.0,17130.35,4,NORMAL
636,Kamala Parmar,609737.0,6097.370000000001,2,NORMAL
637,Quincy Ramanathan,211627.0,2116.27,2,NORMAL
638,Ronith Swamy,508717.0,9496.84,2,NORMAL
640,Faqid Shere,309849.0,12393.960000000001,1,NORMAL
641,Janya Kata,864260.0,8642.6,2,NORMAL
642,Pushti Virk,876382.0,35055.28,2,NORMAL
643,Vedhika Raja,224347.0,8973.880000000001,1,NORMAL
644,Ojasvi Walla,35046.0,350.46,1,NORMAL
645,Bachittar Rout,981972.0,13390.05,4,NORMAL
646,Falguni Vora,165197.0,1651.97,1,NORMAL
647,Chandresh Barad,331700.0,6057.32,2,NORMAL
649,Owen Dasgupta,117304.0,1173.04,1,NORMAL
651,Veer Boase,629317.0,25172.68,2,NORMAL
652,Aayush Wagle,246666.0,9866.64,1,NORMAL
654,Yashawini Nagi,71712.0,717.12,1,NORMAL
655,Jyoti Solanki,364174.0,14566.96,2,NORMAL
656,Lucky Nath,1236468.0,33546.18,4,VIP
657,Nimrat Bakshi,132071.0,5282.84,1,NORMAL
658,Veda Gera,338440.0,3384.4,1,NORMAL
659,Nitara Rege,982943.0,34760.420000000006,3,NORMAL
660,Patrick Sura,152136.0,4339.41,2,NORMAL
661,Lekha Ramesh,982596.0,31435.14,3,NORMAL
662,Ekaraj Sen,223733.0,8949.32,1,NORMAL
663,Advika Dutt,539216.0,15087.59,2,NORMAL
664,Wahab Mangal,895417.0,21677.65,2,NORMAL
665,Raksha Natarajan,313203.0,3132.03,2,NORMAL
666,Chatura Bains,308911.0,3089.11,1,NORMAL
667,Divya Agarwal,39658.0,1586.32,1,NORMAL
668,Theodore Patla,1164984.0,27381.09,4,VIP
672,Arunima Balay,370070.0,3700.7,2,NORMAL
673,Warda Magar,378730.0,15149.2,1,NORMAL
674,Nachiket Cheema,177471.0,1774.71,2,NORMAL
675,Devansh Bajwa,161799.0,6471.96,1,NORMAL
676,Upadhriti Yogi,389596.0,3895.96,1,NORMAL
677,Yashasvi Chadha,644197.0,20324.29,2,NORMAL
678,Nidhi Majumdar,979408.0,21416.559999999998,3,NORMAL
679,Yashoda Srivastava,299881.0,11995.240000000002,2,NORMAL
681,Vanya Nagy,689256.0,6892.56,2,NORMAL
683,Yashica Swaminathan,739062.0,15987.960000000001,2,NORMAL
684,Geetika Borah,122664.0,1226.64,1,NORMAL
685,Tristan Sridhar,100988.0,4039.52,1,NORMAL
687,Ranveer Brahmbhatt,285613.0,2856.13,2,NORMAL
688,Abhiram Chandra,171186.0,6847.4400000000005,1,NORMAL
689,Samuel Lalla,595188.0,19485.690000000002,2,NORMAL
690,Chaaya Kota,910088.0,36403.520000000004,2,NORMAL
691,Atharv Bhattacharyya,409040.0,16361.6,1,NORMAL
692,Siddharth Mangal,23441.0,937.64,1,NORMAL
693,Rajeshri Lata,182839.0,6079.27,2,NORMAL
694,Bhavika Patla,132876.0,5315.04,1,NORMAL
695,Timothy Devi,420205.0,8026.48,2,NORMAL
696,Praneel Srinivas,910192.0,9101.92,2,NORMAL
697,Chakradev Mutti,426217.0,4262.17,1,NORMAL
698,Bhavani Konda,107768.0,4310.72,1,NORMAL
699,Guneet Dhawan,491566.0,5451.1900000000005,2,NORMAL
700,Jagdish Mahajan,1844692.0,50277.43,7,VIP
701,Owen Madan,437925.0,4379.25,1,NORMAL
702,Yauvani Sen,269279.0,2692.79,1,NORMAL
703,Vivaan Sachdeva,403325.0,16133.0,1,NORMAL
704,Rohan Radhakrishnan,595552.0,17079.85,2,NORMAL
706,Bahadurjit Sharaf,706925.0,28277.0,2,NORMAL
708,Leena Sant,797000.0,31880.0,2,NORMAL
709,Jairaj Iyer,16394.0,163.94,1,NORMAL
710,Hema Goyal,76883.0,768.83,1,NORMAL
711,Prisha Walla,1017330.0,39775.56,3,VIP
712,Manthan Deshmukh,891302.0,21661.64,3,NORMAL
713,Upasna Lata,254480.0,7836.35,2,NORMAL
714,Meghana Nagi,691609.0,21155.35,2,NORMAL
716,Ojasvi Borra,470095.0,18803.8,1,NORMAL
717,Anthony Barman,1017418.0,26249.2,4,VIP
720,Frado Chatterjee,161943.0,6477.72,1,NORMAL
721,Janaki Chakraborty,813229.0,12309.970000000001,3,NORMAL
722,Widisha Nori,424666.0,7837.0,2,NORMAL
723,Unnati Tara,320424.0,3204.2400000000002,1,NORMAL
724,Ojas Palla,36132.0,361.32,1,NORMAL
725,Mitali Zacharia,133911.0,1339.1100000000001,1,NORMAL
726,Banjeet Subramanian,246340.0,9853.6,1,NORMAL
727,Ojasvi Dasgupta,64691.0,2587.64,1,NORMAL
728,Wazir Bahri,346359.0,3463.59,1,NORMAL
729,Dakshesh Nagy,497593.0,4975.93,2,NORMAL
731,Radha Padmanabhan,344829.0,13793.16,2,NORMAL
734,Yutika Kanda,321969.0,12878.76,2,NORMAL
736,Mohammed Varma,179982.0,1799.82,1,NORMAL
737,Lakshit Datta,522196.0,15951.34,3,NORMAL
738,William Sarkar,898755.0,35950.2,3,NORMAL
739,Yash Puri,656193.0,11733.240000000002,3,NORMAL
740,Qadim Kaul,1279819.0,41257.39,3,VIP
741,Triya Dey,381660.0,3816.6,1,NORMAL
743,Anirudh Date,585760.0,23430.4,2,NORMAL
744,Unni Nori,129120.0,1291.2,1,NORMAL
745,Jalsa Kakar,1296162.0,12961.619999999999,3,VIP
747,Nikita Subramanian,656963.0,13028.150000000001,2,NORMAL
748,Ekanta Sengupta,476943.0,19077.72,2,NORMAL
749,Wriddhish Karan,301230.0,12049.2,1,NORMAL
750,Sachi Narain,264367.0,2643.67,1,NORMAL
751,Lohit Mahajan,461126.0,15074.420000000002,2,NORMAL
752,Saumya Rastogi,501332.0,8760.89,2,NORMAL
753,Jeet Lad,498639.0,4986.39,3,NORMAL
754,Warhi Dora,619570.0,11320.36,2,NORMAL
755,William De,671778.0,7274.1900000000005,3,NORMAL
757,Lopa Choudhry,401608.0,4016.08,2,NORMAL
759,Ekaja Raval,420642.0,16825.68,2,NORMAL
761,Gaurav Dasgupta,322804.0,5317.299999999999,2,NORMAL
762,Wriddhish Balasubramanian,1068664.0,35617.18,4,VIP
763,Pranav Shankar,499852.0,4998.52,1,NORMAL
765,Christopher Sha,958185.0,38327.4,2,NORMAL
767,Manthan Dash,383720.0,3837.2,2,NORMAL
768,Nidra Dua,214683.0,5807.73,3,NORMAL
771,Amara Bhakta,15310.0,153.1,1,NORMAL
772,Nihal Tripathi,431857.0,17274.28,1,NORMAL
773,Azaan Bhandari,303082.0,7911.610000000001,3,NORMAL
774,Isha Atwal,316137.0,12645.48,1,NORMAL
775,Ekbal Mohan,11775.0,117.75,1,NORMAL
777,Rajata Varma,1137824.0,35698.4,3,VIP
778,Maanav Bhagat,382575.0,15303.0,1,NORMAL
780,Ayushman Agrawal,418100.0,16724.0,1,NORMAL
781,Alka Prashad,123636.0,1236.3600000000001,1,NORMAL
782,Ekiya Ramaswamy,717621.0,10995.060000000001,3,NORMAL
783,Oviya Swamy,319316.0,3193.16,1,NORMAL
784,Bachittar Doctor,177258.0,7090.32,1,NORMAL
785,Vedika Kata,290073.0,11602.92,1,NORMAL
786,Qadim Baria,182672.0,1826.72,1,NORMAL
787,Rachana Agarwal,466278.0,18651.12,2,NORMAL
790,Radhika Kulkarni,670781.0,11856.89,2,NORMAL
792,Varsha Bahl,751684.0,30067.36,2,NORMAL
793,Banjeet Sunder,265141.0,10605.64,1,NORMAL
794,Zarna Karnik,820190.0,32807.600000000006,2,NORMAL
795,Charan Dar,540819.0,16172.220000000001,4,NORMAL
796,Eesha Bhavsar,494051.0,4940.51,1,NORMAL
797,Karan Acharya,72353.0,723.53,1,NORMAL
799,Lakshmi Andra,395854.0,15834.16,1,NORMAL
800,Zaitra Sachdeva,267123.0,10684.92,1,NORMAL
801,Nitara Chad,430662.0,9744.15,3,NORMAL
802,Faras Majumdar,56674.0,2266.96,1,NORMAL
804,Unnati Pillay,147922.0,1479.22,1,NORMAL
805,Praneel Modi,98173.0,3926.92,1,NORMAL
806,Dhruv Ganesan,1040517.0,18362.55,3,VIP
807,Ayush Rege,100564.0,1005.64,1,NORMAL
808,Veer Gokhale,427768.0,4277.68,2,NORMAL
809,Veda Kurian,656446.0,16347.220000000001,2,NORMAL
810,Anthony Saraf,297214.0,2972.14,1,NORMAL
811,Aadi Cherian,581815.0,5818.150000000001,2,NORMAL
812,Ojas Prabhu,96200.0,962.0,1,NORMAL
813,Kabir Chopra,312191.0,3121.91,2,NORMAL
814,Anay Dhawan,838987.0,33559.48,2,NORMAL
815,Riya Ram,826761.0,8267.61,4,NORMAL
816,Bina Kalita,734665.0,16124.71,3,NORMAL
817,Samarth Edwin,754542.0,7545.42,3,NORMAL
818,Caleb Reddy,1431258.0,30204.12,6,VIP
819,Banjeet Shetty,507284.0,20291.36,2,NORMAL
820,Yachana Goda,318262.0,12730.48,2,NORMAL
821,Henry Atwal,375611.0,15024.44,1,NORMAL
825,Sneha Lata,735494.0,7354.9400000000005,3,NORMAL
826,Maanav Parmer,800196.0,19063.620000000003,2,NORMAL
827,Gautami Mishra,583081.0,23323.239999999998,2,NORMAL
828,Rushil Rajagopalan,759173.0,18910.43,2,NORMAL
830,Ishwar Kothari,673668.0,26946.72,4,NORMAL
831,Darsh Date,338519.0,13540.76,1,NORMAL
833,Yuvraj Vohra,157324.0,1573.24,1,NORMAL
834,Megha Rai,524933.0,7688.780000000001,2,NORMAL
835,Ekiya Choudhury,1162462.0,40132.69,4,VIP
836,Chakradhar Kala,179165.0,7166.6,1,NORMAL
838,Dayita Ratta,144426.0,2480.3100000000004,2,NORMAL
839,Wriddhish Doctor,937467.0,33485.67,3,NORMAL
840,Udarsh Cherian,1136893.0,18881.620000000003,4,VIP
841,Darpan Butala,238498.0,9539.92,1,NORMAL
842,Girish Ravel,95193.0,3807.7200000000003,2,NORMAL
843,Theodore Parmer,578576.0,19490.719999999998,2,NORMAL
844,Bhavani Batra,355774.0,14230.960000000001,1,NORMAL
845,Upadhriti Chaudhari,398664.0,3986.64,1,NORMAL
846,Deepa Chokshi,128060.0,5122.400000000001,1,NORMAL
847,Xalak Sule,409019.0,4090.19,1,NORMAL
848,Thomas Yohannan,864882.0,22571.190000000002,3,NORMAL
850,Pallavi Sunder,291586.0,2915.86,1,NORMAL
852,Yashasvi Agate,8600.0,344.0,1,NORMAL
853,Urishilla Kohli,117562.0,1175.6200000000001,1,NORMAL
854,Zehaan Dey,257519.0,2575.19,2,NORMAL
855,Devika Goel,161783.0,6471.32,1,NORMAL
856,Advay Sant,234387.0,9375.48,1,NORMAL
857,Karan Magar,86846.0,3473.84,1,NORMAL
858,Anamika Sabharwal,298081.0,11923.24,1,NORMAL
859,Wakeeta Sem,717395.0,14032.970000000001,2,NORMAL
861,Qabil Mani,181632.0,1816.32,1,NORMAL
862,Amrita Tata,639009.0,25560.36,2,NORMAL
864,Harinakshi Kari,253694.0,10147.76,1,NORMAL
865,Thomas Chakraborty,202900.0,8116.0,2,NORMAL
866,Nitesh Goyal,1059464.0,21342.74,4,VIP
868,Vyanjana Roy,255607.0,10224.28,1,NORMAL
869,Warda Mand,149948.0,1499.48,1,NORMAL
870,Hardik Soni,763687.0,18178.21,2,NORMAL
872,Chaitaly Sastry,670473.0,6704.73,3,NORMAL
875,Victor Verma,331187.0,4645.61,2,NORMAL
876,Tanvi Zacharia,252330.0,10093.2,1,NORMAL
878,Wridesh Garg,958285.0,9582.85,3,NORMAL
879,Jonathan Kakar,89153.0,891.53,1,NORMAL
881,Ladli Dada,103942.0,4157.68,1,NORMAL
882,Anjali Cherian,150435.0,6017.400000000001,1,NORMAL
883,Sai Mandal,582806.0,15566.09,2,NORMAL
884,Yauvani Munshi,406413.0,8674.17,2,NORMAL
885,Bahadurjit Narasimhan,1164362.0,22905.410000000003,4,VIP
887,Gabriel Kata,643662.0,6436.620000000001,2,NORMAL
889,Bhanumati Dar,217422.0,5839.620000000001,3,NORMAL
890,Qushi Sood,448415.0,4484.150000000001,1,NORMAL
891,Chanakya Chacko,91176.0,911.76,1,NORMAL
893,Vedhika Bassi,148339.0,5933.56,1,NORMAL
894,Michael Bali,150826.0,6033.04,1,NORMAL
895,Anusha Natarajan,517052.0,6114.380000000001,2,NORMAL
896,Nirja Bhavsar,689202.0,15807.689999999999,2,NORMAL
898,Harish Mammen,27508.0,275.08,1,NORMAL
899,Onkar Rajagopal,628824.0,6288.24,3,NORMAL
900,Chandran Mani,143291.0,1432.91,1,NORMAL
901,Lipika Nagy,162721.0,6508.84,2,NORMAL
902,Owen Panchal,348437.0,3484.37,2,NORMAL
904,Anika Andra,546396.0,16182.03,2,NORMAL
905,Yamini Sampath,568020.0,14386.05,3,NORMAL
906,Yochana Kara,254796.0,2547.96,1,NORMAL
907,Kala Mahal,471200.0,18848.0,1,NORMAL
908,Isha Barman,771367.0,7713.67,2,NORMAL
910,Yashica Bassi,909577.0,16299.91,3,NORMAL
912,Avni Mangal,775893.0,17576.61,2,NORMAL
913,Eesha Solanki,877352.0,14385.68,4,NORMAL
915,Baghyawati Manne,495888.0,19835.52,1,NORMAL
916,Naksh Chad,600124.0,20586.16,2,NORMAL
917,Ekiya Sarma,1131276.0,24767.190000000002,3,VIP
919,Vyanjana Gandhi,461020.0,4610.2,1,NORMAL
920,Nachiket Desai,146248.0,1462.48,1,NORMAL
923,Charles Parsa,721610.0,15952.19,2,NORMAL
927,Bhavini Devan,275568.0,2755.68,3,NORMAL
930,Abhimanyu Gokhale,442461.0,4424.61,1,NORMAL
931,Vyanjana Kuruvilla,696351.0,16345.44,2,NORMAL
932,Darika Sahota,668830.0,15494.2,3,NORMAL
933,Vansha Chanda,436144.0,4361.4400000000005,1,NORMAL
934,Hema Anand,212766.0,2127.66,1,NORMAL
935,Bishakha Kapur,1056648.0,34063.14,3,VIP
936,Bhavna Ganguly,79854.0,2726.67,2,NORMAL
937,Rishi Nagar,782246.0,7822.46,2,NORMAL
940,Lila Garde,352464.0,9703.800000000001,2,NORMAL
941,Watika Khosla,98442.0,984.4200000000001,1,NORMAL
944,Hemani Bose,258398.0,10335.92,1,NORMAL
945,Lucky Karnik,552984.0,11233.86,2,NORMAL
946,Indrajit Sawhney,442902.0,11557.95,2,NORMAL
947,Dhriti Samra,834552.0,21230.010000000002,3,NORMAL
948,Jeet Borde,67971.0,679.71,1,NORMAL
949,Charita Kant,231302.0,9252.08,1,NORMAL
952,Hemangini Maharaj,101009.0,4040.36,1,NORMAL
953,Ishaan Raval,251701.0,10068.04,1,NORMAL
954,Isaiah Krishnan,37708.0,377.08,1,NORMAL
955,Varenya Deshpande,1152657.0,46106.28,4,VIP
956,Radha Chaudry,517857.0,5178.57,3,NORMAL
957,Jeremiah Devi,137640.0,5505.6,1,NORMAL
958,Ryan Bawa,458878.0,16888.210000000003,2,NORMAL
960,Samesh Ratti,238699.0,2386.9900000000002,1,NORMAL
963,Nilima Chauhan,552069.0,21358.08,3,NORMAL
965,Chandran Deshpande,531876.0,13931.55,2,NORMAL
966,Max Manda,942021.0,37680.840000000004,3,NORMAL
967,Reva Kashyap,275155.0,2751.55,1,NORMAL
968,Yatin Morar,315037.0,9987.039999999999,2,NORMAL
969,Sai Naik,449366.0,4493.66,1,NORMAL
970,Nidra Dubey,230139.0,4678.68,2,NORMAL
971,Warda Patla,1520929.0,56657.32,5,VIP
972,Vaishnavi Uppal,377948.0,3779.48,1,NORMAL
973,Balvan Mittal,454375.0,4543.75,1,NORMAL
974,Onveer Zachariah,68780.0,2751.2000000000003,1,NORMAL
975,Leela Agarwal,759509.0,30380.36,2,NORMAL
976,Girindra Batra,856613.0,8566.130000000001,2,NORMAL
977,Yamini Bahri,203514.0,8140.56,1,NORMAL
979,Dalbir Kala,576620.0,8297.69,2,NORMAL
980,Vanya Sekhon,216201.0,8648.04,1,NORMAL
981,Manan Brar,366101.0,14644.04,1,NORMAL
982,Hemangini Divan,150700.0,6028.0,1,NORMAL
983,Ishani Merchant,331110.0,13244.4,1,NORMAL
984,Amrita Bandi,1211529.0,34455.270000000004,3,VIP
985,Suhani Yadav,330535.0,13221.4,1,NORMAL
987,Daksh Dhaliwal,485984.0,18391.82,3,NORMAL
989,Onkar Butala,50003.0,2000.1200000000001,1,NORMAL
991,Pahal Prakash,736626.0,24265.86,3,NORMAL
992,Chameli Dada,467726.0,18709.04,1,NORMAL
993,Darpan Narasimhan,745371.0,19710.870000000003,3,NORMAL
994,Hemang Tara,458556.0,4585.56,1,NORMAL
995,Vedika Rai,1307198.0,39493.490000000005,4,VIP
996,Anita Jain,262640.0,10505.6,1,NORMAL
998,Alexander Bahri,1299992.0,21529.04,6,VIP
1001,Ansh Vohra,443160.0,17726.4,2,NORMAL
1003,Krish Dhaliwal,207047.0,2070.4700000000003,1,NORMAL
1004,Ranveer Atwal,438342.0,14687.01,2,NORMAL
1007,Amruta Das,1332724.0,42638.560000000005,5,VIP
1008,Chatura Devi,719757.0,28790.28,2,NORMAL
1009,Aarini Jayaraman,121563.0,4862.52,1,NORMAL
1011,Patrick Sibal,213687.0,8547.48,1,NORMAL
1013,Nathan Rout,359816.0,3598.16,1,NORMAL
1015,Unnati Dhar,316383.0,3163.83,2,NORMAL
1017,Gautam Jaggi,324113.0,12964.52,1,NORMAL
1018,Ikshita Upadhyay,275143.0,2751.43,1,NORMAL
1019,Kiaan Varughese,959666.0,22560.440000000002,3,NORMAL
1020,Dhriti Mann,487183.0,11255.14,2,NORMAL
1021,Mahika Baria,349295.0,3492.9500000000003,1,NORMAL
1022,Vasana Sangha,1398753.0,44749.74,6,VIP
1023,Yochana Chaudhary,110064.0,1100.64,1,NORMAL
1025,Yashasvi Rattan,622214.0,13040.99,3,NORMAL
1027,Xiti Baral,383822.0,3838.2200000000003,1,NORMAL
1028,Oscar Gokhale,327177.0,11499.54,3,NORMAL
1030,Idika Narayan,279095.0,11163.8,2,NORMAL
1031,Isaac Rajagopal,267591.0,10703.64,1,NORMAL
1032,Veda Nagy,155689.0,1556.89,1,NORMAL
1034,Yuvraj Shankar,175411.0,2783.98,2,NORMAL
1036,Pranit Sama,105210.0,4208.4,1,NORMAL
1037,Mitesh Rastogi,163106.0,6524.24,1,NORMAL
1038,Leena Lata,308372.0,8424.32,2,NORMAL
1039,Gabriel Sani,990153.0,39606.12,3,NORMAL
1040,Vansha Tank,1089074.0,10890.740000000002,4,VIP
1041,Aayush Khosla,448048.0,17921.920000000002,1,NORMAL
1042,Idika Dutta,580487.0,23219.480000000003,2,NORMAL
1043,Xalak Korpal,774662.0,16491.8,3,NORMAL
1044,Mugdha Sura,1084169.0,25295.87,4,VIP
1045,Janya Prabhakar,254708.0,6213.29,2,NORMAL
1046,Ekiya Bains,652034.0,26081.36,2,NORMAL
1047,Darpan Mohanty,276117.0,11044.68,1,NORMAL
1048,Vidhi De,148203.0,1482.03,1,NORMAL
1050,Zarna Aggarwal,372042.0,3720.42,2,NORMAL
1051,Divya Chaudry,791913.0,11365.83,3,NORMAL
1052,Sai Kala,779789.0,19180.4,3,NORMAL
1053,Aryan Rout,930987.0,9309.87,3,NORMAL
1056,Hemal Pant,684954.0,18821.4,2,NORMAL
1057,Alka Dyal,220500.0,2205.0,1,NORMAL
1058,Vrinda Wali,571440.0,22857.6,2,NORMAL
1059,Chaman Chakraborty,720709.0,12236.68,4,NORMAL
1061,Ranveer Ravel,941566.0,14826.55,3,NORMAL
1062,Agastya Natt,51406.0,514.0600000000001,1,NORMAL
1063,Ekiya Sampath,924175.0,20324.11,3,NORMAL
1064,Lakshmi Kanda,595483.0,5954.83,3,NORMAL
1065,Ekani Ramanathan,682519.0,22451.47,3,NORMAL
1066,Anvi Kata,366682.0,14667.28,1,NORMAL
1067,Wishi Hegde,1276785.0,37171.47,3,VIP
1068,Arunima Sehgal,162522.0,6500.88,1,NORMAL
1069,Suhani Sani,58281.0,582.8100000000001,1,NORMAL
1071,Anjali Jha,433788.0,13931.79,2,NORMAL
1072,Sathvik Rau,349293.0,9289.98,2,NORMAL
1073,Vihaan Loyal,486847.0,12467.98,2,NORMAL
1074,Jack Panchal,14616.0,146.16,1,NORMAL
1075,Rachit Lad,363260.0,3632.6,1,NORMAL
1076,Ishita Natt,2396750.0,56016.770000000004,6,VIP
1078,Hitesh Tank,430893.0,17235.72,1,NORMAL
1079,Tanay Samra,543682.0,21747.28,2,NORMAL
1081,Reyansh Pandya,335483.0,3354.83,1,NORMAL
1082,Ansh Contractor,329908.0,13196.32,1,NORMAL
1083,Vinaya Mishra,466967.0,4669.67,1,NORMAL
1084,Abhiram Minhas,357346.0,14293.84,1,NORMAL
1085,Qabil Saini,478026.0,19121.04,1,NORMAL
1086,Yashawini Chana,804461.0,21254.63,3,NORMAL
1088,Saumya Vyas,537649.0,16163.68,3,NORMAL
1089,Jagdish Hegde,600632.0,6006.32,2,NORMAL
1090,Rachit Kunda,5832.0,58.32,1,NORMAL
1092,Henry Andra,100038.0,4001.52,1,NORMAL
1094,Chakradhar Banik,207839.0,2078.39,1,NORMAL
1095,Anamika Arya,462969.0,4629.6900000000005,1,NORMAL
1096,Chaman Shan,460688.0,4606.88,1,NORMAL
1097,Yashawini Bajwa,59122.0,591.22,1,NORMAL
1098,Chatresh Jaggi,998970.0,9989.7,3,NORMAL
1099,Jeevika Ahuja,226837.0,7986.28,2,NORMAL
1100,Tejas Tak,171959.0,1719.5900000000001,1,NORMAL
1101,Nirja Agarwal,1416920.0,36854.99,6,VIP
1102,Vasatika Ramaswamy,712927.0,28517.08,2,NORMAL
1103,Yashvi Saran,388889.0,15555.56,1,NORMAL
1104,Faraj Kata,342394.0,3423.94,1,NORMAL
1105,Warjas Sem,807866.0,19921.22,4,NORMAL
1106,Ethan Tak,9585.0,95.85000000000001,1,NORMAL
1107,Nitara Sampath,666925.0,20009.71,3,NORMAL
1108,Rajeshri Bhavsar,169767.0,1697.67,1,NORMAL
1109,Aishani Pathak,880192.0,8801.92,3,NORMAL
1110,Jagvi Vig,46550.0,1862.0,1,NORMAL
1112,Keya Lad,346831.0,3468.31,1,NORMAL
1113,Urvashi Desai,713763.0,7137.63,2,NORMAL
1114,Anay Pall,199529.0,1995.29,3,NORMAL
1115,Nakul Halder,74942.0,2997.68,1,NORMAL
1116,Sai Desai,220608.0,8824.32,1,NORMAL
1117,Alka Jaggi,653542.0,6535.42,2,NORMAL
1118,Nidhi Bail,248264.0,2482.64,1,NORMAL
1119,Wahab Date,304579.0,12183.16,1,NORMAL
1121,Janani Nagarajan,967784.0,15516.92,4,NORMAL
1122,Bhavika Das,728513.0,24573.86,3,NORMAL
1123,Bhavika Prasad,412797.0,4127.97,1,NORMAL
1125,Jack Madan,333339.0,12353.82,2,NORMAL
1126,Tarak Modi,192446.0,7697.84,1,NORMAL
1127,Gunbir Jayaraman,318005.0,9573.35,2,NORMAL
1129,Darsh Prabhakar,1065123.0,22031.79,4,VIP
1130,Gayathri Sidhu,514941.0,10460.46,4,NORMAL
1132,Akshay Bhargava,583335.0,14856.6,2,NORMAL
1133,Jeevika Lad,347269.0,3472.6900000000005,2,NORMAL
1135,Yashasvi Rattan,466680.0,18667.2,1,NORMAL
1137,Irya Datta,775592.0,19178.45,2,NORMAL
1138,Widisha Kumer,758897.0,15506.21,2,NORMAL
1140,Vaishnavi Nadkarni,147074.0,1470.74,1,NORMAL
1141,Ayush Saxena,882195.0,19408.53,3,NORMAL
1143,Eesha Ganesh,1593445.0,39790.270000000004,6,VIP
1144,Aarav Krishna,437095.0,5387.5599999999995,2,NORMAL
1145,Bahadurjit Venkataraman,94118.0,3764.7200000000003,1,NORMAL
1147,Garima Dugar,694678.0,20046.489999999998,2,NORMAL
1149,Shaurya Murty,314719.0,3147.19,2,NORMAL
1150,Ojas Singh,336663.0,3366.63,1,NORMAL
1151,Xiti Desai,399508.0,15980.32,1,NORMAL
1152,Yashodhara Sampath,532498.0,17840.44,2,NORMAL
1153,Ekanta Walia,719691.0,7196.91,3,NORMAL
1155,Upadhriti Subramaniam,696221.0,6962.21,2,NORMAL
1156,Gaurav Barad,417231.0,16689.24,1,NORMAL
1157,Dhruv Sathe,705632.0,28225.28,3,NORMAL
1158,Chatresh Kara,930299.0,23690.57,2,NORMAL
1159,Avi Saha,682145.0,6821.450000000001,2,NORMAL
1160,Rishi Subramanian,1282101.0,18336.48,5,VIP
1161,Lila Grewal,288710.0,3753.77,2,NORMAL
1162,Ganga Mohan,470672.0,4706.72,1,NORMAL
1163,Ekanta Bhasin,1132737.0,27438.48,4,VIP
1164,Meera Narain,377733.0,15109.32,1,NORMAL
1165,Quincy Rege,114563.0,1145.63,1,NORMAL
1166,Nakul Srinivas,551498.0,5514.98,3,NORMAL
1167,Jackson Banik,81309.0,813.09,1,NORMAL
1168,Girik Hora,175949.0,1759.49,1,NORMAL
1170,Baghyawati Barad,394402.0,12058.93,4,NORMAL
1171,Rishi Kannan,464653.0,5590.6,2,NORMAL
1173,Indrajit Gaba,248095.0,2480.9500000000003,1,NORMAL
1174,Nachiket Singhal,1093029.0,43721.16,3,VIP
1175,Samuel Uppal,799421.0,18279.74,4,NORMAL
1177,Arya Babu,708060.0,15934.529999999999,3,NORMAL
1178,Triveni Halder,256211.0,2562.11,1,NORMAL
1179,Arya Mangal,65679.0,2627.16,1,NORMAL
1181,Tanish Puri,676340.0,8758.58,3,NORMAL
1182,Arunima Chanda,193783.0,7751.32,1,NORMAL
1187,Amol Dewan,959977.0,29240.920000000002,3,NORMAL
1188,Maya Balay,506931.0,12387.57,2,NORMAL
1190,Alexander Pandya,713359.0,28534.36,4,NORMAL
1192,Nitesh Walia,60479.0,2419.16,1,NORMAL
1194,Mohini Gera,499987.0,19999.48,1,NORMAL
1195,Kritika Bhardwaj,492939.0,4929.389999999999,2,NORMAL
1196,Janaki Kumar,970117.0,9701.17,2,NORMAL
1197,Avni Bains,680809.0,20890.510000000002,2,NORMAL
1198,Odika Mall,540841.0,21633.64,2,NORMAL
1200,Tripti Ganesh,334592.0,4824.68,2,NORMAL
1201,Libni Srinivas,162865.0,1628.65,1,NORMAL
1202,Dev Dhawan,1112394.0,38003.850000000006,4,VIP
1204,Qabil Sanghvi,504990.0,8517.45,2,NORMAL
1205,Anjali Chana,442254.0,17690.16,1,NORMAL
1206,Sneha Nanda,835114.0,33404.56,3,NORMAL
1207,Gaurika Memon,163603.0,1636.03,1,NORMAL
1208,Varenya Dasgupta,318541.0,3185.41,1,NORMAL
1209,Oeshi Mangat,355753.0,14230.12,1,NORMAL
1211,Ranveer Kale,339714.0,13588.560000000001,2,NORMAL
1212,Rajeshri Deshpande,329208.0,3292.08,1,NORMAL
1213,Oeshi Lalla,87536.0,3501.44,1,NORMAL
1214,Rachita Ratti,992694.0,36049.53,4,NORMAL
1215,Hiral Oza,1097832.0,23152.050000000003,3,VIP
1218,Sudiksha Om,1178492.0,32724.83,5,VIP
1219,Pratyush Suri,413508.0,4135.08,1,NORMAL
1220,Wahab Sankar,677797.0,24596.23,3,NORMAL
1222,Mason Mammen,123045.0,4921.8,1,NORMAL
1223,Oni Bobal,777462.0,20161.35,4,NORMAL
1224,Hemani Setty,1910154.0,63043.83,5,VIP
1225,Kai Murthy,114310.0,1143.1000000000001,1,NORMAL
1226,Anirudh De,232520.0,2325.2,2,NORMAL
1227,Ucchal Acharya,634124.0,24733.37,3,NORMAL
1228,Zinal Narasimhan,968315.0,30825.379999999997,4,NORMAL
1229,Nihal Bath,314997.0,12599.880000000001,2,NORMAL
1230,Brijesh Dara,448688.0,15271.19,2,NORMAL
1231,Yauvani Chacko,467750.0,4677.5,3,NORMAL
1232,Ishani Jani,532003.0,21280.120000000003,2,NORMAL
1233,Priya Sarkar,164536.0,1645.3600000000001,1,NORMAL
1234,Om Basu,326874.0,3268.7400000000002,1,NORMAL
1235,Hemangini Mahajan,354592.0,3545.92,1,NORMAL
1236,Shravya Nath,547073.0,11644.82,3,NORMAL
1237,Pranit Chacko,257378.0,2573.78,1,NORMAL
1238,Rayaan Sharma,806856.0,8068.56,2,NORMAL
1239,Saanvi Chacko,255053.0,2550.53,1,NORMAL
1240,Warhi Goel,524148.0,5241.48,2,NORMAL
1242,Ayush Bansal,380010.0,3800.1,1,NORMAL
1244,Yashica Das,1151855.0,37954.37,3,VIP
1245,Frado Mand,283088.0,2830.88,1,NORMAL
1247,Patrick Vyas,433360.0,17334.4,1,NORMAL
1249,Eshana Misra,101391.0,4055.64,1,NORMAL
1250,Patrick Bhalla,197659.0,7906.360000000001,1,NORMAL
1251,Ishaan Oak,138984.0,1389.84,1,NORMAL
1252,Sanya Loke,362369.0,3623.69,1,NORMAL
1253,Daniel Wadhwa,59105.0,2364.2000000000003,1,NORMAL
1254,Lopa Mani,385727.0,15429.08,1,NORMAL
1255,Bhavika Mohanty,444927.0,11918.91,2,NORMAL
1256,Nakul Lall,912854.0,20660.78,3,NORMAL
1257,Jagvi Gola,902445.0,36097.8,4,NORMAL
1258,Yashica Prabhu,174440.0,1744.4,1,NORMAL
1259,Hredhaan Chakrabarti,490488.0,4904.88,1,NORMAL
1260,Gaurangi Jani,1062497.0,25363.94,3,VIP
1261,Tanay Kari,237496.0,2374.96,1,NORMAL
1262,Aahana Suri,635542.0,17928.85,3,NORMAL
1263,Lipika Chokshi,1262429.0,46823.12,6,VIP
1264,Hredhaan Merchant,703884.0,14913.990000000002,3,NORMAL
1265,Oviya Sarin,250777.0,2507.77,1,NORMAL
1266,Yamini Kuruvilla,195573.0,7822.92,1,NORMAL
1267,Girish Ram,417368.0,4173.68,1,NORMAL
1268,Idika Sani,191842.0,1918.42,1,NORMAL
1269,Kai Tella,10928.0,109.28,1,NORMAL
1270,Maya Datta,494798.0,7206.2,2,NORMAL
1273,Hamsini Bhatt,1038752.0,19826.120000000003,3,VIP
1274,Zilmil Nath,211448.0,2114.48,1,NORMAL
1275,Kevin Kari,497623.0,4976.2300000000005,4,NORMAL
1276,Vaishnavi Lalla,817754.0,17745.8,2,NORMAL
1277,Rushil Jha,232904.0,2329.04,1,NORMAL
1278,Chaman Som,976598.0,16344.71,4,NORMAL
1279,Ethan Cheema,817280.0,32691.2,3,NORMAL
1280,Tanish Ahluwalia,52721.0,2108.84,1,NORMAL
1282,Pranit Gaba,255281.0,3007.43,2,NORMAL
1283,Lekha Shankar,412518.0,7409.459999999999,3,NORMAL
1284,Nirja Kurian,728215.0,19522.6,4,NORMAL
1285,Ijaya Garde,700867.0,28034.68,3,NORMAL
1286,Hemani Ramaswamy,699307.0,8425.33,3,NORMAL
1287,Hemani Sundaram,793466.0,31738.64,2,NORMAL
1288,Ishwar Sarin,688559.0,11894.48,3,NORMAL
1289,Laban Babu,261447.0,10457.880000000001,1,NORMAL
1291,David Mistry,397043.0,15581.150000000001,2,NORMAL
1293,Pooja Rastogi,213529.0,8211.43,2,NORMAL
1294,Simon Palan,471024.0,8710.68,2,NORMAL
1295,Jatin Patla,332463.0,3324.63,1,NORMAL
1297,Arunima Sastry,726204.0,17877.420000000002,3,NORMAL
1298,Bachittar Keer,857713.0,21565.36,2,NORMAL
1299,Raagini Chaudhary,1443949.0,41437.72,6,VIP
1300,Dayamai Dewan,852780.0,8527.8,2,NORMAL
1301,Gaurangi Taneja,1003588.0,12619.3,5,VIP
1304,Geetika Shanker,529520.0,16170.29,2,NORMAL
1306,Wahab Varghese,799717.0,7997.17,3,NORMAL
1308,Janya Kar,340630.0,3406.3,1,NORMAL
1309,Kai Rama,652964.0,21311.63,3,NORMAL
1310,Ekalinga Raman,304251.0,3042.51,2,NORMAL
1311,Yutika Patel,579910.0,5799.1,2,NORMAL
1312,Matthew Loke,1063973.0,28463.0,3,VIP
1314,Lakshit Mahal,913046.0,36521.84,2,NORMAL
1315,Nicholas Majumdar,531418.0,5314.18,2,NORMAL
1316,Veda Chaudhuri,363198.0,3631.98,1,NORMAL
1317,Shivansh Goel,355280.0,7617.110000000001,2,NORMAL
1318,Mitali Bhatia,542187.0,10948.2,2,NORMAL
1319,Lopa Dalal,657396.0,26295.84,3,NORMAL
1320,Qasim Patla,166184.0,1661.8400000000001,1,NORMAL
1321,Upasna Hans,78639.0,3145.56,1,NORMAL
1323,Vanya Konda,249472.0,9978.880000000001,1,NORMAL
1324,Nilima Natarajan,288648.0,11545.92,2,NORMAL
1325,Benjamin Shah,391135.0,10309.36,3,NORMAL
1326,Dalaja Pai,544468.0,21778.72,2,NORMAL
1328,Yasti Sekhon,244086.0,9763.44,1,NORMAL
1329,Aarna Kumar,407913.0,4079.13,1,NORMAL
1330,Ekaja Sabharwal,164196.0,6567.84,1,NORMAL
1332,Meghana Sachar,499747.0,4997.47,3,NORMAL
1333,Onkar Sani,116747.0,4669.88,1,NORMAL
1334,Radha Jayaraman,20983.0,839.32,1,NORMAL
1335,Jagat Gokhale,356351.0,10266.89,2,NORMAL
1337,Damyanti Badal,163783.0,6551.32,1,NORMAL
1338,Saanvi Sharaf,220682.0,8827.28,1,NORMAL
1339,Vasana Som,626682.0,6266.82,2,NORMAL
1340,Aadi Dhaliwal,722158.0,17883.309999999998,2,NORMAL
1341,Anita Brahmbhatt,193534.0,7741.360000000001,1,NORMAL
1342,Libni Garg,30509.0,305.09000000000003,1,NORMAL
1343,Upasna Patil,356153.0,8790.59,3,NORMAL
1344,Amaira Lal,801525.0,21494.25,2,NORMAL
1345,Yutika Kalita,353075.0,14123.0,1,NORMAL
1346,Pahal Ramakrishnan,491269.0,19650.760000000002,1,NORMAL
1347,Pavani Chad,216459.0,2164.59,2,NORMAL
1348,Eiravati Lal,460801.0,18432.04,1,NORMAL
1349,Rachita Sathe,290714.0,2907.14,1,NORMAL
1350,Ryan Parikh,376330.0,15053.2,1,NORMAL
1351,Arjun Agarwal,262737.0,10509.48,1,NORMAL
1352,Nikita Bahl,862286.0,23043.89,2,NORMAL
1353,Oliver Anand,467164.0,18686.56,1,NORMAL
1354,Hredhaan Dutt,74690.0,746.9,1,NORMAL
1355,Harish Batra,843030.0,33721.2,2,NORMAL
1356,Upadhriti Bhardwaj,811621.0,21835.45,3,NORMAL
1357,Chanakya Nazareth,208283.0,2082.83,1,NORMAL
1358,Mitesh Bhatt,493041.0,4930.41,1,NORMAL
1361,Nidra Bedi,341055.0,8056.410000000001,2,NORMAL
1362,Utkarsh Gill,610712.0,6107.12,2,NORMAL
1363,Aishani Vala,438397.0,4383.97,1,NORMAL
1364,George Salvi,470582.0,18823.28,1,NORMAL
1365,Onkar Prakash,165228.0,6609.12,1,NORMAL
1366,Shravya Khosla,195097.0,7803.88,1,NORMAL
1367,Aarav Dhillon,367499.0,11984.63,4,NORMAL
1370,Devika Raghavan,230774.0,2307.7400000000002,1,NORMAL
1371,Caleb Arora,202623.0,8104.92,1,NORMAL
1372,Veer Ganesh,1338138.0,13381.380000000001,3,VIP
1373,Kashish Bala,50577.0,903.33,2,NORMAL
1374,Wazir Sabharwal,1425340.0,18885.52,4,VIP
1376,Jagrati Mani,327277.0,5469.4,2,NORMAL
1377,Manya Barad,318423.0,3184.23,1,NORMAL
1378,Aarush Sandhu,84019.0,3360.76,1,NORMAL
1379,Mitali Bakshi,358284.0,14331.36,1,NORMAL
1380,Farhan Chada,1450650.0,43329.51,4,VIP
1381,Sneha Bali,319571.0,5233.79,3,NORMAL
1382,Nikita Issac,204659.0,4412.57,2,NORMAL
1383,Dakshesh De,378117.0,15124.68,1,NORMAL
1384,Zayan Narang,10753.0,107.53,1,NORMAL
1385,Abdul Raghavan,817658.0,29766.739999999998,3,NORMAL
1387,Agastya Deep,392128.0,15685.12,1,NORMAL
1388,Leena Zacharia,348416.0,13936.64,1,NORMAL
1389,Vaishnavi Kara,448832.0,6706.16,2,NORMAL
1391,Nisha Kapadia,307975.0,12319.0,1,NORMAL
1392,Irya Hayre,530674.0,5306.74,2,NORMAL
1393,Shaurya Chahal,908840.0,10358.57,3,NORMAL
1395,Triya Bhatti,351913.0,14076.52,1,NORMAL
1397,Wakeeta Nadig,683446.0,15620.08,2,NORMAL
1398,Reyansh Tank,86416.0,864.16,1,NORMAL
1399,Xavier Chanda,239872.0,9594.880000000001,1,NORMAL
1400,Aadi Pandya,97684.0,3907.36,1,NORMAL
1403,Zashil Bala,442086.0,17683.44,1,NORMAL
1405,Oscar Minhas,218356.0,8734.24,1,NORMAL
1406,Henry Bhagat,977715.0,24000.48,3,NORMAL
1407,Chaman Bhatnagar,807698.0,32307.920000000002,3,NORMAL
1408,Kalpit Dugar,417325.0,16693.0,1,NORMAL
1409,Lakshit Dhillon,724737.0,28989.48,2,NORMAL
1410,Lavanya Char,392371.0,3923.71,1,NORMAL
1411,Hemani Warrior,421963.0,16878.52,1,NORMAL
1412,Samar Cherian,599826.0,16717.92,3,NORMAL
1414,Pallavi Kamdar,567064.0,18627.190000000002,2,NORMAL
1415,Dhriti Rai,724925.0,7249.25,2,NORMAL
1416,Nidhi Gaba,349526.0,5259.17,4,NORMAL
1417,Qasim Sethi,257222.0,3122.18,3,NORMAL
1418,Yamini Sahni,695956.0,16466.11,2,NORMAL
1419,Indrajit Peri,88484.0,884.84,1,NORMAL
1420,Wahab Tripathi,481203.0,19248.12,1,NORMAL
1421,Harita Babu,371897.0,10150.22,2,NORMAL
1422,Udyati Lall,101690.0,1016.9,1,NORMAL
1423,Bhavika Amble,80959.0,809.59,1,NORMAL
1424,Fariq Vohra,184509.0,1845.0900000000001,1,NORMAL
1425,Forum Rai,233678.0,2336.78,1,NORMAL
1426,Barkha Manne,290605.0,2906.0499999999997,2,NORMAL
1427,Isaac Sarna,527459.0,5274.59,2,NORMAL
1428,Michael Khurana,285932.0,11437.28,1,NORMAL
1429,Girish Karnik,672258.0,17517.3,4,NORMAL
1434,Osha Bakshi,296619.0,11864.759999999998,2,NORMAL
1436,Abdul Aggarwal,741679.0,17734.3,3,NORMAL
1437,Bhavna Basak,376250.0,15050.0,2,NORMAL
1441,Edhitha Ahluwalia,477431.0,11490.5,2,NORMAL
1442,Chaitanya Mann,305839.0,12233.56,1,NORMAL
1443,Xavier Dora,354394.0,11848.720000000001,2,NORMAL
1444,Aadi Lal,242950.0,3880.3,2,NORMAL
1446,Sanya Butala,538513.0,5385.13,3,NORMAL
1447,Hamsini Ramakrishnan,454959.0,4549.59,1,NORMAL
1448,Lavanya Mitter,318437.0,12737.480000000001,2,NORMAL
1449,Lakshmi Chokshi,575465.0,13018.85,3,NORMAL
1450,Jai Golla,639295.0,6392.950000000001,3,NORMAL
1451,Jeevika Saini,525239.0,11636.18,2,NORMAL
1453,Yash Shanker,482750.0,4827.5,2,NORMAL
1454,Dayamai Bajwa,8554.0,85.54,1,NORMAL
1456,Rachit Rau,58607.0,2344.28,1,NORMAL
1457,Barkha Chander,82088.0,3283.52,1,NORMAL
1458,Inaya Merchant,307000.0,3070.0,1,NORMAL
1459,Faras Dugar,456377.0,6352.52,3,NORMAL
1460,Warda Ganguly,261976.0,2619.76,1,NORMAL
1461,Mohini Rau,413910.0,8444.52,2,NORMAL
1463,Shravya Majumdar,1002143.0,29868.14,3,VIP
1464,Yachana Baral,402916.0,16116.64,2,NORMAL
1465,Dominic Nagar,206060.0,2060.6,1,NORMAL
1467,Aryan Seshadri,652417.0,16818.07,2,NORMAL
1468,Advaith Buch,481184.0,4811.84,1,NORMAL
1469,Abha Basu,315245.0,3519.11,2,NORMAL
1470,Rachita Madan,778149.0,20640.0,2,NORMAL
1471,Warjas Badal,73906.0,2956.2400000000002,1,NORMAL
1472,Abeer Banik,536366.0,11468.300000000001,2,NORMAL
1473,Samesh Oak,572708.0,7922.36,2,NORMAL
1474,Wakeeta Nazareth,565189.0,5651.889999999999,2,NORMAL
1475,Kavya Misra,469900.0,18532.84,3,NORMAL
1477,Hema Balay,303837.0,3038.37,1,NORMAL
1478,Zayan Bandi,492080.0,12947.69,2,NORMAL
1479,Jhalak Baral,197708.0,7908.320000000001,1,NORMAL
1480,Falguni Gill,511693.0,8243.68,3,NORMAL
1481,Anamika Dora,370866.0,3708.66,1,NORMAL
1482,Dhriti Tella,415764.0,13296.9,2,NORMAL
1483,Baljiwan Sheth,78674.0,786.74,1,NORMAL
1484,Yoshita Prasad,403362.0,16134.48,1,NORMAL
1485,Chaitaly Rege,236861.0,9474.44,1,NORMAL
1487,Pallavi Keer,58905.0,2356.2000000000003,1,NORMAL
1489,Rayaan Chakraborty,509244.0,20369.760000000002,2,NORMAL
1490,Divya Shenoy,17915.0,716.6,1,NORMAL
1492,Yug Balakrishnan,273370.0,10934.800000000001,1,NORMAL
1494,Balendra Ramesh,1039386.0,24955.199999999997,3,VIP
1495,Hiral Narayanan,468501.0,11987.79,3,NORMAL
1496,Daniel Munshi,293200.0,11728.0,1,NORMAL
1497,Siya Manne,182819.0,1828.19,2,NORMAL
1498,Yatin Bassi,1190278.0,33244.42,4,VIP
1499,Ishani Choudhary,228402.0,9136.08,2,NORMAL
1500,Kai Bhat,392476.0,12492.1,2,NORMAL
1501,Yug Manne,710459.0,19180.7,4,NORMAL
1502,Brinda Kashyap,886255.0,35450.200000000004,3,NORMAL
1503,Yug Patla,373676.0,14947.04,2,NORMAL
1504,Kalpit Deshpande,755993.0,22379.300000000003,4,NORMAL
1505,Yochana Dixit,819164.0,32766.559999999998,2,NORMAL
1506,Ekaja Basu,1185374.0,19544.57,3,VIP
1508,Watika Chandra,256517.0,2565.17,1,NORMAL
1509,Warda Dhingra,360030.0,7049.04,3,NORMAL
1510,Peter Swamy,244423.0,4373.56,2,NORMAL
1511,Manthan Narain,50946.0,509.46000000000004,1,NORMAL
1512,Tejas Uppal,615480.0,6154.8,2,NORMAL
1513,Sara Maharaj,434225.0,17369.0,2,NORMAL
1514,Nidhi Pandit,147083.0,5883.32,1,NORMAL
1516,Widisha Bora,786404.0,17476.73,2,NORMAL
1518,Ishaan Choudhry,864306.0,21357.84,2,NORMAL
1519,Chakradhar Dyal,352561.0,3525.61,1,NORMAL
1520,Frado Brahmbhatt,191065.0,1910.65,1,NORMAL
1524,Jagat Mangat,73660.0,736.6,1,NORMAL
1525,Suhani Ganguly,90863.0,908.63,1,NORMAL
1527,Noah Muni,897314.0,27392.210000000003,3,NORMAL
1528,Kai Warrior,1158179.0,23444.690000000002,3,VIP
1529,Ansh Bail,574293.0,22971.72,2,NORMAL
1531,Krishna Atwal,558645.0,22345.8,2,NORMAL
1532,Simon Thaman,79302.0,793.02,2,NORMAL
1533,Leena Gaba,125493.0,5019.72,1,NORMAL
1534,Xalak Sami,314628.0,12585.12,1,NORMAL
1535,Yug Lala,557372.0,5573.72,2,NORMAL
1536,Anthony Garg,543909.0,21756.36,3,NORMAL
1538,Yashica Wali,867543.0,12540.15,3,NORMAL
1541,Azaan Narayanan,508321.0,5083.210000000001,2,NORMAL
1542,Karan Nigam,104890.0,4195.6,1,NORMAL
1544,Reyansh Ramesh,452164.0,18086.56,2,NORMAL
1545,Manan Patel,477116.0,19084.64,1,NORMAL
1546,Aashi Bedi,456992.0,6792.29,2,NORMAL
1548,Forum Sura,755273.0,7552.73,2,NORMAL
1550,Darika Oza,352042.0,14081.68,2,NORMAL
1552,Bahadurjit Sengupta,1028878.0,41155.119999999995,3,VIP
1553,Maanas Deshmukh,921147.0,22946.31,4,NORMAL
1554,Nidra Sood,776007.0,20308.14,3,NORMAL
1556,Bachittar Solanki,336013.0,3360.13,1,NORMAL
1558,Fariq Dewan,667881.0,21013.14,3,NORMAL
1559,Frederick Oak,153348.0,6133.92,1,NORMAL
1560,Sanaya Kaul,1074908.0,40195.91,4,VIP
1561,Yahvi Shetty,820914.0,32836.56,2,NORMAL
1562,Bishakha Sarna,931733.0,23372.78,4,NORMAL
1563,Ikbal Morar,713249.0,21084.38,3,NORMAL
1564,Om Brar,2152519.0,47871.909999999996,5,VIP
1566,Ira De,839619.0,33584.76,2,NORMAL
1567,Bhavani Rajagopal,1233929.0,44007.32,4,VIP
1569,Azaan Dora,1054402.0,21546.04,4,VIP
1570,Tripti Raval,74323.0,743.23,1,NORMAL
1571,Kai Badal,276351.0,11054.04,1,NORMAL
1572,Falan Golla,83177.0,831.77,1,NORMAL
1573,Nathan Shroff,759085.0,24860.62,3,NORMAL
1575,Frederick Bala,282182.0,2821.82,1,NORMAL
1576,Lakshit Desai,264452.0,4052.0600000000004,2,NORMAL
1577,Yash Gulati,1024994.0,32287.34,3,VIP
1578,Aarnav Munshi,537534.0,10668.66,2,NORMAL
1579,David Koshy,169255.0,1692.55,1,NORMAL
1580,Gaurangi Vasa,770176.0,13587.580000000002,5,NORMAL
1582,Samarth Bajwa,468953.0,11198.810000000001,2,NORMAL
1583,Hamsini Kumar,757371.0,21415.47,3,NORMAL
1585,Neha Bhatnagar,324480.0,3244.8,1,NORMAL
1587,Darpan Kar,1587277.0,36215.29,5,VIP
1588,Ishwar Sem,485851.0,4858.51,3,NORMAL
1589,Chatura Sarkar,182928.0,7317.12,1,NORMAL
1591,Ojas Mahajan,1338470.0,19209.35,4,VIP
1592,Karan Sen,70020.0,700.2,1,NORMAL
1595,Hredhaan Sangha,510281.0,16990.25,2,NORMAL
1597,Hardik Munshi,450028.0,4500.28,1,NORMAL
1599,Yatin Sen,71710.0,2868.4,1,NORMAL
1600,Manbir Mannan,205044.0,2050.44,1,NORMAL
1604,Jeevika Kata,965075.0,38603.0,2,NORMAL
1606,Bhavna Khosla,344751.0,13790.04,1,NORMAL
1607,Ishani Kothari,601297.0,6012.97,2,NORMAL
1608,Aahana Mall,280984.0,10622.77,2,NORMAL
1611,Yahvi Toor,430834.0,17233.36,1,NORMAL
1614,Saksham Nazareth,646674.0,15556.650000000001,2,NORMAL
1616,Tristan Sule,840929.0,22442.42,2,NORMAL
1618,Varsha Shetty,1316472.0,35389.89,4,VIP
1619,Irya Acharya,70345.0,2813.8,1,NORMAL
1620,Nicholas Bhatnagar,140044.0,1400.44,1,NORMAL
1621,Shaurya Master,83320.0,833.2,1,NORMAL
1624,Prisha Morar,365619.0,7173.209999999999,2,NORMAL
1625,Lavanya Lalla,50467.0,504.67,1,NORMAL
1626,Daksha Basak,129857.0,1298.57,1,NORMAL
1627,Hredhaan Chakrabarti,524679.0,14838.570000000002,2,NORMAL
1628,Harsh Sankar,15945.0,637.8000000000001,1,NORMAL
1629,Advaith Chakrabarti,797265.0,7972.65,2,NORMAL
1631,Balendra Gupta,216990.0,8679.6,1,NORMAL
1632,Zarna Mannan,103929.0,1039.29,1,NORMAL
1633,Inaya Wable,454381.0,18175.24,1,NORMAL
1634,Orinder Dyal,176862.0,1768.6200000000001,1,NORMAL
1636,Rehaan Chaudry,1273621.0,26521.51,5,VIP
1637,Nitara Bahri,883243.0,8832.43,2,NORMAL
1640,Ranveer Sachar,106224.0,1226.19,2,NORMAL
1641,Lipika Goyal,549465.0,7869.48,2,NORMAL
1643,Triveni Sarkar,402721.0,4027.21,1,NORMAL
1644,Maya Seth,660808.0,21486.97,2,NORMAL
1645,Quincy Nagar,995844.0,35740.29000000001,3,NORMAL
1648,Guneet Ramakrishnan,100737.0,1007.37,1,NORMAL
1649,Vedant Krishnan,864953.0,29794.49,4,NORMAL
1651,Aarush Deep,242281.0,9691.24,2,NORMAL
1652,Waida Ranganathan,359972.0,3599.7200000000003,1,NORMAL
1653,Devansh Thaman,740963.0,29638.520000000004,3,NORMAL
1654,Mahika Bose,586388.0,5863.88,2,NORMAL
1655,Garima Khosla,1174792.0,11747.92,3,VIP
1656,Wyatt Shan,48052.0,480.52,1,NORMAL
1657,Charvi Lata,416740.0,8953.51,2,NORMAL
1658,Osha Arora,686812.0,19678.449999999997,2,NORMAL
1659,Laban Bhat,1082248.0,29513.86,5,VIP
1660,Pavani Ganesh,299632.0,11985.28,1,NORMAL
1661,Nihal Sandhu,710770.0,28430.8,2,NORMAL
1662,Nitara Chander,187211.0,1872.1100000000001,1,NORMAL
1663,Eta Borde,237950.0,9518.0,1,NORMAL
1664,George Chad,341897.0,13675.880000000001,1,NORMAL
1665,Udyati Deo,831132.0,19350.66,2,NORMAL
1666,Forum Tripathi,230453.0,2304.53,1,NORMAL
1667,Advaith Rege,348634.0,3486.34,1,NORMAL
1669,Kavya Dhar,434086.0,4340.86,1,NORMAL
1670,Geetika Vyas,1027527.0,17631.9,3,VIP
1671,Harita Chakraborty,23195.0,231.95000000000002,1,NORMAL
1672,Vrishti Nagarajan,228314.0,9132.56,2,NORMAL
1673,Janaki Murthy,631769.0,24322.489999999998,3,NORMAL
1674,Vedhika Bora,398324.0,3983.2400000000002,1,NORMAL
1675,Chakradhar Bhat,245989.0,9839.56,1,NORMAL
1676,Advika Din,472365.0,4723.650000000001,1,NORMAL
1677,Omya Babu,861472.0,25207.21,3,NORMAL
1680,Anya Barad,420946.0,16837.84,1,NORMAL
1681,Reyansh Varughese,102129.0,4085.1600000000003,1,NORMAL
1682,Idika Nayar,236706.0,9468.24,1,NORMAL
1684,Megha Lanka,382865.0,3828.65,2,NORMAL
1685,Wyatt Ramachandran,384833.0,15393.32,1,NORMAL
1687,Charles Babu,281357.0,11254.28,1,NORMAL
1688,Eesha Narula,338399.0,13535.960000000001,1,NORMAL
1690,Nihal Munshi,18526.0,185.26,1,NORMAL
1692,Qadim Nazareth,605782.0,19704.91,2,NORMAL
1693,Vyanjana Buch,614929.0,17449.06,4,NORMAL
1694,William Dewan,17309.0,173.09,1,NORMAL
1695,Damini Sathe,453204.0,8950.380000000001,2,NORMAL
1696,Laksh Mital,616062.0,6160.620000000001,2,NORMAL
1697,Bhanumati Dhingra,443669.0,4436.69,2,NORMAL
1698,Shravya Maharaj,115980.0,1159.8,2,NORMAL
1699,Ronith Kara,696137.0,21033.079999999998,3,NORMAL
1700,Oeshi Kalla,76066.0,760.66,1,NORMAL
1701,Abdul Munshi,238265.0,9530.6,1,NORMAL
1703,Manya Agate,214627.0,8585.08,1,NORMAL
1704,Christopher Jhaveri,591456.0,8868.57,3,NORMAL
1705,Mohini Chatterjee,874576.0,31759.36,3,NORMAL
1706,Owen Rattan,640994.0,13200.410000000002,3,NORMAL
1707,Vivaan Dass,33761.0,1350.44,1,NORMAL
1709,Timothy Desai,467866.0,18714.64,1,NORMAL
1710,Aachal Tiwari,764014.0,30560.56,2,NORMAL
1711,Saanvi Vaidya,405773.0,4057.73,1,NORMAL
1713,Henry Modi,495828.0,9936.09,2,NORMAL
1714,Ekansh Thaker,139871.0,1398.71,1,NORMAL
1715,Tanvi Hayre,399650.0,3996.5,1,NORMAL
1716,Tripti Rege,273858.0,10954.32,1,NORMAL
1717,Shivansh Srinivas,30013.0,1200.52,1,NORMAL
1718,Yashasvi Tata,19626.0,196.26,1,NORMAL
1719,Vasatika Desai,403215.0,16128.6,1,NORMAL
1720,Finn Aggarwal,416308.0,16652.32,1,NORMAL
1724,Karan Palla,454449.0,4544.49,1,NORMAL
1725,Nisha Khatri,1156831.0,32461.18,3,VIP
1727,Deepa Sarna,448257.0,17930.28,1,NORMAL
1728,Kamala Shan,312503.0,3125.03,1,NORMAL
1729,Amrita Gaba,850671.0,17162.100000000002,4,NORMAL
1730,Ekbal Shukla,401655.0,10342.59,2,NORMAL
1732,Victor Kara,787645.0,19298.71,2,NORMAL
1733,Kamala Ganguly,1395519.0,36694.05,4,VIP
1734,Daksha Ramachandran,387122.0,15484.880000000001,1,NORMAL
1735,Tejas Seshadri,23711.0,948.44,1,NORMAL
1738,Sudiksha Sharma,137937.0,5517.4800000000005,1,NORMAL
1739,Girik Nayak,266242.0,10649.68,1,NORMAL
1740,Faraj Madan,99444.0,994.44,1,NORMAL
1741,Yochana Ganesan,501825.0,7555.950000000001,2,NORMAL
1743,Sai Balakrishnan,604571.0,24182.840000000004,2,NORMAL
1744,Chandresh Goswami,658243.0,6582.43,2,NORMAL
1745,Gautami Datta,276907.0,11076.28,1,NORMAL
1748,Vidhi Dhar,872949.0,20455.17,2,NORMAL
1749,George Srivastava,223166.0,2231.66,1,NORMAL
1750,Ryan Singh,460537.0,18421.480000000003,2,NORMAL
1751,Ekantika Nagi,368676.0,14747.04,2,NORMAL
1752,Fariq Sengupta,755630.0,17583.53,2,NORMAL
1754,Chanchal Pai,658469.0,7218.26,3,NORMAL
1755,Arjun Chacko,81528.0,3261.12,1,NORMAL
1756,Anita Naik,544278.0,21771.120000000003,3,NORMAL
1757,Harsh Kanda,135540.0,5421.6,1,NORMAL
1758,Isha Parsa,182786.0,3044.66,2,NORMAL
1759,Vasatika Kurian,526050.0,12173.25,3,NORMAL
1760,Waida Peri,28898.0,1155.92,1,NORMAL
1761,William Morar,434394.0,17375.760000000002,1,NORMAL
1762,Jhalak Narula,1258433.0,15217.16,5,VIP
1765,Dhruv Sandhu,900872.0,36034.880000000005,2,NORMAL
1766,Eesha Kade,751785.0,15797.4,2,NORMAL
1767,Ekani Chand,137240.0,5489.6,1,NORMAL
1768,Dayita Ganesh,759493.0,25672.15,3,NORMAL
1769,Jasmit Keer,445555.0,17822.2,2,NORMAL
1770,Rachita Manda,363594.0,14543.76,1,NORMAL
1771,Chakradhar Karan,244160.0,2441.6,1,NORMAL
1772,Bhanumati Shankar,264502.0,10580.08,1,NORMAL
1773,Abha Krishnamurthy,536821.0,15764.17,2,NORMAL
1774,Bachittar Prabhu,463872.0,4638.72,2,NORMAL
1776,Lakshmi Ratta,412142.0,5444.72,3,NORMAL
1777,Rajata Ben,498856.0,4988.56,1,NORMAL
1778,Fiyaz Nadkarni,124308.0,4972.32,1,NORMAL
1780,Kamya Brahmbhatt,1728924.0,42833.01,6,VIP
1783,Ansh Gokhale,166084.0,6643.360000000001,1,NORMAL
1785,Bina Dara,109753.0,1097.53,1,NORMAL
1786,Abha Sama,897879.0,35335.83,3,NORMAL
1790,Zashil Dugar,775785.0,12801.69,3,NORMAL
1791,Hredhaan Iyer,129438.0,1294.38,1,NORMAL
1792,Laksh Dash,297245.0,2972.4500000000003,1,NORMAL
1793,Vedika Oommen,524891.0,20995.64,2,NORMAL
1795,Yashvi Lad,279952.0,4488.04,3,NORMAL
1797,Krishna Iyengar,597807.0,5978.07,2,NORMAL
1798,Maanas Panchal,117945.0,4717.8,1,NORMAL
1799,Daksha Toor,281208.0,2812.08,1,NORMAL
1800,Kevin Salvi,407219.0,16288.76,1,NORMAL
1801,Laban Natarajan,1100793.0,24204.33,5,VIP
1802,Jacob Badal,84730.0,3389.2000000000003,1,NORMAL
1803,Imaran Kashyap,378202.0,13057.210000000001,3,NORMAL
1804,Jack Pradhan,96799.0,967.99,1,NORMAL
1806,Jairaj Hans,745823.0,29832.92,2,NORMAL
1807,Vrishti Mahal,300190.0,3001.9,1,NORMAL
1808,Raghav Ray,582607.0,5826.07,2,NORMAL
1809,Liam Bava,1251178.0,35970.7,5,VIP
1810,Hemani Hegde,726960.0,11228.04,3,NORMAL
1811,Dayita D’Alia,417638.0,16705.52,1,NORMAL
1813,Advik Rama,776489.0,11079.95,3,NORMAL
1815,Suhani Bora,875390.0,15778.85,4,NORMAL
1816,Agastya Sunder,851970.0,19524.84,3,NORMAL
1817,Aishani Deep,965781.0,23877.480000000003,2,NORMAL
1820,Alexander Bhargava,213632.0,8545.28,1,NORMAL
1821,Nitara Dube,288245.0,11529.800000000001,1,NORMAL
1822,Jai Hari,352639.0,14105.56,1,NORMAL
1824,Rishi Dash,1080493.0,24093.67,3,VIP
1826,Chameli Char,658024.0,25379.86,4,NORMAL
1827,Aachal Gopal,290761.0,11630.439999999999,2,NORMAL
1828,Naveen Lala,395631.0,15825.240000000002,2,NORMAL
1830,Charvi Sachar,1245331.0,45137.56,6,VIP
1832,Imaran Saran,512976.0,7772.970000000001,3,NORMAL
1833,Nimrat Bhakta,462678.0,4626.78,1,NORMAL
1836,Yug Rege,532345.0,15170.619999999999,2,NORMAL
1838,Waida Banik,612902.0,24516.079999999998,2,NORMAL
1839,Sai Bandi,216025.0,2160.25,2,NORMAL
1840,David Gulati,547631.0,11130.23,2,NORMAL
1841,Zaitra Shanker,172942.0,1729.42,1,NORMAL
1842,Divya Mohan,1116576.0,34581.48,3,VIP
1843,Anjali Suri,469302.0,18772.08,1,NORMAL
1845,Finn Doctor,39955.0,399.55,1,NORMAL
1846,Rehaan Oommen,446558.0,17862.32,1,NORMAL
1847,Nikita Rana,375509.0,3755.09,2,NORMAL
1848,Odika Chadha,235682.0,2356.82,1,NORMAL
1849,Ekta Ranganathan,1249442.0,26882.660000000003,3,VIP
1850,Leena Minhas,213279.0,2132.79,1,NORMAL
1851,Faras Chaudhary,76942.0,769.4200000000001,1,NORMAL
1852,Raagini Chadha,242915.0,2429.1499999999996,2,NORMAL
1853,Azad Hans,637787.0,12357.29,3,NORMAL
1854,Ati Kohli,95391.0,953.91,1,NORMAL
1855,Yatin Doshi,1300609.0,13006.09,3,VIP
1856,Turvi Bal,643614.0,25744.56,2,NORMAL
1858,Onkar Chauhan,461643.0,10437.84,2,NORMAL
1859,Chanakya Din,297259.0,2972.59,1,NORMAL
1860,Ijaya Sankaran,574257.0,5742.57,2,NORMAL
1861,Warinder Shetty,48465.0,484.65000000000003,1,NORMAL
1862,Shaurya Raman,567890.0,16006.73,2,NORMAL
1863,Vedika Mane,1022813.0,18905.75,3,VIP
1864,Qushi Kaur,180875.0,7235.0,1,NORMAL
1865,Amrita Krish,270151.0,10806.04,1,NORMAL
1866,Priya Mand,322936.0,12917.44,1,NORMAL
1867,Falguni Saha,366544.0,3665.44,1,NORMAL
1868,Unni Sastry,515642.0,5156.42,2,NORMAL
1870,Anirudh Baria,515789.0,20631.56,2,NORMAL
1872,Gaurang Dixit,951272.0,23466.44,2,NORMAL
1873,Shivani Tiwari,346940.0,13877.6,1,NORMAL
1874,Jack Sekhon,566959.0,12658.119999999999,4,NORMAL
1875,Nandini Goel,438402.0,4384.02,1,NORMAL
1877,Vaishnavi Lal,285006.0,7143.75,2,NORMAL
1879,Mohammed Nath,596077.0,5960.77,2,NORMAL
1880,Aarini Samra,328765.0,13150.6,1,NORMAL
1881,Teerth Kashyap,277683.0,2776.83,1,NORMAL
1883,Kavya Bhattacharyya,297107.0,11884.28,1,NORMAL
1884,Tanvi Krishnan,903071.0,36122.840000000004,3,NORMAL
1885,Ekapad Balay,374442.0,3744.42,2,NORMAL
1886,Girindra Bava,596807.0,5968.070000000001,2,NORMAL
1888,Harsh Gera,273956.0,2739.56,1,NORMAL
1889,Devika Sura,546818.0,5468.18,2,NORMAL
1890,Alka Chad,443152.0,16656.22,2,NORMAL
1891,Vamakshi Dasgupta,1469212.0,27933.88,4,VIP
1892,Gautami Bahri,588750.0,5887.5,2,NORMAL
1893,Frado Sawhney,260149.0,10405.960000000001,1,NORMAL
1894,Logan Palan,198272.0,7930.88,2,NORMAL
1895,Kalpit Nagy,198925.0,1989.25,1,NORMAL
1897,Damyanti Mahajan,129381.0,5175.24,1,NORMAL
1898,Aarav Purohit,146857.0,3226.9300000000003,3,NORMAL
1899,Qasim Doctor,382475.0,15299.0,2,NORMAL
1900,Wazir Dhar,385559.0,3855.59,1,NORMAL
1902,Matthew Date,827039.0,33081.56,2,NORMAL
1903,Isaiah Parsa,242044.0,5830.78,3,NORMAL
1904,Manbir Ram,576148.0,10442.11,2,NORMAL
1905,Harinakshi Sankar,708968.0,16650.62,2,NORMAL
1907,Idika Din,270416.0,10052.03,2,NORMAL
1909,Kashvi Dar,660584.0,26423.36,2,NORMAL
1910,Bimala Banik,518056.0,5180.5599999999995,2,NORMAL
1911,Aachal Kaul,30286.0,1211.44,1,NORMAL
1912,Harshil Mall,51679.0,2067.16,1,NORMAL
1913,Balveer Konda,422525.0,16901.0,1,NORMAL
1914,Wahab Deshpande,453844.0,4538.4400000000005,1,NORMAL
1916,Caleb Kara,697871.0,27914.84,2,NORMAL
1917,Libni Buch,386187.0,15447.48,3,NORMAL
1918,Zayyan Ramakrishnan,132817.0,1328.17,1,NORMAL
1919,Aarnav Choudhry,867743.0,25614.17,4,NORMAL
1920,Tejas Tripathi,437476.0,17499.04,1,NORMAL
1921,Januja Basu,363793.0,3637.9300000000003,1,NORMAL
1922,Naveen Suresh,874542.0,18464.850000000002,3,NORMAL
1923,Atharv Nair,763255.0,20385.01,2,NORMAL
1924,Lipika Khalsa,467205.0,4672.05,1,NORMAL
1926,Logan Natarajan,1338232.0,41168.35,3,VIP
1927,Michael Dada,1147180.0,33289.54,3,VIP
1929,Nilima Hayre,550600.0,12866.410000000002,2,NORMAL
1931,Aashi Walia,278994.0,11159.76,1,NORMAL
1932,Noah Oommen,955412.0,29076.17,3,NORMAL
1933,Eshana Narayan,5068.0,202.72,1,NORMAL
1934,Urvashi Garg,450969.0,4509.6900000000005,1,NORMAL
1935,Nandini Kurian,675344.0,13535.54,3,NORMAL
1937,Wridesh Deshmukh,994595.0,9945.95,3,NORMAL
1938,Lakshmi Chahal,471993.0,4719.93,1,NORMAL
1939,Radhika Bhat,426781.0,8985.220000000001,2,NORMAL
1940,Gunbir Loke,694564.0,16695.19,2,NORMAL
1941,Agastya Cheema,909271.0,33016.66,4,NORMAL
1942,Upma Pal,413049.0,4130.49,1,NORMAL
1943,Xiti Mahal,480775.0,9917.71,2,NORMAL
1945,Sudiksha Dave,220511.0,8820.44,1,NORMAL
1946,Darsh Prakash,1283072.0,51322.880000000005,3,VIP
1947,Omkaar Cheema,256876.0,10275.04,1,NORMAL
1948,Owen Chakrabarti,188597.0,1885.97,1,NORMAL
1949,Samar Kuruvilla,480024.0,19200.96,1,NORMAL
1950,Pushti Minhas,269508.0,10780.32,1,NORMAL
1951,Oeshi Suri,376176.0,15047.04,1,NORMAL
1952,Panini Gara,231322.0,9252.880000000001,1,NORMAL
1953,Damyanti Viswanathan,1006885.0,18680.29,5,VIP
1954,Rushil Ranganathan,660827.0,20338.55,2,NORMAL
1955,Ekbal Kuruvilla,493658.0,19746.32,2,NORMAL
1956,Kevin Maharaj,443801.0,17752.04,1,NORMAL
1957,Maanas Naik,1178546.0,25559.600000000002,3,VIP
1959,Aarav Chad,760800.0,12893.34,4,NORMAL
1960,Libni Chokshi,1525346.0,32085.74,5,VIP
1961,Dalbir Bora,424249.0,11381.410000000002,3,NORMAL
1963,Atharv Seshadri,1082069.0,43282.76,3,VIP
1964,Nandini Mistry,409866.0,4098.66,2,NORMAL
1965,Ayush Barad,431353.0,4313.53,1,NORMAL
1966,Rajata Shan,351262.0,14050.48,1,NORMAL
1967,Samuel Wason,286687.0,2866.87,1,NORMAL
1969,David Tak,228582.0,9143.28,1,NORMAL
1970,Anay Nori,590391.0,23615.64,2,NORMAL
1971,Indali Modi,531701.0,10422.32,2,NORMAL
1972,Gautami Boase,644187.0,6441.870000000001,2,NORMAL
1973,Faras Chandran,370965.0,3709.65,1,NORMAL
1974,Bimala Ahluwalia,1664617.0,53001.22,5,VIP
1975,Falak Manne,288035.0,11521.4,1,NORMAL
1977,Isha Bhalla,114066.0,1140.66,1,NORMAL
1978,Victor Varkey,693739.0,17853.550000000003,2,NORMAL
1979,Matthew Deo,108176.0,4327.04,1,NORMAL
1982,Hredhaan Varma,146199.0,3318.12,2,NORMAL
1983,Farhan Dhingra,97116.0,3884.64,1,NORMAL
1984,Kabir Gill,513640.0,11698.09,2,NORMAL
1985,Caleb Nori,81775.0,817.75,1,NORMAL
1987,Yuvraj Kapur,695707.0,12994.960000000001,2,NORMAL
1988,Girish Jayaraman,551879.0,5518.79,2,NORMAL
1990,Turvi Doctor,161957.0,1619.57,1,NORMAL
1992,Jatin Sangha,610129.0,6101.290000000001,3,NORMAL
1994,Charita Madan,255942.0,8915.4,2,NORMAL
1997,Ishita Goswami,467841.0,18713.64,1,NORMAL
1998,Qarin Joshi,1513822.0,40350.64,4,VIP
1999,Dakshesh Sawhney,24053.0,240.53,1,NORMAL
2000,Shivansh Krishna,74253.0,2970.12,1,NORMAL
2001,Zilmil Panchal,418842.0,4188.42,1,NORMAL
2003,Krisha Sachdeva,317104.0,10326.130000000001,2,NORMAL
2004,Tara De,459301.0,4593.01,2,NORMAL
2005,Chaman Sandhu,593981.0,9548.24,2,NORMAL
2009,Vansha Dube,827723.0,9871.310000000001,3,NORMAL
2010,Ishaan Kuruvilla,554603.0,22184.120000000003,2,NORMAL
2011,Yasti Bhandari,591840.0,23673.6,2,NORMAL
2012,Balvan Sawhney,378732.0,3787.32,1,NORMAL
2013,Samesh Ganesh,932127.0,37285.08,3,NORMAL
2014,Christopher Chauhan,228626.0,2286.26,1,NORMAL
2015,Omisha Date,54493.0,2179.7200000000003,1,NORMAL
2019,Alka Patla,215210.0,4728.08,2,NORMAL
2020,Sanaya Chandra,600938.0,6009.38,2,NORMAL
2022,Bimala Kala,9460.0,94.60000000000001,1,NORMAL
2028,Girindra Malhotra,38916.0,389.16,1,NORMAL
2029,Alka Warrior,113834.0,2524.73,2,NORMAL
2030,Harrison Bail,349605.0,13984.2,1,NORMAL
2031,Warda Prabhakar,749098.0,7490.98,2,NORMAL
2032,Lopa Barad,30677.0,1227.08,1,NORMAL
2034,Lakshit Ganesan,398759.0,3987.59,1,NORMAL
2037,Vincent Sarma,825460.0,29363.56,3,NORMAL
2038,Sanaya Sabharwal,332162.0,13286.48,1,NORMAL
2039,Dakshesh Doshi,1012492.0,12359.02,4,VIP
2041,Aarav Goswami,98553.0,3942.12,2,NORMAL
2042,Aarini Suri,549978.0,20372.61,3,NORMAL
2043,Irya Hora,1146965.0,22033.25,3,VIP
2046,Anthony Bhagat,1072617.0,25564.77,3,VIP
2047,Anvi Ben,842256.0,11757.03,4,NORMAL
2048,Osha Badami,53982.0,2159.28,1,NORMAL
2049,Odika Baral,193464.0,1934.64,1,NORMAL
2050,Nimrat Bawa,921408.0,18199.86,4,NORMAL
2051,David Chawla,1160468.0,34040.24,3,VIP
2052,Qasim Bera,143129.0,5725.16,1,NORMAL
2053,Reyansh Sarin,885137.0,8851.37,3,NORMAL
2054,Dev Narasimhan,441688.0,4416.88,1,NORMAL
2055,Siya Maharaj,820931.0,8209.310000000001,2,NORMAL
2056,Tara Viswanathan,707759.0,7077.59,2,NORMAL
2061,Tripti Sani,519511.0,20780.44,2,NORMAL
2062,Naksh Dhingra,193771.0,1937.71,1,NORMAL
2063,Samaksh Sawhney,563220.0,17801.04,2,NORMAL
2064,Aarush Hayre,67303.0,2692.12,1,NORMAL
2065,Harini Tripathi,188815.0,3796.48,2,NORMAL
2066,Aahana Bajaj,370244.0,10256.75,3,NORMAL
2067,Alka Raju,69156.0,691.5600000000001,1,NORMAL
2068,Wyatt Shroff,615199.0,10093.39,2,NORMAL
2069,Finn Dasgupta,134775.0,1347.75,1,NORMAL
2070,Aadi Lall,778772.0,31150.88,2,NORMAL
2071,Vihaan Apte,741287.0,29651.48,3,NORMAL
2072,Samarth Panchal,328107.0,3281.07,1,NORMAL
2073,Ijaya Gade,240254.0,2402.54,1,NORMAL
2075,Faris Narain,288644.0,11545.76,1,NORMAL
2076,Raagini Rattan,191148.0,5555.04,2,NORMAL
2077,Reva Arora,515655.0,20626.2,2,NORMAL
2078,Zansi Sehgal,613369.0,10864.390000000001,3,NORMAL
2079,Keya Raval,594301.0,12974.38,3,NORMAL
2080,Sudiksha Magar,500322.0,20012.88,2,NORMAL
2083,Rajata Deshmukh,927772.0,23438.35,2,NORMAL
2085,Aahana Arora,941607.0,22039.140000000003,3,NORMAL
2087,Pallavi Thaman,330533.0,3305.33,1,NORMAL
2088,Karan Andra,1233520.0,49340.8,3,VIP
2089,Akshay Devi,180066.0,1800.66,1,NORMAL
2090,Hema Savant,658777.0,26351.08,3,NORMAL
2091,Rushil Goel,363188.0,14527.52,2,NORMAL
2092,Henry Mahajan,412867.0,4128.67,1,NORMAL
2094,Yashawini Gour,257400.0,5589.18,2,NORMAL
2096,Isha Tandon,474313.0,5732.89,2,NORMAL
2097,Vihaan Jha,1585595.0,51183.89,4,VIP
2098,Prisha Prakash,784716.0,31388.640000000003,2,NORMAL
2099,Vincent Anne,556582.0,22263.280000000002,2,NORMAL
2100,Jonathan Chad,1135362.0,32302.05,3,VIP
2101,Rehaan Badal,419826.0,4198.26,1,NORMAL
2102,Siddharth Mahal,8150.0,326.0,1,NORMAL
2103,Damyanti Sarkar,1722985.0,37794.04,5,VIP
2104,Veer Ratta,883009.0,15301.900000000001,3,NORMAL
2105,Siya Gokhale,301751.0,12070.04,1,NORMAL
2106,Vrinda Narula,800383.0,17322.1,2,NORMAL
2107,Tanvi Bail,231016.0,2310.1600000000003,2,NORMAL
2108,Abha Nanda,119422.0,4776.88,1,NORMAL
2109,Lipika Dewan,410071.0,16402.84,1,NORMAL
2111,Daniel Kapadia,784690.0,20018.05,2,NORMAL
2112,Ira Parekh,619756.0,24790.239999999998,2,NORMAL
2113,Yasti Bahl,133501.0,2607.4,2,NORMAL
2114,Maanas Shukla,603382.0,9427.39,2,NORMAL
2115,Jagvi Bala,468276.0,18731.04,1,NORMAL
2116,Pavani Vohra,455457.0,13312.02,3,NORMAL
2117,Urishilla Parikh,746432.0,19041.41,2,NORMAL
2118,Balendra Bhardwaj,395434.0,3954.34,1,NORMAL
2119,Gautam Goel,424235.0,4242.35,1,NORMAL
2120,Rushil Chokshi,391943.0,15677.720000000001,1,NORMAL
2123,Aachal Nagar,276469.0,2764.69,2,NORMAL
2126,Ishaan Butala,241286.0,8427.2,2,NORMAL
2127,Vaishnavi Dass,424634.0,16985.36,1,NORMAL
2130,Jackson Lall,924518.0,36980.72,4,NORMAL
2132,Veda Hari,298449.0,11937.960000000001,1,NORMAL
2135,Gautami Chadha,187005.0,7480.2,1,NORMAL
2136,Laksh Chada,348192.0,13927.68,2,NORMAL
2137,Azaan Dass,760733.0,29814.17,3,NORMAL
2138,Vasatika Varkey,118732.0,3906.76,2,NORMAL
2139,Upma Yogi,25163.0,251.63,1,NORMAL
2141,Jagdish Nagarajan,482395.0,4823.95,1,NORMAL
2142,Tamanna Saha,336847.0,8158.719999999999,3,NORMAL
2143,Tara Dutta,358041.0,14321.64,1,NORMAL
2144,Kamya Pingle,295279.0,2952.79,1,NORMAL
2145,Zayan Nayar,284338.0,2843.38,1,NORMAL
2147,Bhavika Madan,782194.0,21333.43,3,NORMAL
2148,Ishita Mandal,607555.0,12398.890000000001,2,NORMAL
2149,Harita Bahri,1012859.0,22537.49,3,VIP
2151,Vedant Dani,521941.0,10018.33,2,NORMAL
2152,Vinaya Arya,333241.0,5325.25,2,NORMAL
2153,Irya Rout,264747.0,2647.4700000000003,1,NORMAL
2154,Daniel Oak,150932.0,1509.32,1,NORMAL
2155,Dalaja Pai,297161.0,2971.61,1,NORMAL
2156,Faris Nori,174757.0,1747.57,1,NORMAL
2157,Bhavika Mishra,983449.0,24587.86,2,NORMAL
2159,Yoshita Samra,896807.0,23747.0,2,NORMAL
2160,Gopal Dara,466915.0,18676.600000000002,1,NORMAL
2161,Warhi Sood,547516.0,10432.27,3,NORMAL
2162,Ayush Chad,273324.0,10932.960000000001,1,NORMAL
2163,Nitara Boase,687428.0,26871.68,3,NORMAL
2164,Jeet Pradhan,808425.0,8084.25,2,NORMAL
2165,Faris Madan,751946.0,19058.96,2,NORMAL
2166,Victor Sampath,180668.0,1806.68,1,NORMAL
2167,Ekantika Soni,224451.0,2244.51,1,NORMAL
2168,Xiti Mani,268848.0,10753.92,1,NORMAL
2169,Gaurika Kaul,170208.0,1702.08,1,NORMAL
2170,Lakshit Kunda,257424.0,10296.960000000001,1,NORMAL
2171,Neelima Barad,215897.0,8635.880000000001,1,NORMAL
2172,Abeer Dayal,283356.0,11334.24,2,NORMAL
2173,Charan Oza,347449.0,12683.95,2,NORMAL
2174,Ekalinga Dubey,42256.0,1690.24,1,NORMAL
2175,Tanay Sani,493857.0,19754.28,1,NORMAL
2176,Harinakshi Mani,330114.0,13204.56,1,NORMAL
2180,Balendra Narang,446896.0,6035.35,2,NORMAL
2181,Anjali Shankar,366301.0,3663.01,2,NORMAL
2182,Tanmayi Sawhney,510433.0,14374.78,2,NORMAL
2183,Upasna Chaudhuri,219631.0,8785.24,1,NORMAL
2184,Aarnav Kannan,107053.0,1070.53,1,NORMAL
2186,Chaitaly Mitter,446586.0,17863.44,1,NORMAL
2188,Leena Sridhar,353547.0,3535.4700000000003,1,NORMAL
2189,William Babu,334186.0,3341.86,1,NORMAL
2190,Yadavi Natt,576818.0,14938.039999999999,2,NORMAL
2192,Harshil Prashad,652675.0,26107.0,3,NORMAL
2193,Faris Swamy,492898.0,4928.9800000000005,1,NORMAL
2194,Warinder Pant,581318.0,23252.72,2,NORMAL
2195,Megha Zacharia,451248.0,4512.4800000000005,1,NORMAL
2196,Megha Bajwa,257597.0,2575.9700000000003,1,NORMAL
2197,Gagan Sanghvi,609298.0,6092.9800000000005,3,NORMAL
2198,Ekbal Shenoy,169290.0,1692.9,1,NORMAL
2199,Maanav Dhaliwal,1515555.0,21840.24,5,VIP
2201,Chakrika Mistry,1013779.0,23182.9,3,VIP
2202,Mitali Dugar,610237.0,17562.19,2,NORMAL
2204,Darsh Kamdar,364215.0,14568.6,1,NORMAL
2205,Pranav Dhaliwal,598467.0,5984.67,2,NORMAL
2206,Alka Palan,398171.0,3981.71,1,NORMAL
2207,Rohan Vala,837652.0,25263.49,3,NORMAL
2208,Falak Char,429498.0,17179.920000000002,1,NORMAL
2209,Finn Atwal,482758.0,19310.32,1,NORMAL
2210,Osha Chahal,672217.0,10410.400000000001,3,NORMAL
2211,Unnati Kata,680893.0,20029.63,2,NORMAL
2212,Sarthak D’Alia,228546.0,9141.84,1,NORMAL
2213,Ronith Nair,938504.0,9385.04,3,NORMAL
2214,Dalaja Char,111887.0,1118.8700000000001,1,NORMAL
2215,Chavvi Bumb,563030.0,15343.19,3,NORMAL
2216,Ucchal Agarwal,406165.0,4061.65,1,NORMAL
2217,Yatin Chakrabarti,1184344.0,47373.76,3,VIP
2218,Darsh Vig,883888.0,14071.720000000001,3,NORMAL
2219,Aarini Varughese,499822.0,4998.22,2,NORMAL
2223,Azaan Sheth,710831.0,28433.24,2,NORMAL
2224,Chaitaly Batta,432560.0,4325.6,1,NORMAL
2225,Pranav Malhotra,267705.0,2677.05,1,NORMAL
2226,Dakshesh Guha,79897.0,3195.88,1,NORMAL
2227,Victor Parmar,1440842.0,28913.54,3,VIP
2230,Prisha Mandal,496784.0,19871.36,2,NORMAL
2231,Harish Dugal,858362.0,34334.479999999996,2,NORMAL
2232,Pooja Sharma,925094.0,20118.53,3,NORMAL
2233,Victor Nanda,157784.0,6311.360000000001,1,NORMAL
2235,Urvi Prasad,923035.0,9230.35,3,NORMAL
2237,Onveer Saini,807046.0,30229.780000000002,4,NORMAL
2238,Lakshmi Chopra,1202666.0,36689.119999999995,3,VIP
2239,Hitesh Nori,104518.0,4180.72,1,NORMAL
2240,Pranit Yohannan,591220.0,10073.41,3,NORMAL
2241,Max Goyal,533312.0,6723.17,2,NORMAL
2242,Pranav Sen,1848756.0,52932.99,5,VIP
2243,Jason Raval,121972.0,1219.72,1,NORMAL
2244,Ekavir Setty,76453.0,764.53,1,NORMAL
2245,Falan Edwin,79580.0,1469.5700000000002,2,NORMAL
2246,Wriddhish Patil,143182.0,1783.96,2,NORMAL
2247,Anika Dewan,131897.0,1318.97,2,NORMAL
2248,Max Kunda,179197.0,7167.88,2,NORMAL
2249,Ikshita Batra,206232.0,2062.32,1,NORMAL
2250,Sudiksha Rege,975243.0,26758.14,3,NORMAL
2251,Sathvik Kade,1081158.0,10811.58,4,VIP
2252,Hemani Chand,624892.0,23049.7,3,NORMAL
2253,Forum Raj,1029094.0,37031.47,4,VIP
2254,Isaiah Venkataraman,185588.0,7423.52,1,NORMAL
2255,Sachi Tailor,470319.0,12144.0,2,NORMAL
2257,Chandresh Patel,617766.0,17417.7,3,NORMAL
2258,Pahal Nagi,576026.0,23041.039999999997,3,NORMAL
2260,Laban Kapadia,797035.0,15700.6,3,NORMAL
2261,Saksham Walia,227576.0,2275.76,1,NORMAL
2262,Omya Zachariah,672676.0,14334.939999999999,2,NORMAL
2264,Pavani Mandal,66199.0,661.99,1,NORMAL
2265,Ira Chacko,487552.0,19502.08,2,NORMAL
2266,Wishi Kaul,483005.0,9434.0,2,NORMAL
2267,Arjun Gola,481299.0,12590.16,3,NORMAL
2268,Jalsa Sahni,49316.0,493.16,1,NORMAL
2269,Vihaan Vohra,351364.0,3513.64,1,NORMAL
2270,Rachit Toor,1291477.0,31879.149999999998,5,VIP
2272,Bahadurjit Som,726476.0,20807.63,2,NORMAL
2274,Agastya Bhat,1987701.0,63957.450000000004,7,VIP
2275,Ryan Nadkarni,706463.0,18222.08,2,NORMAL
2276,Saksham Sood,323156.0,3231.56,2,NORMAL
2278,Forum Lalla,468903.0,18756.12,1,NORMAL
2279,Jeet Sem,484395.0,17961.06,2,NORMAL
2280,Udyati Sarkar,596424.0,7667.790000000001,3,NORMAL
2281,Lakshit Boase,547424.0,21896.96,2,NORMAL
2282,Ryan Mannan,268205.0,2682.05,1,NORMAL
2283,Harini Mandal,730587.0,8711.01,4,NORMAL
2284,Ikbal Mohanty,40702.0,407.02,1,NORMAL
2285,Aashi Kalita,87386.0,3495.44,1,NORMAL
2286,Ekta Jha,412124.0,12529.67,2,NORMAL
2287,Turvi Bhatti,467706.0,6398.76,3,NORMAL
2288,Urmi Bhat,462677.0,4626.77,1,NORMAL
2289,Kevin Ganesan,321845.0,3218.4500000000003,1,NORMAL
2290,Bimala Chhabra,120738.0,4829.52,1,NORMAL
2291,Kavya Balan,678718.0,18755.62,2,NORMAL
2292,Nitesh Muni,435714.0,4357.14,1,NORMAL
2293,Laksh Aurora,346054.0,5394.01,2,NORMAL
2294,Vrinda Narang,317792.0,12711.68,1,NORMAL
2295,Yashawini Misra,67251.0,672.51,1,NORMAL
2296,Hemal Jaggi,1391507.0,32140.22,5,VIP
2297,David Brahmbhatt,62100.0,2484.0,1,NORMAL
2299,Praneel Nayar,949159.0,24323.29,2,NORMAL
2300,Yug Wagle,434435.0,4344.35,1,NORMAL
2302,Yashica Kumar,217736.0,8709.44,1,NORMAL
2303,Sachi Thaman,181354.0,1813.54,1,NORMAL
2305,Kashish Lala,483961.0,17001.25,2,NORMAL
2306,Warinder Sankar,499089.0,4990.89,1,NORMAL
2307,Ridhi Parsa,897369.0,35236.229999999996,4,NORMAL
2308,Rajeshri Seth,297385.0,11895.400000000001,2,NORMAL
2309,Siya Guha,758216.0,18398.96,2,NORMAL
2310,Vidhi Panchal,759535.0,7595.35,2,NORMAL
2311,Warhi Char,364481.0,14579.24,1,NORMAL
2312,Nakul Khare,191927.0,7677.08,1,NORMAL
2313,Yashvi Jhaveri,602172.0,13061.67,2,NORMAL
2314,Onveer Walia,263327.0,2633.27,1,NORMAL
2315,Agastya Seshadri,595223.0,12583.55,2,NORMAL
2316,Hitesh Bawa,43032.0,1721.28,1,NORMAL
2318,Nitara Brahmbhatt,732933.0,29317.32,3,NORMAL
2320,Balvan Wagle,457755.0,6432.21,2,NORMAL
2322,Vrishti Nori,330469.0,13218.76,1,NORMAL
2323,Damyanti Behl,475823.0,19032.920000000002,1,NORMAL
2324,Anika Nadkarni,258634.0,10345.36,1,NORMAL
2327,Zayan Deol,270736.0,10829.44,1,NORMAL
2330,Ansh Gole,304804.0,3048.04,1,NORMAL
2331,Radhika Dalal,826069.0,16804.780000000002,3,NORMAL
2332,Jeremiah Bedi,245016.0,9800.64,1,NORMAL
2333,Rudra Rai,227384.0,2273.84,1,NORMAL
2334,Girish Rout,462290.0,4622.900000000001,1,NORMAL
2336,Pranav Chawla,758638.0,7586.38,2,NORMAL
2337,Geetika Venkatesh,288257.0,2882.57,1,NORMAL
2338,Rajata Chowdhury,466040.0,18641.6,3,NORMAL
2339,Elijah Walia,123382.0,4731.88,2,NORMAL
2340,Anika Toor,1720104.0,25854.12,5,VIP
2343,Chaaya Wali,528572.0,5285.72,2,NORMAL
2344,Lakshmi Gole,961279.0,20163.91,3,NORMAL
2345,Ekalinga Mitra,280038.0,11201.52,1,NORMAL
2346,Tanveer Swaminathan,59243.0,2369.7200000000003,1,NORMAL
2349,Upasna Arya,1083773.0,32571.38,3,VIP
2351,Qadim Choudhary,142843.0,5713.72,1,NORMAL
2352,Ishita Loyal,422176.0,16039.51,2,NORMAL
2354,Rajeshri Padmanabhan,225085.0,9003.400000000001,2,NORMAL
2355,Mohini Gara,101490.0,4059.6,1,NORMAL
2356,Amrita Ram,371752.0,7753.9,2,NORMAL
2357,Netra Trivedi,344421.0,3444.21,1,NORMAL
2358,Harrison Ravi,324425.0,3244.25,1,NORMAL
2359,Harish Tandon,201459.0,8058.360000000001,1,NORMAL
2360,Guneet Chaudhari,403926.0,4039.26,1,NORMAL
2361,Manya Setty,834151.0,33366.04,2,NORMAL
2362,Veda Keer,52964.0,529.64,1,NORMAL
2363,Rohan Sachar,487826.0,16595.33,2,NORMAL
2364,Ekansh Chowdhury,372527.0,3725.27,1,NORMAL
2365,Isha Bhargava,1613039.0,40790.81,4,VIP
2366,Aadi Ramachandran,351832.0,14073.28,1,NORMAL
2368,Aryan Deshpande,296102.0,11844.08,1,NORMAL
2369,Hemang Jani,503001.0,20120.04,2,NORMAL
2370,Ekantika Sankar,1003514.0,32363.18,4,VIP
2372,Janya Dass,393154.0,15726.16,1,NORMAL
2373,Tanmayi Shukla,622793.0,6227.93,3,NORMAL
2376,Nitesh Dua,801237.0,17779.95,2,NORMAL
2377,Niharika Kalla,327025.0,13081.0,2,NORMAL
2378,Neel Swaminathan,716809.0,20025.1,4,NORMAL
2379,Krisha Mander,397184.0,15887.36,2,NORMAL
2380,Aradhana Narang,799481.0,19943.09,2,NORMAL
2381,Januja Setty,1082207.0,28935.8,3,VIP
2382,Kritika Srinivasan,764687.0,30587.480000000003,2,NORMAL
2383,Tanish Sandhu,290395.0,11615.800000000001,1,NORMAL
2385,Champak Dua,596705.0,5967.05,2,NORMAL
2386,Divya Pandit,585284.0,17776.4,2,NORMAL
2387,Vanya Chawla,348196.0,7852.81,2,NORMAL
2388,Ekta Handa,53769.0,2150.76,1,NORMAL
2389,Dominic Kashyap,430432.0,4304.32,2,NORMAL
2390,Sneha Bora,358839.0,14353.56,1,NORMAL
2391,Diya Lala,384796.0,3847.96,2,NORMAL
2392,Hemani Khalsa,866421.0,20896.83,2,NORMAL
2393,Ekta Pau,406434.0,7607.64,3,NORMAL
2394,Gabriel Chaudhary,567376.0,20896.06,3,NORMAL
2395,Ishita Srinivas,416205.0,11506.68,2,NORMAL
2396,Arin Shanker,905935.0,9059.35,2,NORMAL
2397,Om Rau,353827.0,14153.08,2,NORMAL
2398,Sarthak Chowdhury,823751.0,18717.5,2,NORMAL
2399,Turvi Varughese,206885.0,2068.85,1,NORMAL
2401,Utkarsh Pingle,351483.0,3514.83,3,NORMAL
2403,Ishaan Tailor,310385.0,12415.400000000001,2,NORMAL
2405,Turvi Din,429358.0,11167.84,3,NORMAL
2406,Gaurangi Comar,186708.0,7468.32,1,NORMAL
2407,Arunima Korpal,276164.0,11046.56,1,NORMAL
2408,Christopher Narayan,590825.0,12430.49,3,NORMAL
2409,Wyatt Sekhon,16375.0,163.75,1,NORMAL
2410,Abha Arya,536501.0,21460.04,2,NORMAL
2412,Samarth Saraf,696083.0,22466.48,4,NORMAL
2414,Amrita Goda,1015079.0,31587.14,3,VIP
2415,Nihal Sankar,127627.0,2886.01,2,NORMAL
2416,Raagini Golla,371201.0,14848.04,1,NORMAL
2417,Yochana Pathak,807099.0,32283.96,3,NORMAL
2418,Anjali Chauhan,213954.0,8558.16,1,NORMAL
2419,Udant Chadha,119300.0,1193.0,1,NORMAL
2420,Vedant Dora,235579.0,4172.530000000001,2,NORMAL
2421,Chakradhar Varkey,278692.0,11147.68,1,NORMAL
2422,Rishi Nayar,207453.0,2074.53,1,NORMAL
2423,Abha Krishna,1052360.0,32450.45,4,VIP
2425,Hemal Sarma,233765.0,9350.6,1,NORMAL
2426,Lavanya Buch,828532.0,33141.28,2,NORMAL
2428,Vansha Talwar,602167.0,24086.68,2,NORMAL
2430,Vrinda Barad,482538.0,19301.52,1,NORMAL
2432,Aditya Mody,490546.0,15728.980000000001,2,NORMAL
2433,Abhiram Dutt,378165.0,11551.590000000002,3,NORMAL
2435,Lavanya Raj,430561.0,17222.44,1,NORMAL
2436,Wyatt Om,13662.0,136.62,1,NORMAL
2438,Varenya Guha,607521.0,7642.290000000001,3,NORMAL
2441,Tarak Tailor,57865.0,578.65,1,NORMAL
2442,Januja Guha,1219944.0,26332.08,3,VIP
2443,Manthan Ratta,76985.0,769.85,1,NORMAL
2446,Xalak Salvi,262071.0,2620.71,2,NORMAL
2447,Girindra Pant,655123.0,6551.23,2,NORMAL
2448,Chaaya Khare,652242.0,25666.38,3,NORMAL
2449,Raagini Bora,37019.0,1480.76,1,NORMAL
2450,Barkha Bera,21198.0,847.9200000000001,1,NORMAL
2451,Pallavi Sarkar,663837.0,10616.16,3,NORMAL
2453,Tanish Amble,310472.0,3104.7200000000003,1,NORMAL
2455,Jagvi Bedi,425894.0,17035.760000000002,1,NORMAL
2456,Suhani Raghavan,792507.0,31700.280000000002,2,NORMAL
2457,Chaman Bhandari,294869.0,11794.76,1,NORMAL
2458,Advaith Hans,275727.0,11029.08,1,NORMAL
2459,Orinder Tella,436981.0,17479.239999999998,2,NORMAL
2461,Vasana Ghose,642476.0,25699.04,2,NORMAL
2462,Jairaj Viswanathan,722980.0,24635.83,3,NORMAL
2463,Riya Krishna,718354.0,26097.100000000002,3,NORMAL
2464,Chameli Sibal,51380.0,513.8,1,NORMAL
2465,Ojas Kale,536808.0,5368.08,2,NORMAL
2469,Irya Sehgal,934590.0,9345.900000000001,3,NORMAL
2470,Vritti Sanghvi,605830.0,24233.2,3,NORMAL
2471,Zaitra Naidu,56211.0,2248.44,1,NORMAL
2472,Harini Rai,590996.0,5909.96,2,NORMAL
2473,Ekalinga Banerjee,102420.0,4096.8,2,NORMAL
2474,Advaith Gade,169023.0,1690.23,1,NORMAL
2476,Raksha Wali,279639.0,11185.56,1,NORMAL
2477,Ekanta Ratta,463763.0,6659.24,3,NORMAL
2478,Pranav Kota,280636.0,11225.44,1,NORMAL
2479,Champak Chatterjee,264439.0,2644.39,2,NORMAL
2480,Ekansh Manne,85844.0,858.44,1,NORMAL
2481,Charles Ghosh,248737.0,9949.48,1,NORMAL
2482,Aachal Sem,58993.0,589.9300000000001,1,NORMAL
2483,Kashvi Mallick,119115.0,4764.6,1,NORMAL
2484,Ojas Dyal,237689.0,9507.56,1,NORMAL
2487,Sachi Rana,377662.0,3776.62,1,NORMAL
2488,David Sani,657605.0,26304.2,2,NORMAL
2490,Ayushman Varkey,391582.0,3915.82,2,NORMAL
2491,Amara Balan,327100.0,13084.0,1,NORMAL
2492,Rishi Ganesh,816316.0,19128.49,2,NORMAL
2493,Aayush Pal,140809.0,5632.36,1,NORMAL
2495,Ojas Merchant,1004927.0,30285.65,3,VIP
2496,Isaac Master,393861.0,3938.61,1,NORMAL
2497,Frederick Bahri,793746.0,20963.97,2,NORMAL
2498,Aayush Sangha,857489.0,8574.89,2,NORMAL
2499,Avni Narula,852923.0,24362.510000000002,4,NORMAL
2500,Lila Butala,363564.0,14542.560000000001,2,NORMAL
2501,Vanya Dar,185602.0,6012.9400000000005,2,NORMAL
2502,Yadavi Trivedi,242886.0,8543.880000000001,2,NORMAL
2503,Chandran Choudhary,255753.0,2557.53,1,NORMAL
2505,Jatin Kannan,529580.0,5295.8,2,NORMAL
2506,Gopal Ray,242515.0,9700.6,1,NORMAL
2507,Caleb Dhawan,9808.0,98.08,1,NORMAL
2508,Eta Tella,863978.0,34559.119999999995,2,NORMAL
2509,Warda Viswanathan,545004.0,5450.04,3,NORMAL
2512,Janya Arya,424844.0,4248.4400000000005,1,NORMAL
2514,Maanav Bedi,315812.0,12632.48,1,NORMAL
2515,Ishanvi Chakraborty,73715.0,737.15,1,NORMAL
2518,Zansi Subramanian,432518.0,17300.72,1,NORMAL
2519,Ishani Nair,1052623.0,22163.95,3,VIP
2520,Champak Shetty,838960.0,22820.68,2,NORMAL
2521,Kritika Dhawan,410693.0,6107.66,2,NORMAL
2522,Charan Saini,369856.0,14794.24,1,NORMAL
2523,Ekbal Gole,258189.0,10327.560000000001,2,NORMAL
2525,Leela Mitter,879838.0,26682.61,3,NORMAL
2526,Jagdish Dash,390223.0,15608.92,1,NORMAL
2527,Krishna Biswas,932535.0,37301.4,2,NORMAL
2528,Aashi Upadhyay,183037.0,7321.4800000000005,1,NORMAL
2529,Vidhi Chopra,507844.0,10347.91,2,NORMAL
2530,Teerth Mohanty,986564.0,24786.77,2,NORMAL
2531,Samesh Solanki,748604.0,29944.160000000003,2,NORMAL
2532,Pratyush Banik,146332.0,1463.32,1,NORMAL
2533,Zilmil Hora,239480.0,9579.2,1,NORMAL
2534,Jyoti Murthy,263723.0,2637.23,1,NORMAL
2537,Barkha Ranganathan,70687.0,2827.48,1,NORMAL
2540,Praneel Doshi,105445.0,4217.8,1,NORMAL
2541,Pranit Chander,1130515.0,30667.78,4,VIP
2543,Maya Palla,708436.0,18335.23,3,NORMAL
2544,Dominic Sarkar,416874.0,16674.96,1,NORMAL
2547,Avni Hari,473586.0,4735.86,1,NORMAL
2548,Ethan Lala,121826.0,4873.04,1,NORMAL
2549,Keya Pathak,1131049.0,30846.04,4,VIP
2550,Anirudh Sahota,520546.0,6779.379999999999,3,NORMAL
2551,Teerth Vig,420572.0,9966.32,2,NORMAL
2552,Turvi Rajagopal,794922.0,21340.2,3,NORMAL
2553,Yochana Kata,882539.0,22709.36,2,NORMAL
2554,Qarin Murthy,1086684.0,43467.36,3,VIP
2555,Chakradhar Goswami,207292.0,2072.92,1,NORMAL
2556,Zehaan Das,333090.0,3330.9,1,NORMAL
2558,Quincy Ratti,23444.0,937.76,1,NORMAL
2559,Hemal Mallick,794895.0,18507.0,2,NORMAL
2560,Pranav Mukhopadhyay,616964.0,24678.559999999998,3,NORMAL
2561,Balendra Chawla,618121.0,18872.44,3,NORMAL
2562,Bishakha Pandey,239186.0,2391.86,1,NORMAL
2563,Maanas Yohannan,262078.0,10483.12,1,NORMAL
2565,Brijesh Kumar,435278.0,17411.12,1,NORMAL
2566,Rudra Shukla,489177.0,4891.77,2,NORMAL
2567,Eshana Banik,789391.0,18757.72,2,NORMAL
2568,Rachita Iyengar,179307.0,1793.07,2,NORMAL
2570,Udyati Andra,620590.0,16198.990000000002,2,NORMAL
2571,Abeer Radhakrishnan,401089.0,4010.89,1,NORMAL
2572,Azaan Sengupta,728626.0,19484.050000000003,2,NORMAL
2574,Amol Dhaliwal,953241.0,23153.100000000002,3,NORMAL
2575,Kevin Pall,688850.0,19284.23,2,NORMAL
2577,Udyati Purohit,247921.0,2479.21,1,NORMAL
2579,Chandani Madan,322218.0,3222.1800000000003,1,NORMAL
2580,Yuvraj Saini,432840.0,4328.4,3,NORMAL
2582,Tanveer Pillay,503049.0,5030.49,2,NORMAL
2583,Faraj Jain,759975.0,19055.100000000002,3,NORMAL
2584,Bahadurjit Kohli,672123.0,6721.2300000000005,2,NORMAL
2585,Jatin Mody,417812.0,16712.48,2,NORMAL
2586,Yug Nadig,1048752.0,10487.52,4,VIP
2587,Fiyaz Brar,538297.0,21531.88,2,NORMAL
2588,Bachittar Soman,408920.0,4089.2000000000003,1,NORMAL
2590,Manbir Bhatti,264380.0,2643.8,1,NORMAL
2591,Warhi Sawhney,1185843.0,25402.260000000002,4,VIP
2592,Ira Dugal,602863.0,6028.63,2,NORMAL
2593,Hredhaan Devan,759426.0,17650.62,2,NORMAL
2594,Banjeet Char,66857.0,668.57,1,NORMAL
2596,Ekiya Jayaraman,448833.0,4488.33,1,NORMAL
2598,Champak Majumdar,349529.0,3495.29,1,NORMAL
2599,Tanish Badal,130156.0,5206.24,1,NORMAL
2600,Vinaya Varkey,791483.0,7914.83,2,NORMAL
2601,Odika Sunder,285758.0,5759.4800000000005,2,NORMAL
2602,Harini Mishra,482912.0,6608.27,2,NORMAL
2603,Samaksh Lad,428401.0,17136.04,2,NORMAL
2605,Gaurangi Shanker,1211100.0,42231.840000000004,4,VIP
2607,Naveen Chokshi,401838.0,4018.38,2,NORMAL
2608,Atharv Om,363391.0,14535.64,1,NORMAL
2610,Arin Gopal,5757.0,230.28,1,NORMAL
2613,Ria Seth,944358.0,11945.34,4,NORMAL
2615,Ekansh Grewal,455653.0,18226.12,1,NORMAL
2616,Nimrat Anand,262228.0,2622.28,1,NORMAL
2617,Advaith Goel,373715.0,14948.6,2,NORMAL
2618,Gaurav Oommen,71723.0,2868.92,1,NORMAL
2619,Daksh Sheth,398768.0,11261.48,2,NORMAL
2620,Aadi Keer,738096.0,29523.840000000004,2,NORMAL
2621,Wriddhish Balay,506370.0,7847.79,2,NORMAL
2624,Ranveer Sodhi,780574.0,11725.39,3,NORMAL
2627,Libni Parsa,724554.0,11229.45,3,NORMAL
2628,Liam Tripathi,91715.0,3668.6,1,NORMAL
2629,Jagdish Rana,576865.0,23074.600000000002,2,NORMAL
2632,Zashil Manda,488293.0,19531.72,1,NORMAL
2633,Leela Tank,496791.0,4967.91,2,NORMAL
2634,Akshay Sahni,566575.0,22663.0,2,NORMAL
2635,Neelima Swamy,456512.0,18260.48,2,NORMAL
2636,Reyansh Kade,1316323.0,26351.5,4,VIP
2637,Jalsa Barad,101188.0,1011.88,1,NORMAL
2638,Jacob Dar,222872.0,8914.880000000001,2,NORMAL
2639,Sneha Talwar,681705.0,27268.2,2,NORMAL
2640,Jalsa Sharaf,329262.0,13170.48,1,NORMAL
2643,Sneha Deo,429476.0,17179.04,1,NORMAL
2644,Henry Sama,807319.0,32292.760000000002,2,NORMAL
2645,Bina Sampath,337910.0,13516.4,1,NORMAL
2646,Ladli Bajaj,850073.0,34002.92,2,NORMAL
2647,Luke Rana,159459.0,6378.360000000001,1,NORMAL
2648,Aadhya Shankar,347356.0,13894.24,1,NORMAL
2649,Lekha Bawa,216290.0,8651.6,1,NORMAL
2650,Shivansh Dugar,347896.0,13915.84,1,NORMAL
2651,Balveer Mallick,241289.0,2903.69,2,NORMAL
2653,Ubika Kar,482422.0,10903.03,2,NORMAL
2654,Zashil Das,498371.0,10359.53,2,NORMAL
2655,Libni Chopra,274638.0,2746.38,2,NORMAL
2656,Lakshit Dash,184745.0,7389.8,1,NORMAL
2657,Gautam Hegde,312884.0,3128.84,1,NORMAL
2659,Advaith Banik,262771.0,2627.71,1,NORMAL
2660,Manthan Dhingra,309100.0,12364.0,1,NORMAL
2661,Bhanumati Mani,465512.0,8899.82,2,NORMAL
2662,Lopa Kalita,219320.0,2193.2000000000003,1,NORMAL
2663,Yashasvi Mitter,469177.0,5196.880000000001,2,NORMAL
2664,Rehaan Tailor,130247.0,1302.47,1,NORMAL
2665,Pratyush Tank,293313.0,11732.52,1,NORMAL
2666,Jeremiah Chowdhury,269469.0,2694.69,1,NORMAL
2667,Inaya Sem,53422.0,534.22,1,NORMAL
2668,Ishanvi Sathe,250341.0,2503.41,1,NORMAL
2669,Aarna Dhaliwal,318369.0,12734.76,1,NORMAL
2670,Priya Dey,487216.0,19488.64,1,NORMAL
2671,Yachana Mall,1233361.0,35574.85,4,VIP
2672,Ekanta Issac,271672.0,2716.7200000000003,1,NORMAL
2673,Zaitra Deol,720187.0,14973.310000000001,2,NORMAL
2674,Oviya Khanna,851571.0,8515.71,2,NORMAL
2675,Chakradev Bhatia,479691.0,4796.91,1,NORMAL
2678,Azad Ganesh,371906.0,7068.200000000001,2,NORMAL
2682,Gayathri Ahuja,682606.0,6826.06,4,NORMAL
2684,Chanakya Oak,1516881.0,60675.24,4,VIP
2685,Sudiksha Natt,394028.0,15761.119999999999,2,NORMAL
2686,Ekapad Tara,452983.0,4529.83,2,NORMAL
2687,Harrison Mani,724445.0,14200.670000000002,2,NORMAL
2689,Yashoda Banerjee,34693.0,346.93,1,NORMAL
2690,Ria Puri,1116296.0,11162.960000000001,3,VIP
2692,Saksham Doshi,399171.0,15966.84,2,NORMAL
2693,Aachal Dhillon,313440.0,11392.53,3,NORMAL
2694,Rajeshri Bhargava,404112.0,16164.48,1,NORMAL
2695,Eiravati Venkataraman,385230.0,15409.2,1,NORMAL
2696,Umang Saxena,753930.0,7539.3,2,NORMAL
2698,Harini Shere,388717.0,3887.17,1,NORMAL
2699,Veer Munshi,631684.0,13221.640000000001,3,NORMAL
2700,Wahab Wali,264002.0,2640.02,1,NORMAL
2701,Jagdish Patla,938685.0,22459.59,4,NORMAL
2702,Eiravati Narayanan,388848.0,15553.92,1,NORMAL
2704,Wridesh Bail,850328.0,8503.279999999999,2,NORMAL
2705,Madhavi Bassi,221946.0,6204.6,2,NORMAL
2707,Oni D’Alia,106885.0,1068.85,1,NORMAL
2709,Reva Virk,216386.0,8655.439999999999,2,NORMAL
2710,Anita Pandit,280065.0,11202.6,1,NORMAL
2715,Abhimanyu Brahmbhatt,248096.0,9923.840000000002,3,NORMAL
2716,Shivani Luthra,146702.0,1467.02,1,NORMAL
2717,Advay Merchant,717627.0,28705.08,3,NORMAL
2719,Daksh Dara,240869.0,9634.76,2,NORMAL
2720,Harshil Gade,294368.0,11774.72,1,NORMAL
2721,Harshil Walia,1170512.0,26338.22,4,VIP
2723,Deepa Loyal,461744.0,18469.760000000002,1,NORMAL
2724,Rishi Dhar,606670.0,6425.860000000001,3,NORMAL
2726,Raghav Agate,52150.0,2086.0,1,NORMAL
2727,Fariq Nadig,291248.0,8000.120000000001,2,NORMAL
2728,Varsha Sane,23110.0,924.4,1,NORMAL
2730,Anirudh Bail,252350.0,10094.0,1,NORMAL
2731,Aadi Konda,634607.0,25384.28,2,NORMAL
2735,Jagrati Dara,519468.0,14914.74,2,NORMAL
2736,Alka Khalsa,442952.0,17718.08,1,NORMAL
2737,Thomas Chaudhari,481137.0,19245.48,2,NORMAL
2738,Advika Behl,166808.0,6672.32,1,NORMAL
2739,Pratyush Aggarwal,247130.0,2471.3,1,NORMAL
2740,Nathaniel Char,233371.0,2333.71,1,NORMAL
2741,Yug Behl,6515.0,260.6,1,NORMAL
2742,Nandini Kata,138990.0,5559.6,1,NORMAL
2743,Ethan Jayaraman,161441.0,1614.41,1,NORMAL
2744,Lakshmi Borra,351912.0,14076.48,1,NORMAL
2745,Aradhana Bera,33338.0,333.38,1,NORMAL
2746,Ekapad Sandal,331724.0,5823.650000000001,3,NORMAL
2747,Geetika Palla,41728.0,1669.1200000000001,1,NORMAL
2748,William Peri,186545.0,7461.8,1,NORMAL
2749,Faras Narayan,384633.0,15385.32,1,NORMAL
2750,Mohammed Behl,69587.0,695.87,1,NORMAL
2751,Jason Ramaswamy,94068.0,3762.7200000000003,1,NORMAL
2752,Aditya Patla,864443.0,26871.35,3,NORMAL
2753,Karan Ratta,632708.0,6327.08,2,NORMAL
2755,Siddharth Mann,529553.0,18034.7,2,NORMAL
2756,Zashil Dhawan,396103.0,15844.12,1,NORMAL
2757,Gauri Raman,542863.0,21714.52,2,NORMAL
2759,Lekha Gupta,465007.0,4650.07,1,NORMAL
2760,Urmi Palan,372684.0,3726.84,1,NORMAL
2761,Yachana Khosla,633973.0,6339.73,3,NORMAL
2762,Tanveer Sandal,173420.0,6936.8,1,NORMAL
2763,Siya Tak,412029.0,16481.16,1,NORMAL
2764,Naksh Buch,230407.0,2304.07,1,NORMAL
2765,Osha Kurian,429145.0,17165.8,1,NORMAL
2766,Samuel Din,583939.0,23357.559999999998,2,NORMAL
2768,George Sarma,369225.0,3692.25,2,NORMAL
2769,Neha Patla,84856.0,3394.2400000000002,1,NORMAL
2771,Wyatt Rama,145860.0,5834.400000000001,1,NORMAL
2772,Andrew Bassi,1132148.0,27915.649999999998,4,VIP
2773,Oscar Thakur,82816.0,3312.64,1,NORMAL
2774,Advika Nagarajan,862235.0,19837.190000000002,3,NORMAL
2775,Devika Mital,103123.0,4124.92,2,NORMAL
2776,Tanveer Koshy,870803.0,20976.2,2,NORMAL
2777,Yutika Som,236887.0,2368.87,2,NORMAL
2778,Chameli Pall,55719.0,2228.76,1,NORMAL
2779,Abeer Patla,209550.0,6486.360000000001,2,NORMAL
2781,Zayan Mistry,428992.0,17159.68,2,NORMAL
2783,Zinal Bhatnagar,399786.0,13563.539999999999,2,NORMAL
2784,Samar Sachdev,385142.0,15405.68,1,NORMAL
2785,Jeremiah Srinivas,480668.0,19226.72,1,NORMAL
2786,Ikshita Dixit,835491.0,8354.91,3,NORMAL
2787,Forum Narayan,157741.0,6309.64,2,NORMAL
2788,Saksham Nayar,7123.0,284.92,1,NORMAL
2789,Ekaja D’Alia,113480.0,4539.2,1,NORMAL
2791,Krisha Peri,122636.0,4905.4400000000005,1,NORMAL
2793,Ryan Rajan,372812.0,3728.1200000000003,2,NORMAL
2794,Ronith More,559477.0,6161.74,3,NORMAL
2795,Ijaya Swamy,641341.0,6413.41,2,NORMAL
2796,Megha Biswas,200158.0,8006.320000000001,1,NORMAL
2798,Advika Deep,120200.0,4808.0,1,NORMAL
2799,Inaya Kala,868353.0,21243.06,4,NORMAL
2800,William Pant,251336.0,10053.44,1,NORMAL
2802,Banjeet Nadig,613314.0,18048.600000000002,2,NORMAL
2803,Dipta Borra,649381.0,25975.24,2,NORMAL
2805,Ayushman Wali,138758.0,1387.58,1,NORMAL
2806,Darpan Purohit,436049.0,4360.49,1,NORMAL
2808,Anmol Thakkar,27285.0,272.85,1,NORMAL
2809,Pallavi Borah,878240.0,35129.600000000006,3,NORMAL
2810,Jacob Bhasin,407443.0,4074.4300000000003,1,NORMAL
2811,Alka Gulati,486674.0,4866.74,2,NORMAL
2813,Shravya Koshy,73996.0,1205.2,2,NORMAL
2814,Faris Chand,483330.0,19333.2,1,NORMAL
2816,Yatan Talwar,525396.0,16315.14,2,NORMAL
2817,Chandran Bhattacharyya,620133.0,6201.33,2,NORMAL
2818,Sanaya Narula,2021472.0,31998.63,6,VIP
2819,Qabil Mody,185855.0,1858.55,1,NORMAL
2820,Bhavika Oza,449585.0,4495.85,1,NORMAL
2822,Eshana Kothari,230782.0,9231.28,1,NORMAL
2823,Ganga Deshpande,746912.0,15609.349999999999,2,NORMAL
2824,Lucky Padmanabhan,1015753.0,12502.330000000002,6,VIP
2826,Zaid Nagar,115487.0,1154.8700000000001,1,NORMAL
2827,Ekalinga Tailor,939515.0,23494.850000000002,2,NORMAL
2828,Edhitha Shetty,255639.0,10225.56,1,NORMAL
2829,Jhalak Salvi,336177.0,3759.15,2,NORMAL
2830,Aditya Krishnan,194025.0,1940.25,1,NORMAL
2831,Abhimanyu Chatterjee,913722.0,23980.98,3,NORMAL
2832,Hitesh Dhar,127596.0,2267.58,2,NORMAL
2833,Veda Mander,403994.0,4621.43,3,NORMAL
2835,Ishwar Shan,676182.0,6761.820000000001,2,NORMAL
2836,Faras Anand,249614.0,2496.14,2,NORMAL
2837,Indira Manda,507868.0,19760.620000000003,2,NORMAL
2838,Farhan Parikh,33872.0,338.72,1,NORMAL
2840,Oliver Yohannan,601779.0,21057.27,3,NORMAL
2842,Gaurangi Wadhwa,170852.0,1708.52,1,NORMAL
2843,Daksh Gour,190235.0,1902.3500000000001,1,NORMAL
2844,Dominic Tak,426786.0,12171.539999999999,2,NORMAL
2845,Falan Rau,623304.0,7427.64,3,NORMAL
2846,Ekta Raja,330773.0,13230.92,1,NORMAL
2848,Urvashi Baral,234376.0,2343.76,1,NORMAL
2849,Robert Venkataraman,293506.0,2935.06,1,NORMAL
2850,Madhavi Ramaswamy,479405.0,4794.05,1,NORMAL
2853,Libni Dass,326752.0,13070.08,1,NORMAL
2854,Jyoti Murty,405844.0,7320.01,2,NORMAL
2855,Jeevika Samra,248740.0,9949.6,1,NORMAL
2857,Falak Aggarwal,485889.0,4858.89,1,NORMAL
2858,Guneet Shan,709459.0,28378.36,2,NORMAL
2860,Wriddhish Joshi,598239.0,5982.39,2,NORMAL
2861,Oni Barad,523849.0,16929.73,2,NORMAL
2862,Maanav Shankar,167230.0,1672.3,1,NORMAL
2863,Zaid Naik,468190.0,17272.93,3,NORMAL
2864,Pallavi Banik,700191.0,21385.5,2,NORMAL
2865,Saksham Batra,374718.0,4330.2,2,NORMAL
2866,Simon Yohannan,324576.0,6314.1900000000005,2,NORMAL
2867,Rajeshri Tandon,25478.0,1019.12,1,NORMAL
2869,Fiyaz Doctor,167866.0,6714.64,1,NORMAL
2870,Zansi Chaudry,572639.0,11451.470000000001,2,NORMAL
2871,William Kapoor,165494.0,6619.76,1,NORMAL
2872,Siddharth Bora,814443.0,32577.72,2,NORMAL
2873,Udyati Sachdev,25886.0,258.86,1,NORMAL
2874,Viraj Bava,222863.0,8914.52,1,NORMAL
2875,Vyanjana Halder,691195.0,18180.850000000002,3,NORMAL
2876,Yachana Kalita,291721.0,11668.84,1,NORMAL
2879,Krishna Das,196505.0,7860.2,1,NORMAL
2880,Udyati Venkatesh,914313.0,25504.62,3,NORMAL
2881,Nitara Hayer,484871.0,18565.73,3,NORMAL
2882,Sara Rastogi,95577.0,3823.08,1,NORMAL
2883,Hredhaan Sood,279981.0,11199.24,1,NORMAL
2884,Hemangini Oak,703123.0,28124.920000000002,2,NORMAL
2885,Logan Solanki,382379.0,15295.16,2,NORMAL
2887,Anmol Kunda,183287.0,7331.4800000000005,1,NORMAL
2888,Aarini Narang,240307.0,2757.25,2,NORMAL
2889,Warhi Sem,136008.0,5440.32,1,NORMAL
2890,Pooja Agarwal,120235.0,4809.400000000001,1,NORMAL
2893,Keya Doshi,778033.0,31121.32,2,NORMAL
2894,Gautam Barad,490647.0,4906.47,2,NORMAL
2895,Osha Kara,44251.0,1770.04,1,NORMAL
2896,Pushti Madan,281111.0,4400.27,3,NORMAL
2898,Abhimanyu Virk,1477183.0,24389.26,7,VIP
2899,Tanay Joshi,499204.0,19968.16,2,NORMAL
2900,Avi Thakur,379292.0,15171.68,1,NORMAL
2901,Niharika Sur,343558.0,3435.58,1,NORMAL
2902,Parth Saha,233418.0,9336.72,1,NORMAL
2903,Aayush Kala,1321729.0,39755.92,4,VIP
2904,Anjali Mukherjee,428251.0,17130.04,1,NORMAL
2905,Aarna Lad,790230.0,20047.05,2,NORMAL
2906,Radhika Kade,408314.0,5952.23,2,NORMAL
2907,Parth Ratti,943900.0,20454.43,4,NORMAL
2908,Vedant Deep,208587.0,8343.48,3,NORMAL
2909,Ishita Boase,262805.0,2628.05,1,NORMAL
2910,Krisha Minhas,78177.0,3127.08,1,NORMAL
2912,Sai Malhotra,333330.0,12629.400000000001,2,NORMAL
2913,Upma Pathak,158468.0,6338.72,1,NORMAL
2914,Mugdha Kashyap,268071.0,10722.84,1,NORMAL
2915,Ekbal Walia,1067985.0,31205.94,4,VIP
2916,Orinder Ben,496162.0,19846.48,1,NORMAL
2918,Benjamin Master,461924.0,18476.96,2,NORMAL
2919,Finn Bandi,1217296.0,36942.67,3,VIP
2920,Upasna Dhar,374374.0,3743.7400000000002,1,NORMAL
2922,Saumya Apte,129956.0,5198.24,2,NORMAL
2923,Bakhshi Naidu,1105170.0,22316.04,4,VIP
2924,Krishna Bhavsar,1467915.0,47497.08,5,VIP
2925,Gabriel Sheth,298677.0,2986.7700000000004,2,NORMAL
2927,Chaitanya Natt,854523.0,25491.72,3,NORMAL
2928,Onkar Sule,980776.0,19212.73,3,NORMAL
2929,Sanya D’Alia,735995.0,29439.8,2,NORMAL
2931,Zinal Mall,842547.0,15976.11,3,NORMAL
2932,Pallavi Divan,731879.0,15682.310000000001,3,NORMAL
2933,Chaitanya Sant,569143.0,5691.43,2,NORMAL
2934,Imaran Rege,361365.0,12181.17,2,NORMAL
2935,Krishna Lal,190829.0,1908.29,1,NORMAL
2936,Balveer Setty,371287.0,14851.48,1,NORMAL
2937,Veer Shan,201873.0,8074.92,1,NORMAL
2938,Jonathan Sathe,787880.0,7878.8,2,NORMAL
2939,Netra Shankar,181921.0,5884.81,2,NORMAL
2941,Shaurya Chaudhry,223507.0,8940.28,1,NORMAL
2942,Nachiket Goel,365629.0,14625.16,1,NORMAL
2943,Amol Chawla,287080.0,11483.2,1,NORMAL
2944,Neha Palan,547512.0,21900.480000000003,2,NORMAL
2945,Yashica Kant,367923.0,3679.23,1,NORMAL
2946,Zinal Seshadri,297188.0,2971.88,1,NORMAL
2947,Charan Bahri,796728.0,7967.280000000001,2,NORMAL
2948,Yasti Pingle,954124.0,20129.38,3,NORMAL
2949,Bina Chahal,661591.0,18807.52,4,NORMAL
2950,Omkaar Butala,560532.0,22421.28,2,NORMAL
2952,Rayaan Karpe,268390.0,10735.6,2,NORMAL
2953,Agastya Sachdev,71548.0,2861.92,1,NORMAL
2954,Yashoda Bahri,534432.0,21377.28,2,NORMAL
2955,Watika Sani,5409.0,216.36,1,NORMAL
2956,Raksha Bose,164632.0,6585.28,1,NORMAL
2957,Finn Yohannan,441972.0,17678.88,1,NORMAL
2958,Shivani Viswanathan,453936.0,18157.44,1,NORMAL
2959,Zarna Narang,230723.0,9228.92,1,NORMAL
2960,Urmi Narayan,775421.0,7754.210000000001,2,NORMAL
2961,Nathaniel Ganesh,364426.0,3644.26,1,NORMAL
2962,Janani Khatri,282157.0,2821.57,1,NORMAL
2963,Vritti Dhar,143243.0,1432.43,1,NORMAL
2964,Urmi Subramanian,491852.0,19674.08,1,NORMAL
2966,Yuvraj Sule,186503.0,1865.03,1,NORMAL
2967,Charita Sethi,630030.0,6300.299999999999,2,NORMAL
2968,Gautam Anne,250269.0,2502.69,1,NORMAL
2969,Dev Hans,89887.0,3595.48,1,NORMAL
2971,Anvi Natarajan,243548.0,2435.48,2,NORMAL
2972,Bishakha Puri,164261.0,6570.4400000000005,1,NORMAL
2974,Zaitra Mishra,883006.0,35320.240000000005,2,NORMAL
2978,Atharv Kadakia,218004.0,8720.16,1,NORMAL
2979,Peter Andra,447428.0,17897.12,2,NORMAL
2980,Faras Bawa,517895.0,13280.33,3,NORMAL
2981,Anirudh Handa,480328.0,11489.29,2,NORMAL
2982,Nikita Rege,55538.0,2221.52,1,NORMAL
2983,Jeet Desai,421112.0,6443.360000000001,2,NORMAL
2984,Warhi Jhaveri,268807.0,10752.28,1,NORMAL
2985,Kiaan Sahota,1219231.0,24846.79,3,VIP
2986,Liam Sani,183201.0,1832.01,1,NORMAL
2987,Anya Sengupta,497057.0,4970.57,1,NORMAL
2989,Reva Ramachandran,825662.0,30843.170000000002,3,NORMAL
2990,Jagvi Bora,557703.0,20303.55,2,NORMAL
2991,Leela Vyas,291939.0,11677.56,1,NORMAL
2992,Damini Sandal,448129.0,17017.72,2,NORMAL
2994,Ishaan Ramaswamy,133406.0,1334.06,1,NORMAL
2995,Raghav D’Alia,1163329.0,22421.050000000003,3,VIP
2996,Advay Bhandari,870897.0,34835.880000000005,2,NORMAL
2997,Raghav Khosla,157095.0,1570.95,1,NORMAL
2998,Ranveer Bhalla,1031212.0,41248.48,3,VIP
2999,Arin Bala,344665.0,6976.4800000000005,2,NORMAL
3000,Ekiya Savant,205974.0,2059.7400000000002,1,NORMAL
3003,Imaran Kunda,8555.0,342.2,1,NORMAL
3004,Lakshit Mandal,458070.0,4580.7,1,NORMAL
3006,Samuel Prabhu,389261.0,3892.61,1,NORMAL
3007,Aarna Mistry,99766.0,997.66,1,NORMAL
3008,Nakul Ganesan,850302.0,34012.08,3,NORMAL
3009,Omkaar Barad,1163875.0,46555.0,3,VIP
3011,Kala Brar,269464.0,2694.64,1,NORMAL
3012,Shaurya Mann,968493.0,15376.23,4,NORMAL
3013,Dipta Mani,604588.0,24183.52,2,NORMAL
3014,William Aurora,496448.0,19857.920000000002,1,NORMAL
3015,Charvi Narasimhan,805300.0,8053.0,2,NORMAL
3016,Alexander Kumar,22808.0,228.08,1,NORMAL
3017,Samuel Nath,168003.0,6720.12,1,NORMAL
3019,Gautami Chana,394256.0,7401.62,2,NORMAL
3020,William Mangal,32766.0,327.66,1,NORMAL
3021,Timothy Bhandari,294092.0,3461.39,2,NORMAL
3022,Ridhi Venkatesh,319158.0,3191.58,1,NORMAL
3023,Hardik Bera,265021.0,2650.21,1,NORMAL
3024,Matthew Parsa,276197.0,11047.880000000001,1,NORMAL
3025,Anusha Tiwari,541366.0,11837.320000000002,2,NORMAL
3026,Ethan Natt,502146.0,14258.4,3,NORMAL
3027,Jeevika Minhas,496700.0,4967.0,2,NORMAL
3029,Nitesh Chad,255462.0,2554.62,1,NORMAL
3030,Aarna Ramakrishnan,28724.0,1148.96,1,NORMAL
3032,Zinal Dasgupta,70467.0,2818.68,1,NORMAL
3033,Kashish Oak,147620.0,1476.2,1,NORMAL
3034,Jack Tella,28730.0,287.3,1,NORMAL
3035,Mason Chaudhari,488174.0,19526.96,1,NORMAL
3036,Ekaja Pradhan,255488.0,10219.52,1,NORMAL
3037,Alexander Rajagopal,199047.0,7961.88,1,NORMAL
3038,Wahab Dani,54333.0,543.33,1,NORMAL
3039,Gaurangi Kar,413518.0,16540.72,1,NORMAL
3040,Ojas Khatri,270077.0,10803.08,1,NORMAL
3041,Benjamin Srinivasan,691591.0,16975.0,2,NORMAL
3042,Odika Dubey,89823.0,3592.92,1,NORMAL
3043,Lohit Rattan,709368.0,28374.72,3,NORMAL
3045,Sara Ghose,82349.0,3293.96,1,NORMAL
3046,Christopher Aggarwal,681379.0,9743.08,3,NORMAL
3047,Radhika Kala,242047.0,3401.4100000000003,2,NORMAL
3048,Anita Parsa,254773.0,4739.47,3,NORMAL
3049,Ranbir Bajaj,190426.0,1904.26,1,NORMAL
3050,Jairaj Khanna,270019.0,10800.76,1,NORMAL
3051,Chavvi Nair,332207.0,13288.28,1,NORMAL
3052,Yatin Misra,545916.0,6185.610000000001,3,NORMAL
3053,Ikbal Pant,895680.0,8956.8,2,NORMAL
3054,Warda Varughese,438698.0,4386.9800000000005,1,NORMAL
3056,Dayita Kumer,547663.0,15686.8,2,NORMAL
3058,Irya Chhabra,544746.0,7889.22,2,NORMAL
3059,Charita Warrior,845426.0,13783.49,5,NORMAL
3060,Dalaja Bhatt,190649.0,7625.96,1,NORMAL
3062,Libni Pau,806375.0,32255.0,3,NORMAL
3064,Keya Guha,1298379.0,27228.99,4,VIP
3065,Xiti Palla,645238.0,7019.65,4,NORMAL
3066,Wakeeta Chaudhary,88579.0,3543.16,1,NORMAL
3067,Lohit Baria,615717.0,19340.370000000003,4,NORMAL
3069,Dipta Oommen,488377.0,4883.77,1,NORMAL
3070,Divya Ganesh,820417.0,19330.06,2,NORMAL
3072,Keya Kalla,554332.0,5543.32,2,NORMAL
3073,Meera Palan,254211.0,2542.11,1,NORMAL
3074,Abeer Dutt,1206389.0,33807.380000000005,3,VIP
3075,Chakrika Sandhu,206312.0,2063.12,1,NORMAL
3077,Frederick Din,152762.0,1527.6200000000001,1,NORMAL
3079,Peter Toor,463743.0,18549.72,1,NORMAL
3080,Pranit Oommen,204418.0,2044.18,1,NORMAL
3081,Anamika Raju,191472.0,1914.72,1,NORMAL
3082,Janani Madan,25236.0,252.36,1,NORMAL
3083,Anthony Divan,954592.0,21292.33,3,NORMAL
3084,Charvi Balasubramanian,663654.0,6636.54,3,NORMAL
3086,Sai Ahuja,212156.0,2121.56,1,NORMAL
3087,Hritik Dasgupta,684722.0,6847.22,2,NORMAL
3089,Urishilla Venkataraman,870842.0,34833.68,2,NORMAL
3090,Henry Gade,335826.0,4965.870000000001,3,NORMAL
3091,Chasmum Nagi,345492.0,3454.92,1,NORMAL
3092,Meghana Kamdar,445726.0,17829.04,2,NORMAL
3093,Daniel Singhal,1019093.0,17890.190000000002,4,VIP
3094,Darpan Thaker,164979.0,1649.79,1,NORMAL
3095,Dhruv Dutt,260673.0,10426.92,1,NORMAL
3096,Christopher Goel,322763.0,12910.52,2,NORMAL
3097,Luke Sarma,1891996.0,50221.990000000005,7,VIP
3099,Yasti Date,248615.0,2486.15,2,NORMAL
3100,Dayita Cheema,338852.0,3388.52,1,NORMAL
3101,Quincy Prashad,104438.0,4177.52,2,NORMAL
3104,Xalak Bhagat,277649.0,11105.960000000001,3,NORMAL
3105,Nachiket Biswas,765983.0,30639.32,2,NORMAL
3107,Rishi Mani,171702.0,6868.08,1,NORMAL
3108,Lekha Koshy,435758.0,17430.32,1,NORMAL
3109,Nihal Pathak,1620688.0,44799.130000000005,5,VIP
3110,Theodore Merchant,416579.0,16663.16,2,NORMAL
3111,Varenya Shan,550890.0,5508.900000000001,2,NORMAL
3112,Chakradev Bhargava,173326.0,1733.26,1,NORMAL
3113,Nathan Gole,344883.0,13795.320000000002,2,NORMAL
3115,Gaurika Bava,377432.0,3774.32,1,NORMAL
3116,Harinakshi Rama,440437.0,4404.37,1,NORMAL
3117,Owen Manda,454227.0,18169.08,1,NORMAL
3118,Brijesh Narayan,39810.0,1592.4,1,NORMAL
3119,Aachal Bumb,1034562.0,26977.38,3,VIP
3120,Chanchal Rout,444165.0,17766.600000000002,1,NORMAL
3121,Noah Chaudhuri,165068.0,1650.68,1,NORMAL
3122,Falguni Nazareth,406487.0,4064.87,1,NORMAL
3123,Isha Wali,428479.0,4284.79,1,NORMAL
3124,Triveni Mane,387872.0,15514.880000000001,1,NORMAL
3125,Bimala Devan,1197374.0,38477.240000000005,4,VIP
3128,Unni Patla,216637.0,8665.48,1,NORMAL
3129,Ikbal Chander,287522.0,11500.880000000001,1,NORMAL
3130,Prisha Nagy,480405.0,4804.05,1,NORMAL
3131,Yashoda Ramachandran,340226.0,13609.04,1,NORMAL
3133,Joshua Choudhary,341841.0,13673.64,1,NORMAL
3134,Chandresh Gandhi,231500.0,2315.0,1,NORMAL
3135,Yagnesh Dutt,137221.0,1372.21,1,NORMAL
3136,Yatan Hora,418265.0,4182.65,1,NORMAL
3137,Rudra Chaudhary,485270.0,19410.8,1,NORMAL
3139,Raagini Borah,194469.0,1944.69,1,NORMAL
3140,Aashi Singh,1508687.0,26747.18,4,VIP
3144,Fariq Manne,228042.0,2280.42,1,NORMAL
3145,Urmi Bobal,501766.0,20070.64,2,NORMAL
3146,Vasana Lala,1363039.0,41268.1,5,VIP
3149,Upkaar Kumer,334137.0,10224.57,2,NORMAL
3151,Madhavi Mistry,274778.0,2747.78,1,NORMAL
3152,Amrita Hayre,1350681.0,28448.850000000002,4,VIP
3154,Vedika Majumdar,105189.0,1051.89,1,NORMAL
3155,Damyanti Mall,355759.0,3557.59,2,NORMAL
3158,Chatura Savant,741401.0,18747.65,2,NORMAL
3159,Udarsh Rege,525053.0,15995.03,3,NORMAL
3160,Bhanumati Sinha,330898.0,13235.92,1,NORMAL
3162,Nandini Manda,106246.0,2566.48,2,NORMAL
3164,Lajita Sidhu,49303.0,493.03000000000003,1,NORMAL
3167,Ethan Aurora,909659.0,9096.59,2,NORMAL
3168,Kala Vohra,462580.0,18503.2,2,NORMAL
3171,Lohit Banerjee,300912.0,12036.48,1,NORMAL
3172,Kalpit Singhal,774448.0,7744.48,2,NORMAL
3173,Dominic Garg,201357.0,8054.28,1,NORMAL
3174,Balvan Ratta,374483.0,14979.32,2,NORMAL
3175,Faraj Tank,418010.0,10334.6,3,NORMAL
3176,Raghav Chahal,520104.0,10064.52,2,NORMAL
3177,Yashodhara Zachariah,478567.0,19142.68,1,NORMAL
3178,Yuvraj Padmanabhan,126847.0,5073.88,1,NORMAL
3181,Kritika Kala,567043.0,5670.43,2,NORMAL
3182,Anay Bala,454624.0,4546.24,1,NORMAL
3184,Chaitaly Narula,181567.0,5368.000000000001,2,NORMAL
3185,Fiyaz Ravel,1440295.0,33524.05,4,VIP
3188,Kritika Korpal,348822.0,3488.2200000000003,1,NORMAL
3189,Tara Bahri,179888.0,7195.52,1,NORMAL
3190,Laban Koshy,1037063.0,32616.110000000004,4,VIP
3191,Manya Atwal,869523.0,8695.23,2,NORMAL
3192,Bakhshi Nanda,67247.0,2689.88,1,NORMAL
3193,Sudiksha Contractor,80023.0,800.23,1,NORMAL
3194,Faraj Uppal,60688.0,606.88,1,NORMAL
3195,Triveni Chada,139661.0,5586.4400000000005,1,NORMAL
3196,Aradhana Lalla,310310.0,3103.1,1,NORMAL
3197,Chakradev Deo,879629.0,19562.57,3,NORMAL
3199,Shravya Padmanabhan,223640.0,8945.6,2,NORMAL
3200,Nicholas Chokshi,379799.0,6546.92,2,NORMAL
3201,Lopa Deshmukh,52993.0,529.9300000000001,1,NORMAL
3202,Lucky Bahri,259227.0,2592.27,1,NORMAL
3203,Neel Dalal,777615.0,31104.600000000002,3,NORMAL
3205,Siya Sathe,33627.0,336.27,1,NORMAL
3206,Siya Parikh,256538.0,2565.38,1,NORMAL
3207,Peter Dash,18028.0,721.12,1,NORMAL
3208,Champak Tiwari,275736.0,2757.36,1,NORMAL
3209,Lucky Apte,485464.0,6591.43,2,NORMAL
3210,Ekaraj Sodhi,310874.0,12434.960000000001,1,NORMAL
3211,Daksha Brar,301117.0,12044.68,1,NORMAL
3212,Jatin Natarajan,436957.0,4369.57,1,NORMAL
3213,Aarna Ramanathan,738592.0,7385.92,2,NORMAL
3216,Orinder Dasgupta,550397.0,9730.369999999999,3,NORMAL
3217,Ijaya Peri,736581.0,20944.56,2,NORMAL
3218,Saksham Nazareth,376937.0,15077.48,1,NORMAL
3219,Sudiksha Bains,92861.0,928.61,2,NORMAL
3220,Triya Wadhwa,764554.0,17747.53,2,NORMAL
3222,Onveer Grover,90352.0,903.52,1,NORMAL
3223,Gaurangi Sen,924839.0,9248.39,3,NORMAL
3224,Charita Manne,253435.0,10137.4,1,NORMAL
3225,Waida Prakash,855482.0,33742.88,3,NORMAL
3226,Chaaya Batra,32535.0,1301.4,1,NORMAL
3227,Unni Sodhi,408009.0,4080.09,1,NORMAL
3228,Robert Prabhu,328628.0,3286.28,1,NORMAL
3229,Nirja Kari,478378.0,17282.8,2,NORMAL
3230,Madhav Natt,587564.0,18536.78,2,NORMAL
3231,Osha Andra,173254.0,6930.16,1,NORMAL
3234,Neel Gole,786217.0,18814.18,2,NORMAL
3235,Ishita Mitra,496205.0,7173.11,2,NORMAL
3236,Kashish Chada,1201345.0,29800.48,4,VIP
3237,Falan Chana,779597.0,7795.970000000001,3,NORMAL
3239,Forum Natarajan,300224.0,3002.2400000000002,1,NORMAL
3240,Edhitha Atwal,153167.0,6126.68,1,NORMAL
3241,Siddharth Magar,121117.0,4844.68,2,NORMAL
3242,Zarna Vyas,33555.0,335.55,1,NORMAL
3243,Tejas Raj,41306.0,1652.24,1,NORMAL
3244,Ansh Sura,600795.0,24031.800000000003,2,NORMAL
3245,Azaan Khanna,323731.0,12691.48,2,NORMAL
3246,Harita Kothari,563913.0,11409.869999999999,2,NORMAL
3247,Daksh Mitra,29299.0,1171.96,1,NORMAL
3249,Falguni Amble,331704.0,3317.04,1,NORMAL
3250,Kritika Char,709732.0,28389.28,2,NORMAL
3252,Samaksh Kanda,419528.0,4195.28,1,NORMAL
3253,Utkarsh Dutt,458547.0,11485.320000000002,2,NORMAL
3254,Yochana Ranganathan,230497.0,2304.9700000000003,1,NORMAL
3255,Lila Prashad,317868.0,12714.720000000001,2,NORMAL
3258,Tamanna Bali,597157.0,12930.67,4,NORMAL
3259,Jai Kata,498864.0,4988.64,1,NORMAL
3260,Robert Narang,185885.0,3163.25,2,NORMAL
3261,Amrita Chad,991435.0,11411.05,5,NORMAL
3262,Prisha Borra,295832.0,11833.28,1,NORMAL
3263,Januja Khatri,198530.0,4224.77,2,NORMAL
3265,Ojas Gill,605897.0,11614.279999999999,3,NORMAL
3266,Falak Bhavsar,512515.0,13194.91,3,NORMAL
3267,Sara Sura,127162.0,5086.4800000000005,1,NORMAL
3268,Anjali Char,341059.0,13642.36,1,NORMAL
3269,Chandresh Dalal,1242926.0,25634.15,3,VIP
3272,Mason Dass,85557.0,855.57,1,NORMAL
3273,Raagini Mohan,121992.0,4879.68,1,NORMAL
3274,Jasmit Loke,493398.0,4933.9800000000005,1,NORMAL
3275,Ekalinga Verma,245277.0,9811.08,1,NORMAL
3277,Urmi Morar,210195.0,2101.95,2,NORMAL
3278,Eiravati Chaudhry,641442.0,15530.73,2,NORMAL
3279,Dipta Joshi,172680.0,1726.8000000000002,2,NORMAL
3281,Neha Sant,104103.0,4164.12,1,NORMAL
3283,Vyanjana Lal,440041.0,4400.41,1,NORMAL
3284,Ati Prabhu,627382.0,12273.97,3,NORMAL
3285,Darsh Nayar,757966.0,19909.0,2,NORMAL
3286,Rudra Peri,584633.0,21003.710000000003,3,NORMAL
3287,Riya Hari,644311.0,6443.110000000001,4,NORMAL
3288,Oliver Cherian,162522.0,3576.06,2,NORMAL
3289,Henry Taneja,1960556.0,39058.79,7,VIP
3290,Ranveer Chowdhury,504692.0,5343.59,3,NORMAL
3291,Rohan Varughese,883000.0,10698.52,4,NORMAL
3293,Viraj Ghosh,90908.0,909.08,1,NORMAL
3294,Zinal Bassi,318537.0,12741.48,1,NORMAL
3297,Chaitaly Kulkarni,594873.0,11218.62,3,NORMAL
3298,Lipika Das,132842.0,1328.42,1,NORMAL
3299,Adya Parsa,264126.0,10565.04,1,NORMAL
3300,Girish Handa,35520.0,355.2,1,NORMAL
3301,Lajita Dada,609215.0,8074.52,4,NORMAL
3304,Aadhya Pingle,479941.0,19197.64,2,NORMAL
3306,Manan Loke,240921.0,9401.64,2,NORMAL
3307,Joshua Brahmbhatt,494545.0,4945.45,1,NORMAL
3308,Gaurang Datta,287786.0,11511.44,1,NORMAL
3309,Brinda Talwar,129250.0,5170.0,1,NORMAL
3310,Ethan Nadkarni,267391.0,10695.64,1,NORMAL
3311,Warhi Viswanathan,597107.0,12965.900000000001,2,NORMAL
3312,Ranbir Doctor,774975.0,24704.190000000002,3,NORMAL
3313,Gaurang Nagar,609206.0,10223.119999999999,3,NORMAL
3315,Robert Gopal,496268.0,4962.68,1,NORMAL
3317,Nitesh Dar,15609.0,624.36,1,NORMAL
3318,Sarthak Jayaraman,156520.0,6260.8,1,NORMAL
3320,Laban Warrior,28335.0,1133.4,1,NORMAL
3321,Theodore Mody,247252.0,4004.2,3,NORMAL
3322,Faras Bhandari,256693.0,6663.4,2,NORMAL
3323,Nathaniel Batta,1224394.0,31680.13,4,VIP
3324,Abeer Dua,475377.0,4753.77,1,NORMAL
3325,Kashvi Hora,1145203.0,23049.190000000002,3,VIP
3326,Chandran Kapadia,484302.0,4843.02,1,NORMAL
3327,Jasmit Kothari,1023789.0,28038.84,3,VIP
3329,Indrajit Varty,409943.0,16397.72,1,NORMAL
3331,Ekansh Venkataraman,573195.0,5731.950000000001,2,NORMAL
3332,Pranit Kalla,745889.0,20913.53,2,NORMAL
3333,Tanay Iyer,712684.0,28507.36,3,NORMAL
3334,Sanya Edwin,628805.0,6288.05,2,NORMAL
3335,Ishita Gola,409112.0,16364.48,1,NORMAL
3336,Ekani Narain,872662.0,22522.72,2,NORMAL
3337,Jairaj Munshi,586754.0,12195.8,2,NORMAL
3339,Chaaya Gade,202935.0,8117.400000000001,1,NORMAL
3341,Balveer Pingle,445631.0,10871.09,2,NORMAL
3342,Bhavya Dube,9979.0,399.16,1,NORMAL
3343,Bhavika Dada,935478.0,11613.36,4,NORMAL
3344,Veer Chand,167897.0,6715.88,1,NORMAL
3345,Vasatika Pathak,1324614.0,13246.14,4,VIP
3346,Lekha Natarajan,764437.0,27296.590000000004,3,NORMAL
3347,Gavin Gara,1197705.0,11977.05,3,VIP
3349,Adya Prasad,595305.0,5953.05,2,NORMAL
3350,Samarth Johal,453856.0,18154.24,2,NORMAL
3351,Wahab Char,619069.0,15435.76,2,NORMAL
3352,Jatin Chander,39795.0,1591.8,1,NORMAL
3354,Gaurika Hans,1159594.0,33443.68,3,VIP
3356,Zarna Vohra,791566.0,19929.31,3,NORMAL
3357,Devika Wable,398800.0,3988.0,3,NORMAL
3358,Raghav Wali,660666.0,15320.85,2,NORMAL
3360,Anthony Kant,500349.0,8707.11,3,NORMAL
3361,Harshil Mangal,732539.0,22094.210000000003,2,NORMAL
3362,Irya Samra,426957.0,17078.28,1,NORMAL
3363,Wriddhish Tank,327670.0,3276.7000000000003,1,NORMAL
3364,Triya Jha,235862.0,9434.48,1,NORMAL
3365,Urishilla Manne,469997.0,4699.97,1,NORMAL
3367,Amruta Butala,641343.0,20306.64,2,NORMAL
3368,Anita Bal,940346.0,27498.829999999998,4,NORMAL
3369,Shaurya Agrawal,229760.0,2297.6,1,NORMAL
3370,Vritti Modi,94865.0,948.65,1,NORMAL
3374,Deepa Soman,425636.0,17025.44,1,NORMAL
3375,Eshana Lala,492872.0,19714.88,1,NORMAL
3376,Mitesh Kunda,482931.0,6936.84,2,NORMAL
3377,Hiral Raj,100917.0,4036.6800000000003,1,NORMAL
3378,Kiaan Dhar,237748.0,2377.48,1,NORMAL
3379,Benjamin Bhatia,256397.0,10255.880000000001,2,NORMAL
3380,Fariq Zacharia,203888.0,2038.88,1,NORMAL
3381,Ayushman Bhattacharyya,776270.0,16475.239999999998,2,NORMAL
3382,Bhavna Divan,812240.0,8122.4,2,NORMAL
3383,Waida Pall,121698.0,4290.599999999999,2,NORMAL
3384,Rachita Dugar,611641.0,6701.53,3,NORMAL
3387,Watika Mane,412250.0,10332.89,2,NORMAL
3388,Frado Chandra,424557.0,16982.28,1,NORMAL
3389,Laban Menon,356976.0,3569.76,1,NORMAL
3390,Ekanta Puri,63610.0,2544.4,1,NORMAL
3391,Krishna Sani,794181.0,20843.64,2,NORMAL
3392,Forum Dhillon,210824.0,8432.960000000001,1,NORMAL
3393,Geetika Banerjee,820747.0,8207.470000000001,2,NORMAL
3394,Qarin Sahni,834443.0,12159.8,3,NORMAL
3395,Aditya Shere,375070.0,10951.57,2,NORMAL
3397,Kabir Bath,814193.0,32567.72,2,NORMAL
3398,Timothy Raj,537131.0,20095.31,2,NORMAL
3401,Netra Chander,901852.0,26301.85,5,NORMAL
3403,Fariq Sen,168191.0,6727.64,1,NORMAL
3404,George Taneja,591617.0,5916.17,2,NORMAL
3405,Zinal Narang,133698.0,5347.92,1,NORMAL
3406,Isaac Mani,115042.0,1150.42,1,NORMAL
3407,Barkha Chaudhari,426665.0,17066.6,2,NORMAL
3408,Amruta Chaudry,818813.0,21842.09,3,NORMAL
3409,Logan Kumer,1372030.0,26316.91,5,VIP
3410,Lipika Khurana,148785.0,1487.8500000000001,1,NORMAL
3411,David Ramanathan,566145.0,22645.8,2,NORMAL
3412,Madhavi Issac,944658.0,37786.32,3,NORMAL
3413,Vasana Pillai,277570.0,11102.8,2,NORMAL
3414,Samuel Bhakta,715399.0,28615.96,2,NORMAL
3415,Michael Gandhi,787531.0,21085.33,3,NORMAL
3417,Yachana Dash,308154.0,12326.16,1,NORMAL
3418,Rachita Sethi,442223.0,12743.36,3,NORMAL
3419,Eesha Banik,384532.0,15381.28,1,NORMAL
3420,Ijaya Parekh,73523.0,2940.92,1,NORMAL
3421,Mitesh Nazareth,114433.0,1144.33,1,NORMAL
3424,Orinder Dora,432407.0,4324.07,2,NORMAL
3426,Ekiya Das,259562.0,2595.62,1,NORMAL
3427,Bakhshi Mangal,944002.0,37760.08,3,NORMAL
3428,Tarak Rout,209334.0,8373.36,1,NORMAL
3429,Hitesh Comar,158560.0,1585.6000000000001,1,NORMAL
3430,Daniel Viswanathan,457438.0,18297.52,1,NORMAL
3431,Karan Saraf,433972.0,13113.91,2,NORMAL
3432,Timothy Singhal,522112.0,20884.48,2,NORMAL
3433,Ekansh Ganguly,253695.0,2536.9500000000003,1,NORMAL
3434,Warjas Gupta,354365.0,3543.6499999999996,2,NORMAL
3436,Chanakya Kadakia,97923.0,979.23,1,NORMAL
3437,Zaid Sankar,186835.0,7473.400000000001,1,NORMAL
3438,Yadavi Wali,321705.0,3217.05,2,NORMAL
3439,Vasatika Chander,150253.0,1502.53,1,NORMAL
3440,Vanya Raman,653766.0,26150.64,2,NORMAL
3441,Anika Krishnamurthy,544363.0,13576.480000000001,2,NORMAL
3442,Gauri Tata,286283.0,2862.83,1,NORMAL
3444,Amol Bansal,738526.0,26632.33,4,NORMAL
3445,Arya Hans,403414.0,16136.56,1,NORMAL
3446,Nakul Bassi,180148.0,7205.92,1,NORMAL
3449,Jacob Saraf,753287.0,15036.62,3,NORMAL
3450,Yash Mane,97295.0,972.95,1,NORMAL
3452,Hema Kashyap,363736.0,3637.36,1,NORMAL
3456,Rajata Mishra,568491.0,5684.91,3,NORMAL
3457,Wriddhish Sharaf,255087.0,10203.48,1,NORMAL
3459,Mahika Jain,429691.0,4296.91,1,NORMAL
3460,Wyatt Bir,255481.0,10219.24,1,NORMAL
3461,Dhriti Buch,353550.0,9185.07,2,NORMAL
3462,Neel Nadkarni,850499.0,23554.82,3,NORMAL
3463,Vedant Raja,962461.0,9624.61,3,NORMAL
3464,Jackson Ganesan,214385.0,5632.7,2,NORMAL
3465,Lila More,318168.0,3181.6800000000003,1,NORMAL
3467,Darika Rajagopalan,304249.0,12169.960000000001,2,NORMAL
3468,Sneha Nair,220508.0,2205.08,2,NORMAL
3469,Tara Ahuja,702503.0,28100.120000000003,2,NORMAL
3470,Ati Ratti,385624.0,15424.960000000001,1,NORMAL
3471,Adweta Ramanathan,583583.0,5835.830000000001,2,NORMAL
3472,Neha Dar,334589.0,13383.56,1,NORMAL
3473,Yashasvi Murty,289954.0,2899.54,1,NORMAL
3474,Keya Wable,536936.0,5369.360000000001,2,NORMAL
3475,Tamanna Kumer,525607.0,14371.18,2,NORMAL
3476,Reyansh Gola,159087.0,1590.8700000000001,1,NORMAL
3479,Zehaan Patla,249065.0,9962.6,1,NORMAL
3480,Hiral Vora,533551.0,7246.75,2,NORMAL
3481,Riya Tak,636305.0,16553.84,2,NORMAL
3483,Nidhi Taneja,178888.0,1788.88,1,NORMAL
3484,Veer Thaman,78773.0,787.73,1,NORMAL
3485,Aadi Srinivasan,705427.0,18968.08,2,NORMAL
3487,Frederick Mander,821672.0,20763.5,2,NORMAL
3489,Sneha Sehgal,17983.0,719.32,1,NORMAL
3490,Vinaya Dugar,1067374.0,30360.670000000002,4,VIP
3491,Bahadurjit Chada,594925.0,22773.46,3,NORMAL
3492,Vasatika Mangal,46442.0,464.42,1,NORMAL
3493,Wyatt Chana,686818.0,27472.72,2,NORMAL
3494,Varenya Dewan,801524.0,23012.18,2,NORMAL
3496,Ekavir Aurora,684076.0,14124.939999999999,2,NORMAL
3497,Yash Uppal,462312.0,7409.91,2,NORMAL
3499,Ekavir Tata,499510.0,19980.4,1,NORMAL
3500,Vasatika Aggarwal,187342.0,1873.42,1,NORMAL
3501,Akshay Munshi,440966.0,4409.66,1,NORMAL
3502,Amara Modi,357112.0,3571.12,1,NORMAL
3503,Aarna Chatterjee,421338.0,12830.43,2,NORMAL
3504,Dev Garde,389792.0,15591.68,2,NORMAL
3505,Quincy Kapoor,375961.0,15038.44,1,NORMAL
3506,Om Sama,522641.0,18575.84,4,NORMAL
3507,Raagini Baral,743529.0,29741.160000000003,2,NORMAL
3508,Bimala Setty,620991.0,20943.9,3,NORMAL
3509,Qadim Dua,385327.0,12479.470000000001,2,NORMAL
3510,Ayushman Merchant,716975.0,19402.19,3,NORMAL
3511,Ijaya Bhakta,307879.0,3078.79,2,NORMAL
3512,Umang Sabharwal,401256.0,15737.25,2,NORMAL
3514,Charita Gera,725350.0,7253.5,2,NORMAL
3515,Yashawini Nori,379324.0,5914.39,2,NORMAL
3517,Aditya Bhargava,641151.0,6411.51,2,NORMAL
3518,Aryan Mohan,1055557.0,27902.08,5,VIP
3519,Alexander Pant,339829.0,3398.29,1,NORMAL
3520,Arunima Vohra,203769.0,2723.07,2,NORMAL
3521,Yatin Thakur,321811.0,3218.11,2,NORMAL
3522,Patrick Goel,1082326.0,22176.760000000002,3,VIP
3523,Wriddhish Ganesan,398811.0,3988.11,1,NORMAL
3524,Janya Kulkarni,784968.0,20684.370000000003,2,NORMAL
3525,Warinder Mangat,60674.0,606.74,1,NORMAL
3526,Gopal Hayer,141925.0,5677.0,1,NORMAL
3527,Vansha Koshy,33334.0,1333.3600000000001,1,NORMAL
3529,Teerth Nagi,688882.0,18704.59,2,NORMAL
3530,Kavya Nagi,129146.0,4424.09,2,NORMAL
3531,Reyansh Jaggi,760614.0,30424.56,2,NORMAL
3532,Amol Pillay,939043.0,33030.04,3,NORMAL
3534,Eesha Raman,376016.0,3760.16,1,NORMAL
3535,Ishaan Badami,519817.0,5198.17,2,NORMAL
3537,Reyansh Rajagopalan,205052.0,4488.68,2,NORMAL
3538,Gabriel Mand,150107.0,1501.07,1,NORMAL
3539,George Rout,523718.0,5237.18,2,NORMAL
3540,Lila Sachdeva,153777.0,6151.08,1,NORMAL
3541,Damini Bhardwaj,236908.0,2369.08,1,NORMAL
3542,Hiral Khare,177817.0,1778.17,1,NORMAL
3543,Xalak Chakrabarti,230278.0,2302.78,1,NORMAL
3544,Warjas Jaggi,474872.0,18994.88,1,NORMAL
3545,Anusha Bumb,391494.0,15659.76,1,NORMAL
3546,Mohammed Chaudhuri,45214.0,1808.56,1,NORMAL
3547,Januja Dua,778749.0,17056.38,3,NORMAL
3549,Pushti Datta,923706.0,22576.05,3,NORMAL
3550,Eesha Swaminathan,1199429.0,47977.16,3,VIP
3551,Parth Gour,481215.0,19248.600000000002,1,NORMAL
3552,Dev Bhavsar,249613.0,2496.13,1,NORMAL
3553,Zinal Bava,93646.0,936.46,1,NORMAL
3554,Laksh Khosla,213478.0,2134.78,1,NORMAL
3555,Zansi Anne,486454.0,14576.77,2,NORMAL
3556,Maya Narain,479271.0,13459.439999999999,2,NORMAL
3558,Charan Divan,915864.0,9158.64,3,NORMAL
3560,Harish Cherian,43211.0,432.11,1,NORMAL
3561,Tanish Mukhopadhyay,333101.0,13324.04,1,NORMAL
3562,Veda Ghosh,317574.0,3175.7400000000002,1,NORMAL
3563,Niharika Wali,808210.0,20926.510000000002,2,NORMAL
3564,Vidhi Kala,581083.0,7477.15,3,NORMAL
3566,Vamakshi Taneja,531575.0,21263.0,2,NORMAL
3567,Pooja Ravi,930302.0,22022.87,3,NORMAL
3568,Ijaya Sagar,451608.0,8718.54,2,NORMAL
3569,Timothy Deep,829198.0,33167.92,3,NORMAL
3570,Udyati Sanghvi,1243846.0,25995.55,4,VIP
3571,Chatura Parsa,815034.0,15601.2,4,NORMAL
3572,Darika Buch,116489.0,1164.89,2,NORMAL
3573,Tarak Puri,687093.0,18859.68,2,NORMAL
3574,Reyansh Mand,504232.0,20169.280000000002,2,NORMAL
3575,Girish Sura,1332181.0,13321.81,3,VIP
3576,Bhavani Khalsa,1014188.0,25009.31,5,VIP
3577,Vedika Mohan,1552939.0,31201.75,5,VIP
3578,Devansh Sundaram,417687.0,16707.48,3,NORMAL
3579,Madhavi Bhakta,70974.0,2838.96,1,NORMAL
3581,Abhimanyu Bandi,49326.0,493.26,1,NORMAL
3582,Omaja Cherian,1067182.0,28209.07,3,VIP
3583,Vanya Lad,838509.0,22930.29,2,NORMAL
3584,Samaksh Dhar,297128.0,11320.52,2,NORMAL
3585,Forum Merchant,366464.0,14658.56,1,NORMAL
3586,Indrajit Goyal,496012.0,19840.48,1,NORMAL
3587,Wakeeta Kala,244317.0,2443.17,1,NORMAL
3589,Vrinda Gulati,1360402.0,42586.09,4,VIP
3591,Kamya Gara,296446.0,2964.46,1,NORMAL
3593,Turvi Khurana,132855.0,5314.2,2,NORMAL
3594,Lila Dua,378448.0,3784.48,1,NORMAL
3595,Rishi Walla,597340.0,12638.11,3,NORMAL
3596,Aishani Bajwa,359515.0,14380.599999999999,2,NORMAL
3597,Alka Sodhi,361934.0,3619.34,2,NORMAL
3598,Gautam Chatterjee,553839.0,18051.960000000003,2,NORMAL
3599,Orinder Sha,120855.0,1208.55,1,NORMAL
3600,Viraj Jani,104827.0,4193.08,1,NORMAL
3601,Balendra Morar,486059.0,6049.910000000001,2,NORMAL
3602,Lekha Morar,24968.0,249.68,1,NORMAL
3603,Kashvi Hans,93842.0,938.4200000000001,1,NORMAL
3604,Xalak Mody,464011.0,4640.11,1,NORMAL
3606,Ethan Baral,1337716.0,16137.220000000001,5,VIP
3610,Deepa Kakar,500028.0,5000.280000000001,2,NORMAL
3611,Hritik Khalsa,360625.0,3606.25,1,NORMAL
3612,Finn Taneja,481233.0,4812.33,1,NORMAL
3613,Leela Sha,161776.0,1617.76,1,NORMAL
3615,Wahab Kalla,288833.0,11553.32,1,NORMAL
3618,Vasana Nagar,707837.0,7078.37,3,NORMAL
3620,Watika Naik,455720.0,7053.200000000001,2,NORMAL
3621,Veda Gala,106047.0,1060.47,1,NORMAL
3622,Triveni Buch,35743.0,665.86,2,NORMAL
3623,Zayan Goyal,671491.0,6714.91,2,NORMAL
3624,Upma Parikh,714352.0,20422.03,3,NORMAL
3625,Aadi Prabhakar,591419.0,23656.760000000002,2,NORMAL
3626,Jyoti Dhaliwal,401391.0,4013.9100000000003,1,NORMAL
3627,Farhan Reddy,961204.0,31471.0,4,NORMAL
3629,Indrajit Dhar,405383.0,16215.320000000002,2,NORMAL
3631,Gaurang Ram,1276239.0,25345.260000000002,4,VIP
3632,Tanvi Swaminathan,5658.0,226.32,1,NORMAL
3634,Ikbal Varghese,807608.0,8076.08,2,NORMAL
3635,Chanakya Raval,211962.0,2119.62,1,NORMAL
3636,Gautami Puri,434110.0,4341.1,2,NORMAL
3637,Turvi Varty,957007.0,26387.53,4,NORMAL
3638,Maanas Karan,542215.0,17823.22,3,NORMAL
3640,Darpan Acharya,114811.0,3980.6200000000003,2,NORMAL
3642,Warinder Kalita,165132.0,1651.32,1,NORMAL
3643,Kalpit Misra,932404.0,20721.64,4,NORMAL
3645,Idika Shere,678087.0,20393.100000000002,3,NORMAL
3646,Hema Kala,750574.0,7505.74,3,NORMAL
3647,Praneel Bhasin,41689.0,1268.8600000000001,2,NORMAL
3648,Mohammed Iyer,474683.0,4746.83,1,NORMAL
3649,Noah Pandya,85401.0,3416.04,1,NORMAL
3650,Vihaan Dar,755133.0,30205.32,3,NORMAL
3651,Ekalinga Sandal,331607.0,13264.28,1,NORMAL
3653,Vrishti Kota,698586.0,12647.49,4,NORMAL
3654,Vidhi Borah,455347.0,9849.07,2,NORMAL
3655,Megha Parmer,44841.0,448.41,1,NORMAL
3656,Ganga Gour,442173.0,4421.7300000000005,1,NORMAL
3657,Thomas Sarkar,497377.0,19895.08,1,NORMAL
3658,Hemangini Grewal,648856.0,17277.94,3,NORMAL
3659,Alexander Bedi,1653456.0,41669.130000000005,6,VIP
3662,Udarsh Thakkar,483471.0,8139.93,3,NORMAL
3663,Lucky Johal,185910.0,7436.400000000001,1,NORMAL
3664,Orinder Patla,377215.0,3772.15,2,NORMAL
3665,Divya Manda,275048.0,2750.48,1,NORMAL
3667,Forum Verma,461741.0,18469.64,1,NORMAL
3668,Vrishti Mallick,253123.0,2531.23,1,NORMAL
3669,Eshana Dasgupta,196278.0,2831.4,2,NORMAL
3670,Abhiram Naik,531990.0,21279.6,3,NORMAL
3671,Neha Khalsa,278701.0,2787.01,1,NORMAL
3672,Kala Verma,811933.0,16333.06,3,NORMAL
3673,Zansi Chand,388620.0,11934.720000000001,2,NORMAL
3674,Chaitanya Mander,440549.0,17621.96,1,NORMAL
3675,Bakhshi Karnik,329881.0,13195.24,2,NORMAL
3676,Unnati Sachar,338954.0,6203.27,2,NORMAL
3677,Falak Saini,84239.0,842.39,1,NORMAL
3678,Janani Rastogi,400435.0,16017.4,2,NORMAL
3679,Zaid Pathak,592352.0,23694.08,3,NORMAL
3680,Janaki Gola,330542.0,13221.68,2,NORMAL
3681,Balhaar Walia,382014.0,3820.14,1,NORMAL
3682,Eta Khanna,224954.0,4564.76,2,NORMAL
3683,Nikita Babu,402971.0,14023.58,2,NORMAL
3684,Triya Dey,650583.0,20908.23,3,NORMAL
3685,Darpan Hegde,1164682.0,35372.05,3,VIP
3686,Yachana Krishna,51974.0,2078.96,1,NORMAL
3687,Ojas Palan,273405.0,10936.2,1,NORMAL
3689,Dayamai Gaba,663480.0,12731.4,3,NORMAL
3690,Oviya Sura,798802.0,19194.85,2,NORMAL
3691,Maanas Rastogi,154968.0,6198.72,1,NORMAL
3692,Gaurika Mangat,568703.0,5687.03,2,NORMAL
3693,Vasudha Samra,112978.0,4519.12,1,NORMAL
3694,Jacob Balay,41250.0,412.5,1,NORMAL
3695,Yash Pal,827313.0,8273.130000000001,2,NORMAL
3697,Fariq Mukhopadhyay,47260.0,472.6,1,NORMAL
3698,Aishani Khalsa,713638.0,27347.5,3,NORMAL
3699,Ansh Dube,309249.0,3092.4900000000002,1,NORMAL
3701,Chatura Prabhakar,695248.0,6952.4800000000005,3,NORMAL
3702,William Krishnamurthy,220595.0,2205.95,2,NORMAL
3703,Meera Hari,420604.0,14386.12,2,NORMAL
3706,Jack Mandal,509063.0,19332.41,2,NORMAL
3707,Benjamin Nadkarni,220961.0,8838.44,1,NORMAL
3708,Yashoda Singhal,922425.0,30620.97,5,NORMAL
3711,Qasim Kanda,262381.0,10495.24,1,NORMAL
3712,Yashvi Krish,575441.0,11691.050000000001,3,NORMAL
3713,Jack Puri,530080.0,17242.18,2,NORMAL
3714,Finn Som,159989.0,6399.56,1,NORMAL
3716,Hemal Chander,418476.0,6151.68,3,NORMAL
3717,Fiyaz Goswami,437803.0,17512.12,1,NORMAL
3718,Samesh Gole,99310.0,3972.4,1,NORMAL
3720,Kiaan Nagi,355914.0,12459.36,2,NORMAL
3721,Hitesh Parekh,206910.0,8276.4,1,NORMAL
3722,Jasmit Banik,458880.0,18355.2,2,NORMAL
3724,Pushti Bhasin,1193148.0,18564.48,5,VIP
3725,Ekaraj Thakur,496149.0,4961.49,1,NORMAL
3729,Dakshesh Dada,512548.0,10592.41,2,NORMAL
3732,Nandini Pillai,107706.0,1077.06,1,NORMAL
3734,Tanay Mandal,906930.0,10598.22,5,NORMAL
3735,Shivansh Anne,97464.0,2470.29,2,NORMAL
3736,Rachana Doshi,467014.0,4670.14,1,NORMAL
3737,Dalbir Dayal,326618.0,13064.720000000001,1,NORMAL
3738,Diya Palan,605385.0,24215.399999999998,2,NORMAL
3739,Anjali Dass,1244834.0,23666.6,3,VIP
3740,Charan Joshi,428381.0,4283.81,1,NORMAL
3742,Rachana Anne,228426.0,4748.610000000001,2,NORMAL
3744,Dalaja Bhatnagar,273700.0,2737.0,1,NORMAL
3745,Akshay Chander,1051210.0,30636.850000000002,4,VIP
3746,Wridesh Choudhary,369028.0,14761.12,1,NORMAL
3747,Bachittar Mani,607865.0,13934.27,2,NORMAL
3748,Faris Sehgal,622844.0,12527.09,2,NORMAL
3749,Gayathri Mangat,71981.0,2142.74,2,NORMAL
3750,Wishi Vig,305692.0,10311.97,2,NORMAL
3751,Bishakha Srivastava,395828.0,15833.12,1,NORMAL
3752,Hritik Karpe,387645.0,7716.99,2,NORMAL
3754,Rajata Mand,1288757.0,28397.510000000002,4,VIP
3755,Sara Bahl,831271.0,33250.84,2,NORMAL
3756,Sudiksha Narasimhan,152967.0,1529.67,1,NORMAL
3758,Ojas Bhargava,86671.0,866.71,2,NORMAL
3760,Victor Salvi,587974.0,9053.560000000001,3,NORMAL
3761,Harshil Trivedi,832018.0,8713.630000000001,3,NORMAL
3762,Yahvi Lad,1061564.0,10615.64,3,VIP
3764,Jeet Raj,110893.0,4435.72,1,NORMAL
3765,Anay Agrawal,135250.0,5410.0,1,NORMAL
3766,Ojas Butala,165916.0,1659.1599999999999,2,NORMAL
3768,Vansha Sampath,552020.0,19749.620000000003,2,NORMAL
3769,Sneha Chandran,877545.0,20335.559999999998,4,NORMAL
3770,Rehaan Zachariah,451936.0,18077.44,1,NORMAL
3771,Hiral Chakraborty,637249.0,6372.49,2,NORMAL
3773,Andrew Goda,496463.0,19858.52,1,NORMAL
3774,Avi Mann,25398.0,1015.9200000000001,1,NORMAL
3775,Maanas Sidhu,478619.0,19144.76,2,NORMAL
3776,Riya Iyer,18101.0,181.01,1,NORMAL
3778,Samar Shenoy,143154.0,5726.16,3,NORMAL
3779,Fiyaz Patla,208656.0,2086.56,1,NORMAL
3780,Azaan Kamdar,899348.0,21325.82,4,NORMAL
3781,Eesha Dhillon,253302.0,10132.08,1,NORMAL
3782,Ucchal Rajagopal,275779.0,11031.16,1,NORMAL
3783,Adweta Gala,528940.0,21157.6,2,NORMAL
3784,Diya Gaba,562541.0,18877.04,2,NORMAL
3785,Vrinda Kanda,785358.0,21112.68,2,NORMAL
3786,Jeevika Amble,1038760.0,17108.32,6,VIP
3787,Riya Rajagopal,837029.0,33481.16,2,NORMAL
3788,Maanas Lanka,812346.0,8123.46,2,NORMAL
3789,Jai Memon,261587.0,10463.48,1,NORMAL
3790,Yash Sharma,800452.0,32018.08,3,NORMAL
3791,Vrishti Ranganathan,313645.0,3136.4500000000003,1,NORMAL
3793,Damyanti Oak,185459.0,1854.5900000000001,1,NORMAL
3794,Wyatt Kalita,374637.0,3746.37,1,NORMAL
3795,Patrick Batra,679099.0,15104.56,3,NORMAL
3796,Veer Mishra,576971.0,23078.84,2,NORMAL
3797,Tara Goda,176801.0,7072.04,1,NORMAL
3798,Unnati Bassi,399984.0,3999.84,1,NORMAL
3800,Ethan Yadav,217791.0,5107.65,2,NORMAL
3804,Ucchal Rai,693880.0,20436.100000000002,2,NORMAL
3805,Megha Pillay,194317.0,7772.68,1,NORMAL
3807,Omisha Kalita,623700.0,20737.050000000003,2,NORMAL
3809,Vritti Kumar,580774.0,18746.71,3,NORMAL
3810,Patrick Sarraf,242714.0,2706.2,3,NORMAL
3811,Farhan Goel,497831.0,19913.24,2,NORMAL
3815,Xalak Rege,793620.0,21725.309999999998,3,NORMAL
3817,Damyanti Pathak,6870.0,68.7,1,NORMAL
3818,Faras Issac,163473.0,6538.92,1,NORMAL
3819,Meera Manne,794357.0,7943.570000000001,3,NORMAL
3821,Varenya Desai,772043.0,30881.72,2,NORMAL
3823,Nandini Bhardwaj,88514.0,3540.56,1,NORMAL
3824,Janaki Chandran,654445.0,6544.450000000001,2,NORMAL
3825,Mugdha Kala,297985.0,11919.400000000001,2,NORMAL
3826,Yoshita Modi,213475.0,2134.75,1,NORMAL
3828,Kamala Mann,401493.0,4014.9300000000003,1,NORMAL
3829,Ati Kale,335225.0,13409.0,2,NORMAL
3830,Riya Shan,360394.0,14415.76,1,NORMAL
3831,Tejas Apte,666132.0,18489.57,3,NORMAL
3832,Upma Patla,785624.0,20749.670000000002,3,NORMAL
3833,Bahadurjit Murthy,264418.0,10576.72,1,NORMAL
3835,William Bajaj,467470.0,17388.58,2,NORMAL
3836,Pavani Ravi,297856.0,2978.56,1,NORMAL
3837,Ekaja Kanda,623737.0,10990.36,2,NORMAL
3838,Arjun Jha,781633.0,7816.33,3,NORMAL
3839,Adya Hans,9002.0,360.08,1,NORMAL
3841,Andrew Kala,476843.0,9531.380000000001,2,NORMAL
3843,Vasatika Dube,448525.0,4485.25,1,NORMAL
3845,Zaid Bhargava,415160.0,16606.4,1,NORMAL
3848,Yashica Halder,446431.0,4464.31,1,NORMAL
3849,Nakul Hari,702555.0,20069.49,2,NORMAL
3850,Qushi Bhandari,101694.0,1016.94,1,NORMAL
3851,Laban Dasgupta,1671489.0,28661.309999999998,4,VIP
3852,Jatin Sabharwal,268159.0,10726.36,1,NORMAL
3853,Udarsh Sachdeva,784943.0,25864.879999999997,3,NORMAL
3854,Lucky Khurana,633127.0,8955.58,3,NORMAL
3856,Urmi Chandran,535666.0,15975.37,2,NORMAL
3857,Patrick Dyal,652276.0,6522.76,2,NORMAL
3858,Samaksh Rege,491124.0,19644.96,1,NORMAL
3859,Manan Sethi,509919.0,5099.1900000000005,2,NORMAL
3860,Bhanumati Gala,1131045.0,19555.86,3,VIP
3861,Aahana Gupta,272096.0,2720.96,1,NORMAL
3862,Ishani Sen,582065.0,5820.65,3,NORMAL
3863,Pushti Bumb,458260.0,4582.6,1,NORMAL
3864,Urmi Manne,243714.0,2437.14,1,NORMAL
3865,Zayyan Kapoor,828869.0,8288.69,2,NORMAL
3866,Samesh Rajan,905024.0,9050.24,2,NORMAL
3867,Pavani Dada,87754.0,877.54,1,NORMAL
3870,Nirja Ravi,349439.0,13977.56,1,NORMAL
3872,Jeremiah Aurora,582315.0,11444.880000000001,4,NORMAL
3873,Sathvik Choudhary,67931.0,2717.2400000000002,1,NORMAL
3875,Noah Khanna,639774.0,25590.96,2,NORMAL
3876,Udarsh Nath,944693.0,9746.060000000001,3,NORMAL
3878,Daksha Gala,993458.0,26893.49,4,NORMAL
3880,Qadim Padmanabhan,624023.0,23020.67,3,NORMAL
3882,Zehaan Ahluwalia,461007.0,8835.029999999999,2,NORMAL
3883,Nitara Goel,355057.0,3550.57,1,NORMAL
3884,Anya Khosla,199420.0,1994.2,1,NORMAL
3886,Ucchal Sodhi,1084280.0,34346.51,3,VIP
3887,Noah Buch,253019.0,2530.19,1,NORMAL
3888,Chaaya Narayan,989389.0,34540.12,3,NORMAL
3889,Veda Hayer,268416.0,2684.16,1,NORMAL
3890,Kamya Rege,782055.0,18479.7,2,NORMAL
3891,Faraj Jayaraman,329508.0,13180.32,1,NORMAL
3892,Chatresh Kaur,659692.0,17518.989999999998,3,NORMAL
3895,Yash Balasubramanian,265940.0,2659.4,1,NORMAL
3896,Max Agate,731010.0,7310.1,3,NORMAL
3897,Urmi Subramanian,787306.0,14346.28,3,NORMAL
3898,Liam Dewan,155160.0,1551.6000000000001,1,NORMAL
3899,Viraj Gandhi,394386.0,3943.86,2,NORMAL
3900,Harita Jain,158155.0,1581.5500000000002,2,NORMAL
3901,Yahvi Comar,1063479.0,30708.45,4,VIP
3904,Onveer Buch,727808.0,23639.24,3,NORMAL
3906,Gunbir Baria,224571.0,8982.84,1,NORMAL
3907,Sai Lala,1290499.0,37914.97,4,VIP
3908,Rishi Gulati,304681.0,12187.24,1,NORMAL
3909,Xalak Behl,51296.0,2051.84,1,NORMAL
3911,Saanvi Chokshi,439829.0,4398.29,1,NORMAL
3912,Ethan Manne,253398.0,10135.92,1,NORMAL
3914,Arya Chaudhary,966461.0,15330.29,4,NORMAL
3915,Advik Pathak,272359.0,2723.59,1,NORMAL
3916,Riya Vohra,289890.0,11595.6,1,NORMAL
3917,Krishna Sani,818284.0,26150.260000000002,3,NORMAL
3919,Kashvi Bath,497929.0,4979.29,1,NORMAL
3920,William Viswanathan,208470.0,8338.8,1,NORMAL
3921,Jeevika Sem,722303.0,24950.510000000002,4,NORMAL
3922,Harita Rana,1005711.0,18826.65,4,VIP
3924,Widisha Das,122279.0,4891.16,2,NORMAL
3926,Netra Subramanian,627434.0,6274.34,2,NORMAL
3927,Tristan Ranganathan,713136.0,7131.360000000001,2,NORMAL
3929,Peter Sawhney,440319.0,14339.28,2,NORMAL
3930,Oni Khanna,1007131.0,27972.58,3,VIP
3931,Hiral Maharaj,270801.0,10832.04,1,NORMAL
3933,Abhiram Saxena,191228.0,7649.12,1,NORMAL
3934,Zarna Kamdar,554995.0,22199.8,2,NORMAL
3935,Siya Gupta,299596.0,11983.84,1,NORMAL
3936,Kala Sami,166085.0,6643.4,2,NORMAL
3937,Watika Bal,1014159.0,40566.36,3,VIP
3939,Indrajit Maharaj,564794.0,17733.38,2,NORMAL
3941,Gayathri Sankaran,25607.0,1024.28,1,NORMAL
3943,Siddharth Aggarwal,479887.0,14021.59,2,NORMAL
3945,Vrishti Chander,100512.0,1005.12,1,NORMAL
3946,Bahadurjit Bassi,531988.0,5319.88,2,NORMAL
3947,Dhruv Gole,540664.0,5406.639999999999,3,NORMAL
3948,Harini Deshmukh,392270.0,3922.7000000000003,1,NORMAL
3950,Amara Raghavan,341577.0,13663.08,1,NORMAL
3951,Falak Merchant,436526.0,4365.26,1,NORMAL
3952,Anusha Chopra,34010.0,340.1,1,NORMAL
3953,Vincent Rajagopalan,305899.0,12235.960000000001,1,NORMAL
3954,Laban Chowdhury,306437.0,3064.37,1,NORMAL
3955,Gopal Krishna,378829.0,15153.16,2,NORMAL
3956,Jasmit Vohra,489656.0,4896.56,1,NORMAL
3957,Dayamai Sabharwal,568627.0,22745.08,3,NORMAL
3959,Hardik Chakrabarti,398263.0,15930.52,2,NORMAL
3960,Ojasvi Basu,420929.0,4209.29,1,NORMAL
3961,Owen Cherian,576588.0,5765.88,2,NORMAL
3962,Fariq Gola,390455.0,15618.2,2,NORMAL
3963,Suhani Kara,422437.0,15663.039999999999,2,NORMAL
3964,Hritik Chacko,1079648.0,20953.73,4,VIP
3967,Forum Bhattacharyya,16814.0,168.14000000000001,1,NORMAL
3969,Meera Sarkar,506337.0,5824.08,2,NORMAL
3971,Brinda Rout,912064.0,36482.56,2,NORMAL
3972,Guneet Menon,378447.0,7926.33,2,NORMAL
3973,Janaki Banik,367771.0,3677.71,2,NORMAL
3974,Amaira Kadakia,277786.0,11111.44,1,NORMAL
3975,Bachittar Chaudhari,1700897.0,29408.69,4,VIP
3976,Om Tripathi,399610.0,13814.02,2,NORMAL
3977,Gaurav Mitra,588771.0,23550.839999999997,3,NORMAL
3978,Chandran Mittal,492874.0,15850.539999999999,2,NORMAL
3979,Bhavna Pandya,998329.0,23350.840000000004,4,NORMAL
3980,Damini Kakar,83981.0,3359.2400000000002,1,NORMAL
3981,Azaan Amble,536839.0,21473.56,2,NORMAL
3982,Isaac Pandya,394665.0,14174.04,3,NORMAL
3983,Faqid Wable,460158.0,4601.58,1,NORMAL
3984,Pratyush Sandhu,1433804.0,33226.43,4,VIP
3986,Ekani Ahluwalia,361618.0,3616.1800000000003,1,NORMAL
3988,Xiti Raja,166577.0,1665.77,1,NORMAL
3990,Eshana Bal,338961.0,3389.61,1,NORMAL
3991,Manthan Nagy,449433.0,17977.32,1,NORMAL
3992,Janaki Rajagopalan,14434.0,577.36,1,NORMAL
3993,Zayan Ramaswamy,670391.0,9182.57,3,NORMAL
3994,Nitesh Bose,407389.0,4073.89,1,NORMAL
3995,Isha Shroff,606633.0,24265.32,2,NORMAL
3997,Jatin Bali,250405.0,2504.05,2,NORMAL
3998,Girish Kanda,189566.0,1895.66,1,NORMAL
3999,Yoshita Rajan,270520.0,10820.800000000001,1,NORMAL
4000,Mekhala Jhaveri,614958.0,20446.890000000003,2,NORMAL
4001,Aradhana Mane,617391.0,19425.600000000002,2,NORMAL
4003,Oliver More,656798.0,26271.920000000002,2,NORMAL
4004,Hemani Mammen,456053.0,4560.53,2,NORMAL
4005,Hitesh Sankar,56703.0,567.03,1,NORMAL
4006,Ekaraj Dugar,236545.0,2365.4500000000003,1,NORMAL
4007,Prisha Sathe,359408.0,10239.95,2,NORMAL
4008,Ekaraj Ghosh,282631.0,2826.31,1,NORMAL
4009,Jeet Pillai,405684.0,16227.36,1,NORMAL
4010,Divya Ram,566856.0,9890.04,3,NORMAL
4012,Baljiwan Apte,979189.0,30480.85,3,NORMAL
4013,Yashawini Manne,219155.0,2191.55,1,NORMAL
4014,Urishilla Khare,35007.0,1400.28,1,NORMAL
4015,Libni Mittal,199582.0,1995.82,1,NORMAL
4016,Hamsini Ray,812824.0,19100.59,3,NORMAL
4017,Kashvi Nayak,204914.0,2049.14,1,NORMAL
4018,Bahadurjit Golla,19220.0,192.20000000000002,1,NORMAL
4022,Samarth Char,417789.0,4177.889999999999,2,NORMAL
4023,Bhavya Chauhan,611477.0,9441.59,4,NORMAL
4025,Yachana Konda,393042.0,3930.42,1,NORMAL
4026,Chandani Memon,1249516.0,26135.980000000003,3,VIP
4027,Indrajit Vaidya,618444.0,16610.730000000003,3,NORMAL
4028,Fariq Kakar,404695.0,16187.800000000001,1,NORMAL
4029,Nitesh Agate,89771.0,897.71,1,NORMAL
4031,Neelima Bhargava,609398.0,6093.9800000000005,2,NORMAL
4032,Krishna Jani,208743.0,2087.43,1,NORMAL
4034,Falguni Deo,101106.0,1454.67,2,NORMAL
4035,Ojasvi Tak,403779.0,4037.79,1,NORMAL
4036,Ucchal Nath,94790.0,947.9,1,NORMAL
4037,Rachit More,209785.0,2097.85,1,NORMAL
4038,Rachita Purohit,620094.0,20270.61,2,NORMAL
4039,Hiral Ratta,483562.0,17794.27,2,NORMAL
4040,Varsha Muni,1366122.0,40176.21,4,VIP
4041,Dayamai Rana,568040.0,14306.240000000002,2,NORMAL
4043,Unni Sami,294464.0,11376.710000000001,2,NORMAL
4044,Ati Narayanan,737475.0,22219.170000000002,2,NORMAL
4045,Tara Batta,29644.0,296.44,1,NORMAL
4046,Lohit Ganesan,362199.0,3621.99,2,NORMAL
4047,Yashasvi Bajwa,328417.0,3284.17,1,NORMAL
4048,Darika Varty,456065.0,18242.600000000002,1,NORMAL
4049,Yadavi Sha,1291219.0,41386.39,4,VIP
4050,Chandresh Bhardwaj,651999.0,19510.02,2,NORMAL
4051,Frederick Menon,718759.0,7187.59,3,NORMAL
4052,Peter Dora,618159.0,17078.190000000002,2,NORMAL
4053,Barkha D’Alia,472783.0,4727.83,1,NORMAL
4054,Wriddhish Dua,684535.0,6845.35,2,NORMAL
4055,Gavin Patla,283556.0,11342.24,1,NORMAL
4056,Krishna Hayer,239018.0,2390.18,2,NORMAL
4057,Ojasvi Gera,819525.0,32781.0,4,NORMAL
4058,Banjeet Yadav,498711.0,19948.440000000002,2,NORMAL
4059,Nandini Lanka,1034641.0,13759.900000000001,3,VIP
4060,Jacob Kalla,28900.0,1156.0,1,NORMAL
4061,Jagvi Chauhan,122510.0,4900.400000000001,1,NORMAL
4062,Amrita Padmanabhan,1002601.0,40104.04,3,VIP
4064,Nitara Palla,144504.0,5780.16,1,NORMAL
4065,Jalsa Iyengar,426488.0,4264.88,2,NORMAL
4066,Maanas Bansal,1717013.0,33553.16,6,VIP
4067,Falan Boase,315986.0,3159.8599999999997,2,NORMAL
4069,Alka Pradhan,45105.0,451.05,1,NORMAL
4070,Raghav Tata,466567.0,4665.67,1,NORMAL
4071,Nikita Dewan,522328.0,20893.120000000003,2,NORMAL
4072,Benjamin Seth,399836.0,15436.039999999999,2,NORMAL
4073,Yasti Ramaswamy,380301.0,15212.04,1,NORMAL
4074,Umang Toor,693572.0,7376.84,3,NORMAL
4076,Varsha Bassi,464534.0,18026.57,2,NORMAL
4077,Zaitra Bhardwaj,876838.0,33484.81,3,NORMAL
4080,Manan Biswas,991946.0,21248.81,4,NORMAL
4081,Yagnesh Khare,517198.0,15923.44,2,NORMAL
4082,Vritti Basu,389784.0,15591.36,1,NORMAL
4083,Om Dar,153920.0,6156.8,1,NORMAL
4084,Lucky Mody,45899.0,458.99,1,NORMAL
4085,Rayaan Sama,782748.0,31309.92,2,NORMAL
4086,Dalbir Virk,221357.0,8854.28,1,NORMAL
4088,Hritik Rastogi,399297.0,3992.9700000000003,1,NORMAL
4089,Krishna Bakshi,358800.0,3588.0,1,NORMAL
4090,Kamya Peri,392801.0,10055.24,3,NORMAL
4091,George Nagarajan,489978.0,4899.78,2,NORMAL
4092,Neel Issac,76301.0,3052.04,1,NORMAL
4093,Anamika Nori,29812.0,298.12,1,NORMAL
4095,Dhriti Dugar,451586.0,16674.95,2,NORMAL
4096,Bhavika Balay,229408.0,9176.32,2,NORMAL
4097,Balhaar Dar,1159723.0,46388.92,3,VIP
4098,Gavin Mital,367931.0,14717.24,1,NORMAL
4099,Rachana Bora,227833.0,3708.46,2,NORMAL
4100,Triya Kata,55629.0,556.29,1,NORMAL
4101,Udant Munshi,362262.0,3622.62,1,NORMAL
4102,Varenya Khosla,241720.0,5568.01,2,NORMAL
4103,Vrishti Keer,519741.0,20789.64,2,NORMAL
4104,Eshana Chahal,315969.0,12638.76,1,NORMAL
4105,Adya Subramanian,472618.0,18904.72,1,NORMAL
4106,Vihaan Patla,661789.0,26471.56,2,NORMAL
4107,Rudra Vohra,472839.0,6104.76,4,NORMAL
4108,Zashil Bhalla,453415.0,4534.150000000001,1,NORMAL
4109,Gaurangi Chadha,528035.0,15257.93,2,NORMAL
4110,Qasim Gole,66061.0,2642.44,2,NORMAL
4111,Harita Narayanan,453797.0,10621.4,2,NORMAL
4112,Dalaja Banik,1030952.0,28035.08,4,VIP
4113,Joshua Sidhu,275714.0,2757.14,1,NORMAL
4114,Wishi Kunda,264063.0,10562.52,1,NORMAL
4115,Atharv Deshmukh,425689.0,17027.56,2,NORMAL
4116,Finn Sridhar,497310.0,19290.780000000002,2,NORMAL
4117,Rehaan Hans,496652.0,4966.52,1,NORMAL
4118,Tanveer Mohanty,869087.0,8690.87,3,NORMAL
4119,Faqid Parsa,281827.0,2818.27,1,NORMAL
4120,Bhavani Patla,259350.0,9423.81,2,NORMAL
4121,Vinaya Khanna,617824.0,24712.96,2,NORMAL
4122,Shaurya Bose,597556.0,13354.3,2,NORMAL
4123,Balendra Jani,148509.0,5940.36,1,NORMAL
4124,Advaith Trivedi,281224.0,11248.960000000001,1,NORMAL
4125,Yashvi Bora,216933.0,2169.33,1,NORMAL
4127,Ishita Tata,104814.0,1048.14,1,NORMAL
4128,Vasatika Prakash,441594.0,4415.9400000000005,1,NORMAL
4130,Chandani Oommen,293553.0,11742.12,1,NORMAL
4131,Sachi Dora,71754.0,2870.16,1,NORMAL
4133,Keya Puri,576840.0,5768.4,2,NORMAL
4135,Yashasvi Dani,461839.0,7127.59,2,NORMAL
4136,Irya Sami,354252.0,3542.52,1,NORMAL
4138,Amruta Zacharia,401921.0,16076.84,1,NORMAL
4140,Ekalinga Balay,276282.0,11051.28,1,NORMAL
4141,Gauri Narang,522228.0,16211.19,2,NORMAL
4142,Praneel Natarajan,396567.0,12393.6,2,NORMAL
4143,Mitali Nagy,277060.0,11082.4,1,NORMAL
4144,Falan Biswas,246846.0,9873.84,1,NORMAL
4145,Gaurangi Dewan,332749.0,3327.4900000000002,1,NORMAL
4148,Jatin Mutti,619774.0,6197.74,2,NORMAL
4149,Rachana Devi,30474.0,1218.96,1,NORMAL
4150,Anika Gera,698120.0,27924.800000000003,2,NORMAL
4152,Falguni Sagar,356312.0,3563.12,2,NORMAL
4153,Hema Wason,598214.0,23357.360000000004,3,NORMAL
4154,Patrick Rege,136174.0,1361.74,1,NORMAL
4155,Odika Buch,416778.0,4167.78,1,NORMAL
4156,Eshana Mitter,312705.0,12508.2,1,NORMAL
4157,Manbir Chad,275408.0,11016.32,1,NORMAL
4158,Ikshita Gara,1149730.0,11497.3,3,VIP
4161,Pranit Lala,768600.0,7686.0,2,NORMAL
4162,Girindra Saraf,476535.0,4765.35,1,NORMAL
4163,Oeshi Joshi,73959.0,2958.36,1,NORMAL
4164,Kritika Sachdeva,294688.0,2946.88,1,NORMAL
4166,Yashoda Gopal,357816.0,3578.16,1,NORMAL
4167,Vedhika Mohanty,71325.0,713.25,1,NORMAL
4168,Fiyaz Boase,153719.0,6148.76,1,NORMAL
4169,Janani Deep,108534.0,1085.34,1,NORMAL
4170,Urvi Chana,654846.0,17422.74,3,NORMAL
4171,Rohan Talwar,446139.0,4461.39,1,NORMAL
4172,Gautam Deol,429590.0,17183.6,1,NORMAL
4173,Raksha Andra,517407.0,5174.07,2,NORMAL
4174,Osha Batra,1026030.0,28642.440000000002,4,VIP
4175,Aarna Aggarwal,640220.0,6402.2,2,NORMAL
4176,Balveer Das,640733.0,16475.21,3,NORMAL
4178,Timothy Memon,385433.0,15417.32,1,NORMAL
4180,Vedant Prasad,325163.0,4614.5,2,NORMAL
4181,Akshay Chana,741552.0,29662.08,3,NORMAL
4182,Oeshi Krishnan,480313.0,18072.85,2,NORMAL
4183,Devika Chanda,724554.0,25932.48,3,NORMAL
4184,Vrishti Sathe,1729851.0,41235.6,5,VIP
4185,Ganga Nair,517903.0,9929.92,2,NORMAL
4186,Brinda Upadhyay,98876.0,988.76,1,NORMAL
4187,Tanay Mittal,778825.0,7788.25,3,NORMAL
4188,Anirudh Dyal,585434.0,16546.7,3,NORMAL
4192,Yutika Majumdar,1377456.0,13774.560000000001,5,VIP
4193,Aadi Parsa,9905.0,99.05,1,NORMAL
4194,Harrison Anne,54436.0,2177.44,1,NORMAL
4195,David Parikh,704088.0,18169.920000000002,2,NORMAL
4197,Rudra Gara,110898.0,4435.92,1,NORMAL
4199,Bishakha Muni,349999.0,3499.9900000000002,1,NORMAL
4200,Wakeeta Kala,310596.0,3397.5299999999997,2,NORMAL
4201,Yasti Rao,250894.0,2508.94,1,NORMAL
4202,Dhruv Patla,265545.0,4555.4400000000005,2,NORMAL
4203,Alexander Ganguly,478318.0,19132.72,1,NORMAL
4205,Peter Sarkar,310710.0,12428.4,1,NORMAL
4206,Isha Bahri,258454.0,2584.54,1,NORMAL
4207,Hema Karan,402952.0,16118.080000000002,2,NORMAL
4208,Ati Mukherjee,558213.0,15910.26,2,NORMAL
4209,Anjali Vasa,820467.0,16985.7,4,NORMAL
4210,Manya Shere,294594.0,3119.7900000000004,2,NORMAL
4211,Bishakha Bala,478242.0,4782.42,2,NORMAL
4212,Lohit Hayer,6464.0,64.64,1,NORMAL
4213,Ethan Buch,461930.0,4619.3,1,NORMAL
4215,Brinda Patla,796866.0,18756.93,3,NORMAL
4216,Gaurangi Saraf,177762.0,1777.6200000000001,1,NORMAL
4217,Mugdha Shukla,366185.0,3661.85,1,NORMAL
4218,Gaurangi Reddy,707917.0,26797.09,3,NORMAL
4219,Chakrika Balay,259514.0,10380.56,1,NORMAL
4220,Chaaya Purohit,604211.0,6042.11,3,NORMAL
4222,Ekiya Salvi,819658.0,19790.02,3,NORMAL
4223,Niharika Modi,404760.0,4047.6,1,NORMAL
4224,Logan Shenoy,617552.0,14509.670000000002,3,NORMAL
4226,Dayamai Prasad,33237.0,332.37,1,NORMAL
4227,Anjali Chana,528153.0,12205.53,2,NORMAL
4228,Aarush Murty,141186.0,1411.8600000000001,1,NORMAL
4229,Chatresh Amble,131472.0,5258.88,1,NORMAL
4231,Aishani Bala,454814.0,4548.139999999999,2,NORMAL
4232,Timothy Bose,156773.0,6270.92,1,NORMAL
4234,Pooja Dutta,1584510.0,38440.41,5,VIP
4235,Gaurang Nagi,659882.0,26395.28,2,NORMAL
4237,Zaitra Chada,501168.0,5011.68,2,NORMAL
4239,Elijah Parsa,313017.0,12520.68,2,NORMAL
4240,Zaid Dhar,624658.0,24986.32,2,NORMAL
4241,Ryan Sha,45964.0,459.64,1,NORMAL
4242,Radhika Jayaraman,813017.0,32520.68,4,NORMAL
4243,Tanay Behl,880701.0,35228.04,3,NORMAL
4244,Gaurang Bhagat,394148.0,5938.85,2,NORMAL
4247,Vanya Kaur,1030511.0,37273.91,3,VIP
4251,Geetika Gulati,782657.0,31306.28,2,NORMAL
4252,Yadavi Mandal,362102.0,14484.08,1,NORMAL
4254,Kiaan Savant,1120876.0,31620.88,3,VIP
4255,Hamsini Aurora,231166.0,2311.66,1,NORMAL
4256,Wyatt Raghavan,1121796.0,44871.84,4,VIP
4257,Irya Bhat,445472.0,4454.72,1,NORMAL
4258,Chaaya Buch,408761.0,4087.6100000000006,3,NORMAL
4260,Dhruv Ben,206187.0,2061.87,2,NORMAL
4262,Ayush Toor,185927.0,1859.27,1,NORMAL
4264,Jagvi Chopra,440318.0,17612.72,1,NORMAL
4265,Watika Kannan,259880.0,10395.2,1,NORMAL
4266,Yug Kakar,37648.0,1505.92,1,NORMAL
4267,Ira Ratta,712239.0,26892.51,4,NORMAL
4268,Mahika Narayanan,782961.0,29021.340000000004,3,NORMAL
4270,Idika Rege,494998.0,13285.24,2,NORMAL
4271,Neelima Murthy,691550.0,12251.21,3,NORMAL
4272,Jasmit Sem,603612.0,19198.5,3,NORMAL
4273,Meghana Chatterjee,443982.0,4439.82,1,NORMAL
4274,Arin Johal,467552.0,18702.08,1,NORMAL
4275,Joshua Shankar,479348.0,4793.4800000000005,2,NORMAL
4276,Maanav Kara,371034.0,3710.34,1,NORMAL
4277,Zarna Sankaran,1121538.0,28523.67,5,VIP
4278,Sanaya Rai,300056.0,3000.56,2,NORMAL
4279,Imaran Goda,260523.0,2605.23,1,NORMAL
4280,Mohini Nagi,198206.0,1982.06,1,NORMAL
4281,Umang Sane,40951.0,409.51,1,NORMAL
4282,Manthan Solanki,680328.0,14097.45,4,NORMAL
4283,Liam Patel,347594.0,3475.94,1,NORMAL
4284,Gagan Ramakrishnan,419962.0,4199.62,1,NORMAL
4285,Dalbir Om,350407.0,14016.28,1,NORMAL
4286,Balhaar Sachar,286025.0,11441.0,1,NORMAL
4287,Idika Som,31561.0,1262.44,1,NORMAL
4288,Gopal Choudhry,32474.0,324.74,1,NORMAL
4292,Xavier Muni,180209.0,1802.0900000000001,1,NORMAL
4296,Saanvi Grewal,436644.0,4366.44,2,NORMAL
4297,Pooja Arya,833649.0,21382.38,5,NORMAL
4298,Ryan Nagarajan,161777.0,1617.77,1,NORMAL
4300,Isha Biswas,84032.0,2320.85,2,NORMAL
4301,Akshay Pau,467789.0,4677.89,1,NORMAL
4302,Janya Dalal,123084.0,4923.36,1,NORMAL
4303,Ishwar Raman,319446.0,3194.46,1,NORMAL
4304,Shivansh Pandey,550482.0,5504.82,2,NORMAL
4305,Sachi Swaminathan,450916.0,18036.64,1,NORMAL
4306,Ridhi Randhawa,160084.0,6403.360000000001,1,NORMAL
4307,Om Agrawal,581255.0,18017.75,3,NORMAL
4308,Shravya Dave,309756.0,3097.56,1,NORMAL
4309,Oni Sane,497540.0,4975.400000000001,1,NORMAL
4312,Bhavani Varkey,376717.0,15068.68,1,NORMAL
4313,Michael Goyal,186493.0,6277.15,2,NORMAL
4314,Yashodhara Prabhakar,209736.0,8389.44,1,NORMAL
4315,Daksha Gulati,474277.0,18971.08,1,NORMAL
4317,Garima Sur,386330.0,3863.3,2,NORMAL
4318,Hiral Memon,387584.0,15503.36,1,NORMAL
4319,Upadhriti Deshpande,923060.0,36922.4,2,NORMAL
4320,Odika Lad,736427.0,29457.08,2,NORMAL
4321,Hritik Mallick,746321.0,8873.21,4,NORMAL
4322,Gayathri Sanghvi,449210.0,13957.130000000001,2,NORMAL
4324,Ayushman Raj,1221686.0,24093.53,3,VIP
4325,Tanay Rastogi,704206.0,22951.33,3,NORMAL
4326,Logan Som,878180.0,8781.800000000001,3,NORMAL
4327,Samaksh Kannan,665881.0,12373.75,2,NORMAL
4328,Kiaan Raval,685487.0,27419.480000000003,2,NORMAL
4329,Ayushman Morar,391110.0,15644.400000000001,2,NORMAL
4331,Bhavya Tella,881682.0,35267.28,3,NORMAL
4332,George Behl,8286.0,331.44,1,NORMAL
4336,Charita Dhaliwal,501854.0,18729.62,2,NORMAL
4338,Yatin Kala,517583.0,14567.15,2,NORMAL
4340,Lavanya Sawhney,408874.0,16354.960000000001,1,NORMAL
4342,Lohit Banik,127662.0,5106.4800000000005,1,NORMAL
4344,Ladli Rama,672415.0,10002.46,3,NORMAL
4345,Eta Bhasin,400703.0,4007.03,1,NORMAL
4346,Eiravati Sandhu,54911.0,1201.8500000000001,2,NORMAL
4347,Krisha Ramachandran,277926.0,7494.99,3,NORMAL
4348,Chaaya Sampath,800537.0,22471.37,2,NORMAL
4349,Chaaya Reddy,345904.0,13836.16,1,NORMAL
4353,Urvi Tandon,515374.0,9510.880000000001,2,NORMAL
4354,Ekansh Agrawal,690893.0,18704.57,3,NORMAL
4355,Liam Dar,191406.0,7656.24,1,NORMAL
4359,Samar Babu,487368.0,4873.68,2,NORMAL
4360,Shravya Madan,122694.0,4907.76,1,NORMAL
4361,Ayushman Som,190769.0,7630.76,1,NORMAL
4362,Amaira Shetty,1407823.0,45476.020000000004,4,VIP
4363,Yashodhara Gandhi,410839.0,4108.39,1,NORMAL
4364,Raksha Cheema,441760.0,13486.69,2,NORMAL
4365,Mason Barad,495252.0,4952.52,1,NORMAL
4367,Max Narula,418804.0,10566.37,2,NORMAL
4368,Owen Dey,1817855.0,49734.71,5,VIP
4370,Om Goyal,11210.0,448.40000000000003,1,NORMAL
4371,Omkaar Raman,577122.0,11949.39,2,NORMAL
4374,Libni Saraf,447358.0,4473.58,2,NORMAL
4375,Dalaja Kapoor,124829.0,1954.22,2,NORMAL
4377,Lila Banik,856086.0,14795.580000000002,3,NORMAL
4380,Ekbal Vora,67512.0,2700.48,1,NORMAL
4381,Ekiya Kothari,283201.0,2832.01,2,NORMAL
4382,Ishita Reddy,901444.0,22426.57,3,NORMAL
4383,Lavanya Khosla,734743.0,19578.91,2,NORMAL
4385,Sudiksha Chaudhuri,762402.0,16586.46,2,NORMAL
4386,Patrick Jain,270660.0,10826.4,1,NORMAL
4387,Gaurangi Bajaj,506090.0,14549.66,2,NORMAL
4388,Raghav Sane,358946.0,10307.03,2,NORMAL
4389,Oscar Prasad,372263.0,14890.52,1,NORMAL
4390,Yashoda Mane,173928.0,6957.12,1,NORMAL
4391,Reyansh Gole,607371.0,15749.64,2,NORMAL
4392,Aadhya Mane,429080.0,7965.290000000001,3,NORMAL
4394,Thomas Talwar,735496.0,29419.840000000004,2,NORMAL
4396,Thomas Sheth,323426.0,5384.18,2,NORMAL
4398,Barkha Ghose,571374.0,5713.74,2,NORMAL
4400,Krisha Doctor,893269.0,16773.190000000002,3,NORMAL
4401,Hemang Zachariah,340287.0,3402.87,1,NORMAL
4404,Oviya Doshi,683638.0,22626.37,3,NORMAL
4405,Raagini Dass,467171.0,17375.539999999997,2,NORMAL
4406,Yatan Sinha,356661.0,3566.61,1,NORMAL
4408,Unni Devi,1831288.0,32291.890000000003,6,VIP
4409,Farhan Shan,740290.0,10047.279999999999,4,NORMAL
4411,Rayaan Om,618253.0,17120.35,3,NORMAL
4412,Benjamin Parsa,582065.0,5820.650000000001,2,NORMAL
4413,Widisha Kar,51933.0,2077.32,1,NORMAL
4414,Janaki Agrawal,366108.0,14644.32,2,NORMAL
4415,Umang Varty,535739.0,19896.26,2,NORMAL
4416,Samar Mital,410291.0,5895.200000000001,2,NORMAL
4417,Praneel Soni,820655.0,8206.55,2,NORMAL
4418,Divya Kadakia,583090.0,23323.6,2,NORMAL
4419,Ekaja Sarkar,1136351.0,28451.57,5,VIP
4420,Jeremiah Ghose,139412.0,5576.4800000000005,1,NORMAL
4422,Henry Bajwa,555304.0,22212.160000000003,3,NORMAL
4423,Faraj Pandya,948941.0,37957.64,3,NORMAL
4424,Meera Balakrishnan,305814.0,12232.56,1,NORMAL
4425,Jeet Basak,46881.0,468.81,1,NORMAL
4426,Wahab Mallick,451256.0,13341.32,3,NORMAL
4427,Gopal Sarkar,641313.0,14511.45,3,NORMAL
4428,Azaan Gade,21989.0,879.5600000000001,1,NORMAL
4429,Deepa Mohan,1129365.0,11293.65,3,VIP
4430,Varenya Kapur,777544.0,21285.34,3,NORMAL
4431,Jasmit Shere,297005.0,2970.05,2,NORMAL
4432,Balendra Datta,660980.0,11781.8,3,NORMAL
4433,Forum Zachariah,758685.0,7586.85,2,NORMAL
4434,Adweta Dubey,512158.0,10811.86,3,NORMAL
4435,Bhavna Khanna,228589.0,2285.89,1,NORMAL
4436,Ishita Lad,462658.0,18506.32,2,NORMAL
4437,Rajata Ray,177699.0,7107.96,1,NORMAL
4438,Tanish Sama,386390.0,8689.82,2,NORMAL
4439,Aarush Kapur,270632.0,2706.32,1,NORMAL
4440,Mahika Agarwal,338812.0,3388.12,1,NORMAL
4442,Kamala Patel,401522.0,4015.2200000000003,1,NORMAL
4444,Hemangini Doctor,249679.0,2496.79,1,NORMAL
4445,Anika Gopal,472170.0,4721.7,1,NORMAL
4446,Amol Prakash,724416.0,28976.64,2,NORMAL
4447,Forum Walla,241216.0,5706.07,2,NORMAL
4448,Diya Goswami,493378.0,4933.78,1,NORMAL
4449,Shivani Bava,777772.0,31110.88,2,NORMAL
4451,Sarthak Bir,264914.0,9548.990000000002,2,NORMAL
4453,Chandresh Ramaswamy,535277.0,5352.77,2,NORMAL
4455,Abeer Rana,655848.0,6558.48,2,NORMAL
4457,Ekalinga Sarraf,599081.0,10898.57,2,NORMAL
4459,Ladli Verma,71293.0,712.9300000000001,1,NORMAL
4462,Ekanta Parekh,267998.0,10719.92,1,NORMAL
4463,Isha Trivedi,467825.0,4678.25,1,NORMAL
4464,Qushi Dewan,195792.0,3897.93,2,NORMAL
4465,Ishwar Desai,460169.0,12836.060000000001,3,NORMAL
4466,Ladli Acharya,540396.0,5403.96,2,NORMAL
4468,Anthony Bhattacharyya,420281.0,4202.81,3,NORMAL
4469,Dalbir Reddy,685644.0,25925.25,3,NORMAL
4471,Forum Divan,491817.0,19672.68,1,NORMAL
4472,Ekaja Dhar,212199.0,2121.9900000000002,1,NORMAL
4473,Rehaan Sandal,478400.0,19136.0,1,NORMAL
4474,Jacob Sule,378167.0,15126.68,1,NORMAL
4475,Urmi Mallick,165121.0,1651.21,1,NORMAL
4477,Benjamin Nigam,435295.0,4352.95,1,NORMAL
4478,Mahika Ramesh,53087.0,2123.48,1,NORMAL
4479,Yagnesh Mody,815046.0,18926.489999999998,3,NORMAL
4480,Qasim Chakraborty,762405.0,15919.98,2,NORMAL
4481,Owen Amble,430196.0,17207.84,1,NORMAL
4482,Widisha Banerjee,79289.0,3171.56,1,NORMAL
4484,Arin Krishnamurthy,419261.0,4192.61,1,NORMAL
4485,Ronith Dani,802616.0,32104.640000000003,2,NORMAL
4486,Vrinda Iyengar,333683.0,12444.650000000001,3,NORMAL
4488,Urvashi Saraf,191664.0,1916.64,1,NORMAL
4489,Girik Sathe,175569.0,1755.69,1,NORMAL
4491,Aarna Sahni,644891.0,6448.91,2,NORMAL
4492,Saanvi Gola,193853.0,1938.53,1,NORMAL
4493,Bhavika Shroff,479587.0,4795.87,1,NORMAL
4494,Idika Kade,209229.0,8369.16,1,NORMAL
4498,Mitali Aurora,196543.0,5228.4400000000005,2,NORMAL
4500,Yug Mall,388543.0,13895.349999999999,2,NORMAL
4502,Yauvani Bumb,180423.0,7216.92,1,NORMAL
4503,Kamya Khurana,15059.0,150.59,1,NORMAL
4504,Naveen Sandal,915592.0,22943.32,2,NORMAL
4505,Samaksh Hari,420933.0,4209.33,1,NORMAL
4506,Guneet Hans,100339.0,4013.56,1,NORMAL
4507,Vrishti Bahri,326593.0,3265.9300000000003,2,NORMAL
4509,Ansh Devan,948319.0,33151.96,3,NORMAL
4510,Ranbir Ram,136744.0,1367.44,1,NORMAL
4511,Girish Devan,703487.0,28139.480000000003,2,NORMAL
4515,Orinder Sethi,378555.0,3785.55,1,NORMAL
4516,Ridhi Handa,307630.0,3076.3,2,NORMAL
4518,Mitesh Rai,348018.0,13920.720000000001,1,NORMAL
4519,Tejas Sen,695126.0,14767.46,2,NORMAL
4520,Januja Naidu,851160.0,8511.6,2,NORMAL
4521,Harshil Lanka,457578.0,18303.12,1,NORMAL
4523,Vasudha Kapadia,162128.0,6485.12,1,NORMAL
4525,Samar Sunder,240353.0,2403.53,1,NORMAL
4526,Osha Thakkar,323435.0,3234.35,1,NORMAL
4527,Irya Raman,371327.0,14853.08,1,NORMAL
4528,Meera Narayanan,950855.0,20062.670000000002,4,NORMAL
4530,Kai Nath,846953.0,8469.53,3,NORMAL
4531,Nathan Soni,329792.0,3297.92,1,NORMAL
4533,Mekhala Parekh,265547.0,2655.4700000000003,1,NORMAL
4534,Avi Mitter,257670.0,10306.800000000001,1,NORMAL
4537,Aarush Wali,548317.0,12864.85,2,NORMAL
4538,Shivani Mall,213385.0,2133.85,1,NORMAL
4541,Anthony Malhotra,177179.0,7087.16,2,NORMAL
4542,Tamanna Gala,655492.0,26219.68,2,NORMAL
4543,Pahal Modi,507870.0,5078.7,2,NORMAL
4544,Timothy Chaudhari,1571669.0,62866.76,4,VIP
4545,Lopa Shanker,272056.0,3268.9300000000003,4,NORMAL
4546,Wyatt Goyal,65636.0,2625.44,1,NORMAL
4547,Madhav Raghavan,44594.0,1783.76,1,NORMAL
4548,Chanakya Rana,680469.0,6804.69,3,NORMAL
4549,Nitara Rajan,246895.0,9875.8,2,NORMAL
4550,Bhavani Pandey,80446.0,2655.19,2,NORMAL
4551,Chavvi Parikh,188470.0,4785.04,2,NORMAL
4552,Irya Patla,402480.0,4024.8,2,NORMAL
4553,Hema Lad,488432.0,4884.32,1,NORMAL
4556,Qushi Parikh,903999.0,23928.51,4,NORMAL
4557,George Shah,450391.0,18015.64,2,NORMAL
4558,Ati Anand,23652.0,236.52,1,NORMAL
4559,Waida Nanda,320595.0,12823.800000000001,2,NORMAL
4560,Dayita De,1512011.0,60480.44,5,VIP
4561,Chavvi Nanda,345165.0,3451.65,1,NORMAL
4562,Chatresh Mody,261839.0,2618.39,1,NORMAL
4563,Liam Pandya,117702.0,4708.08,1,NORMAL
4564,Aachal Narayan,406004.0,16240.16,1,NORMAL
4565,Wridesh Bir,282945.0,11317.800000000001,1,NORMAL
4566,Nitara Bansal,485892.0,11742.12,2,NORMAL
4567,Varsha Pillay,313234.0,3132.34,1,NORMAL
4568,Mahika Borra,267437.0,6380.0,2,NORMAL
4569,Deepa Grewal,316638.0,6370.62,2,NORMAL
4570,Ishita Nagarajan,523863.0,20954.52,3,NORMAL
4571,Elijah Gulati,433697.0,4336.97,1,NORMAL
4572,Hitesh Puri,613331.0,6133.3099999999995,2,NORMAL
4574,Varenya Sinha,1121505.0,32188.95,5,VIP
4575,Christopher Ramachandran,493432.0,19737.28,1,NORMAL
4576,Anjali Parikh,438425.0,4384.25,1,NORMAL
4577,Vritti Sura,484202.0,15677.960000000001,3,NORMAL
4581,Chakradev Wali,637148.0,25485.92,2,NORMAL
4582,Zehaan Pai,860132.0,13715.93,3,NORMAL
4584,Michael Kohli,530182.0,20181.07,2,NORMAL
4585,Yamini Pillai,13891.0,138.91,1,NORMAL
4586,Janaki Gulati,6736.0,269.44,1,NORMAL
4587,Harita Karnik,561453.0,5614.530000000001,2,NORMAL
4588,Irya Desai,404332.0,4043.32,1,NORMAL
4591,Balhaar Nori,555963.0,22238.52,2,NORMAL
4592,Pushti Yadav,784030.0,22433.29,2,NORMAL
4593,Jagrati Gour,647621.0,25904.840000000004,2,NORMAL
4594,Samesh Ganguly,174406.0,3627.76,2,NORMAL
4595,Neha Reddy,281100.0,11244.0,1,NORMAL
4596,Ethan Dixit,994123.0,24823.660000000003,2,NORMAL
4597,Andrew Babu,173100.0,6924.0,1,NORMAL
4598,Gavin Iyer,976051.0,21944.38,4,NORMAL
4599,Ronith Behl,1192381.0,25305.79,3,VIP
4601,Siya Hegde,954557.0,23507.809999999998,2,NORMAL
4602,Dominic Shukla,211812.0,8472.48,1,NORMAL
4604,Raksha Dutta,167760.0,1677.6000000000001,1,NORMAL
4605,Indira Hegde,634876.0,19908.43,2,NORMAL
4606,Shivansh Bhakta,76867.0,3074.6800000000003,1,NORMAL
4608,Omya Chaudhry,98049.0,980.49,1,NORMAL
4609,Turvi Kunda,471991.0,18879.64,2,NORMAL
4611,Zehaan Pai,176933.0,7077.32,1,NORMAL
4612,David Sastry,736256.0,13838.75,4,NORMAL
4613,Logan Bera,148463.0,5938.52,1,NORMAL
4614,Manan Srinivas,868721.0,15484.73,4,NORMAL
4615,Darsh Acharya,483237.0,19329.48,1,NORMAL
4616,Urmi Merchant,1000498.0,24306.97,4,VIP
4617,Ekaraj Dutta,33409.0,334.09000000000003,1,NORMAL
4618,Lajita Tara,530780.0,18312.74,2,NORMAL
4620,Yashodhara Kaur,575441.0,23017.64,2,NORMAL
4621,Sai Shukla,81776.0,817.76,1,NORMAL
4623,Pushti Bera,1027800.0,21107.28,4,VIP
4624,Peter Madan,404341.0,16173.640000000001,1,NORMAL
4626,Amrita Chada,190986.0,1909.8600000000001,2,NORMAL
4628,Triveni Kant,305332.0,3053.32,1,NORMAL
4629,Unnati Pai,978516.0,37737.84,3,NORMAL
4631,Raagini Bhardwaj,861663.0,24615.300000000003,3,NORMAL
4632,Nakul Jhaveri,294751.0,2947.51,1,NORMAL
4634,Suhani Kunda,295698.0,2956.98,1,NORMAL
4635,Gauri Kulkarni,269827.0,10793.08,2,NORMAL
4637,Veda Nagi,252384.0,2523.84,1,NORMAL
4638,Ojas Sandhu,217433.0,8313.41,2,NORMAL
4639,Priya D’Alia,484228.0,8508.85,3,NORMAL
4640,Dhriti Kala,890256.0,14964.060000000001,3,NORMAL
4642,Amruta Mittal,610392.0,6103.92,2,NORMAL
4643,Radha Kadakia,112941.0,1129.41,1,NORMAL
4644,Mugdha Jaggi,133455.0,1334.55,1,NORMAL
4645,Advay Master,558893.0,22355.72,2,NORMAL
4647,Kritika Iyengar,492851.0,4928.51,2,NORMAL
4649,Zinal Palan,853672.0,21830.920000000002,3,NORMAL
4650,Hardik Ben,331466.0,5525.93,2,NORMAL
4651,Pushti Manne,801470.0,8014.700000000001,2,NORMAL
4652,Bishakha Sekhon,1628349.0,49397.13,5,VIP
4653,Yochana Mand,454147.0,4541.47,1,NORMAL
4654,Jagdish Menon,258759.0,10350.36,1,NORMAL
4655,Gavin Wason,394199.0,15767.96,2,NORMAL
4656,Sai Munshi,354984.0,12371.79,3,NORMAL
4658,Thomas Chanda,545963.0,16062.95,3,NORMAL
4660,Kamala Lal,476848.0,19073.920000000002,1,NORMAL
4663,Orinder Borde,947003.0,15231.5,3,NORMAL
4664,Akshay Nigam,435592.0,4355.92,2,NORMAL
4665,Charvi Barad,125862.0,5034.48,2,NORMAL
4666,Aishani Rai,628917.0,19076.340000000004,3,NORMAL
4667,Alexander Butala,997650.0,14523.24,4,NORMAL
4668,Hitesh Pai,570887.0,11475.05,3,NORMAL
4671,Edhitha Salvi,1069939.0,10699.390000000001,3,VIP
4672,Waida Chand,855297.0,27334.68,3,NORMAL
4673,Umang Sinha,787820.0,27472.82,3,NORMAL
4674,Samuel Raval,1933185.0,44073.21,6,VIP
4676,Hemangini Kalita,1372860.0,39580.59,4,VIP
4677,Jairaj Pillai,634101.0,25364.04,5,NORMAL
4678,Guneet Madan,30095.0,300.95,1,NORMAL
4679,Jeevika Mann,71185.0,711.85,1,NORMAL
4680,Gagan Narang,1099785.0,32754.300000000003,3,VIP
4681,Dayamai Murthy,206911.0,8276.44,2,NORMAL
4682,Jeremiah Kade,279532.0,11181.28,1,NORMAL
4683,Dhriti Halder,732944.0,7329.4400000000005,2,NORMAL
4685,Kashvi Kohli,413569.0,4135.6900000000005,1,NORMAL
4686,Ria Lall,608345.0,24333.8,2,NORMAL
4687,Zehaan Natt,1109754.0,19951.05,5,VIP
4688,Wahab Lalla,128182.0,5127.28,1,NORMAL
4689,Anamika Nayar,238584.0,9543.36,1,NORMAL
4691,Laksh Peri,370093.0,14803.720000000001,1,NORMAL
4692,Arjun Wagle,944393.0,19642.43,4,NORMAL
4693,Naksh Goel,436262.0,4362.62,2,NORMAL
4695,Nicholas Karan,381218.0,3812.1800000000003,1,NORMAL
4696,Tanish Brahmbhatt,456738.0,18269.52,1,NORMAL
4697,Shaurya Johal,503116.0,8426.41,2,NORMAL
4698,Yatan Trivedi,357362.0,3573.62,2,NORMAL
4699,Urvi Shetty,410581.0,6100.72,3,NORMAL
4701,Priya Sehgal,823016.0,8230.16,3,NORMAL
4702,Dakshesh Bath,96084.0,3843.36,1,NORMAL
4703,Fitan Narayan,306318.0,7879.74,2,NORMAL
4704,Urvashi Hari,172639.0,1726.39,1,NORMAL
4705,Saksham Zacharia,137004.0,5480.16,2,NORMAL
4706,Maanav Basak,545595.0,5455.950000000001,2,NORMAL
4707,Xavier Korpal,515995.0,20639.800000000003,2,NORMAL
4708,Ganga Chopra,181398.0,1813.98,1,NORMAL
4709,Rachana Srinivas,403973.0,15292.279999999999,3,NORMAL
4710,Odika Kakar,546268.0,9195.28,2,NORMAL
4711,Radhika Varty,835258.0,32826.01,3,NORMAL
4712,Anmol Sankar,1086278.0,35163.020000000004,4,VIP
4713,Imaran Agrawal,364321.0,14572.84,1,NORMAL
4714,Laksh Barad,62728.0,627.28,1,NORMAL
4715,Rudra Balay,423486.0,16939.440000000002,2,NORMAL
4716,Manbir Chaudhuri,451300.0,4513.0,1,NORMAL
4717,Aarav Deo,326861.0,3500.0,2,NORMAL
4719,Hemani Tak,338301.0,3383.01,1,NORMAL
4720,Priya Sidhu,203926.0,2039.26,1,NORMAL
4721,Faqid Bera,284284.0,2842.84,1,NORMAL
4722,Onveer Oza,73383.0,2935.32,1,NORMAL
4723,Chanakya Vig,775502.0,7755.02,2,NORMAL
4724,Yatan Ahuja,368490.0,14739.6,1,NORMAL
4726,Hemangini Sanghvi,12020.0,480.8,1,NORMAL
4728,Aryan Seshadri,698612.0,8214.77,3,NORMAL
4730,Aashi Bhardwaj,808930.0,30691.239999999998,3,NORMAL
4734,Atharv Yogi,230122.0,2301.2200000000003,1,NORMAL
4735,Sanya Randhawa,803590.0,22473.190000000002,3,NORMAL
4737,Shivansh Sem,742777.0,7427.77,2,NORMAL
4739,Riya Sarkar,488791.0,19551.64,1,NORMAL
4741,Wridesh Radhakrishnan,274543.0,10981.720000000001,2,NORMAL
4742,Harrison Upadhyay,481656.0,7972.290000000001,2,NORMAL
4744,Jagrati Panchal,849298.0,9872.8,3,NORMAL
4745,Aarnav Swamy,664957.0,12097.150000000001,2,NORMAL
4746,Neel Pandey,361830.0,3618.3,2,NORMAL
4747,Timothy Divan,65246.0,2609.84,1,NORMAL
4748,Lopa Narain,492671.0,5959.49,2,NORMAL
4749,Naksh Deep,30763.0,1230.52,1,NORMAL
4751,Yoshita Ramaswamy,330205.0,13208.2,1,NORMAL
4753,Saanvi Singh,350367.0,14014.68,1,NORMAL
4754,Jagrati Sastry,389011.0,3890.11,1,NORMAL
4755,Gautami Nagi,491114.0,19644.56,2,NORMAL
4756,Gabriel Dash,1228361.0,48303.86,4,VIP
4758,Yashasvi Dixit,923967.0,22216.350000000002,2,NORMAL
4759,Deepa Kunda,892943.0,21624.35,3,NORMAL
4760,Lakshit Nath,358642.0,14345.68,1,NORMAL
4761,Sneha Kakar,1133929.0,11339.29,3,VIP
4763,Nitesh Devi,236533.0,9461.32,1,NORMAL
4765,Sanaya Bajwa,872472.0,23378.52,2,NORMAL
4766,Logan Menon,360753.0,14430.12,1,NORMAL
4770,Fitan Kanda,139520.0,1395.2,2,NORMAL
4771,Jyoti Chander,345239.0,3452.39,2,NORMAL
4772,Aradhana Nadig,307701.0,3077.01,2,NORMAL
4774,Hemani Basu,652461.0,26098.44,2,NORMAL
4775,Hemal Dube,819377.0,8193.77,2,NORMAL
4776,Arunima Lata,499621.0,19984.84,3,NORMAL
4777,Netra Nanda,526411.0,5264.110000000001,2,NORMAL
4779,Jackson Sinha,51565.0,515.65,1,NORMAL
4780,Megha Bose,643214.0,24490.13,3,NORMAL
4781,Mitali Handa,76684.0,3067.36,1,NORMAL
4782,Vritti Iyer,593682.0,12303.09,3,NORMAL
4783,Hitesh Vyas,1166655.0,11666.55,3,VIP
4784,Aachal Cheema,510233.0,14373.98,3,NORMAL
4786,Qushi Ganesh,266691.0,5313.33,2,NORMAL
4787,Orinder Apte,102583.0,1196.8,2,NORMAL
4788,Mohini Sunder,237233.0,6247.9400000000005,2,NORMAL
4790,Oviya Gandhi,68111.0,2282.9300000000003,2,NORMAL
4792,Yashasvi Jha,1153761.0,46150.44,3,VIP
4793,Netra Borde,164389.0,6575.56,1,NORMAL
4794,Imaran Memon,280863.0,2808.63,1,NORMAL
4795,Aryan Bobal,62762.0,2510.48,1,NORMAL
4796,Faris Palan,1206021.0,30384.99,6,VIP
4797,Aashi Narang,406845.0,16273.800000000001,1,NORMAL
4798,Vansha Randhawa,156052.0,1560.52,1,NORMAL
4800,Aayush Dash,164297.0,6571.88,1,NORMAL
4801,Ethan Luthra,433840.0,4338.4,1,NORMAL
4802,Advik Dhillon,1591252.0,43631.56,5,VIP
4803,Yahvi Konda,1017700.0,25783.24,3,VIP
4805,Manan Barman,191236.0,1912.3600000000001,1,NORMAL
4806,Wahab Dar,1063786.0,18023.02,3,VIP
4811,Darsh Kanda,67016.0,2680.64,1,NORMAL
4812,Bhavna Natt,119328.0,4773.12,1,NORMAL
4814,Azad Sagar,896502.0,18322.77,3,NORMAL
4815,Bhanumati Rau,870283.0,34811.32,3,NORMAL
4817,Vanya Edwin,109865.0,4394.6,1,NORMAL
4818,Dhriti Issac,73277.0,2931.08,1,NORMAL
4819,Chavvi Deo,478555.0,4785.55,2,NORMAL
4820,Aarush Dhingra,106456.0,4258.24,1,NORMAL
4821,Samuel Loyal,711638.0,20368.25,3,NORMAL
4824,Rajata Narayanan,182737.0,7309.4800000000005,1,NORMAL
4825,Krishna Iyengar,315786.0,12631.44,1,NORMAL
4826,Orinder Bandi,322986.0,12919.44,1,NORMAL
4827,Isha Sarin,1379835.0,26617.05,4,VIP
4829,Victor Chaudhari,571630.0,8507.59,3,NORMAL
4830,Ranveer Sahota,80665.0,3226.6,1,NORMAL
4831,Karan Ramachandran,222914.0,4181.9,2,NORMAL
4834,Chaitanya Mistry,372728.0,14909.12,1,NORMAL
4835,Benjamin Anand,1004105.0,28561.699999999997,3,VIP
4836,Ikbal Chakrabarti,1333741.0,38869.72,5,VIP
4837,Bhavna Vasa,26475.0,264.75,1,NORMAL
4839,Damyanti Minhas,309776.0,3097.76,2,NORMAL
4841,Darika Virk,375826.0,15033.04,1,NORMAL
4843,Nidra Khatri,474728.0,18989.120000000003,2,NORMAL
4844,Chakrika Mane,155514.0,6220.56,1,NORMAL
4847,Unni Bajaj,542448.0,21697.92,2,NORMAL
4849,Zaitra Mangal,527617.0,7601.95,3,NORMAL
4851,Michael Dara,452037.0,8984.94,3,NORMAL
4852,Shravya Nagy,972554.0,38902.16,3,NORMAL
4853,Oni Bal,161626.0,1616.26,1,NORMAL
4855,Sai Dora,207149.0,2071.4900000000002,1,NORMAL
4856,Chandran Khosla,271323.0,10852.92,2,NORMAL
4857,Wyatt Pillay,116388.0,4655.52,1,NORMAL
4858,Henry Gill,215136.0,8605.44,1,NORMAL
4859,Unnati Pau,375438.0,12824.64,2,NORMAL
4860,Ekalinga Sahota,651233.0,14517.77,2,NORMAL
4863,Harsh Chad,312794.0,3127.94,2,NORMAL
4864,Ekta Dixit,187628.0,1876.28,2,NORMAL
4865,Pratyush Upadhyay,853305.0,34132.2,3,NORMAL
4866,Gaurika Bir,223831.0,8953.24,1,NORMAL
4867,Jacob Rau,295836.0,11833.44,1,NORMAL
4869,Liam Bora,856134.0,26383.02,3,NORMAL
4870,Chatura Johal,354359.0,6497.27,2,NORMAL
4871,Champak Barman,14659.0,146.59,1,NORMAL
4872,Anya Dave,582918.0,11339.37,3,NORMAL
4874,Onveer Biswas,193999.0,7759.96,1,NORMAL
4876,Manya Virk,53306.0,2132.2400000000002,1,NORMAL
4878,Omkaar Nath,370967.0,3709.67,2,NORMAL
4879,Chasmum Pant,98383.0,3935.32,1,NORMAL
4880,Vritti Goyal,259075.0,2590.75,1,NORMAL
4881,Veer Padmanabhan,582755.0,23310.2,2,NORMAL
4882,Praneel Peri,759282.0,7592.82,2,NORMAL
4883,Jyoti Prakash,716869.0,17056.239999999998,2,NORMAL
4884,Teerth Merchant,101084.0,1010.84,1,NORMAL
4885,Harini Kibe,188591.0,1885.91,1,NORMAL
4887,Bakhshi Kalita,930339.0,32821.65,4,NORMAL
4888,Chanakya Babu,975438.0,32866.560000000005,4,NORMAL
4889,Aadhya Dani,815531.0,11952.68,4,NORMAL
4890,Ridhi Keer,718466.0,24543.77,3,NORMAL
4891,Harsh Gala,399935.0,12940.28,3,NORMAL
4892,Alexander Ratti,674565.0,6745.650000000001,3,NORMAL
4894,Isaiah Bakshi,349839.0,6963.24,2,NORMAL
4895,Vihaan Bobal,959631.0,20805.030000000002,5,NORMAL
4896,Jeremiah Malhotra,505381.0,9908.44,2,NORMAL
4898,Chandani Lata,516394.0,20655.760000000002,2,NORMAL
4899,Laksh Dhingra,426746.0,17069.84,1,NORMAL
4901,Aditya Chowdhury,578044.0,15151.39,3,NORMAL
4902,Samar Kothari,902036.0,36081.44,3,NORMAL
4903,Vritti Choudhury,615850.0,18049.18,2,NORMAL
4904,Kevin Prasad,897900.0,35916.0,4,NORMAL
4905,Riya Bhat,499599.0,4995.99,3,NORMAL
4906,Frederick Jaggi,81919.0,819.19,1,NORMAL
4907,Aarna Dara,181663.0,7266.52,1,NORMAL
4908,Wridesh Som,463570.0,4635.7,1,NORMAL
4909,Ridhi Munshi,1374542.0,17370.71,5,VIP
4911,Gopal Choudhry,383930.0,3839.2999999999997,2,NORMAL
4912,Urvi Sawhney,129741.0,5189.64,1,NORMAL
4913,Krisha Sengupta,199046.0,7961.84,2,NORMAL
4915,Tanmayi Ratti,581122.0,23244.879999999997,3,NORMAL
4916,Qushi Gopal,312385.0,7824.88,2,NORMAL
4917,Jasmit Venkatesh,155610.0,6224.400000000001,1,NORMAL
4918,Jacob Puri,617333.0,14228.09,4,NORMAL
4920,Harinakshi Narayanan,151163.0,6046.52,1,NORMAL
4921,Anirudh Narayanan,1454037.0,58161.48,4,VIP
4922,Yamini Bath,568800.0,8553.48,2,NORMAL
4923,Chaaya Gera,1268846.0,25207.07,3,VIP
4924,Divya Ranganathan,727062.0,20991.57,4,NORMAL
4925,Fitan Magar,408424.0,8636.35,2,NORMAL
4926,Yashoda Parekh,427351.0,4273.51,1,NORMAL
4927,Riya Goel,335600.0,13424.0,1,NORMAL
4928,Meera Maharaj,648600.0,25944.0,3,NORMAL
4929,Balendra Jayaraman,683390.0,21146.690000000002,4,NORMAL
4932,Aishani Ganesh,22922.0,229.22,1,NORMAL
4933,Chakradev Shanker,162735.0,6509.400000000001,1,NORMAL
4934,Xavier Parmar,730987.0,29239.480000000003,2,NORMAL
4935,Ansh Ramanathan,1094683.0,30432.550000000003,3,VIP
4936,Frederick Thakur,491116.0,16799.170000000002,3,NORMAL
4938,Luke Sheth,814082.0,17826.11,2,NORMAL
4939,Azaan Palla,571748.0,22869.920000000002,2,NORMAL
4940,Lucky Dey,779047.0,19740.55,2,NORMAL
4941,Yutika Roy,668393.0,14090.900000000001,3,NORMAL
4942,Abhiram Pillay,1004123.0,32086.010000000002,3,VIP
4943,Jasmit Yohannan,249247.0,9969.880000000001,1,NORMAL
4944,Falguni Mander,720379.0,14927.019999999999,3,NORMAL
4945,Faras Wagle,706458.0,17558.67,3,NORMAL
4946,Nirja Hans,1079332.0,43173.28,3,VIP
4947,Idika Dora,689219.0,27568.760000000002,2,NORMAL
4948,Rajata Baria,35950.0,359.5,1,NORMAL
4949,Kamala Kulkarni,532618.0,5326.18,2,NORMAL
4951,Ishita Sahni,60736.0,2429.44,1,NORMAL
4952,Gautami Jha,280239.0,11209.56,1,NORMAL
4953,Gunbir Pau,552276.0,22091.04,2,NORMAL
4955,Aadi Lall,571681.0,11288.830000000002,2,NORMAL
4956,Yasti Muni,537669.0,5376.6900000000005,3,NORMAL
4957,William Chakrabarti,513748.0,20549.920000000002,2,NORMAL
4958,Balveer Chauhan,610526.0,6105.26,2,NORMAL
4960,Forum Ratti,729882.0,28940.04,4,NORMAL
4961,Isaiah Sane,668107.0,18369.49,3,NORMAL
4963,Saumya Bhagat,683295.0,13831.29,2,NORMAL
4964,Tanmayi Kale,112555.0,4502.2,1,NORMAL
4965,Diya Hans,355124.0,6809.93,2,NORMAL
4966,Rachit Goel,215893.0,2158.93,2,NORMAL
4967,Falguni Sidhu,193461.0,7738.4400000000005,1,NORMAL
4968,Frederick Purohit,1079964.0,43198.56,3,VIP
4969,Naksh Chaudhari,139692.0,5587.68,1,NORMAL
4971,Vasana Dua,292988.0,11719.52,1,NORMAL
4974,Tanvi Desai,311709.0,12468.36,1,NORMAL
4976,Sudiksha Ray,1273254.0,25426.59,4,VIP
4977,Omaja Jayaraman,763397.0,16753.43,3,NORMAL
4978,Triveni Wable,107711.0,1077.1100000000001,1,NORMAL
4979,Siya Virk,217953.0,8718.12,1,NORMAL
4980,Harsh Dass,853762.0,34150.48,2,NORMAL
4982,Ekaraj Shankar,815663.0,19156.85,3,NORMAL
4983,Oni Bail,895869.0,8958.689999999999,2,NORMAL
4984,Arjun Arya,139637.0,5585.4800000000005,1,NORMAL
4985,Patrick Pal,900326.0,23982.86,3,NORMAL
4987,Zayyan Mandal,145051.0,5802.04,1,NORMAL
4988,Chavvi Biswas,266430.0,2664.3,1,NORMAL
4989,Madhavi Behl,355833.0,14233.320000000002,2,NORMAL
4990,Dev Jaggi,908440.0,36337.6,3,NORMAL
4991,Jeevika Roy,883560.0,35342.4,2,NORMAL
4992,Teerth Kannan,1178957.0,47158.28,4,VIP
4993,Neel Goda,828705.0,17512.02,3,NORMAL
4994,Parth Contractor,1617929.0,53544.95,6,VIP
4995,Arjun Sama,76982.0,3079.28,1,NORMAL
4996,Ria Misra,657130.0,14113.36,2,NORMAL
4997,Abeer Pillay,477928.0,4779.280000000001,2,NORMAL
4998,Chandran Bora,1361094.0,28572.93,4,VIP
5000,Jeevika Kaur,233844.0,2338.44,1,NORMAL
5001,Ranveer Dayal,1025414.0,29330.15,3,VIP
5002,Onkar Chhabra,426147.0,17045.88,1,NORMAL
5004,Christopher Saha,1385980.0,27139.78,4,VIP
5005,Chanchal Gopal,440673.0,14387.79,2,NORMAL
5006,Nisha Rout,385115.0,15404.6,1,NORMAL
5007,Zaid Chakrabarti,380215.0,15208.6,1,NORMAL
5009,Chaman Dass,226921.0,2269.21,1,NORMAL
5010,Eta Sundaram,459820.0,18392.8,1,NORMAL
5011,Jeevika Pandit,63180.0,2527.2000000000003,1,NORMAL
5013,Gopal Dar,1042789.0,32281.21,3,VIP
5014,Dayita Sama,164925.0,6597.0,1,NORMAL
5015,Janya Sami,158878.0,2530.0,2,NORMAL
5016,Jhalak Parsa,887068.0,23105.92,2,NORMAL
5018,Ronith Manda,167938.0,6717.52,1,NORMAL
5019,Chavvi Agrawal,600573.0,17680.260000000002,4,NORMAL
5021,Ojas Patla,289293.0,11571.72,1,NORMAL
5023,Riya Parmer,869378.0,34775.119999999995,2,NORMAL
5024,Logan Manne,458941.0,18357.64,1,NORMAL
5025,Kashvi Shankar,236846.0,2368.46,2,NORMAL
5026,Hardik Raval,83137.0,831.37,1,NORMAL
5027,Abha Kari,382897.0,15315.88,2,NORMAL
5028,Arjun Chander,750579.0,24573.54,3,NORMAL
5029,Arya Konda,12459.0,124.59,1,NORMAL
5030,Kevin Oommen,461575.0,18463.0,2,NORMAL
5031,Devika Srivastava,202292.0,8091.68,1,NORMAL
5032,Dalaja Ganesan,23364.0,233.64000000000001,1,NORMAL
5033,Yahvi Sachdev,331123.0,13244.92,1,NORMAL
5034,Wakeeta Dugar,314388.0,12575.52,2,NORMAL
5035,Jhalak Naidu,619791.0,19363.95,2,NORMAL
5037,Januja Nigam,610260.0,10469.64,2,NORMAL
5038,Jyoti Talwar,311751.0,3117.51,1,NORMAL
5039,Upkaar Bal,844154.0,24661.16,3,NORMAL
5040,Omya Dara,928620.0,9286.2,3,NORMAL
5043,Fiyaz Loyal,794127.0,22165.65,2,NORMAL
5044,Luke Randhawa,462957.0,4629.57,1,NORMAL
5046,Warda Sibal,421297.0,16851.88,1,NORMAL
5047,Manthan Kohli,947764.0,17961.04,3,NORMAL
5048,Yochana Deol,1315348.0,32456.440000000002,4,VIP
5049,Aahana Vora,554421.0,22176.84,2,NORMAL
5051,Omya Palla,141479.0,1414.79,1,NORMAL
5053,Anmol Randhawa,25796.0,257.96,1,NORMAL
5055,Vrinda Mangat,88824.0,3552.96,1,NORMAL
5057,Harrison Garde,473453.0,4734.53,1,NORMAL
5058,Fiyaz Andra,466973.0,16567.940000000002,2,NORMAL
5060,Urmi Warrior,205075.0,2050.75,2,NORMAL
5061,Janaki Gola,98162.0,981.62,1,NORMAL
5062,Warjas Babu,104737.0,1047.3700000000001,1,NORMAL
5063,Amol Tiwari,700063.0,24891.489999999998,3,NORMAL
5064,Ekani Randhawa,31973.0,1278.92,1,NORMAL
5065,Gautami Oak,185945.0,7437.8,1,NORMAL
5068,Tanmayi Jain,11133.0,445.32,1,NORMAL
5069,Maanas Bhatti,315571.0,12622.84,1,NORMAL
5070,Kai Kumer,483045.0,4830.45,1,NORMAL
5071,Lipika Arora,840130.0,33605.2,2,NORMAL
5072,Pranit Khosla,770446.0,8071.570000000001,4,NORMAL
5073,Chasmum Sabharwal,460275.0,18411.0,2,NORMAL
5074,Gunbir Tara,350853.0,3508.53,1,NORMAL
5075,Faris Kaul,553416.0,13699.44,2,NORMAL
5076,Akshay Saxena,421735.0,4217.35,2,NORMAL
5077,Fariq Tara,855493.0,22241.77,3,NORMAL
5078,Hema Sagar,1609102.0,50277.729999999996,5,VIP
5079,Inaya Tara,1586830.0,28509.940000000002,5,VIP
5080,Ishani Maharaj,311749.0,9018.61,2,NORMAL
5081,Faqid Sami,702817.0,18832.9,2,NORMAL
5082,Hredhaan Shan,11956.0,478.24,1,NORMAL
5084,Udyati Hans,774881.0,30995.24,2,NORMAL
5085,Ekavir Sawhney,478992.0,19159.68,1,NORMAL
5086,Aarini Garg,347440.0,3474.4,3,NORMAL
5087,Samarth Som,108527.0,4341.08,1,NORMAL
5089,Meghana Srinivas,620969.0,6209.6900000000005,2,NORMAL
5091,Zilmil Bail,411512.0,11518.43,3,NORMAL
5093,Vansha Sachar,461219.0,18448.760000000002,1,NORMAL
5094,Elijah Agrawal,276719.0,2767.19,1,NORMAL
5095,Saanvi Sampath,225381.0,9015.24,1,NORMAL
5099,Yamini Bose,1158495.0,22914.120000000003,3,VIP
5100,Vaishnavi Venkataraman,372773.0,8409.53,2,NORMAL
5101,Megha Rastogi,604649.0,11056.55,4,NORMAL
5103,Omisha Upadhyay,1015309.0,28220.65,6,VIP
5104,Baljiwan Sule,174496.0,1744.96,1,NORMAL
5106,Mohammed Koshy,590027.0,5900.2699999999995,2,NORMAL
5107,Akshay Doshi,65137.0,2605.48,1,NORMAL
5108,Falan Krishnamurthy,240428.0,2404.28,1,NORMAL
5109,Luke Goswami,769886.0,30795.440000000002,2,NORMAL
5110,Timothy Sathe,924957.0,36998.28,2,NORMAL
5112,Ladli Sharma,740669.0,7406.6900000000005,2,NORMAL
5113,Yashica Deshmukh,300733.0,3007.33,2,NORMAL
5115,Om Kalita,815361.0,32614.44,2,NORMAL
5116,William Pradhan,159895.0,6395.8,1,NORMAL
5117,Sara Natt,223430.0,8937.2,2,NORMAL
5119,Aadhya Menon,325674.0,13026.960000000001,1,NORMAL
5120,Shivansh Madan,750717.0,7507.17,2,NORMAL
5121,Mugdha Nagy,177247.0,2024.14,3,NORMAL
5122,Diya Malhotra,439288.0,17571.52,1,NORMAL
5123,Inaya Nanda,141718.0,4894.51,2,NORMAL
5124,Anirudh Sant,431405.0,17256.2,1,NORMAL
5125,Samarth Dugar,576542.0,15305.630000000001,3,NORMAL
5126,Manthan Kamdar,430654.0,4306.54,2,NORMAL
5127,Ayushman Kaur,496595.0,19863.800000000003,2,NORMAL
5128,Bhavna Hegde,944009.0,9440.09,3,NORMAL
5129,Jackson Malhotra,599136.0,11706.960000000001,2,NORMAL
5130,Nisha Bhavsar,650991.0,12796.259999999998,2,NORMAL
5131,Abhiram Mitra,1833425.0,57417.41,7,VIP
5132,Gopal Bajwa,183912.0,7356.4800000000005,1,NORMAL
5134,Banjeet Ram,395854.0,15834.16,1,NORMAL
5135,Samaksh Gour,821065.0,19677.670000000002,3,NORMAL
5136,Raksha Kothari,901003.0,23151.43,2,NORMAL
5138,Faras Hans,707306.0,7073.0599999999995,2,NORMAL
5139,Zinal Madan,160730.0,6429.2,1,NORMAL
5140,Unni Barad,446865.0,17874.600000000002,1,NORMAL
5141,Ishanvi Ram,216111.0,3632.88,2,NORMAL
5142,Maya Kapoor,419467.0,16778.68,1,NORMAL
5143,Advika Panchal,509205.0,8688.84,2,NORMAL
5144,Balveer Maharaj,35630.0,1425.2,1,NORMAL
5145,Peter Doctor,365043.0,14601.720000000001,1,NORMAL
5148,Hema Chowdhury,1283346.0,36957.63,3,VIP
5149,Vaishnavi Khurana,368697.0,14747.880000000001,1,NORMAL
5150,Isaiah Sarna,188328.0,7533.12,1,NORMAL
5151,Qabil Chaudhari,477117.0,19084.68,2,NORMAL
5152,Barkha Boase,662578.0,11678.32,4,NORMAL
5153,Bhanumati Verma,132548.0,5301.92,2,NORMAL
5154,Noah Narula,620150.0,6201.5,2,NORMAL
5155,Nitesh Patel,869421.0,24692.73,4,NORMAL
5156,Anay Kuruvilla,1424096.0,16586.6,5,VIP
5157,Baljiwan Mitra,151507.0,6060.28,2,NORMAL
5158,Kalpit Chanda,86765.0,867.65,1,NORMAL
5159,Ucchal Nanda,299588.0,2995.88,1,NORMAL
5162,Akshay Doshi,755638.0,30225.52,2,NORMAL
5163,Mekhala Gade,622332.0,24893.28,2,NORMAL
5164,Balendra Vala,145130.0,5805.200000000001,2,NORMAL
5165,Krish Yogi,718736.0,28749.440000000002,2,NORMAL
5166,Azad Yogi,385534.0,3855.34,2,NORMAL
5167,Frederick Lad,294553.0,2945.5299999999997,2,NORMAL
5168,Gabriel Mukhopadhyay,2100802.0,44491.57,7,VIP
5169,Krishna Gole,406508.0,4065.08,1,NORMAL
5171,Chaman Dutta,1177677.0,35125.38,3,VIP
5172,Odika Mani,800894.0,18854.27,4,NORMAL
5174,Balhaar Goyal,595370.0,18742.85,3,NORMAL
5175,Alexander Dara,656503.0,6565.030000000001,2,NORMAL
5177,Ubika Butala,23054.0,922.16,1,NORMAL
5178,Alka Vaidya,423100.0,4231.0,1,NORMAL
5179,Dipta Kara,664831.0,26593.239999999998,2,NORMAL
5183,Jai Kade,608065.0,10567.69,2,NORMAL
5184,Nihal Mohanty,343575.0,10652.19,2,NORMAL
5185,Yochana Boase,363947.0,3639.47,2,NORMAL
5187,Hardik Randhawa,470449.0,18817.96,1,NORMAL
5189,Aryan Kaur,478207.0,19128.28,2,NORMAL
5191,Amrita Bandi,46320.0,1852.8,1,NORMAL
5193,Netra Bala,149317.0,1493.17,1,NORMAL
5195,Mahika Bora,399653.0,15986.12,1,NORMAL
5196,Jeevika Gade,1054363.0,10543.630000000001,4,VIP
5197,Riya Mallick,508156.0,20326.24,2,NORMAL
5198,Pavani Sarraf,5108.0,51.08,1,NORMAL
5199,Oviya Madan,535948.0,13032.16,2,NORMAL
5200,Neelima Shetty,177940.0,2281.48,2,NORMAL
5202,Diya Bansal,156717.0,1567.17,1,NORMAL
5203,Manthan Chana,445371.0,8948.970000000001,3,NORMAL
5204,Aahana Reddy,491545.0,19661.8,2,NORMAL
5206,Keya Palla,919771.0,15220.96,3,NORMAL
5207,Farhan Batta,345472.0,11921.44,3,NORMAL
5208,Ryan Swamy,489877.0,4898.77,2,NORMAL
5209,Vanya Nori,821273.0,20086.43,4,NORMAL
5210,Bhanumati Koshy,425419.0,4254.1900000000005,2,NORMAL
5211,Pranit Sarma,293075.0,2930.75,1,NORMAL
5212,Lohit Nayak,216230.0,2162.3,1,NORMAL
5213,Netra Chana,32136.0,321.36,1,NORMAL
5214,Neha Rao,440821.0,17632.84,1,NORMAL
5217,Andrew Deshmukh,979642.0,15373.66,3,NORMAL
5218,Oliver Jha,156001.0,6240.04,1,NORMAL
5219,Anita Chaudry,207908.0,2079.08,1,NORMAL
5220,Simon Atwal,648571.0,6485.71,2,NORMAL
5221,Urishilla Bajwa,78429.0,784.29,1,NORMAL
5222,Nachiket Kota,425408.0,17016.32,1,NORMAL
5224,Udyati Wali,376341.0,3763.41,1,NORMAL
5225,Samarth Nair,363312.0,14532.48,1,NORMAL
5226,Balveer Chakrabarti,254156.0,10166.24,1,NORMAL
5227,Timothy Varghese,74306.0,743.0600000000001,1,NORMAL
5228,Veda Naidu,438863.0,17276.09,2,NORMAL
5229,Anmol Toor,461314.0,18452.56,1,NORMAL
5231,Wahab Saran,149994.0,3689.7300000000005,2,NORMAL
5233,Chandani Andra,497629.0,19905.16,1,NORMAL
5235,Kashish Soman,818311.0,26922.940000000002,3,NORMAL
5236,Jagat Ben,172076.0,6883.04,1,NORMAL
5237,Ijaya Majumdar,205084.0,8203.36,2,NORMAL
5239,Ryan Mital,948972.0,9489.72,4,NORMAL
5240,Wridesh Doshi,294088.0,5483.59,2,NORMAL
5241,Vasudha Mahajan,292188.0,10941.99,3,NORMAL
5242,Vansha Khurana,669641.0,13108.130000000001,2,NORMAL
5243,Vyanjana Krish,394906.0,15796.24,1,NORMAL
5244,Pahal Patla,410929.0,14077.39,3,NORMAL
5246,Devansh Kaur,175449.0,1754.49,1,NORMAL
5247,Jeremiah Manne,233252.0,2332.52,2,NORMAL
5248,Aarini Natarajan,774736.0,7747.360000000001,3,NORMAL
5251,Amaira Sant,330953.0,10007.42,2,NORMAL
5252,Hemal Sami,1032491.0,31195.190000000002,4,VIP
5253,Unnati Mallick,976714.0,33106.270000000004,4,NORMAL
5254,Garima Bassi,1203267.0,12032.67,3,VIP
5257,Adweta Handa,216383.0,2163.83,1,NORMAL
5258,Oviya Dalal,498611.0,11311.43,2,NORMAL
5259,Divya Savant,171824.0,1718.24,2,NORMAL
5260,Kiaan Lala,80622.0,806.22,2,NORMAL
5261,George Butala,1073580.0,34281.72,4,VIP
5264,Saumya Padmanabhan,252930.0,10117.2,1,NORMAL
5265,Oni Borah,223064.0,3721.76,2,NORMAL
5267,Ucchal Kari,778954.0,16989.34,3,NORMAL
5268,Advik Narula,241321.0,2815.87,3,NORMAL
5269,Zaitra Ratta,805687.0,22114.54,3,NORMAL
5270,Bimala Dey,176978.0,7079.12,1,NORMAL
5271,Peter Tank,271651.0,10866.04,1,NORMAL
5272,Reyansh Shan,139693.0,5587.72,1,NORMAL
5273,Nidhi Mitra,1067684.0,20348.06,4,VIP
5274,Falguni Varty,236354.0,7093.01,2,NORMAL
5275,Advaith Warrior,349204.0,3492.04,1,NORMAL
5276,Januja Sur,645152.0,17251.46,2,NORMAL
5277,Quincy Toor,455552.0,4555.52,1,NORMAL
5278,Matthew Agate,694516.0,27780.64,2,NORMAL
5279,Urvi Grover,936759.0,25398.9,3,NORMAL
5281,Priya Dara,272866.0,10914.64,1,NORMAL
5282,Divya Narula,864470.0,21871.67,2,NORMAL
5283,Lopa Natt,233699.0,9347.960000000001,1,NORMAL
5284,Ronith Sawhney,1243307.0,39903.71,4,VIP
5286,Nathaniel Nazareth,1638015.0,16380.150000000001,4,VIP
5288,Gunbir Bala,158927.0,1589.27,1,NORMAL
5289,Unni Sehgal,417771.0,4177.71,2,NORMAL
5290,Nisha Palla,832339.0,19407.670000000002,2,NORMAL
5291,Unni Prakash,572181.0,21969.81,3,NORMAL
5292,Anita Barad,726980.0,7269.8,2,NORMAL
5293,Maya Oza,759779.0,7597.790000000001,4,NORMAL
5295,Nakul Wadhwa,491563.0,14155.480000000001,4,NORMAL
5296,Adya Mukhopadhyay,270737.0,8424.2,2,NORMAL
5297,Shravya Parmer,448332.0,17933.28,2,NORMAL
5298,Darsh Vasa,175234.0,7009.360000000001,2,NORMAL
5299,Mohini Dass,108436.0,4337.4400000000005,1,NORMAL
5300,Jackson Kothari,383886.0,3838.86,1,NORMAL
5301,Dominic Oommen,136478.0,1364.78,2,NORMAL
5302,Janaki Raval,1712350.0,40123.18,5,VIP
5303,Ranbir Mukhopadhyay,778262.0,7782.620000000001,3,NORMAL
5305,Netra Wadhwa,608099.0,22445.120000000003,3,NORMAL
5308,Adweta Shenoy,893456.0,35738.240000000005,2,NORMAL
5309,Abhimanyu Kamdar,957439.0,32751.4,4,NORMAL
5311,Gabriel Sundaram,187888.0,1878.88,1,NORMAL
5313,Oliver Solanki,279802.0,2798.02,1,NORMAL
5315,Udyati Ramachandran,432035.0,4320.35,1,NORMAL
5316,Vedant Randhawa,796829.0,7968.29,2,NORMAL
5317,Upma Parmer,1142815.0,32997.159999999996,5,VIP
5318,Dhriti Patla,1318205.0,25121.96,5,VIP
5319,Arin Bhattacharyya,675698.0,18470.36,3,NORMAL
5320,Avi Wali,108864.0,1088.64,1,NORMAL
5321,Chakradev Bhavsar,204063.0,2040.63,1,NORMAL
5323,Yagnesh Ratta,156413.0,1564.13,1,NORMAL
5324,Gautam Jhaveri,233504.0,2335.04,1,NORMAL
5327,Ayaan Madan,74078.0,740.78,1,NORMAL
5328,Advaith Kaur,67504.0,2700.16,1,NORMAL
5329,Qadim Sheth,495329.0,4953.29,1,NORMAL
5330,Praneel Mangal,213807.0,3527.61,2,NORMAL
5331,Peter Raj,597159.0,22117.44,3,NORMAL
5332,Omisha Balakrishnan,224203.0,2242.03,1,NORMAL
5333,Harsh Sekhon,166084.0,6643.360000000001,1,NORMAL
5334,Maanas Som,291096.0,2910.96,2,NORMAL
5335,Januja Sathe,689931.0,27597.239999999998,2,NORMAL
5336,Frederick Zachariah,145196.0,5807.84,1,NORMAL
5337,Ekapad Saini,579932.0,6787.58,5,NORMAL
5338,Zayyan Andra,483007.0,19320.28,1,NORMAL
5339,Avni Iyer,468660.0,4686.6,3,NORMAL
5341,Mitesh Sani,418333.0,16733.32,1,NORMAL
5342,Fariq Vasa,564316.0,19733.920000000002,3,NORMAL
5343,Ati Nagarajan,266033.0,2660.33,2,NORMAL
5344,Viraj Thakkar,150924.0,1509.24,1,NORMAL
5345,Turvi Chaudhari,639595.0,6395.950000000001,3,NORMAL
5346,Shivansh Karnik,1107674.0,24823.88,3,VIP
5348,Jagrati Barman,1282056.0,41360.700000000004,4,VIP
5350,Hiral Acharya,217380.0,8695.2,1,NORMAL
5351,Deepa Chahal,223394.0,8935.76,1,NORMAL
5352,Pratyush Sampath,100353.0,4014.12,1,NORMAL
5354,Isaiah Rajagopal,631419.0,17077.89,3,NORMAL
5355,Eiravati Bains,980870.0,24297.5,2,NORMAL
5357,Avni Patil,986710.0,33662.89,3,NORMAL
5358,Nandini Suri,347671.0,3476.71,1,NORMAL
5359,Nathan Kunda,111014.0,4440.56,1,NORMAL
5360,Lajita Ratta,165235.0,6609.400000000001,1,NORMAL
5361,Jatin Choudhury,238536.0,2385.36,1,NORMAL
5362,Eesha Bava,674590.0,20115.760000000002,3,NORMAL
5363,Yash Ray,422007.0,9017.97,2,NORMAL
5364,Qushi Varughese,8238.0,329.52,1,NORMAL
5365,Sanaya Bumb,664527.0,15741.480000000001,2,NORMAL
5366,Krishna Chander,1101709.0,23998.870000000003,3,VIP
5369,Shravya Deep,261043.0,2610.43,1,NORMAL
5370,Darika Sarraf,318089.0,12723.56,1,NORMAL
5371,Tanveer Sant,120876.0,1208.76,1,NORMAL
5372,Aditya Ganesan,279813.0,11192.52,2,NORMAL
5375,Balvan Edwin,331815.0,3318.15,1,NORMAL
5376,Gaurika Hayer,263453.0,2634.53,1,NORMAL
5378,Manbir Vohra,364294.0,14571.76,2,NORMAL
5379,Leela Chana,492854.0,19714.16,1,NORMAL
5380,Eshana Padmanabhan,829785.0,33191.4,2,NORMAL
5381,Dalaja Kala,235074.0,9402.960000000001,1,NORMAL
5384,Champak Tella,829489.0,27915.699999999997,4,NORMAL
5386,Advaith Bhatnagar,282191.0,11287.64,1,NORMAL
5387,Omaja Nazareth,105822.0,4232.88,1,NORMAL
5388,Guneet Varma,119476.0,4779.04,1,NORMAL
5389,Hardik Sagar,190888.0,7635.52,1,NORMAL
5390,Kala Sibal,148362.0,5934.4800000000005,1,NORMAL
5391,Ekbal Balay,440980.0,4409.8,1,NORMAL
5392,Kalpit Choudhury,578584.0,5785.84,2,NORMAL
5393,Tejas Bora,195838.0,7833.52,1,NORMAL
5394,Nakul Naidu,468898.0,18755.920000000002,1,NORMAL
5395,Shivani Chaudhry,304284.0,3042.84,1,NORMAL
5396,Unnati Vig,563641.0,22545.64,2,NORMAL
5397,Sanaya Master,347665.0,3476.65,2,NORMAL
5399,Ria Sahota,833746.0,19145.44,3,NORMAL
5400,Falak Dey,175273.0,1752.73,1,NORMAL
5401,Arunima Sehgal,628754.0,6287.540000000001,2,NORMAL
5403,Damyanti Mander,219990.0,2199.9,1,NORMAL
5405,Oscar Vaidya,115098.0,4603.92,1,NORMAL
5406,Jagat Vala,648838.0,25633.99,3,NORMAL
5408,Zashil Raval,13206.0,528.24,1,NORMAL
5409,Arya Pau,217453.0,7304.5,2,NORMAL
5410,Zehaan Banik,362299.0,14491.960000000001,1,NORMAL
5411,Vamakshi Kohli,814982.0,22934.270000000004,2,NORMAL
5412,Michael Parmer,321379.0,11277.310000000001,2,NORMAL
5413,Vyanjana Sahota,72303.0,723.03,1,NORMAL
5414,Isaiah Apte,745767.0,7457.67,2,NORMAL
5415,Balendra Seshadri,422826.0,16913.04,2,NORMAL
5416,Nidra Sangha,197590.0,7903.6,2,NORMAL
5417,Chasmum Viswanathan,692907.0,6929.07,2,NORMAL
5418,Rachita Shenoy,573356.0,5733.5599999999995,2,NORMAL
5419,Jackson Dara,1024268.0,27817.22,3,VIP
5420,Eiravati Sangha,405991.0,4059.9100000000003,1,NORMAL
5421,Vedant Dhillon,463331.0,4633.31,1,NORMAL
5424,Pushti Ahuja,381989.0,15279.560000000001,2,NORMAL
5425,Jackson Kaur,476906.0,4769.06,1,NORMAL
5426,Nidhi Shenoy,198361.0,1983.6100000000001,1,NORMAL
5427,Bhavini Pandey,78464.0,3138.56,1,NORMAL
5428,Ikbal Bahl,389776.0,3897.76,1,NORMAL
5429,Caleb Parmer,17299.0,172.99,1,NORMAL
5430,Udant Wagle,462193.0,4621.93,1,NORMAL
5432,Radhika Varughese,708007.0,19206.37,3,NORMAL
5433,Raksha Bandi,255671.0,4469.63,2,NORMAL
5434,Robert Sur,195903.0,7836.120000000001,2,NORMAL
5435,Aachal Taneja,26795.0,1071.8,1,NORMAL
5436,Banjeet Balasubramanian,912508.0,23140.510000000002,2,NORMAL
5438,Tanmayi Agarwal,626813.0,16196.93,2,NORMAL
5439,Imaran Hegde,396179.0,15847.16,2,NORMAL
5440,Brijesh Dubey,347852.0,13914.08,2,NORMAL
5442,Vihaan Sangha,688470.0,8704.74,3,NORMAL
5443,Gaurangi Kumer,185482.0,1854.82,1,NORMAL
5444,Charvi Sane,380621.0,7571.99,2,NORMAL
5445,Bimala Hora,626005.0,17240.71,2,NORMAL
5446,Saumya Menon,128064.0,3166.4700000000003,2,NORMAL
5448,Joshua Wason,16650.0,666.0,1,NORMAL
5449,Aadi Sane,467428.0,18697.12,1,NORMAL
5451,Michael Rao,152967.0,6118.68,1,NORMAL
5452,Ubika Upadhyay,313078.0,12523.12,1,NORMAL
5454,Anay Chada,79453.0,794.53,1,NORMAL
5455,Abeer Iyer,241416.0,9656.64,1,NORMAL
5456,Vritti Borra,179415.0,1794.15,1,NORMAL
5457,Raagini Handa,89957.0,3598.28,1,NORMAL
5458,Nisha Golla,292355.0,11694.2,1,NORMAL
5459,Ekaja Biswas,386296.0,3862.96,1,NORMAL
5463,Ekansh Vaidya,423564.0,11585.16,2,NORMAL
5464,Anika Basu,401605.0,4016.05,2,NORMAL
5466,Ishita Soman,1277660.0,19944.74,4,VIP
5467,Advika Sunder,505936.0,5059.360000000001,2,NORMAL
5468,Omya Ghose,1001220.0,21067.08,3,VIP
5470,Pranit Shah,453022.0,18120.88,1,NORMAL
5471,Alka Singh,297622.0,4371.82,3,NORMAL
5472,Vaishnavi Sami,888686.0,35547.44,2,NORMAL
5474,Kamya Dhar,640538.0,6405.38,2,NORMAL
5476,Yashica Mandal,624363.0,24974.52,2,NORMAL
5477,Atharv Doctor,290011.0,11600.44,1,NORMAL
5478,Nirja Borde,748850.0,17156.420000000002,3,NORMAL
5479,Nakul Dara,963837.0,18059.04,4,NORMAL
5481,Vamakshi Som,712640.0,16774.46,2,NORMAL
5482,Pushti Konda,374735.0,3747.35,1,NORMAL
5484,Maanav Mand,311594.0,12463.76,1,NORMAL
5485,Elijah Karan,282342.0,2823.42,1,NORMAL
5486,Prisha Kapur,135702.0,1357.02,1,NORMAL
5487,Jagrati Vyas,93358.0,3734.32,1,NORMAL
5488,Ranveer Sangha,463325.0,4633.25,1,NORMAL
5489,Harita Prabhakar,468029.0,11809.4,2,NORMAL
5490,Fiyaz Tiwari,480436.0,4804.36,1,NORMAL
5491,Girik Varma,536992.0,16269.85,2,NORMAL
5493,Vidhi Sagar,739414.0,15339.01,2,NORMAL
5494,Chatura Kala,396943.0,7911.97,2,NORMAL
5495,Teerth Sandhu,90712.0,3628.48,2,NORMAL
5496,Lopa Khosla,416746.0,4167.46,1,NORMAL
5497,Netra Biswas,387858.0,15514.32,2,NORMAL
5498,Banjeet Chaudhari,87793.0,3511.7200000000003,1,NORMAL
5500,Zehaan Mittal,639477.0,25579.08,2,NORMAL
5501,Sai Gokhale,75339.0,3013.56,1,NORMAL
5503,Devansh Parsa,473532.0,18941.28,1,NORMAL
5504,Gabriel Prashad,546266.0,21850.640000000003,2,NORMAL
5505,Chakradhar Khurana,126974.0,5078.96,1,NORMAL
5506,Watika Bhatia,817646.0,21626.99,2,NORMAL
5507,Harrison Gour,146575.0,1465.75,1,NORMAL
5508,Nimrat Khare,680286.0,21032.43,2,NORMAL
5510,Yoshita Bose,758990.0,10251.02,3,NORMAL
5511,Amol Pandit,1586379.0,47111.880000000005,5,VIP
5513,Aayush Varty,150550.0,6022.0,1,NORMAL
5514,Aadhya Das,131286.0,1312.8600000000001,1,NORMAL
5517,Rudra Bal,395176.0,6550.15,2,NORMAL
5518,Yutika Babu,800515.0,17957.14,3,NORMAL
5519,Raghav Mody,717235.0,22121.68,3,NORMAL
5520,Indira Sura,495288.0,4952.88,1,NORMAL
5521,Yasti Sridhar,266984.0,10679.36,1,NORMAL
5522,Qarin Narang,426879.0,4268.79,1,NORMAL
5523,Radhika Sidhu,970774.0,24537.160000000003,2,NORMAL
5524,Mitesh Gole,311235.0,12449.4,1,NORMAL
5525,Kai Pandit,1371077.0,13710.77,5,VIP
5526,Daksha Sur,31691.0,1267.64,1,NORMAL
5527,Dayita Sethi,1130606.0,31989.02,3,VIP
5528,Jalsa Bir,684234.0,27369.36,2,NORMAL
5529,Libni Kale,707423.0,17023.82,3,NORMAL
5531,Arya Datta,307334.0,6001.1,2,NORMAL
5532,Ikshita More,911755.0,22979.68,4,NORMAL
5533,Ekantika Parsa,282125.0,11285.0,1,NORMAL
5534,Qasim Johal,95132.0,951.32,3,NORMAL
5535,Aarnav Jain,415333.0,4153.33,3,NORMAL
5536,Gagan Ahuja,537774.0,5377.74,2,NORMAL
5537,Nikita Nair,44257.0,442.57,1,NORMAL
5538,Damyanti Om,886372.0,8863.72,3,NORMAL
5540,Frederick Nayak,257903.0,2579.03,1,NORMAL
5541,Simon Sane,471712.0,4717.12,2,NORMAL
5543,Wakeeta Varkey,687524.0,15150.560000000001,3,NORMAL
5545,Dipta Sura,1209723.0,31300.89,4,VIP
5547,Jeremiah Bandi,261919.0,2619.19,1,NORMAL
5548,Ojasvi Chatterjee,133720.0,1337.2,1,NORMAL
5550,Krishna Thakkar,279507.0,11180.28,1,NORMAL
5551,Wriddhish Sarraf,307355.0,7660.46,2,NORMAL
5552,Aditya Badal,305103.0,3051.03,1,NORMAL
5553,Balhaar Butala,399295.0,15971.800000000001,1,NORMAL
5554,Aarini Gaba,625560.0,7191.51,4,NORMAL
5555,Darika Bhatia,457961.0,4579.61,1,NORMAL
5556,Upkaar Sura,216584.0,8663.36,1,NORMAL
5557,Eesha Maharaj,607391.0,6073.91,2,NORMAL
5559,Brinda Sarma,922972.0,36918.880000000005,2,NORMAL
5560,Eta Iyengar,229289.0,9171.56,1,NORMAL
5561,Ati Lall,370912.0,14836.48,1,NORMAL
5562,Vansha Mander,427159.0,4271.59,1,NORMAL
5564,Yashasvi Sem,677892.0,27115.68,3,NORMAL
5565,Bhanumati Hayre,853432.0,17348.59,3,NORMAL
5566,Qarin Rattan,166291.0,6651.64,1,NORMAL
5567,Vrishti Sangha,810838.0,18986.170000000002,3,NORMAL
5570,Arya Raj,196943.0,7877.72,1,NORMAL
5571,Devika Banik,457053.0,18282.12,1,NORMAL
5572,Elijah Bala,60469.0,604.69,1,NORMAL
5573,Kalpit Deo,190595.0,7623.8,1,NORMAL
5574,Rachit Chand,351515.0,3515.15,1,NORMAL
5575,Anirudh Cherian,1258305.0,31588.23,4,VIP
5576,Damini Gola,292452.0,5702.04,2,NORMAL
5578,Chakradhar Butala,478590.0,19143.600000000002,1,NORMAL
5579,Harita Roy,701196.0,16963.47,3,NORMAL
5581,Gagan Kar,415529.0,16621.16,1,NORMAL
5583,Shaurya Badal,1128399.0,36481.92,5,VIP
5584,Ekaja Verma,168903.0,1689.03,1,NORMAL
5585,Anvi Bera,453729.0,4537.29,2,NORMAL
5586,Aishani Mani,945569.0,35448.979999999996,3,NORMAL
5588,Onveer Balay,1030151.0,36759.380000000005,3,VIP
5589,Yasti Edwin,156905.0,6276.2,1,NORMAL
5590,Brinda Batra,1175308.0,20977.45,3,VIP
5592,Udant Rastogi,190727.0,1907.2700000000002,2,NORMAL
5594,Geetika Mandal,553795.0,10190.89,3,NORMAL
5595,Chakrika Mital,773964.0,17869.23,2,NORMAL
5596,Karan Naidu,812955.0,17983.62,2,NORMAL
5597,Janya Ray,414307.0,4143.070000000001,2,NORMAL
5598,Bishakha Yogi,482514.0,19300.56,1,NORMAL
5599,Ria Kale,336168.0,13446.720000000001,1,NORMAL
5601,Chakrika Rout,165371.0,1653.71,2,NORMAL
5602,Raagini Mody,448979.0,17959.16,1,NORMAL
5603,Robert Chaudhry,1260960.0,38102.97,3,VIP
5604,Saksham Jayaraman,415980.0,16639.2,3,NORMAL
5605,Dayamai Sha,259891.0,2598.91,1,NORMAL
5606,Samarth Swamy,107045.0,1070.45,1,NORMAL
5607,Qabil Walla,988894.0,39555.76,3,NORMAL
5608,Advaith Chacko,359010.0,14360.4,1,NORMAL
5609,Utkarsh Gupta,1207817.0,48312.68,3,VIP
5611,Sachi Deshpande,332131.0,3321.3100000000004,2,NORMAL
5612,Oni Pingle,27644.0,1105.76,1,NORMAL
5613,Jagdish Patil,59266.0,592.66,1,NORMAL
5615,Jagvi Gopal,598788.0,13043.130000000001,2,NORMAL
5617,Vaishnavi Jha,263402.0,2634.02,1,NORMAL
5618,Ayaan Mukhopadhyay,976602.0,30421.83,4,NORMAL
5619,Faqid Chaudry,617556.0,10093.32,2,NORMAL
5620,Jasmit Bir,763609.0,30544.36,2,NORMAL
5621,Laban Sunder,51497.0,2059.88,1,NORMAL
5625,Balveer Bhasin,175951.0,1759.51,1,NORMAL
5626,Sneha Talwar,560645.0,11400.05,3,NORMAL
5627,Ishwar Bhardwaj,294159.0,2941.59,1,NORMAL
5628,Oliver Shroff,522353.0,20894.120000000003,2,NORMAL
5629,Gagan Shere,340181.0,13607.24,3,NORMAL
5630,Yashoda Bhagat,823131.0,32925.240000000005,2,NORMAL
5631,Hardik Loyal,1060123.0,18767.8,3,VIP
5632,Wriddhish Chhabra,99090.0,990.9,1,NORMAL
5633,Yashasvi Krishnamurthy,113890.0,4555.6,2,NORMAL
5634,Brinda Agrawal,1040682.0,28337.91,4,VIP
5635,Saksham Mohan,296862.0,9075.27,2,NORMAL
5636,Vihaan Sane,921700.0,31066.84,4,NORMAL
5637,Eshana Chowdhury,1798917.0,47042.64,5,VIP
5638,Rajata Hora,735606.0,7356.0599999999995,2,NORMAL
5639,Ekbal Narayan,777442.0,19289.23,2,NORMAL
5640,Kai Walia,926827.0,32699.32,3,NORMAL
5641,Victor Dugar,323796.0,3237.96,2,NORMAL
5642,Aachal Tandon,158577.0,2557.56,3,NORMAL
5643,Inaya Bawa,1090725.0,43629.0,3,VIP
5644,Kalpit Pau,1563948.0,43471.11,4,VIP
5646,Luke Purohit,354916.0,4342.54,4,NORMAL
5647,Hemal Hari,274765.0,4175.77,3,NORMAL
5648,Tripti Barman,817288.0,32691.520000000004,2,NORMAL
5649,Bimala Gill,452552.0,18102.08,1,NORMAL
5650,Pratyush Goswami,808758.0,32350.32,2,NORMAL
5651,Arya Sekhon,1513763.0,37475.0,4,VIP
5652,Ethan Thaman,22396.0,223.96,1,NORMAL
5654,Raagini Kale,720502.0,20483.41,2,NORMAL
5655,Veda Sangha,287929.0,8137.75,2,NORMAL
5656,Matthew Bhat,85863.0,3434.52,1,NORMAL
5657,Ekalinga Sarma,242501.0,9700.04,1,NORMAL
5658,Qasim Upadhyay,428336.0,17133.44,2,NORMAL
5661,Amara Bawa,16737.0,669.48,1,NORMAL
5662,Ekaja Yadav,713542.0,19431.43,4,NORMAL
5664,Dayita Bhargava,810762.0,24954.72,3,NORMAL
5665,Yashoda Karpe,603570.0,16467.66,2,NORMAL
5666,Watika Sur,547028.0,17676.35,2,NORMAL
5667,Manbir Bahri,188492.0,7539.68,1,NORMAL
5669,Alka Bains,740638.0,29625.52,2,NORMAL
5670,Viraj Ravi,627857.0,24333.65,3,NORMAL
5671,Omisha Ganguly,403480.0,16139.2,1,NORMAL
5672,Atharv Kibe,382287.0,3822.87,1,NORMAL
5673,Barkha Raman,444855.0,17794.2,1,NORMAL
5676,Aradhana Kanda,483182.0,9880.97,2,NORMAL
5677,Akshay Jayaraman,254128.0,10165.12,1,NORMAL
5679,Megha Yogi,318302.0,3183.02,1,NORMAL
5680,Mekhala Baria,570436.0,5704.36,2,NORMAL
5681,Ikbal Sagar,176147.0,1761.47,1,NORMAL
5683,Devika Balan,808545.0,32341.800000000003,2,NORMAL
5684,Samarth Chada,398722.0,3987.2200000000003,1,NORMAL
5687,Saanvi Varghese,276084.0,11043.36,1,NORMAL
5688,Warda Bora,323267.0,7637.99,2,NORMAL
5692,Saumya Butala,355729.0,14229.16,1,NORMAL
5693,Janaki Chawla,357705.0,14308.2,1,NORMAL
5694,Nathan Lata,492193.0,4921.93,1,NORMAL
5695,Widisha Bora,262803.0,10512.12,1,NORMAL
5696,Deepa Samra,569891.0,9744.98,3,NORMAL
5697,Patrick Kurian,1031610.0,21441.78,4,VIP
5698,Anita Brar,443194.0,4431.9400000000005,1,NORMAL
5699,Kevin Sarraf,277241.0,2772.4100000000003,2,NORMAL
5700,Jyoti Wable,786300.0,23649.18,3,NORMAL
5702,Kabir Bir,624151.0,14590.48,5,NORMAL
5704,Urvashi Pandey,698394.0,23822.010000000002,4,NORMAL
5705,Balendra Natt,842246.0,19492.19,3,NORMAL
5706,Adya Mital,765023.0,14623.880000000001,4,NORMAL
5707,Oni Kara,465636.0,15606.87,2,NORMAL
5708,Gautami Chada,48770.0,487.7,1,NORMAL
5709,Jeet Cheema,239892.0,9595.68,1,NORMAL
5710,Ria Prabhakar,737602.0,7376.02,2,NORMAL
5712,Ryan Mody,271547.0,10861.880000000001,1,NORMAL
5713,Yadavi Basu,429631.0,4296.31,2,NORMAL
5714,Omaja Parsa,422933.0,14681.72,4,NORMAL
5715,Chakradev Tara,497151.0,19886.04,1,NORMAL
5716,Dalbir Nagi,386549.0,15461.960000000001,1,NORMAL
5717,Bhavya Suri,1050484.0,36729.01,5,VIP
5718,Warinder Oommen,1092342.0,38523.54,3,VIP
5719,Januja Dube,373796.0,3737.96,1,NORMAL
5722,Manan Ratta,737621.0,13114.07,3,NORMAL
5723,Anay Parikh,375886.0,7346.26,2,NORMAL
5724,Daksha Sehgal,234676.0,9387.04,2,NORMAL
5726,Benjamin Bera,577412.0,5774.12,2,NORMAL
5728,Yoshita Kant,389996.0,15599.84,1,NORMAL
5729,Isha Mistry,268370.0,7171.280000000001,2,NORMAL
5730,Gautam Kapur,259781.0,2597.81,1,NORMAL
5731,Laban Misra,381507.0,15260.28,1,NORMAL
5734,Prisha Dube,405699.0,16227.960000000001,1,NORMAL
5735,Charvi Uppal,119201.0,4768.04,1,NORMAL
5736,Xavier Rajagopal,470039.0,4700.39,1,NORMAL
5737,Charles Sule,246306.0,7747.89,2,NORMAL
5739,Varenya Chowdhury,499687.0,4996.87,1,NORMAL
5741,Vyanjana Karpe,640367.0,12654.2,3,NORMAL
5742,Ekanta Sibal,126217.0,5048.68,1,NORMAL
5743,Faraj Batra,546882.0,21875.28,2,NORMAL
5744,Arin Cheema,532558.0,16255.06,2,NORMAL
5745,Teerth Virk,34801.0,348.01,1,NORMAL
5746,Varenya Chauhan,265014.0,10600.56,1,NORMAL
5747,Wahab Balay,328045.0,3280.4500000000003,4,NORMAL
5748,Advaith Om,38237.0,1529.48,1,NORMAL
5749,Chandresh Shukla,490386.0,19615.44,1,NORMAL
5750,Frederick Chowdhury,486819.0,15374.58,2,NORMAL
5752,Joshua Sridhar,9678.0,96.78,1,NORMAL
5753,Lekha Dyal,485925.0,12468.09,2,NORMAL
5754,Ayush Bir,478491.0,19139.64,2,NORMAL
5755,Warinder Garde,779053.0,13227.76,3,NORMAL
5756,Arya Nagarajan,428650.0,5182.389999999999,2,NORMAL
5757,Tara Anand,408820.0,16352.800000000001,1,NORMAL
5758,Sara Lata,855470.0,34218.8,2,NORMAL
5762,Dhriti Dua,379303.0,15172.12,1,NORMAL
5765,Varsha Kala,325806.0,3258.06,1,NORMAL
5767,Zansi Kannan,450855.0,18034.2,1,NORMAL
5768,Mason Hari,313065.0,12522.6,1,NORMAL
5769,Samarth Manne,118735.0,1187.35,2,NORMAL
5771,Urmi Misra,474537.0,18981.48,2,NORMAL
5775,Arunima Sankaran,420033.0,16801.32,1,NORMAL
5776,Shravya Bhattacharyya,229310.0,6037.400000000001,2,NORMAL
5777,Ayush Memon,412313.0,16492.52,2,NORMAL
5778,Indira Kanda,257926.0,10317.04,2,NORMAL
5783,Avni Goyal,123684.0,4947.36,1,NORMAL
5784,Faris Kade,929377.0,37175.08,3,NORMAL
5785,Radha Krish,86889.0,868.89,1,NORMAL
5786,Mohammed Bumb,212223.0,8488.92,1,NORMAL
5787,Chameli Dhawan,166324.0,1663.24,1,NORMAL
5788,Yasti Shroff,496095.0,19843.8,1,NORMAL
5789,Luke Sur,983286.0,23834.010000000002,3,NORMAL
5790,Raagini Bansal,350246.0,3502.46,1,NORMAL
5791,Sai Raja,274404.0,10976.16,1,NORMAL
5793,Yadavi Narula,421343.0,11605.099999999999,2,NORMAL
5795,Theodore Madan,319913.0,12796.52,1,NORMAL
5796,Arin Mall,275898.0,2758.98,1,NORMAL
5797,Ati Patil,438643.0,17545.72,1,NORMAL
5798,Nathaniel Kar,334200.0,13368.0,1,NORMAL
5799,Manya Varughese,317236.0,3172.36,2,NORMAL
5800,Gabriel Lad,1060530.0,10605.3,3,VIP
5801,Vasudha Venkatesh,1040878.0,23367.64,3,VIP
5802,Lucky Mitter,245673.0,9826.92,1,NORMAL
5805,Ikshita Ravel,821079.0,8210.79,2,NORMAL
5806,Nandini Tiwari,291433.0,11657.32,1,NORMAL
5807,Warda Shere,263670.0,10546.800000000001,1,NORMAL
5808,Sai Kibe,642890.0,6428.9,2,NORMAL
5809,Omkaar Khare,768925.0,26329.87,3,NORMAL
5810,Girindra Bir,334568.0,13382.720000000001,1,NORMAL
5811,Yatin Dyal,810638.0,22103.75,3,NORMAL
5813,Kala Banik,415132.0,14793.16,2,NORMAL
5816,Mason Hora,18201.0,182.01,1,NORMAL
5817,Ayush Muni,1365382.0,39657.130000000005,3,VIP
5818,Keya Halder,1259276.0,42923.33,5,VIP
5819,Dakshesh Kapur,607790.0,9640.94,2,NORMAL
5820,Balhaar Ghose,82204.0,3288.16,1,NORMAL
5821,Bhavani Mohanty,872669.0,8726.69,3,NORMAL
5822,Vivaan Karan,374145.0,14227.5,2,NORMAL
5824,Warinder Gala,467717.0,4677.17,1,NORMAL
5827,Ranbir Thakur,205515.0,5892.4800000000005,2,NORMAL
5829,Onkar Shere,1408122.0,20170.41,4,VIP
5830,Jatin Pingle,1049899.0,18482.68,4,VIP
5831,Naveen Kaul,336741.0,13469.64,1,NORMAL
5832,Panini Dugar,429746.0,4297.46,1,NORMAL
5834,Gautami Puri,44007.0,440.07,1,NORMAL
5835,Unni Borah,229275.0,2292.75,1,NORMAL
5836,Ladli Babu,454000.0,18160.0,1,NORMAL
5837,Osha Ganguly,412323.0,4123.2300000000005,1,NORMAL
5838,Ekbal Borde,482091.0,7397.46,2,NORMAL
5840,Michael Sen,638163.0,18657.48,2,NORMAL
5841,Sarthak Rai,723964.0,21011.65,2,NORMAL
5842,Niharika Agate,488584.0,4885.84,1,NORMAL
5843,Sara Setty,553808.0,11190.02,2,NORMAL
5844,Vidhi Shroff,977582.0,24956.3,3,NORMAL
5845,Yutika Warrior,434205.0,10491.24,2,NORMAL
5846,Zashil Karnik,920183.0,22316.54,3,NORMAL
5847,Nisha Nayak,410005.0,16400.2,1,NORMAL
5849,Pranav Nath,228195.0,9127.800000000001,1,NORMAL
5850,Aryan Aggarwal,873321.0,14176.17,3,NORMAL
5851,Janya Palla,1564063.0,53595.76,5,VIP
5852,Pavani Kibe,620193.0,7407.36,3,NORMAL
5853,Nilima Seshadri,682477.0,6824.77,2,NORMAL
5857,Siya Gopal,7025.0,281.0,1,NORMAL
5858,Champak Cheema,99856.0,998.5600000000001,1,NORMAL
5860,Leela Amble,1401187.0,14011.869999999999,3,VIP
5861,Rohan Mani,633281.0,6332.81,2,NORMAL
5864,Simon Nath,329228.0,3292.28,1,NORMAL
5867,Frado Patil,42576.0,1703.04,1,NORMAL
5868,Sudiksha Mishra,315875.0,3158.75,1,NORMAL
5869,Daksha Bedi,457073.0,18282.920000000002,1,NORMAL
5870,Manbir Acharya,94634.0,946.34,1,NORMAL
5871,Vasudha Chatterjee,618581.0,6185.81,3,NORMAL
5872,Vamakshi Thakur,1326970.0,53078.8,3,VIP
5873,Neha Sachdev,1818935.0,18189.350000000002,5,VIP
5874,Raghav Sanghvi,412979.0,4129.79,1,NORMAL
5875,Barkha Dayal,275248.0,11009.92,1,NORMAL
5876,Wyatt Karan,711403.0,15257.5,2,NORMAL
5877,Jeevika Handa,804684.0,32187.36,2,NORMAL
5880,David Varughese,27937.0,279.37,1,NORMAL
5881,Ishanvi Suri,251051.0,10042.04,1,NORMAL
5883,Waida Gandhi,570494.0,13887.53,2,NORMAL
5884,Warhi Prashad,1441585.0,50869.240000000005,5,VIP
5885,Samaksh Tara,355106.0,6890.21,2,NORMAL
5886,Gayathri Randhawa,278269.0,11130.76,1,NORMAL
5887,Aarush Chanda,956757.0,18366.12,3,NORMAL
5888,Jyoti Bhakta,1260858.0,14820.0,5,VIP
5890,Balvan Borah,335443.0,3354.43,2,NORMAL
5891,Dhriti Nagy,1265884.0,26411.770000000004,3,VIP
5892,Yahvi Seth,38836.0,1553.44,1,NORMAL
5893,Ekta Badami,20997.0,209.97,1,NORMAL
5894,Radha Loyal,297855.0,11914.2,1,NORMAL
5895,Balhaar Pandit,265278.0,4397.73,2,NORMAL
5896,Ekani Gade,225832.0,2258.32,1,NORMAL
5898,Krishna Banerjee,138291.0,1382.91,1,NORMAL
5899,Anya Sharma,1014555.0,40582.200000000004,3,VIP
5900,Brijesh Khatri,846583.0,8465.83,4,NORMAL
5901,Nilima Kalla,1160233.0,11602.33,3,VIP
5903,Omisha Venkatesh,210465.0,2104.65,1,NORMAL
5904,Ridhi Vyas,681684.0,12551.52,2,NORMAL
5906,Aarini Butala,592023.0,5920.23,2,NORMAL
5907,Bhavini Chaudhry,17157.0,171.57,1,NORMAL
5910,Xavier Sastry,460890.0,18127.53,2,NORMAL
5911,Suhani Gara,293026.0,11721.04,1,NORMAL
5914,Jatin Lalla,5517.0,55.17,1,NORMAL
5915,Eesha Sant,362255.0,4691.63,2,NORMAL
5917,Bakhshi Chaudry,186797.0,1867.97,2,NORMAL
5919,Gaurangi Bera,903947.0,36157.880000000005,2,NORMAL
5920,Chandresh Balasubramanian,419068.0,16762.72,2,NORMAL
5921,Amol Banerjee,412007.0,8823.98,2,NORMAL
5922,Gauri Sundaram,893733.0,21795.059999999998,3,NORMAL
5923,Oni Halder,418417.0,4184.17,1,NORMAL
5924,Abha Sankaran,545108.0,5451.08,3,NORMAL
5925,Frado Ghosh,878033.0,8780.33,2,NORMAL
5927,Lekha Ratta,206592.0,2065.92,1,NORMAL
5928,Michael Char,334646.0,11170.43,2,NORMAL
5930,Jeremiah Manda,166711.0,1667.1100000000001,1,NORMAL
5931,Guneet Munshi,816882.0,32675.280000000002,2,NORMAL
5932,Fiyaz Mutti,396846.0,7580.97,2,NORMAL
5933,Nandini Morar,417701.0,10158.23,2,NORMAL
5934,Kabir Mandal,283256.0,2832.5600000000004,2,NORMAL
5935,Nisha Brar,279135.0,11165.4,2,NORMAL
5936,Balveer Vyas,140192.0,5607.68,1,NORMAL
5937,Vrinda Sami,350278.0,5250.76,2,NORMAL
5938,George Sankaran,532428.0,6308.58,2,NORMAL
5939,Rudra Mander,625917.0,6259.17,2,NORMAL
5940,Dayita Sandal,201897.0,2018.97,1,NORMAL
5941,Kritika Dhaliwal,877063.0,30963.489999999998,3,NORMAL
5942,Anusha Palla,495451.0,19818.04,1,NORMAL
5943,Simon Bhatnagar,390137.0,3901.37,1,NORMAL
5945,Abdul Ravi,57608.0,576.08,1,NORMAL
5946,Nihal Narasimhan,497706.0,4977.06,1,NORMAL
5947,Diya Kapur,417620.0,16704.8,2,NORMAL
5948,Devika Varghese,219599.0,8434.67,2,NORMAL
5949,Hiral Bobal,435735.0,17429.4,1,NORMAL
5950,Imaran Bava,1064856.0,29568.36,5,VIP
5952,Max Master,526558.0,15102.1,2,NORMAL
5954,Rachit Kashyap,293285.0,2932.85,1,NORMAL
5955,Ucchal Wagle,293200.0,11728.0,1,NORMAL
5956,Yachana Kulkarni,465664.0,4656.64,1,NORMAL
5957,Bhavini Sharaf,789797.0,16931.39,2,NORMAL
5958,Adweta Palla,49422.0,494.22,1,NORMAL
5960,Amara Anand,261790.0,2617.9,1,NORMAL
5961,Jack Dhawan,259805.0,2598.05,1,NORMAL
5962,Adya Rai,214711.0,8588.44,1,NORMAL
5963,Praneel Sunder,702135.0,28085.4,2,NORMAL
5964,Varenya Ramachandran,360847.0,4790.38,2,NORMAL
5966,Saanvi Srinivas,143952.0,1439.52,1,NORMAL
5967,Hema Raja,357843.0,14313.720000000001,2,NORMAL
5968,Advaith Choudhry,430596.0,4305.96,1,NORMAL
5969,Ishita Mahajan,531860.0,13199.39,2,NORMAL
5970,Damyanti Varty,130922.0,5236.88,1,NORMAL
5971,Charles Bali,182698.0,2312.02,2,NORMAL
5972,Ria Raj,723112.0,18374.14,3,NORMAL
5973,Oliver Bhargava,750083.0,13659.08,3,NORMAL
5974,Upkaar Wali,19446.0,194.46,1,NORMAL
5975,Qushi Varty,622857.0,6228.570000000001,2,NORMAL
5976,Manya Khurana,452713.0,4527.13,1,NORMAL
5978,Parth Behl,602812.0,19103.47,2,NORMAL
5981,Tamanna Chahal,440058.0,17602.32,1,NORMAL
5982,Hamsini Pall,48709.0,1948.3600000000001,1,NORMAL
5983,Oni Mukhopadhyay,335877.0,13435.08,1,NORMAL
5985,Netra Lanka,222928.0,2229.2799999999997,2,NORMAL
5988,Sathvik Agrawal,165876.0,4237.95,2,NORMAL
5989,Arjun Gour,102146.0,1021.46,1,NORMAL
5990,Sai Raju,1206082.0,19376.29,3,VIP
5991,Umang Ahuja,596416.0,19163.08,2,NORMAL
5992,Triya Hayer,850962.0,19676.4,2,NORMAL
5994,Vrishti Sen,487538.0,19501.52,1,NORMAL
5996,Janaki Walla,748845.0,23184.480000000003,6,NORMAL
5997,Oscar Badami,470803.0,4708.03,1,NORMAL
5998,Aashi Vora,171351.0,5159.46,2,NORMAL
6000,Watika Srinivas,475457.0,19018.28,2,NORMAL
6002,Om Maharaj,357580.0,3575.8,1,NORMAL
6003,Orinder Parmer,1287901.0,43864.93,4,VIP
6006,Yashodhara Boase,569784.0,5697.84,3,NORMAL
6007,Indrajit Choudhary,178341.0,1783.41,1,NORMAL
6008,Qadim Murthy,802631.0,14410.189999999999,4,NORMAL
6009,Yutika Bakshi,912379.0,23878.600000000002,3,NORMAL
6010,Abhiram Cheema,262460.0,2624.6,1,NORMAL
6011,Yash Srinivasan,493697.0,19747.88,1,NORMAL
6013,Darsh Chauhan,383485.0,9730.99,2,NORMAL
6014,Aarnav Chhabra,330083.0,4545.32,2,NORMAL
6015,Hemal Konda,100017.0,4000.6800000000003,1,NORMAL
6016,Rishi Jayaraman,248180.0,8125.880000000001,2,NORMAL
6018,Sarthak Chadha,858260.0,8582.6,3,NORMAL
6019,Christopher Sanghvi,673993.0,26802.43,4,NORMAL
6021,Lakshmi Iyengar,593433.0,5934.33,2,NORMAL
6022,Rushil Virk,385730.0,15429.2,1,NORMAL
6023,Darika Khare,227480.0,9099.2,1,NORMAL
6024,Baghyawati Keer,454359.0,18174.36,1,NORMAL
6025,Wridesh Apte,280817.0,11232.68,1,NORMAL
6026,Ekaraj Vala,245327.0,9813.08,1,NORMAL
6028,Yatin Randhawa,632725.0,20472.73,2,NORMAL
6029,Avni Misra,503347.0,17051.440000000002,3,NORMAL
6030,Timothy Devi,342188.0,13687.52,1,NORMAL
6031,Mahika Dhingra,137393.0,5495.72,1,NORMAL
6034,Harita Natt,660610.0,26424.4,2,NORMAL
6035,Geetika Kala,453731.0,18149.24,1,NORMAL
6036,Osha Sem,321720.0,11756.19,2,NORMAL
6037,Amol Vig,459227.0,7384.31,2,NORMAL
6038,Advik Singh,212613.0,6010.83,2,NORMAL
6039,Bhavini Kata,283435.0,11337.4,2,NORMAL
6040,Damini Bakshi,46346.0,1853.8400000000001,1,NORMAL
6041,Zayan Rattan,232333.0,9293.32,1,NORMAL
6042,Ekanta Chatterjee,396682.0,15867.28,1,NORMAL
6044,Robert Dada,397467.0,3974.67,2,NORMAL
6045,Hema Deshmukh,751658.0,7516.58,2,NORMAL
6046,Zarna Bala,579327.0,18320.73,2,NORMAL
6047,Nimrat Issac,744550.0,23533.39,4,NORMAL
6048,Chatura Mani,590129.0,15387.47,3,NORMAL
6049,Udarsh Deo,439968.0,17598.72,2,NORMAL
6050,Shravya Tank,363165.0,14526.6,2,NORMAL
6051,Warda Ramesh,847757.0,20617.61,2,NORMAL
6052,Ekansh Master,499673.0,19986.920000000002,1,NORMAL
6053,Elijah Sampath,170410.0,6816.400000000001,1,NORMAL
6054,Anmol Devi,1054576.0,29223.07,3,VIP
6056,Zehaan Narasimhan,72782.0,727.82,1,NORMAL
6058,Kamala Gola,368542.0,14741.68,1,NORMAL
6059,Ekaja Pandya,471236.0,4712.36,1,NORMAL
6060,Siddharth Korpal,471394.0,4713.9400000000005,1,NORMAL
6061,Jagdish Aggarwal,365259.0,3652.59,1,NORMAL
6062,Yug Thaman,686197.0,27447.879999999997,3,NORMAL
6063,Fitan Oza,504313.0,20172.52,2,NORMAL
6064,Parth Muni,529528.0,7889.26,3,NORMAL
6065,Vaishnavi Minhas,1115575.0,37011.850000000006,3,VIP
6066,Eesha Naidu,134187.0,5367.4800000000005,1,NORMAL
6067,Hredhaan Parmer,1049081.0,31715.510000000002,4,VIP
6068,Charita Krishnamurthy,338569.0,3385.69,1,NORMAL
6069,Tanveer Mistry,476923.0,8155.120000000001,3,NORMAL
6070,Tamanna Kapur,753017.0,17196.08,4,NORMAL
6071,Dakshesh Das,988363.0,20211.37,3,NORMAL
6072,Hiral Garde,335462.0,3354.62,1,NORMAL
6073,Sudiksha Soni,364076.0,14563.04,1,NORMAL
6074,Daksha Dar,148879.0,1488.79,1,NORMAL
6075,Ekaja Kadakia,141805.0,1418.05,1,NORMAL
6076,Ranveer Mann,928930.0,9289.3,2,NORMAL
6078,Jackson Bhardwaj,855305.0,19496.63,2,NORMAL
6079,Anthony Chana,608814.0,18354.66,3,NORMAL
6080,Rajeshri Bhagat,490753.0,16090.300000000001,2,NORMAL
6081,Abha Krishnan,369490.0,3694.8999999999996,3,NORMAL
6082,Vritti Pillay,194744.0,7789.76,1,NORMAL
6083,Daksha Pandey,243175.0,2431.75,1,NORMAL
6084,Jagvi Iyengar,1535290.0,49883.35,4,VIP
6085,Upma Balay,1129844.0,15914.66,4,VIP
6088,Ranbir Parekh,745558.0,15633.31,2,NORMAL
6089,Pranav Madan,1157555.0,11575.55,3,VIP
6090,Yashica Dhar,251523.0,10060.92,1,NORMAL
6091,Qadim Agarwal,45451.0,454.51,1,NORMAL
6092,Darsh Rajagopalan,1228362.0,24324.75,3,VIP
6093,Gaurang Prabhakar,907751.0,18453.230000000003,4,NORMAL
6094,Chaitanya Bali,1963829.0,56249.6,6,VIP
6095,Qarin Wali,282883.0,11315.32,1,NORMAL
6096,Oscar Sachar,571985.0,9145.67,2,NORMAL
6097,Prisha Bhat,401379.0,14652.570000000002,2,NORMAL
6098,Hitesh Kade,261601.0,2616.01,1,NORMAL
6099,Jackson Kalla,308455.0,3084.55,1,NORMAL
6100,Alka Padmanabhan,677165.0,20531.600000000002,2,NORMAL
6101,Vedika Konda,30866.0,1234.64,1,NORMAL
6103,Anya Gupta,901437.0,23504.04,2,NORMAL
6104,Simon Choudhry,444338.0,10146.98,2,NORMAL
6105,Mason Batra,604832.0,9952.37,3,NORMAL
6106,Adya Dhawan,596606.0,23864.24,2,NORMAL
6107,Bishakha Thaker,414352.0,16574.08,1,NORMAL
6108,Andrew Swamy,776897.0,19584.23,2,NORMAL
6109,Devika Kapoor,365339.0,3653.3900000000003,3,NORMAL
6110,Bhavini Chopra,637252.0,25490.079999999998,2,NORMAL
6111,Yatin Behl,975717.0,34561.86,5,NORMAL
6112,Ucchal Prakash,47063.0,470.63,1,NORMAL
6113,Dalbir Karan,113910.0,1139.1000000000001,1,NORMAL
6115,Faqid Sengupta,390772.0,15630.880000000001,1,NORMAL
6117,Unni Varma,358004.0,14320.16,1,NORMAL
6119,Kai Brahmbhatt,340718.0,3407.1800000000003,1,NORMAL
6120,Jalsa Butala,829804.0,8298.04,2,NORMAL
6121,Nimrat Grewal,25450.0,254.5,1,NORMAL
6124,Jonathan Kala,697288.0,21011.95,5,NORMAL
6125,Aarush Sachar,433000.0,15758.5,2,NORMAL
6126,Jagat Soman,169318.0,1693.18,1,NORMAL
6128,Widisha Gill,298340.0,11933.6,1,NORMAL
6129,Manbir Desai,472033.0,18881.32,2,NORMAL
6132,Neha Dani,239030.0,2390.3,1,NORMAL
6133,Nathan Dayal,758131.0,19878.91,2,NORMAL
6134,Anjali Doctor,45297.0,1811.88,1,NORMAL
6135,Damyanti Atwal,818478.0,8184.780000000001,2,NORMAL
6136,Omya Desai,209166.0,8366.64,1,NORMAL
6137,Mahika Kibe,380496.0,3804.96,1,NORMAL
6138,Warda Jain,262166.0,10486.64,1,NORMAL
6140,Yauvani Patil,214815.0,8592.6,1,NORMAL
6141,Ranbir Palan,28638.0,286.38,1,NORMAL
6142,Widisha Om,306948.0,3069.48,1,NORMAL
6143,Jeevika Lad,327969.0,13118.76,1,NORMAL
6144,Yochana Dewan,607964.0,8635.369999999999,3,NORMAL
6147,Chandani Nadkarni,662963.0,6629.63,2,NORMAL
6148,Nihal Sawhney,913523.0,36540.92,2,NORMAL
6149,Gautami Thakkar,469390.0,16289.560000000001,3,NORMAL
6151,Teerth Lata,448407.0,4484.070000000001,2,NORMAL
6152,Abhimanyu Jain,158139.0,5587.349999999999,2,NORMAL
6154,Chakrika Badami,432614.0,17304.56,1,NORMAL
6155,Girik Gandhi,199026.0,7961.04,1,NORMAL
6157,Faras Trivedi,1168940.0,20895.98,3,VIP
6158,Yamini Subramaniam,508800.0,11980.23,2,NORMAL
6160,Agastya Gour,1396918.0,24417.58,4,VIP
6162,Kashvi Bobal,1441616.0,35918.81,5,VIP
6163,Vaishnavi Saini,100446.0,1004.46,1,NORMAL
6166,Oliver Gaba,155276.0,3537.23,2,NORMAL
6167,Aditya Kothari,359063.0,3590.63,1,NORMAL
6168,Jeet Wagle,375301.0,3753.01,1,NORMAL
6169,Meghana Goda,390540.0,7816.08,2,NORMAL
6170,Ojas Lala,36696.0,971.64,2,NORMAL
6172,Ekavir Shenoy,472060.0,18882.4,2,NORMAL
6173,Pavani Chowdhury,333199.0,13327.960000000001,1,NORMAL
6174,Oliver Ben,736468.0,29458.72,2,NORMAL
6175,Jagat Sandhu,439802.0,4398.02,1,NORMAL
6176,Leela Mohanty,257432.0,2574.32,1,NORMAL
6177,Nachiket Raghavan,638139.0,11896.77,2,NORMAL
6178,Radhika Sood,562600.0,17184.97,2,NORMAL
6179,Unnati Vora,163519.0,6540.76,1,NORMAL
6180,Upadhriti Sangha,782453.0,20965.22,4,NORMAL
6181,Zaitra Barad,163158.0,6526.32,1,NORMAL
6182,Krishna Dhaliwal,473665.0,16252.84,2,NORMAL
6183,Adweta Krish,654586.0,11901.19,2,NORMAL
6186,Harish Mahal,1082099.0,18642.77,5,VIP
6187,Diya Patil,1160183.0,33821.42,3,VIP
6188,Nathaniel Chawla,490287.0,4902.87,1,NORMAL
6189,Bhavani Rajagopalan,708647.0,7086.470000000001,4,NORMAL
6190,Bina Chand,1239928.0,12399.28,3,VIP
6191,Advika Soman,514407.0,9716.19,2,NORMAL
6194,Abhimanyu Soman,1315533.0,37809.45,3,VIP
6195,Riya Kanda,312447.0,3124.4700000000003,1,NORMAL
6196,Nathaniel Bir,517212.0,5172.12,2,NORMAL
6199,Andrew Dave,119822.0,4792.88,1,NORMAL
6200,Bhavya Srinivasan,184133.0,1841.33,1,NORMAL
6201,Vrishti Mangat,218814.0,2188.14,2,NORMAL
6202,Hredhaan Malhotra,228588.0,9143.52,1,NORMAL
6203,Daniel Kapur,254425.0,10177.0,1,NORMAL
6205,Jairaj Joshi,11259.0,112.59,1,NORMAL
6207,Vidhi Kapoor,183300.0,1833.0,1,NORMAL
6208,Oeshi Chaudry,859217.0,34368.68,3,NORMAL
6209,Rudra Virk,922644.0,33625.200000000004,4,NORMAL
6210,Girish Munshi,212084.0,2120.84,1,NORMAL
6211,Parth Vora,318363.0,3183.63,1,NORMAL
6212,Nidhi Andra,614026.0,15831.220000000001,2,NORMAL
6213,Ayushman Hari,719698.0,16034.740000000002,4,NORMAL
6214,Theodore Aurora,316529.0,3165.29,2,NORMAL
6215,Neelima Upadhyay,435139.0,17405.56,1,NORMAL
6217,Veda Palla,283408.0,11336.32,1,NORMAL
6218,Lekha Nayak,54870.0,1638.7200000000003,2,NORMAL
6219,Leena Sem,659717.0,6597.17,2,NORMAL
6220,Aahana Kapur,129338.0,5173.52,1,NORMAL
6222,Lakshmi Patla,251962.0,10078.48,1,NORMAL
6223,Aahana Kapur,589424.0,17258.059999999998,4,NORMAL
6224,Sachi Bajaj,17520.0,175.20000000000002,1,NORMAL
6225,Vrishti Chatterjee,385104.0,14201.1,2,NORMAL
6226,Samarth Butala,796387.0,31855.48,3,NORMAL
6228,Gauri Pau,377091.0,4537.89,3,NORMAL
6229,Leela Yohannan,1447270.0,35287.240000000005,4,VIP
6230,Imaran Sahni,191158.0,7646.32,1,NORMAL
6231,Bakhshi Ramesh,114229.0,4569.16,1,NORMAL
6232,Xiti Shan,434229.0,4342.29,2,NORMAL
6233,Jasmit Doctor,36239.0,362.39,1,NORMAL
6234,Ekavir Sagar,600052.0,23109.07,3,NORMAL
6235,Kavya Borra,765497.0,17525.510000000002,3,NORMAL
6237,Aarnav Ganesh,375651.0,15026.04,1,NORMAL
6239,Zilmil Sankaran,363117.0,4065.57,3,NORMAL
6240,Bachittar Banerjee,327525.0,13101.0,1,NORMAL
6241,Yutika Solanki,475025.0,8732.15,3,NORMAL
6243,Jasmit Sandal,275476.0,11019.04,1,NORMAL
6244,Baghyawati Dar,605853.0,10676.67,3,NORMAL
6245,Meghana Aurora,76501.0,765.01,1,NORMAL
6246,Samarth Sant,402145.0,4021.4500000000003,2,NORMAL
6248,Simon Chaudhry,475946.0,19037.84,1,NORMAL
6249,Kritika Iyer,852454.0,8524.54,2,NORMAL
6250,Oscar Datta,442636.0,4426.36,1,NORMAL
6251,Ucchal Tak,1168687.0,46747.48,3,VIP
6252,Jyoti Vig,463772.0,18550.88,1,NORMAL
6253,Gautam Saha,729845.0,7298.450000000001,2,NORMAL
6254,Tanvi Rana,745934.0,19992.559999999998,2,NORMAL
6255,Jagvi Lal,632930.0,20257.76,2,NORMAL
6256,Eiravati Mohanty,875908.0,25623.52,3,NORMAL
6258,Rishi Mand,758353.0,30334.120000000003,3,NORMAL
6259,Frado Salvi,288113.0,2881.13,1,NORMAL
6260,Ridhi Chand,978152.0,9781.52,3,NORMAL
6262,Zarna Wagle,329843.0,3298.4300000000003,2,NORMAL
6263,Vansha Jani,57373.0,573.73,1,NORMAL
6265,Theodore Dhingra,273787.0,2737.87,1,NORMAL
6266,Mekhala Chaudhary,682605.0,27304.2,2,NORMAL
6267,Nachiket Gole,152123.0,6084.92,1,NORMAL
6269,Lekha Wason,721815.0,14307.990000000002,2,NORMAL
6270,Meghana Virk,491379.0,17736.780000000002,3,NORMAL
6271,Garima Dua,789902.0,16833.02,2,NORMAL
6272,Baljiwan Tara,127818.0,1278.18,1,NORMAL
6273,Bhanumati Vyas,435947.0,4359.47,1,NORMAL
6276,Udarsh Sur,479102.0,4791.02,1,NORMAL
6277,Faris Prasad,686709.0,6867.09,2,NORMAL
6278,Yamini Issac,269205.0,2692.05,1,NORMAL
6279,Chatura Nayak,851011.0,23074.96,3,NORMAL
6280,Faras Gala,158225.0,1582.25,1,NORMAL
6281,Abeer Kar,498473.0,4984.7300000000005,1,NORMAL
6283,Riya Gill,443447.0,17737.88,2,NORMAL
6285,Praneel Rana,448651.0,17946.04,1,NORMAL
6287,Harshil Agate,274698.0,10987.92,1,NORMAL
6288,Urmi Mane,8963.0,89.63,1,NORMAL
6289,Vrishti Rao,27639.0,1105.56,1,NORMAL
6290,Vasatika Mukhopadhyay,881043.0,16397.61,3,NORMAL
6291,Lila Sen,23618.0,236.18,1,NORMAL
6292,Anika Chauhan,68456.0,2738.2400000000002,2,NORMAL
6293,Vyanjana Raj,731440.0,29257.6,4,NORMAL
6294,Anamika Mody,847697.0,33321.53,4,NORMAL
6296,Nisha Apte,971351.0,15100.43,3,NORMAL
6297,Hardik Gola,396318.0,3963.1800000000003,1,NORMAL
6298,Krisha Radhakrishnan,33414.0,334.14,1,NORMAL
6299,Om Oommen,1118883.0,23997.93,4,VIP
6300,Max Garde,1004045.0,25547.93,3,VIP
6301,Rachana Chahal,449171.0,17966.84,1,NORMAL
6302,Pranav Bail,241188.0,2411.88,2,NORMAL
6303,Samesh Palla,437235.0,4372.35,1,NORMAL
6305,Priya Bal,755295.0,20146.74,2,NORMAL
6307,Om Rau,321691.0,3216.91,1,NORMAL
6308,Alexander Dhar,883242.0,33014.88,4,NORMAL
6309,Indrajit Gera,99823.0,3992.92,1,NORMAL
6311,Aradhana Kuruvilla,435885.0,8218.5,2,NORMAL
6312,Samar Bora,619214.0,15333.08,3,NORMAL
6313,Triveni Sachdev,131071.0,1310.71,1,NORMAL
6314,Aditya Chanda,304568.0,3485.99,2,NORMAL
6315,Tara Nayak,913196.0,32125.159999999996,4,NORMAL
6316,Wakeeta Sathe,492186.0,19687.44,2,NORMAL
6317,Nisha Seth,336923.0,12675.41,2,NORMAL
6319,Krishna Varkey,1050066.0,23141.7,3,VIP
6320,Aarini Divan,387314.0,3873.14,1,NORMAL
6321,Warhi Nigam,130389.0,1303.89,1,NORMAL
6322,Samuel Sachdev,296638.0,11865.52,1,NORMAL
6324,Advay Sabharwal,467264.0,4672.64,2,NORMAL
6325,Hardik Mital,127165.0,1271.65,1,NORMAL
6328,Azaan Goyal,93941.0,1443.5,2,NORMAL
6330,Qasim Patla,427722.0,17108.88,1,NORMAL
6331,Inaya Choudhry,161641.0,6465.64,1,NORMAL
6332,Chavvi Hayer,294273.0,2942.73,1,NORMAL
6333,Manbir Palla,719010.0,18456.78,2,NORMAL
6334,Unnati Krishnan,1050145.0,22753.54,3,VIP
6335,Falak Prabhu,744237.0,16893.81,2,NORMAL
6337,Mitesh Salvi,481784.0,4817.84,2,NORMAL
6338,Ayaan Padmanabhan,524487.0,5244.87,2,NORMAL
6339,Anusha Kar,868543.0,34741.72,3,NORMAL
6341,Aadi Toor,450124.0,4501.24,1,NORMAL
6342,Aryan Bajaj,608297.0,22574.6,3,NORMAL
6344,Daniel Bobal,900108.0,30889.71,3,NORMAL
6345,Triya Buch,424262.0,16656.530000000002,2,NORMAL
6346,Kamala Patla,436853.0,17474.12,1,NORMAL
6347,Krishna Sampath,851349.0,26992.950000000004,3,NORMAL
6348,Manthan Deo,641945.0,24359.21,3,NORMAL
6350,Kiaan Swamy,47180.0,471.8,1,NORMAL
6351,Charles Madan,1039043.0,10390.43,3,VIP
6353,Ikbal Kar,448195.0,6976.66,3,NORMAL
6354,Bhavna Purohit,732044.0,29281.760000000002,2,NORMAL
6356,Niharika Narain,275281.0,11011.24,1,NORMAL
6357,Yutika Mandal,219054.0,8410.560000000001,2,NORMAL
6358,Vidhi Palla,153882.0,6155.28,1,NORMAL
6361,Janaki Sidhu,1090908.0,23009.97,4,VIP
6364,Upadhriti Uppal,391058.0,6063.2300000000005,2,NORMAL
6365,Girindra Nagy,166653.0,6666.120000000001,2,NORMAL
6366,Yashawini Gulati,450979.0,18039.16,1,NORMAL
6367,Neha Reddy,207266.0,8290.64,1,NORMAL
6370,Balhaar Dara,41990.0,419.90000000000003,1,NORMAL
6371,Nikita Shah,118276.0,4731.04,1,NORMAL
6372,Harish Tara,121760.0,4870.400000000001,1,NORMAL
6373,Bhavani Wason,457259.0,18290.36,1,NORMAL
6374,Samuel Morar,487162.0,4871.62,3,NORMAL
6375,Chakrika Divan,353163.0,14126.52,1,NORMAL
6376,Raksha Memon,202244.0,2022.44,1,NORMAL
6377,Gauri Dhar,97834.0,3913.36,1,NORMAL
6378,Ati Goda,193953.0,7758.12,1,NORMAL
6379,Ekani Mani,398296.0,9460.96,4,NORMAL
6380,Saksham Shroff,424698.0,16987.920000000002,1,NORMAL
6381,George Goswami,21786.0,217.86,1,NORMAL
6382,Abeer Mitter,531565.0,8538.49,2,NORMAL
6384,Arjun Basak,411102.0,4111.02,1,NORMAL
6385,Warda Mallick,132010.0,5280.400000000001,1,NORMAL
6387,Samesh Kaur,452298.0,4522.9800000000005,1,NORMAL
6388,Oscar Suresh,898784.0,26173.010000000002,3,NORMAL
6389,Odika Bumb,671968.0,24660.879999999997,3,NORMAL
6391,Henry Sinha,231892.0,2318.92,1,NORMAL
6392,Dayamai Sachar,315719.0,12628.76,1,NORMAL
6394,Abhimanyu Garde,461167.0,18446.68,2,NORMAL
6395,Rudra Varty,1260864.0,50434.56,4,VIP
6396,Yashodhara Walla,397974.0,3979.7400000000002,1,NORMAL
6397,Vasudha Raja,269293.0,10771.72,1,NORMAL
6398,Anvi Badal,358685.0,7837.25,2,NORMAL
6399,Ira Joshi,335302.0,3353.02,1,NORMAL
6400,Praneel Brar,175236.0,7009.4400000000005,1,NORMAL
6402,Pranav Keer,594533.0,18362.93,2,NORMAL
6403,Bhanumati Manda,438696.0,17547.84,2,NORMAL
6404,Ikshita Dugar,996169.0,24875.230000000003,2,NORMAL
6405,Isaiah Sachdeva,445587.0,17823.48,2,NORMAL
6406,Kiaan Yohannan,549370.0,5493.700000000001,2,NORMAL
6407,Bhavya Batta,379525.0,4395.91,2,NORMAL
6408,Chaman Pau,835280.0,25281.26,3,NORMAL
6409,Umang Ganesh,416347.0,4163.47,2,NORMAL
6410,Imaran Amble,144628.0,1446.28,1,NORMAL
6411,Xavier Suresh,799739.0,11848.67,4,NORMAL
6412,Meera Dar,970408.0,24228.13,3,NORMAL
6413,Faris Borra,296016.0,11840.64,1,NORMAL
6415,Qasim Bhatt,960290.0,30345.92,3,NORMAL
6416,Wahab Dhingra,655722.0,19225.14,2,NORMAL
6417,Oni Barad,462612.0,4626.12,1,NORMAL
6418,Meghana Nair,954308.0,26129.63,4,NORMAL
6419,Zinal Wadhwa,701778.0,16542.510000000002,3,NORMAL
6420,Owen Datta,764855.0,30594.2,3,NORMAL
6421,Xavier Borra,608157.0,17486.670000000002,3,NORMAL
6422,Qabil Banerjee,380731.0,5030.14,2,NORMAL
6423,Jairaj Gokhale,445095.0,4450.95,1,NORMAL
6428,Gautami Raval,896808.0,35872.32,2,NORMAL
6429,Nachiket Sekhon,134841.0,1348.41,1,NORMAL
6430,Edhitha Sanghvi,361343.0,10935.349999999999,3,NORMAL
6431,Siddharth Pillai,1383988.0,26826.760000000002,4,VIP
6432,Kritika Nayar,919306.0,9193.060000000001,3,NORMAL
6435,Aarini Deol,502046.0,16086.41,2,NORMAL
6437,Damini Walla,90633.0,3625.32,2,NORMAL
6438,Dakshesh Panchal,1140261.0,24012.809999999998,3,VIP
6439,Bhavna Sharaf,451705.0,4517.05,1,NORMAL
6440,Chakradhar Sabharwal,665219.0,20247.05,2,NORMAL
6441,Charan Savant,393977.0,15759.08,2,NORMAL
6442,Neelima Kala,1321593.0,35328.51,4,VIP
6443,Dayamai Ravel,495467.0,4954.67,1,NORMAL
6446,Amaira Deep,905568.0,21228.0,2,NORMAL
6447,Dayamai Bawa,255756.0,10230.24,1,NORMAL
6448,Ridhi Mandal,207950.0,2079.5,1,NORMAL
6449,Atharv Sarin,110702.0,1107.02,1,NORMAL
6450,Pratyush Dube,541360.0,9026.68,2,NORMAL
6452,Harini Khare,643260.0,15125.82,3,NORMAL
6453,Zarna Bora,506612.0,9526.79,3,NORMAL
6454,Keya Sengupta,1331725.0,29938.989999999998,5,VIP
6456,Zashil Hayer,753840.0,18328.68,3,NORMAL
6457,Mitali Oak,644321.0,6443.210000000001,3,NORMAL
6458,Vihaan Dar,245585.0,9823.4,1,NORMAL
6459,Ikbal Chad,588661.0,12762.67,2,NORMAL
6460,Matthew Gole,381060.0,15242.4,1,NORMAL
6461,Mitesh Bobal,93750.0,3750.0,2,NORMAL
6462,Triveni Taneja,164455.0,6578.2,1,NORMAL
6463,Kritika Dugal,881525.0,21410.96,2,NORMAL
6464,Kai Suri,274073.0,10962.92,2,NORMAL
6465,Nilima Mital,841302.0,18423.51,4,NORMAL
6467,Ikbal Ratti,282981.0,2829.81,1,NORMAL
6470,Xavier Kanda,598631.0,5986.31,2,NORMAL
6471,Aarav Dara,672426.0,20186.25,2,NORMAL
6472,Reva Dutta,697797.0,27911.88,2,NORMAL
6473,Arunima Pillai,671613.0,26864.52,2,NORMAL
6474,Ekantika Mittal,337679.0,13507.16,1,NORMAL
6475,Nirja Dewan,599992.0,8769.28,3,NORMAL
6476,Harita Chopra,194383.0,1943.83,1,NORMAL
6477,Tarak Trivedi,624165.0,6241.65,2,NORMAL
6479,Aditya Krishna,217888.0,8715.52,1,NORMAL
6481,Saumya Nagar,246971.0,9878.84,1,NORMAL
6482,Saanvi Chaudhuri,802732.0,28358.53,3,NORMAL
6483,Hemang Oak,914757.0,9557.25,4,NORMAL
6484,Chaitaly Dora,1318748.0,25497.11,3,VIP
6486,Anita Mukherjee,344009.0,13760.36,1,NORMAL
6487,Aarna Vasa,369719.0,3697.19,1,NORMAL
6488,Zaitra Peri,268672.0,2686.7200000000003,1,NORMAL
6489,Jagrati Nori,368100.0,14724.0,1,NORMAL
6490,Pavani Saran,247024.0,4450.150000000001,4,NORMAL
6491,Urvashi Sem,434473.0,8342.02,2,NORMAL
6492,Krishna Mannan,587087.0,9239.3,3,NORMAL
6493,Orinder Jayaraman,200360.0,2003.6000000000001,1,NORMAL
6494,Chakradev Srinivas,279363.0,2793.63,1,NORMAL
6495,Osha Morar,472622.0,16207.880000000001,2,NORMAL
6496,Amrita Sidhu,759290.0,16418.81,3,NORMAL
6497,Yashvi Sharaf,376387.0,14894.56,2,NORMAL
6499,Raksha Goswami,939280.0,28662.73,4,NORMAL
6500,Shivani Barad,107970.0,1079.7,1,NORMAL
6501,Timothy Bora,956405.0,9564.05,2,NORMAL
6502,Aditya Atwal,365464.0,3654.6400000000003,2,NORMAL
6503,Tanveer Andra,766605.0,7666.05,2,NORMAL
6505,Jairaj Kuruvilla,281901.0,6543.03,2,NORMAL
6506,Udarsh Pant,320821.0,12832.84,1,NORMAL
6507,Warda Narayanan,305848.0,12233.92,1,NORMAL
6508,Harini Jhaveri,257179.0,4710.549999999999,3,NORMAL
6510,Oscar Gupta,940827.0,35641.619999999995,3,NORMAL
6512,Praneel Choudhary,807059.0,21612.620000000003,2,NORMAL
6516,Wahab Dugar,984026.0,15110.93,3,NORMAL
6517,Vamakshi Deo,416416.0,4164.16,1,NORMAL
6518,Manan Grewal,259310.0,10372.4,1,NORMAL
6520,Lila Kibe,59758.0,2390.32,1,NORMAL
6521,Gabriel Goswami,566177.0,9734.48,2,NORMAL
6522,Samar Pillai,396307.0,12305.68,4,NORMAL
6523,Kamala Saha,122183.0,4887.320000000001,2,NORMAL
6524,Kashish Bhalla,231608.0,9264.32,1,NORMAL
6525,Gagan Dara,392106.0,9318.81,2,NORMAL
6527,Zaitra Hegde,731282.0,22356.29,3,NORMAL
6529,Upma Mistry,327595.0,13103.800000000001,1,NORMAL
6531,Radha Bandi,236347.0,2363.4700000000003,1,NORMAL
6532,Nihal Rege,12726.0,509.04,1,NORMAL
6533,Orinder Kala,601099.0,24043.96,2,NORMAL
6536,Jeevika Devan,642465.0,11779.98,2,NORMAL
6537,Chandresh Sarraf,699918.0,24196.65,3,NORMAL
6538,Ikbal Bath,199347.0,7973.88,1,NORMAL
6539,Ekaja Cheema,358336.0,14333.44,2,NORMAL
6540,Nitesh Apte,35975.0,1439.0,2,NORMAL
6541,Yashica Doctor,292134.0,2921.34,1,NORMAL
6542,Yashoda Kothari,423397.0,4233.97,1,NORMAL
6543,George Mohan,37284.0,1491.3600000000001,1,NORMAL
6544,Jeevika Dave,404582.0,4045.82,1,NORMAL
6545,Pushti Rajagopal,594575.0,5945.75,2,NORMAL
6547,Krishna Roy,59960.0,2398.4,1,NORMAL
6548,Jeet Barad,926522.0,20273.42,3,NORMAL
6549,Sneha Ramanathan,590114.0,18559.73,2,NORMAL
6550,Robert Dhawan,10712.0,428.48,1,NORMAL
6551,Qarin Narula,976731.0,29269.29,3,NORMAL
6553,Wyatt Solanki,894073.0,33849.76,4,NORMAL
6554,Aarush Venkataraman,476392.0,4763.92,1,NORMAL
6555,Upasna Bala,675198.0,17993.31,2,NORMAL
6556,Hemang Dubey,377957.0,15118.28,1,NORMAL
6557,Dev Bhalla,27350.0,273.5,1,NORMAL
6558,Aachal Koshy,484770.0,16360.53,2,NORMAL
6560,Xavier Iyengar,620794.0,13328.23,3,NORMAL
6561,Dayamai Comar,405142.0,8038.09,2,NORMAL
6562,Vidhi Chahal,1576885.0,63075.4,4,VIP
6563,Anika Naik,439200.0,17568.0,2,NORMAL
6564,Fiyaz Ahluwalia,334942.0,13397.68,1,NORMAL
6565,Chandani Mane,383840.0,3838.4,2,NORMAL
6566,Yoshita Narasimhan,223700.0,2237.0,1,NORMAL
6568,Xavier Kaul,864382.0,30731.56,3,NORMAL
6570,Ishani Manda,69643.0,2785.7200000000003,1,NORMAL
6571,Ridhi Rajan,161213.0,1612.13,1,NORMAL
6573,Faris Sangha,1649736.0,65989.44,5,VIP
6575,Tarak Palan,787206.0,21734.22,2,NORMAL
6576,Jeevika Bhat,1551882.0,43154.43,5,VIP
6577,Amruta Ghose,818032.0,25244.83,3,NORMAL
6578,Qadim Mutti,216707.0,7507.55,2,NORMAL
6579,Joshua Saran,378947.0,15157.880000000001,1,NORMAL
6581,Yauvani Vora,395226.0,3952.26,1,NORMAL
6583,Daniel Wagle,372152.0,14886.08,2,NORMAL
6584,Yatan Nadkarni,70251.0,2810.04,1,NORMAL
6585,Rayaan Barad,337876.0,13515.04,1,NORMAL
6586,Bishakha Suri,707220.0,19108.62,2,NORMAL
6588,Balveer Shah,127964.0,1279.64,1,NORMAL
6589,Dayita Dass,565225.0,5652.25,2,NORMAL
6590,Anthony Natarajan,353530.0,14141.2,1,NORMAL
6591,Indali Mody,82713.0,3308.52,1,NORMAL
6592,Manya Tata,303695.0,12147.800000000001,1,NORMAL
6594,Nathaniel Mutti,962098.0,26537.29,3,NORMAL
6596,Ganga Mukherjee,796104.0,26840.85,4,NORMAL
6597,Yashica Buch,572961.0,8895.69,2,NORMAL
6599,Advik Roy,392037.0,15681.48,2,NORMAL
6600,Maya Dave,481943.0,4819.43,1,NORMAL
6601,Charles Nath,285875.0,11435.0,1,NORMAL
6602,Udant Barad,41134.0,411.34000000000003,1,NORMAL
6603,Banjeet Deep,1083043.0,10830.43,3,VIP
6605,Dayamai Bassi,198083.0,7923.320000000001,1,NORMAL
6606,Gaurangi Gala,222700.0,2227.0,1,NORMAL
6607,Baghyawati Hayer,313909.0,12556.36,1,NORMAL
6608,Maanas Rajagopalan,224632.0,8985.28,1,NORMAL
6609,Omya More,223961.0,2239.61,1,NORMAL
6610,Harshil Ratti,658128.0,6581.28,2,NORMAL
6612,Samuel Dayal,1038518.0,34375.759999999995,4,VIP
6613,Vedhika Bhakta,316223.0,12648.92,1,NORMAL
6614,Pushti Korpal,705127.0,28205.08,2,NORMAL
6615,Lipika Dugar,813076.0,15010.24,4,NORMAL
6617,Thomas Bal,98961.0,989.61,1,NORMAL
6618,Dipta Bath,461764.0,18470.56,1,NORMAL
6620,Ekavir Dhar,658280.0,6582.8,2,NORMAL
6621,Nicholas Agate,1028211.0,27364.32,3,VIP
6622,Dhruv Kala,434765.0,4347.65,1,NORMAL
6624,Lohit Basu,128153.0,5126.12,1,NORMAL
6627,Faris Venkatesh,477365.0,19094.600000000002,1,NORMAL
6628,Jyoti Morar,932785.0,23615.89,2,NORMAL
6629,Liam Krishna,236288.0,9451.52,2,NORMAL
6630,Ijaya Sami,643047.0,25721.88,2,NORMAL
6631,Chasmum Srivastava,243365.0,2433.65,1,NORMAL
6632,Faris Cherian,379090.0,15163.6,1,NORMAL
6633,Bishakha Narayan,611448.0,6114.48,3,NORMAL
6634,Falak Shankar,386276.0,3862.76,1,NORMAL
6635,Gayathri Prabhakar,421549.0,4215.49,1,NORMAL
6636,Ojas Mital,216291.0,2162.91,1,NORMAL
6637,Vedika Choudhary,305041.0,3050.41,1,NORMAL
6639,Mugdha Kadakia,506883.0,20275.32,2,NORMAL
6640,Vasana Sarma,176213.0,7048.52,2,NORMAL
6641,Anthony Patil,495740.0,19829.600000000002,2,NORMAL
6642,Ishanvi Mukhopadhyay,211089.0,2110.89,1,NORMAL
6643,Yochana Varma,465381.0,4653.81,1,NORMAL
6644,Anay Bobal,572801.0,8957.720000000001,2,NORMAL
6645,Ansh Srinivasan,1326830.0,28723.07,5,VIP
6648,Qadim Bhakta,277094.0,11083.76,1,NORMAL
6649,Wishi Lalla,1028043.0,24814.32,3,VIP
6650,Widisha Patla,867844.0,19064.980000000003,3,NORMAL
6651,Aryan Mahajan,203461.0,8138.4400000000005,1,NORMAL
6654,Teerth Sur,116459.0,4658.36,1,NORMAL
6655,Leena Balakrishnan,291129.0,9077.49,3,NORMAL
6656,Shaurya Sane,5769.0,230.76,1,NORMAL
6657,Jhalak Dar,108949.0,4357.96,1,NORMAL
6660,Alexander Bandi,364778.0,3647.78,1,NORMAL
6661,Harinakshi Handa,234787.0,2347.87,1,NORMAL
6662,Gautam Dugar,296811.0,2968.11,1,NORMAL
6663,Chandran Pant,730622.0,29224.88,3,NORMAL
6666,Krisha Agate,56465.0,2258.6,1,NORMAL
6667,Baljiwan Rout,91290.0,912.9,1,NORMAL
6669,Yatin Date,1033842.0,16831.86,3,VIP
6671,Irya Narasimhan,519656.0,20786.24,2,NORMAL
6673,Ira Agarwal,130258.0,1302.58,3,NORMAL
6674,Daksha Panchal,523759.0,20950.36,2,NORMAL
6675,Kai Kale,409883.0,16395.32,2,NORMAL
6676,Wriddhish Doshi,695072.0,27802.88,2,NORMAL
6677,Reva Babu,956670.0,21459.69,3,NORMAL
6680,Samar Gandhi,129327.0,1293.27,1,NORMAL
6682,Aayush Kalla,131771.0,1317.71,1,NORMAL
6683,Jacob Nagarajan,253967.0,10158.68,1,NORMAL
6684,Samaksh Johal,944463.0,23490.66,2,NORMAL
6686,Jeet Golla,605750.0,19691.300000000003,2,NORMAL
6688,Mason Narayanan,892303.0,35692.12,3,NORMAL
6689,Wahab Chander,328785.0,13151.4,2,NORMAL
6690,Janya Sharma,595923.0,23836.92,3,NORMAL
6691,Vivaan Krishna,779995.0,7799.95,3,NORMAL
6692,Rishi Bose,411662.0,4397.6900000000005,2,NORMAL
6693,Raksha Palan,803851.0,9988.810000000001,3,NORMAL
6696,Viraj Krishnamurthy,396744.0,15869.76,2,NORMAL
6698,Rudra De,543823.0,17513.62,2,NORMAL
6700,Pavani Savant,618664.0,19284.969999999998,2,NORMAL
6702,Radhika Jhaveri,125264.0,5010.56,1,NORMAL
6703,Aashi Modi,404111.0,16164.44,1,NORMAL
6704,Sudiksha Tata,198634.0,7945.360000000001,1,NORMAL
6705,Nikita Dave,218141.0,8725.64,2,NORMAL
6706,Urvashi Bumb,756421.0,15963.670000000002,2,NORMAL
6708,Xalak Divan,481598.0,4815.9800000000005,1,NORMAL
6709,Dhruv Tandon,854822.0,16264.16,3,NORMAL
6712,Max Mittal,534962.0,5349.620000000001,2,NORMAL
6713,Sanaya Chawla,704935.0,19651.3,4,NORMAL
6714,Harish Sethi,477273.0,4772.7300000000005,1,NORMAL
6716,Daniel Shetty,266856.0,2668.5600000000004,2,NORMAL
6717,Ekbal Chokshi,91226.0,912.26,1,NORMAL
6718,Quincy Batta,43493.0,434.93,1,NORMAL
6719,Vamakshi Ahuja,933052.0,36073.659999999996,4,NORMAL
6722,Mitali Bhalla,424807.0,16992.28,1,NORMAL
6723,Wyatt Chopra,776736.0,26564.04,3,NORMAL
6724,Azad Deol,714933.0,16835.73,3,NORMAL
6725,Manthan Deshmukh,327733.0,13109.32,1,NORMAL
6726,Dayamai Munshi,302441.0,12097.64,1,NORMAL
6727,Ranbir Mander,61954.0,619.54,1,NORMAL
6729,Pushti Oak,249025.0,2490.25,1,NORMAL
6730,Ladli Deshmukh,462637.0,4626.37,1,NORMAL
6731,Ishwar Comar,328360.0,11636.74,2,NORMAL
6732,Unnati Sampath,434013.0,4340.13,1,NORMAL
6733,Hema Thakkar,548724.0,5487.24,2,NORMAL
6734,Bina Kata,9594.0,95.94,1,NORMAL
6735,Nitesh Sangha,719289.0,26655.15,3,NORMAL
6737,Pallavi Krishna,621812.0,13424.69,2,NORMAL
6739,Sara Viswanathan,883709.0,16270.400000000001,3,NORMAL
6743,Ladli Issac,80498.0,3219.92,1,NORMAL
6744,Megha Shenoy,734994.0,29399.760000000002,2,NORMAL
6745,Kevin Bakshi,391606.0,15664.24,1,NORMAL
6747,Xavier Malhotra,70604.0,2824.16,1,NORMAL
6748,Veda Sunder,691143.0,7453.26,3,NORMAL
6752,Girik Bahl,274046.0,2740.46,1,NORMAL
6753,Aarav Vora,706569.0,14837.64,2,NORMAL
6754,Yashawini Sahota,348187.0,8205.130000000001,2,NORMAL
6756,Isaac Gandhi,1189819.0,22159.84,3,VIP
6757,Fariq Banerjee,266565.0,10662.6,2,NORMAL
6758,Tamanna Chaudhary,438397.0,12571.810000000001,3,NORMAL
6759,Idika Dubey,201350.0,2013.5,1,NORMAL
6760,Naksh Chopra,800645.0,8006.450000000001,2,NORMAL
6761,Faras Sama,184069.0,7362.76,1,NORMAL
6765,Reva Bhat,645992.0,20232.41,2,NORMAL
6766,Chaman Sampath,14632.0,146.32,1,NORMAL
6767,Nidra Sibal,672237.0,26889.480000000003,2,NORMAL
6768,Avni Mann,369194.0,3691.9400000000005,2,NORMAL
6769,Pahal Baria,823685.0,32947.4,2,NORMAL
6770,Barkha Pillai,662805.0,8794.2,5,NORMAL
6771,Inaya Zacharia,197108.0,1971.0800000000002,1,NORMAL
6773,Neel Mital,415944.0,4159.4400000000005,1,NORMAL
6774,Xiti Bassi,914786.0,25655.300000000003,3,NORMAL
6775,Manya Din,483595.0,4835.95,1,NORMAL
6776,Brijesh Sahni,805092.0,32203.68,2,NORMAL
6777,Shivansh Mahajan,349425.0,13977.0,1,NORMAL
6781,Gunbir Dara,1274390.0,41820.71000000001,5,VIP
6782,Damini Gandhi,336335.0,13453.4,1,NORMAL
6783,Triya Shetty,727208.0,25637.81,3,NORMAL
6785,Adya Kumar,1174431.0,11744.31,3,VIP
6786,Harini Shah,432223.0,10081.99,4,NORMAL
6787,Abhimanyu Lalla,294344.0,3729.59,2,NORMAL
6788,Radhika Lall,442214.0,17688.56,2,NORMAL
6789,Indira Mohan,157023.0,6280.92,1,NORMAL
6790,Indali Nagi,158564.0,6342.56,1,NORMAL
6791,Om Kapadia,864016.0,23560.449999999997,4,NORMAL
6792,Netra Chanda,354609.0,14184.36,1,NORMAL
6793,Chaman Sood,468576.0,18743.04,1,NORMAL
6794,Hritik Khurana,813670.0,8136.7,2,NORMAL
6795,Waida Chada,325702.0,7435.72,2,NORMAL
6797,Hemangini Cheema,1289942.0,37304.39,5,VIP
6798,Kalpit Dhaliwal,750155.0,17364.47,2,NORMAL
6799,Vasatika Garde,698115.0,6981.15,2,NORMAL
6800,Qasim Pandya,1002819.0,26510.19,4,VIP
6801,Hiral Vyas,613132.0,6131.320000000001,2,NORMAL
6802,Amrita Kalita,184642.0,7385.68,2,NORMAL
6804,Indrajit Amble,347361.0,3473.61,1,NORMAL
6805,Priya Desai,130034.0,5201.36,1,NORMAL
6806,Eshana Vig,940185.0,28158.300000000003,3,NORMAL
6807,Ekavir Karan,718817.0,7188.17,2,NORMAL
6808,Manthan Barman,749466.0,29978.64,2,NORMAL
6809,Agastya Choudhry,398306.0,15932.24,1,NORMAL
6811,Gabriel Bose,139778.0,1397.78,2,NORMAL
6815,Tristan Vohra,711523.0,7115.23,3,NORMAL
6816,Mahika Doctor,454715.0,4547.150000000001,2,NORMAL
6817,Omaja Goswami,365204.0,14608.16,1,NORMAL
6818,Ayush Bose,1030584.0,20635.71,4,VIP
6819,Upkaar Deshmukh,1236297.0,34323.15,4,VIP
6820,Jacob Dhillon,467955.0,11593.17,2,NORMAL
6821,Maanav Varma,502930.0,7668.16,3,NORMAL
6822,Hema Chandran,224297.0,2242.9700000000003,1,NORMAL
6824,Jatin Ram,1217266.0,48690.64,3,VIP
6825,Kashvi Vala,101807.0,1018.07,1,NORMAL
6826,Krisha Suri,527095.0,5270.95,2,NORMAL
6827,Avi Tripathi,268787.0,2687.87,1,NORMAL
6828,Wriddhish Krishnan,341902.0,3419.02,1,NORMAL
6829,Sudiksha Uppal,258941.0,10357.64,2,NORMAL
6830,Suhani Lad,355759.0,14230.36,1,NORMAL
6831,Barkha Bhagat,550137.0,22005.48,2,NORMAL
6832,Riya Sahota,446739.0,4467.39,1,NORMAL
6833,Ekansh Raj,399301.0,15972.04,1,NORMAL
6837,Udyati Mukhopadhyay,1111074.0,24196.260000000002,3,VIP
6839,Yatin Mangal,800791.0,22268.2,2,NORMAL
6840,Maanas Gole,422536.0,4225.36,1,NORMAL
6841,Jairaj Kant,1304067.0,13040.67,4,VIP
6842,Ria Prabhu,428047.0,4280.47,1,NORMAL
6844,Widisha Palan,487797.0,19511.88,1,NORMAL
6845,Samar Bera,548309.0,21932.36,2,NORMAL
6848,Ubika Andra,987864.0,19785.24,3,NORMAL
6849,Idika Bera,310656.0,3106.56,1,NORMAL
6850,Krisha Yogi,1411397.0,43232.15,5,VIP
6851,Hiral Cherian,55995.0,2239.8,1,NORMAL
6852,Champak Nagy,231135.0,2311.3500000000004,2,NORMAL
6856,Nilima Chaudhry,696423.0,6964.2300000000005,2,NORMAL
6857,Divya Gera,454899.0,8075.1,3,NORMAL
6859,Tarak Shah,529621.0,7004.17,2,NORMAL
6861,Nidhi Badal,1350410.0,31914.710000000003,4,VIP
6862,Aishani Deol,213067.0,8522.68,1,NORMAL
6863,Idika Kata,187387.0,7495.4800000000005,1,NORMAL
6864,Nihal Wason,354153.0,3541.53,1,NORMAL
6866,Elijah Sangha,25878.0,1035.1200000000001,1,NORMAL
6867,Lila Mane,471755.0,18870.2,1,NORMAL
6868,Samar Narayan,559497.0,9858.24,2,NORMAL
6869,Vidhi Bhandari,731245.0,29249.800000000003,2,NORMAL
6870,Ijaya Chhabra,379724.0,15188.960000000001,1,NORMAL
6871,Ekapad Chakrabarti,536761.0,21470.440000000002,3,NORMAL
6874,Ranbir Swaminathan,334508.0,12503.210000000001,2,NORMAL
6875,Megha Behl,860812.0,20653.3,3,NORMAL
6877,Ekani Jayaraman,299041.0,2990.41,1,NORMAL
6878,Meera Baria,34913.0,349.13,1,NORMAL
6879,Banjeet Bajaj,572499.0,22899.96,2,NORMAL
6880,Luke Narula,482191.0,19287.64,1,NORMAL
6881,Falguni Tandon,495729.0,4957.29,1,NORMAL
6883,Gopal Kannan,654830.0,26193.2,2,NORMAL
6884,Karan Grover,584564.0,23382.559999999998,2,NORMAL
6886,Wakeeta Rajagopalan,564548.0,21124.34,4,NORMAL
6887,Gabriel Issac,522722.0,20908.88,2,NORMAL
6888,Dayita Rao,430624.0,9003.34,2,NORMAL
6889,Tanveer Amble,514569.0,16040.64,2,NORMAL
6890,Jagdish Pant,440351.0,4403.51,2,NORMAL
6891,Veer Iyengar,401985.0,5476.77,2,NORMAL
6892,Ekansh Bhandari,320843.0,3208.4300000000003,1,NORMAL
6893,Diya Dutt,199492.0,7979.68,1,NORMAL
6895,Zashil Ramesh,274006.0,10960.24,1,NORMAL
6896,Avi Sabharwal,494263.0,16935.79,2,NORMAL
6898,Pranav Sahni,187023.0,7480.92,1,NORMAL
6899,Eiravati Agrawal,598827.0,14585.49,4,NORMAL
6900,Janya Pillai,516479.0,13457.72,2,NORMAL
6901,Elijah Chaudhary,264437.0,10577.48,1,NORMAL
6902,Chatura Chadha,818775.0,18229.62,2,NORMAL
6903,Upasna Raju,44092.0,440.92,1,NORMAL
6904,Ekalinga Setty,383101.0,6929.14,3,NORMAL
6905,Tanmayi Patil,900935.0,22824.86,2,NORMAL
6906,Meera Madan,1127418.0,30887.04,4,VIP
6907,Krishna Khalsa,913528.0,24080.89,5,NORMAL
6908,Victor Mahal,490966.0,4909.66,3,NORMAL
6909,Ayaan Vasa,408932.0,16357.28,1,NORMAL
6910,Liam Jain,334429.0,3344.29,1,NORMAL
6911,Devika Kibe,406788.0,4067.88,1,NORMAL
6912,Divya Raman,182193.0,7287.72,1,NORMAL
6913,Upadhriti Gill,804118.0,18737.02,2,NORMAL
6915,Tara Grover,228713.0,2287.13,1,NORMAL
6916,Qasim Issac,465126.0,4651.26,1,NORMAL
6918,Triya Sha,100829.0,3027.5,2,NORMAL
6919,Liam Rajan,487619.0,4876.1900000000005,1,NORMAL
6921,Lucky Yohannan,434350.0,4343.5,2,NORMAL
6923,Priya Krish,900720.0,28064.79,4,NORMAL
6925,Manbir Basak,140795.0,1407.95,3,NORMAL
6926,Fariq Sanghvi,938957.0,28364.36,3,NORMAL
6927,Jacob Ranganathan,66426.0,664.26,1,NORMAL
6929,Xalak Sarna,772698.0,30907.92,2,NORMAL
6931,Rohan Bandi,81233.0,3249.32,1,NORMAL
6932,Amaira Zacharia,626855.0,22980.739999999998,3,NORMAL
6933,Aadi Nori,216701.0,5276.75,2,NORMAL
6934,Ranveer Dara,857905.0,34316.200000000004,4,NORMAL
6935,Irya Reddy,740109.0,10664.52,4,NORMAL
6936,Aarav Reddy,434611.0,17384.440000000002,2,NORMAL
6937,Chavvi Shankar,33387.0,1335.48,1,NORMAL
6938,Vrishti Kar,177508.0,7100.32,1,NORMAL
6940,Balendra Subramanian,144482.0,1444.82,1,NORMAL
6941,Balvan Kalla,35891.0,1435.64,1,NORMAL
6942,Yatin Thaman,810486.0,22910.19,2,NORMAL
6943,Rajata Chand,471001.0,4710.01,2,NORMAL
6944,Rachana Parekh,239158.0,2391.58,1,NORMAL
6945,Udyati Chand,289564.0,11582.56,1,NORMAL
6946,Caleb Bakshi,189883.0,3861.88,2,NORMAL
6947,Anjali Bedi,801399.0,32055.96,2,NORMAL
6948,Eesha Kohli,273526.0,10941.04,1,NORMAL
6949,Jackson Subramanian,533114.0,6755.360000000001,3,NORMAL
6950,Caleb Kurian,611355.0,6113.55,2,NORMAL
6952,Nicholas Chahal,842917.0,8429.17,2,NORMAL
6953,Baghyawati Bir,1080234.0,32147.73,4,VIP
6954,Ekiya Tandon,361512.0,14460.48,1,NORMAL
6955,Sneha Prabhakar,637717.0,12621.46,3,NORMAL
6956,Mekhala Dhaliwal,1127184.0,19710.09,4,VIP
6957,Rayaan Manne,397660.0,15906.4,1,NORMAL
6958,Harish Mital,1731665.0,40700.3,4,VIP
6959,Ojasvi Chakraborty,248013.0,2480.13,1,NORMAL
6960,Amrita Mutti,862693.0,27942.100000000002,3,NORMAL
6961,Lavanya Mutti,1278416.0,42682.85,4,VIP
6962,Hemal Kari,502924.0,5029.24,2,NORMAL
6965,Bhavani Chauhan,18453.0,184.53,1,NORMAL
6966,Abhiram Varty,151200.0,6048.0,1,NORMAL
6967,Chatresh Agrawal,339965.0,12473.03,4,NORMAL
6970,Balveer Bawa,320570.0,5429.42,3,NORMAL
6971,Ayush Yadav,306549.0,3065.49,2,NORMAL
6972,Harish Dyal,483126.0,4831.26,1,NORMAL
6973,Triya Vaidya,268593.0,2685.93,1,NORMAL
6974,Falguni Kaul,659477.0,10259.12,3,NORMAL
6975,Kamala Behl,466520.0,14485.7,2,NORMAL
6976,Alka Tank,317032.0,3170.32,1,NORMAL
6977,Varsha Raj,121759.0,1217.59,1,NORMAL
6978,Tara Mall,412650.0,16506.0,1,NORMAL
6979,Anvi Ranganathan,391110.0,15644.4,1,NORMAL
6980,Kabir More,306737.0,3067.37,1,NORMAL
6982,Gunbir Upadhyay,298905.0,2989.05,1,NORMAL
6983,Baljiwan Bali,285671.0,11426.84,2,NORMAL
6984,Bhavini Bhandari,784621.0,24329.71,3,NORMAL
6985,Tara Kade,382839.0,3828.39,1,NORMAL
6986,Rohan Ratta,885191.0,24798.530000000002,3,NORMAL
6987,Urvi Gade,1081549.0,21106.9,4,VIP
6988,Ridhi Badami,51602.0,2064.08,1,NORMAL
6989,Kashish Krishna,682451.0,19363.91,3,NORMAL
6991,Yashica Chowdhury,464201.0,4642.01,3,NORMAL
6993,Om Badal,214162.0,8566.48,1,NORMAL
6994,Aarav Cheema,214078.0,8563.12,1,NORMAL
6995,Udarsh Kulkarni,169154.0,1691.54,1,NORMAL
6996,Waida Apte,5824.0,58.24,1,NORMAL
6997,Urvashi Nayar,291367.0,11654.68,1,NORMAL
6998,Panini Reddy,269857.0,2698.57,1,NORMAL
6999,Pratyush Narula,480947.0,4809.47,2,NORMAL
7000,Hitesh Karan,495276.0,9224.94,3,NORMAL
7001,Mohini Khare,287878.0,2878.78,1,NORMAL
7002,Aashi Basak,524311.0,5243.110000000001,2,NORMAL
7003,Janaki Gole,12272.0,122.72,1,NORMAL
7004,Urishilla Yogi,226283.0,2262.83,2,NORMAL
7005,Atharv Tara,275931.0,11037.24,1,NORMAL
7007,Vedika Bhardwaj,227340.0,2273.4,1,NORMAL
7008,Vasana Soni,168776.0,2455.4300000000003,2,NORMAL
7009,Aditya Oza,82106.0,821.0600000000001,1,NORMAL
7010,Pranav Vyas,630523.0,25220.920000000002,2,NORMAL
7011,Parth Singhal,104958.0,1049.58,1,NORMAL
7012,Dipta Sarma,823134.0,19603.95,3,NORMAL
7013,Krish Shere,186248.0,1862.48,2,NORMAL
7014,Michael Bal,386000.0,15440.0,1,NORMAL
7015,Turvi Prakash,560525.0,5605.25,2,NORMAL
7016,Osha Narasimhan,857693.0,34307.72,2,NORMAL
7017,Kevin Ravel,73009.0,730.09,1,NORMAL
7018,Urmi Contractor,570051.0,13956.24,2,NORMAL
7020,Brinda Samra,394804.0,3948.04,1,NORMAL
7021,Girik Dey,270119.0,2701.19,1,NORMAL
7022,Chanchal Natarajan,393093.0,6345.06,2,NORMAL
7023,Aarnav Borra,707773.0,25946.559999999998,3,NORMAL
7024,Hemal Ray,690238.0,6902.38,2,NORMAL
7025,Tanish Brar,396623.0,3966.23,1,NORMAL
7026,Ojas Sarna,833011.0,21247.0,2,NORMAL
7027,Tarak Padmanabhan,854280.0,23365.71,2,NORMAL
7028,Keya Vasa,244079.0,2440.79,2,NORMAL
7029,Vihaan Parekh,40069.0,400.69,1,NORMAL
7030,Eesha Dash,248012.0,9920.48,1,NORMAL
7032,Chasmum Kalla,1327449.0,53097.96,4,VIP
7033,Yadavi Goswami,306215.0,3380.33,2,NORMAL
7035,Joshua Kale,1314037.0,22707.309999999998,5,VIP
7036,Warhi Dhar,129498.0,5179.92,1,NORMAL
7037,Lohit Shankar,92801.0,1410.1100000000001,2,NORMAL
7038,Tarak Morar,564699.0,5646.990000000001,2,NORMAL
7039,Charvi Parekh,544537.0,11718.76,3,NORMAL
7040,Naveen Oza,717482.0,24433.4,3,NORMAL
7042,Qadim Sandal,265421.0,2654.21,1,NORMAL
7043,Nitesh Borah,777464.0,31098.56,2,NORMAL
7044,Yutika Kanda,1303897.0,40183.810000000005,4,VIP
7045,Ekanta Sahota,404968.0,16198.720000000001,1,NORMAL
7047,Sanya Shankar,174494.0,1744.94,1,NORMAL
7048,Atharv Butala,128305.0,5132.2,1,NORMAL
7050,Nihal Sarkar,603748.0,17280.97,2,NORMAL
7051,Abdul Swaminathan,418403.0,4184.03,1,NORMAL
7052,Anthony Comar,98095.0,3923.8,1,NORMAL
7053,Ekantika Koshy,482571.0,4825.71,2,NORMAL
7054,Yadavi Doctor,552530.0,13651.580000000002,2,NORMAL
7055,Omya Barad,479591.0,19183.640000000003,2,NORMAL
7056,Jeremiah Hayer,305216.0,12208.64,2,NORMAL
7057,Yashawini Thaker,159147.0,1591.47,1,NORMAL
7058,Abhiram Mitra,156824.0,1568.24,1,NORMAL
7059,Anvi Das,365136.0,14605.44,2,NORMAL
7060,Mugdha Sahota,360756.0,14430.24,1,NORMAL
7063,Omya Oommen,214780.0,8591.2,1,NORMAL
7064,Tanveer Kara,531335.0,5313.35,2,NORMAL
7065,Michael Tata,208372.0,8334.880000000001,1,NORMAL
7066,Vritti Rajagopalan,80301.0,3212.04,1,NORMAL
7068,Ayaan Batta,772679.0,7726.790000000001,2,NORMAL
7069,Mitali Borah,241253.0,9650.12,1,NORMAL
7071,Arjun Shukla,469252.0,15421.6,2,NORMAL
7072,Hardik Halder,803503.0,28410.34,3,NORMAL
7073,Bhanumati Oommen,116448.0,4657.92,1,NORMAL
7074,Jatin Badami,311614.0,11087.14,3,NORMAL
7075,Eta Sen,155046.0,1550.46,1,NORMAL
7076,Jacob Nagi,103391.0,4135.64,1,NORMAL
7078,Ekapad Kar,258178.0,2581.78,1,NORMAL
7079,Siddharth Magar,480766.0,19230.64,2,NORMAL
7081,Lavanya Madan,397110.0,3971.1000000000004,2,NORMAL
7082,Harita Lalla,1332691.0,31932.58,6,VIP
7083,Shravya Badami,429245.0,4292.45,1,NORMAL
7084,Yug Mohan,653282.0,12293.689999999999,2,NORMAL
7085,Dhriti Balakrishnan,232442.0,2324.42,1,NORMAL
7086,Abdul Lata,1716820.0,39287.41,4,VIP
7087,Baljiwan Kara,427740.0,4277.4,1,NORMAL
7088,Rayaan Tiwari,115156.0,4606.24,1,NORMAL
7089,Omya Bajaj,1345303.0,40151.740000000005,3,VIP
7090,Mohini Sridhar,440768.0,4407.68,1,NORMAL
7091,Girik Shere,450220.0,18008.8,1,NORMAL
7092,Yagnesh Ramanathan,189885.0,1898.8500000000001,1,NORMAL
7095,Vasudha Seth,353498.0,13311.98,3,NORMAL
7096,Dipta Keer,291143.0,11645.720000000001,2,NORMAL
7097,Forum Krishnan,876082.0,35043.28,2,NORMAL
7098,Nidhi Vyas,1009654.0,31971.97,3,VIP
7099,Fiyaz Panchal,461866.0,4618.66,1,NORMAL
7100,Ganga Banik,1059127.0,25037.8,3,VIP
7101,Zayan Date,72851.0,728.51,1,NORMAL
7103,Bhavya Kaul,136956.0,1369.56,1,NORMAL
7104,Fitan Panchal,422543.0,16901.72,1,NORMAL
7105,Harish Naik,437154.0,17486.16,1,NORMAL
7106,Aditya Devi,726628.0,29065.120000000003,3,NORMAL
7108,Isaiah Dalal,343841.0,3438.41,1,NORMAL
7109,Qarin Oommen,426934.0,4269.34,2,NORMAL
7110,Eshana Talwar,542119.0,20294.29,3,NORMAL
7111,Girik Jani,271592.0,2715.92,2,NORMAL
7112,Veer Shere,74645.0,2033.15,2,NORMAL
7114,Ryan Murthy,282359.0,4653.08,2,NORMAL
7115,Veer Virk,734690.0,22186.25,2,NORMAL
7116,Inaya Randhawa,329549.0,13181.960000000001,1,NORMAL
7117,Isha Pandya,131534.0,1315.34,1,NORMAL
7118,Qasim Sharma,187434.0,1874.3400000000001,1,NORMAL
7119,Damyanti Swaminathan,182003.0,1820.03,1,NORMAL
7120,Tanmayi Ramachandran,279010.0,11160.4,1,NORMAL
7121,Teerth Rajagopal,868537.0,23263.87,2,NORMAL
7122,Daksh Kalita,973546.0,26325.940000000002,4,NORMAL
7126,Ijaya Prakash,371666.0,12514.97,2,NORMAL
7127,Ekapad Grover,293682.0,2936.82,1,NORMAL
7131,Hardik Murthy,156203.0,1562.03,1,NORMAL
7132,Qarin Goel,143414.0,1434.14,1,NORMAL
7136,Simon Garg,423119.0,4231.1900000000005,1,NORMAL
7137,Ekantika Bhandari,414349.0,7566.610000000001,2,NORMAL
7138,Triya Dhawan,323907.0,3239.07,1,NORMAL
7139,Arin Issac,759452.0,30378.08,4,NORMAL
7140,Upma Sane,1194607.0,47784.28,3,VIP
7141,Mekhala Dar,491684.0,4916.84,1,NORMAL
7143,Aishani Chad,129585.0,5183.400000000001,1,NORMAL
7144,Vansha Savant,487659.0,4876.59,1,NORMAL
7145,Faras Sethi,577950.0,17461.95,2,NORMAL
7146,Shivansh Din,342303.0,4915.95,2,NORMAL
7147,Eesha Vala,835610.0,8356.1,4,NORMAL
7148,Aishani Maharaj,416450.0,4164.5,1,NORMAL
7150,Triya Ahuja,518262.0,5182.620000000001,2,NORMAL
7151,Farhan Sen,363487.0,3914.5,2,NORMAL
7152,Chavvi Loke,807495.0,16856.64,3,NORMAL
7153,Ikshita Khosla,201221.0,8048.84,1,NORMAL
7154,Bhavya Mammen,638520.0,6385.2,2,NORMAL
7155,Jackson Sane,785478.0,19601.31,2,NORMAL
7156,Sara Choudhry,852735.0,30970.89,3,NORMAL
7157,Naksh Choudhary,334001.0,13360.04,2,NORMAL
7158,Qarin Joshi,872053.0,22647.190000000002,3,NORMAL
7160,Chaitanya Jain,273439.0,2734.39,1,NORMAL
7162,Oeshi Datta,935027.0,22649.72,4,NORMAL
7163,Gayathri Kuruvilla,679070.0,27162.8,3,NORMAL
7165,Ishita Balakrishnan,619141.0,16219.69,3,NORMAL
7166,Sai Mangal,906167.0,22133.72,2,NORMAL
7167,Rudra Agrawal,501494.0,13659.53,3,NORMAL
7168,Reyansh Atwal,196066.0,1960.66,2,NORMAL
7169,Zilmil Sehgal,801642.0,16467.03,4,NORMAL
7171,Chakradev Buch,103244.0,1032.44,1,NORMAL
7174,Harita Ravel,233267.0,9330.68,2,NORMAL
7176,Varenya Sood,66333.0,663.33,1,NORMAL
7177,Niharika Chandra,16866.0,168.66,1,NORMAL
7178,Xavier Hayre,381926.0,3819.26,1,NORMAL
7179,Lakshit Goswami,809486.0,21619.49,4,NORMAL
7180,Jai Sengupta,717333.0,22113.42,2,NORMAL
7181,Viraj Mitra,224478.0,2244.78,1,NORMAL
7182,Ranveer Chand,1346253.0,38482.14,6,VIP
7184,Qasim Kuruvilla,69223.0,2768.92,1,NORMAL
7185,Bhanumati Nanda,74583.0,2983.32,1,NORMAL
7186,Timothy Brar,217552.0,2175.52,1,NORMAL
7187,Timothy Chatterjee,512631.0,20505.239999999998,2,NORMAL
7188,Chameli Narain,706060.0,7060.6,2,NORMAL
7189,Chanchal Bhatt,167605.0,6704.2,1,NORMAL
7190,Diya Yohannan,337002.0,3370.02,1,NORMAL
7191,Yasti Bir,1293416.0,12934.16,3,VIP
7192,Chatura Char,101779.0,3683.8,2,NORMAL
7193,Balhaar Chahal,66816.0,1613.25,2,NORMAL
7194,Vrinda Prashad,396089.0,8002.85,3,NORMAL
7195,Upasna Master,499582.0,4995.82,3,NORMAL
7197,Yachana Kapadia,418705.0,4187.05,1,NORMAL
7198,Leela Narain,218440.0,7309.93,2,NORMAL
7199,Tripti Nadig,540665.0,21626.600000000002,2,NORMAL
7200,Qarin Sarkar,571180.0,8283.55,2,NORMAL
7201,Jack Kapur,279967.0,11198.68,1,NORMAL
7204,Arya Narula,49797.0,1991.88,1,NORMAL
7205,Lekha Saraf,609035.0,6353.63,3,NORMAL
7206,Leela Mall,169740.0,1697.4,1,NORMAL
7208,Hemang Dayal,672159.0,18229.38,3,NORMAL
7209,Lipika Puri,760239.0,30409.56,3,NORMAL
7211,Abdul Deshpande,16263.0,162.63,1,NORMAL
7212,Thomas Gulati,410931.0,5998.65,2,NORMAL
7214,Caleb Bakshi,578154.0,5781.540000000001,2,NORMAL
7216,Anita Balay,738282.0,21019.23,2,NORMAL
7218,Patrick Kurian,1786680.0,32809.98,5,VIP
7219,Nathan Kaul,230984.0,9239.36,1,NORMAL
7220,Wyatt Puri,320075.0,10897.609999999999,2,NORMAL
7221,Kashish Bala,23204.0,928.16,1,NORMAL
7222,Manbir Johal,596198.0,5961.9800000000005,2,NORMAL
7223,Ethan Sabharwal,839994.0,22426.95,4,NORMAL
7224,Ekansh Mutti,466924.0,10559.92,2,NORMAL
7226,Vaishnavi Thaman,853557.0,34142.28,2,NORMAL
7227,Girindra Behl,496455.0,19858.2,2,NORMAL
7228,Zarna Solanki,660788.0,26431.52,2,NORMAL
7229,Darsh Subramaniam,911413.0,36456.520000000004,4,NORMAL
7230,Karan Bumb,400842.0,16033.68,1,NORMAL
7233,Harinakshi Bal,478791.0,19151.64,1,NORMAL
7235,Chatresh Memon,203490.0,4280.9400000000005,2,NORMAL
7236,Lucky Radhakrishnan,412151.0,4121.51,1,NORMAL
7237,Chaaya Dutta,260487.0,7715.43,4,NORMAL
7238,Sai Kalla,327073.0,3270.73,1,NORMAL
7240,Gaurav Dani,457029.0,4570.29,1,NORMAL
7241,Dalbir Dutt,527487.0,21099.48,2,NORMAL
7242,Omisha Barman,305638.0,3056.38,1,NORMAL
7243,Tanveer Dixit,329814.0,6610.98,4,NORMAL
7244,Indrajit Misra,244875.0,9795.0,1,NORMAL
7245,Brinda Dube,435492.0,14863.560000000001,3,NORMAL
7246,Gunbir Dora,117668.0,4706.72,1,NORMAL
7247,Darpan Salvi,303342.0,3033.42,1,NORMAL
7248,Neha Mahal,1066891.0,25014.88,5,VIP
7250,Rohan Kapur,172640.0,1726.4,1,NORMAL
7251,Saanvi Patla,85680.0,3427.2000000000003,1,NORMAL
7253,Owen Sandal,486527.0,19461.08,1,NORMAL
7255,Arya Patla,388253.0,13715.78,2,NORMAL
7256,Pooja Sankar,85266.0,3410.64,1,NORMAL
7257,Jagrati Badami,183984.0,7359.360000000001,1,NORMAL
7258,Akshay Khalsa,309380.0,12375.2,1,NORMAL
7259,Mason Tata,497530.0,18219.28,2,NORMAL
7260,Ishani Pathak,152201.0,1522.01,1,NORMAL
7261,Janaki Lad,721252.0,20140.210000000003,2,NORMAL
7262,Samesh Gokhale,565046.0,22601.84,2,NORMAL
7263,Girik Tandon,132983.0,1329.83,1,NORMAL
7264,Chanakya Nadkarni,367591.0,3675.91,1,NORMAL
7265,Lipika Nagar,1364885.0,40043.42,4,VIP
7267,Chanchal Nayar,118452.0,4738.08,1,NORMAL
7268,Tanmayi Joshi,1422062.0,40038.11,4,VIP
7269,Amol Dhar,33493.0,334.93,1,NORMAL
7270,Yauvani Chaudhari,519961.0,20798.440000000002,3,NORMAL
7272,Vritti Yadav,254010.0,7968.84,2,NORMAL
7273,Yoshita Oza,102997.0,1029.97,1,NORMAL
7274,Hemang Saxena,480793.0,4807.93,1,NORMAL
7275,Nathan Lala,307463.0,3074.63,1,NORMAL
7276,Bachittar Thakur,401544.0,4015.44,1,NORMAL
7277,Harshil Sawhney,817880.0,32715.2,3,NORMAL
7278,Ekapad Krishnan,1062514.0,24424.99,5,VIP
7279,Pranav Chadha,250279.0,10011.16,1,NORMAL
7280,Yash Bal,474487.0,4744.87,1,NORMAL
7281,Chandani Kala,638312.0,19073.87,2,NORMAL
7283,Kritika Chandra,683682.0,17876.850000000002,2,NORMAL
7284,Eesha Modi,413808.0,16552.32,1,NORMAL
7285,Jairaj Khanna,659153.0,11563.25,2,NORMAL
7286,Peter Deshmukh,437375.0,6063.74,2,NORMAL
7287,Brinda Minhas,143378.0,1433.78,1,NORMAL
7289,Xalak Comar,20352.0,203.52,1,NORMAL
7290,Keya Contractor,54990.0,2199.6,1,NORMAL
7291,Hardik Bansal,350664.0,14026.56,1,NORMAL
7292,Nilima Pau,557196.0,5571.96,2,NORMAL
7293,Chavvi Parmar,349080.0,13963.2,2,NORMAL
7294,Jairaj Oommen,794138.0,22116.11,5,NORMAL
7295,Unnati Radhakrishnan,1054860.0,28702.86,3,VIP
7296,Yashawini Magar,827505.0,22529.04,3,NORMAL
7297,Urvashi Subramanian,437108.0,17484.32,2,NORMAL
7298,Jagvi Shan,383972.0,3839.7200000000003,1,NORMAL
7299,Tanay Deshpande,107929.0,1079.29,1,NORMAL
7302,Mohini Bandi,41221.0,412.21000000000004,1,NORMAL
7303,Ethan Sethi,399745.0,15989.800000000001,1,NORMAL
7306,Benjamin Swamy,514233.0,8809.98,3,NORMAL
7307,Charles Nayak,55155.0,551.5500000000001,1,NORMAL
7308,Nidhi Keer,393970.0,3939.7000000000003,1,NORMAL
7310,Tara Goel,393772.0,3937.7200000000003,2,NORMAL
7312,Ganga Balasubramanian,52491.0,524.91,1,NORMAL
7313,Suhani Tata,477100.0,18526.27,3,NORMAL
7314,Veer Sura,373782.0,3737.82,1,NORMAL
7315,Naveen Chandran,648605.0,18178.25,2,NORMAL
7316,Kabir Barman,303759.0,10572.000000000002,2,NORMAL
7317,Aarna Sankar,55618.0,2224.7200000000003,1,NORMAL
7318,Nitara Manne,385885.0,4775.05,2,NORMAL
7319,Indira Mital,346575.0,8232.99,2,NORMAL
7322,Jacob Deep,958563.0,38342.520000000004,4,NORMAL
7323,Orinder Sanghvi,254497.0,2544.9700000000003,1,NORMAL
7324,Harini Tripathi,223080.0,2230.8,1,NORMAL
7325,Qadim Devi,423429.0,5156.28,3,NORMAL
7327,Utkarsh Andra,777001.0,7770.01,2,NORMAL
7329,Arya Kuruvilla,110189.0,1101.89,1,NORMAL
7330,Warhi Sha,466171.0,4661.71,2,NORMAL
7331,Veer Bhavsar,185069.0,1850.69,1,NORMAL
7332,Wahab Shenoy,113252.0,4530.08,1,NORMAL
7333,Harini Varma,1184873.0,37827.08,3,VIP
7334,Yasti Prasad,72566.0,2902.64,1,NORMAL
7336,Rajeshri Prabhakar,702947.0,28117.879999999997,2,NORMAL
7337,Watika Patel,309434.0,3094.34,1,NORMAL
7338,Bhavini Nagy,328382.0,13135.28,1,NORMAL
7339,Robert Nadkarni,485412.0,19416.48,1,NORMAL
7340,Wishi Balasubramanian,569984.0,6543.410000000001,3,NORMAL
7341,Daksha Choudhary,502765.0,14384.14,2,NORMAL
7342,Abeer Vala,78360.0,783.6,1,NORMAL
7343,Chaaya Raman,360285.0,14411.400000000001,2,NORMAL
7345,Kabir Subramanian,327154.0,13086.16,1,NORMAL
7346,Rachana Dugar,212097.0,2120.9700000000003,1,NORMAL
7347,Hemal Lalla,597906.0,5979.06,2,NORMAL
7348,Turvi Dar,25423.0,1016.9200000000001,1,NORMAL
7349,Diya Upadhyay,326863.0,13074.52,2,NORMAL
7350,Maya Lad,191439.0,4188.27,2,NORMAL
7351,Amara Dash,492671.0,4926.71,2,NORMAL
7352,Zansi Suresh,75191.0,3007.64,1,NORMAL
7353,Faras Babu,581880.0,18869.79,2,NORMAL
7354,Bhavna Pandey,571431.0,22453.199999999997,3,NORMAL
7355,Jeet Thaman,814885.0,32595.4,2,NORMAL
7356,Siya Prabhakar,376705.0,15068.2,2,NORMAL
7357,Shaurya Bansal,796738.0,7967.380000000001,2,NORMAL
7359,Girish Dass,613670.0,13292.99,2,NORMAL
7360,Forum Soman,452730.0,4527.3,1,NORMAL
7361,Alexander Pingle,188154.0,1881.54,1,NORMAL
7362,Dhriti Sridhar,339925.0,13597.0,2,NORMAL
7363,William Sagar,476909.0,7587.71,2,NORMAL
7364,Anthony Devan,140506.0,5620.24,1,NORMAL
7365,David Sagar,1135372.0,25725.069999999996,3,VIP
7366,Ladli Bassi,7263.0,72.63,1,NORMAL
7367,Zarna Dasgupta,839891.0,21345.62,2,NORMAL
7368,Ishani Nagy,226500.0,2265.0,1,NORMAL
7369,Nidra Tara,612921.0,24516.84,3,NORMAL
7373,Mitesh Garg,841847.0,33673.880000000005,4,NORMAL
7375,Bhavya Palla,499504.0,11469.49,2,NORMAL
7377,Lajita Pant,375271.0,15010.84,1,NORMAL
7378,Triveni Sastry,399726.0,10397.609999999999,3,NORMAL
7379,Max Batra,279466.0,2794.66,2,NORMAL
7380,Maya Gour,960577.0,9605.77,4,NORMAL
7381,Aarav Ahluwalia,194097.0,1940.97,1,NORMAL
7383,Hemani Brahmbhatt,132176.0,1321.76,2,NORMAL
7384,Ganga Dani,220545.0,2205.4500000000003,1,NORMAL
7385,Oliver Thakur,434088.0,4340.88,1,NORMAL
7387,Tarak Patil,185618.0,1856.18,1,NORMAL
7388,Inaya Cheema,386252.0,15450.08,1,NORMAL
7389,Vrinda Sur,428258.0,4282.58,1,NORMAL
7390,Aditya Doshi,190908.0,7636.32,1,NORMAL
7391,Ikshita Reddy,339958.0,3399.58,1,NORMAL
7392,Kashish Rege,440979.0,10788.570000000002,2,NORMAL
7393,Ucchal Comar,661500.0,16417.41,2,NORMAL
7394,Ekaja Lanka,298484.0,7067.299999999999,2,NORMAL
7395,Rachit Babu,347848.0,3478.48,1,NORMAL
7396,Shivani Grewal,1297111.0,34438.51,4,VIP
7397,Aadi Choudhury,611855.0,19693.940000000002,2,NORMAL
7398,Ekanta Grover,640852.0,22695.969999999998,3,NORMAL
7399,Unnati Luthra,1042076.0,31719.5,4,VIP
7400,Mitali Parmer,721749.0,28869.96,3,NORMAL
7401,Quincy Guha,836575.0,12871.03,3,NORMAL
7403,Yuvraj Rama,60656.0,2426.2400000000002,1,NORMAL
7404,Chaitaly Kari,70971.0,709.71,1,NORMAL
7405,Pranav Bajaj,707888.0,7078.88,2,NORMAL
7406,Vivaan Swaminathan,293691.0,2936.91,1,NORMAL
7407,Rachita Khurana,515822.0,20632.88,2,NORMAL
7408,Damini Pandey,183579.0,7343.16,1,NORMAL
7412,Osha Bhandari,1013804.0,30193.370000000003,3,VIP
7413,Harini Bala,737616.0,13451.64,4,NORMAL
7414,Amrita Sane,319855.0,12794.2,2,NORMAL
7416,Hiral Patla,420143.0,4201.43,1,NORMAL
7417,Naksh Tank,488348.0,4883.4800000000005,1,NORMAL
7418,Dalaja Mutti,134318.0,5372.72,1,NORMAL
7419,Amruta Sangha,5742.0,57.42,1,NORMAL
7420,Udant Sundaram,481953.0,4819.53,1,NORMAL
7421,Eiravati Bhasin,444839.0,12600.95,2,NORMAL
7422,Meera Singh,789192.0,21320.34,2,NORMAL
7424,Utkarsh Mann,865919.0,20733.95,3,NORMAL
7425,Chandresh Bora,858203.0,19876.64,3,NORMAL
7426,Hemang Ganesh,754671.0,30186.84,3,NORMAL
7427,Nakul Hari,303157.0,3031.57,1,NORMAL
7430,Darika Lad,608784.0,15981.15,2,NORMAL
7431,Urmi Purohit,829414.0,20973.280000000002,3,NORMAL
7432,Frado Walla,800069.0,8000.6900000000005,2,NORMAL
7433,Kevin Sahni,1101496.0,17912.260000000002,4,VIP
7435,Triya Savant,6631.0,265.24,1,NORMAL
7436,Upasna Chad,275829.0,2758.29,1,NORMAL
7438,Yash Nadig,492241.0,19689.64,1,NORMAL
7440,Kabir Gola,1306468.0,48004.39,4,VIP
7441,Charles Nazareth,487646.0,4876.46,2,NORMAL
7442,Nisha Sodhi,47829.0,478.29,1,NORMAL
7446,Pahal Patla,1035869.0,33049.49,5,VIP
7447,Ekantika Rajagopal,93176.0,3727.04,1,NORMAL
7448,Kamala Bahl,684982.0,13261.210000000001,2,NORMAL
7449,Kabir Thakkar,515580.0,12151.74,2,NORMAL
7450,Qabil Kant,121166.0,4846.64,1,NORMAL
7451,Nathan Chaudhry,493447.0,4934.47,1,NORMAL
7452,Rachita Pillay,418832.0,14036.900000000001,2,NORMAL
7453,Madhavi Bera,534485.0,17739.260000000002,2,NORMAL
7454,Harish Joshi,313464.0,12538.56,1,NORMAL
7455,Gopal Mangat,670939.0,9736.69,3,NORMAL
7456,Nathan Narang,604819.0,14552.44,3,NORMAL
7457,Nidra Kala,1885982.0,44390.600000000006,5,VIP
7458,Sara Balasubramanian,725026.0,29001.04,2,NORMAL
7459,Gayathri Uppal,683231.0,12914.48,2,NORMAL
7460,Chakrika Sawhney,91105.0,911.0500000000001,1,NORMAL
7461,Brinda Bobal,290408.0,11616.32,1,NORMAL
7463,Kritika Thakur,233167.0,5048.89,3,NORMAL
7465,Aarnav Madan,898900.0,8989.0,3,NORMAL
7466,Shaurya Cheema,993869.0,22811.54,3,NORMAL
7467,Zarna Chokshi,366598.0,14663.92,1,NORMAL
7468,Januja Karan,760854.0,16197.15,2,NORMAL
7469,Panini Thakkar,608782.0,18807.13,2,NORMAL
7470,Charvi Pai,766270.0,7662.7,2,NORMAL
7471,Aarush Patel,270202.0,2702.02,1,NORMAL
7475,Janaki Nigam,335574.0,13422.960000000001,1,NORMAL
7478,Praneel Chawla,299313.0,8630.369999999999,2,NORMAL
7479,Veer Rajagopal,227095.0,2270.9500000000003,1,NORMAL
7480,Ishita Raj,824299.0,21674.5,2,NORMAL
7481,Mason Samra,13161.0,131.61,1,NORMAL
7482,Xiti Chadha,293765.0,2937.65,1,NORMAL
7483,Waida Solanki,88685.0,3547.4,1,NORMAL
7484,Imaran Kapur,294846.0,11793.84,1,NORMAL
7485,Urvashi Zacharia,459088.0,16681.9,2,NORMAL
7486,Nitesh Mand,312109.0,12484.36,1,NORMAL
7487,Pranit Suri,355201.0,3552.01,1,NORMAL
7488,Vaishnavi Saha,452106.0,18084.24,2,NORMAL
7489,Raagini Bail,424667.0,4246.67,2,NORMAL
7490,Ladli Gara,1252121.0,32110.730000000003,4,VIP
7491,Faris Dayal,813301.0,15476.32,4,NORMAL
7493,Hritik Jain,693634.0,27745.36,2,NORMAL
7494,Aahana Mahajan,267153.0,10686.12,1,NORMAL
7495,Shravya Kalita,199356.0,6718.74,2,NORMAL
7498,Amara Ranganathan,592398.0,19319.46,4,NORMAL
7499,Arya Dey,841638.0,12531.18,3,NORMAL
7500,Theodore Mammen,299307.0,11972.279999999999,2,NORMAL
7501,Rishi Saran,1088683.0,20333.02,4,VIP
7502,Vivaan D’Alia,282680.0,2826.8,1,NORMAL
7503,Daksha Sarin,523987.0,14583.460000000001,3,NORMAL
7506,Oliver Yogi,898470.0,23597.309999999998,2,NORMAL
7507,Zaitra Mittal,564124.0,10440.34,2,NORMAL
7508,Jagat Ravi,456951.0,4569.51,1,NORMAL
7510,Yashasvi Tank,8072.0,80.72,1,NORMAL
7511,Saanvi Karan,517546.0,18370.36,2,NORMAL
7513,Hemal Mishra,944848.0,22149.22,4,NORMAL
7514,Bishakha Patla,1050798.0,26979.780000000002,4,VIP
7515,Manthan Saxena,556784.0,13475.93,2,NORMAL
7516,Parth Kamdar,1052448.0,34983.84,4,VIP
7517,Vedant Sunder,940415.0,9404.15,3,NORMAL
7518,Faqid Goda,138035.0,5521.400000000001,1,NORMAL
7519,Chavvi Chandra,614254.0,24570.16,2,NORMAL
7521,Jagdish Natt,269074.0,10762.960000000001,1,NORMAL
7523,Vrishti Dada,295930.0,2959.3,1,NORMAL
7524,Tamanna Gala,192889.0,7715.56,1,NORMAL
7525,Faqid Pant,702188.0,26125.43,3,NORMAL
7526,Ladli Balan,180442.0,1804.42,1,NORMAL
7528,Isaiah Kant,37058.0,1482.32,1,NORMAL
7529,Aashi Lad,936968.0,9369.68,4,NORMAL
7530,Harsh Gandhi,241567.0,2415.67,1,NORMAL
7531,Bishakha Ghose,920850.0,25520.64,3,NORMAL
7532,Avi Viswanathan,275600.0,2756.0,1,NORMAL
7533,Rachit Malhotra,611018.0,6110.18,2,NORMAL
7534,Qushi Sane,402050.0,10782.86,2,NORMAL
7535,Siya Ganguly,1377080.0,47648.03,4,VIP
7536,Nathan Hans,505862.0,10550.720000000001,2,NORMAL
7537,Jalsa Grewal,1081294.0,23458.510000000002,3,VIP
7538,Kalpit Bhandari,565169.0,5651.6900000000005,2,NORMAL
7540,Akshay Tank,767987.0,20320.97,2,NORMAL
7541,Arunima Palla,391060.0,3910.6,1,NORMAL
7542,Keya Doshi,731785.0,21184.329999999998,3,NORMAL
7543,Ishwar Balakrishnan,177550.0,7102.0,2,NORMAL
7544,Bachittar Gupta,190929.0,7637.16,1,NORMAL
7545,Krishna Kapur,497132.0,12288.470000000001,2,NORMAL
7547,Netra Pillay,979226.0,12528.619999999999,3,NORMAL
7548,Chaitaly Talwar,756466.0,7564.660000000001,2,NORMAL
7549,Wazir Atwal,38474.0,1538.96,1,NORMAL
7550,Bachittar Dash,939977.0,37599.08,3,NORMAL
7551,Siya Mall,253923.0,10156.92,1,NORMAL
7552,Fiyaz Lanka,694213.0,6942.129999999999,2,NORMAL
7553,Darsh Bir,578819.0,23152.760000000002,2,NORMAL
7554,Naveen Sandhu,392630.0,15705.2,1,NORMAL
7555,Fiyaz Karnik,725149.0,15033.7,2,NORMAL
7556,Adya Mangat,893347.0,34220.17,3,NORMAL
7557,Jagat Kadakia,621056.0,24842.239999999998,3,NORMAL
7558,Bhavna Puri,457884.0,15125.31,3,NORMAL
7559,Ekapad Chahal,430805.0,4308.05,1,NORMAL
7560,Mohammed Soni,667384.0,10849.96,3,NORMAL
7561,Sai Palla,412879.0,16515.16,2,NORMAL
7562,Januja Kari,143457.0,1434.5700000000002,2,NORMAL
7565,Charles Jhaveri,10908.0,436.32,1,NORMAL
7566,Liam Chokshi,1041051.0,15864.54,4,VIP
7567,Pooja Chahal,814956.0,8149.5599999999995,2,NORMAL
7568,Faras Virk,477473.0,13116.92,3,NORMAL
7569,Lajita Mohanty,115268.0,4610.72,1,NORMAL
7570,Ganga Mukhopadhyay,295458.0,11818.32,1,NORMAL
7571,Ekapad Sethi,74693.0,2987.7200000000003,1,NORMAL
7575,Tanay Sarraf,999723.0,22431.99,4,NORMAL
7578,Dayita Oommen,418571.0,4185.71,1,NORMAL
7579,Januja Batta,478780.0,4787.8,1,NORMAL
7580,Agastya Basak,586661.0,5866.610000000001,2,NORMAL
7581,Darika Kala,1004268.0,40170.72,3,VIP
7583,Siya Sangha,468645.0,16908.96,3,NORMAL
7584,Baljiwan Barad,487248.0,4872.48,2,NORMAL
7586,Nathaniel Kunda,638181.0,25527.24,2,NORMAL
7587,Chandresh Walla,239945.0,4920.32,2,NORMAL
7588,Forum Bandi,311927.0,12477.08,1,NORMAL
7589,Priya Konda,233925.0,9357.0,1,NORMAL
7590,Charles Date,407010.0,7224.990000000001,2,NORMAL
7592,Falan Rajagopalan,288884.0,11555.36,1,NORMAL
7593,Chatresh Kurian,538890.0,21555.6,2,NORMAL
7594,Kabir Lad,615118.0,17233.9,2,NORMAL
7595,Chatresh Biswas,440370.0,17614.8,1,NORMAL
7596,Amruta Pathak,57579.0,2303.16,1,NORMAL
7599,Ria Bajaj,27619.0,276.19,1,NORMAL
7601,Jai Dhar,412435.0,8546.68,2,NORMAL
7602,Irya Yogi,79618.0,796.18,2,NORMAL
7603,Widisha Garde,340440.0,3404.4,1,NORMAL
7604,Aayush Devi,288717.0,11548.68,2,NORMAL
7605,Ekiya Jain,401639.0,4016.39,1,NORMAL
7606,Tamanna Babu,410741.0,6714.05,3,NORMAL
7607,Tanveer Sangha,229900.0,8121.37,3,NORMAL
7608,Yagnesh Sani,514405.0,14683.840000000002,2,NORMAL
7609,Shravya Das,763975.0,10562.89,4,NORMAL
7610,Sachi Pillay,941749.0,9417.490000000002,2,NORMAL
7611,Thomas Ganesan,204760.0,2047.6000000000001,1,NORMAL
7612,Pranav Karpe,654501.0,6545.01,2,NORMAL
7613,Amruta Choudhury,469271.0,4692.71,1,NORMAL
7615,Samarth Loke,648829.0,25953.16,2,NORMAL
7616,Rohan Barman,300395.0,12015.800000000001,1,NORMAL
7617,Jagvi Acharya,288346.0,11533.84,1,NORMAL
7618,Neelima Butala,308345.0,12333.800000000001,1,NORMAL
7619,Chaman Kannan,68941.0,2757.64,1,NORMAL
7620,Ekaraj Date,249881.0,7042.37,3,NORMAL
7621,Ayush Kamdar,166337.0,1663.3700000000001,1,NORMAL
7622,Dipta Bansal,731421.0,20390.16,3,NORMAL
7623,Noah Chadha,714623.0,19808.12,2,NORMAL
7624,Zehaan Halder,912869.0,18390.620000000003,3,NORMAL
7625,Ubika Solanki,650619.0,6506.1900000000005,2,NORMAL
7626,Unnati Dass,89692.0,896.9200000000001,1,NORMAL
7627,Bahadurjit Rai,281397.0,11255.880000000001,1,NORMAL
7628,Leela Basak,278791.0,2787.91,1,NORMAL
7629,Gaurav Borde,212331.0,8493.24,1,NORMAL
7630,Hemangini Lalla,260542.0,2605.42,1,NORMAL
7631,Caleb Nagi,292047.0,2920.4700000000003,1,NORMAL
7632,Charvi Kohli,457406.0,18296.24,1,NORMAL
7633,Prisha Mandal,387754.0,3877.54,1,NORMAL
7635,Shravya Gade,706376.0,7063.76,3,NORMAL
7638,Leela Kale,1542515.0,22416.23,7,VIP
7640,Yamini Bajaj,969806.0,38792.240000000005,2,NORMAL
7641,Samuel Koshy,666442.0,24726.73,3,NORMAL
7643,Prisha Mody,132524.0,1325.24,1,NORMAL
7644,Manya Menon,787845.0,22244.13,2,NORMAL
7645,Yashoda Minhas,414713.0,4147.13,1,NORMAL
7646,Sai Mitra,228524.0,2285.2400000000002,1,NORMAL
7647,Samar Minhas,233437.0,9337.48,1,NORMAL
7648,Vivaan Bawa,447006.0,4470.06,2,NORMAL
7649,Niharika Sachdeva,443339.0,4433.39,1,NORMAL
7650,Simon Sagar,206225.0,2062.25,1,NORMAL
7651,Zilmil Chakrabarti,598214.0,13511.09,3,NORMAL
7652,Yochana Gokhale,1016660.0,15246.439999999999,4,VIP
7653,Raghav Mani,688837.0,13560.220000000001,3,NORMAL
7654,Vasudha Ahuja,505403.0,20216.120000000003,2,NORMAL
7655,Vedhika Chadha,434724.0,4347.24,2,NORMAL
7656,Qabil Upadhyay,239593.0,9583.72,1,NORMAL
7657,Charles Gade,95796.0,3831.84,1,NORMAL
7658,Ridhi Pingle,571181.0,16952.510000000002,2,NORMAL
7659,Lekha Shenoy,1094220.0,35990.67,3,VIP
7660,Deepa Loyal,769648.0,7696.48,2,NORMAL
7661,Saanvi Lanka,212117.0,8484.68,2,NORMAL
7662,Brijesh Shroff,670879.0,6708.79,4,NORMAL
7664,Ladli Singh,657040.0,6570.4,2,NORMAL
7665,Oscar Dutta,503873.0,11490.8,2,NORMAL
7666,Raghav Vyas,983304.0,39332.16,3,NORMAL
7669,Hitesh Palan,454264.0,18170.56,1,NORMAL
7670,Raksha Pillai,691947.0,27677.88,3,NORMAL
7671,Rudra Pant,306864.0,3068.64,1,NORMAL
7673,Zaitra Goel,383351.0,6382.7,3,NORMAL
7674,Meghana Rout,417933.0,16717.32,1,NORMAL
7675,Veda Ravi,891663.0,21669.12,2,NORMAL
7676,Yauvani Gole,234337.0,2343.37,1,NORMAL
7677,Jeet Narayanan,280532.0,6129.710000000001,2,NORMAL
7678,Guneet Comar,47812.0,478.12,1,NORMAL
7679,Nitesh Mukhopadhyay,192734.0,7709.360000000001,1,NORMAL
7680,Qarin Deo,569694.0,13644.84,3,NORMAL
7681,Edhitha Tiwari,1091078.0,34645.73,4,VIP
7682,Odika Bhakta,19860.0,198.6,1,NORMAL
7684,Aahana Rout,419747.0,13732.7,3,NORMAL
7685,Janya Kata,1433121.0,43883.61,4,VIP
7686,Eiravati Kumar,949367.0,29963.33,3,NORMAL
7687,Ojasvi Korpal,258542.0,2585.42,1,NORMAL
7689,Nachiket Doctor,399714.0,3997.14,1,NORMAL
7690,Pahal Walia,498993.0,19959.72,1,NORMAL
7691,Darpan Zachariah,435653.0,17426.12,1,NORMAL
7692,Upkaar Varma,1439103.0,28467.93,4,VIP
7693,Sanya Goswami,799097.0,19819.73,2,NORMAL
7694,Kritika Kashyap,45944.0,459.44,1,NORMAL
7695,Dayita Bir,467469.0,6451.530000000001,2,NORMAL
7696,Lipika De,264418.0,10576.72,1,NORMAL
7697,Ganga Nath,51855.0,2074.2,1,NORMAL
7699,Keya Sahni,17012.0,680.48,1,NORMAL
7700,Ladli Iyer,223177.0,8927.08,1,NORMAL
7701,Ryan Varghese,193658.0,7746.32,1,NORMAL
7702,Yuvraj Varty,859969.0,34398.759999999995,3,NORMAL
7703,Om Sangha,117357.0,4694.28,1,NORMAL
7704,Arunima Hayre,165070.0,1650.7,1,NORMAL
7705,Upadhriti Bava,796413.0,20290.41,2,NORMAL
7706,Divya Mannan,513684.0,5136.84,2,NORMAL
7707,Aarna Behl,655792.0,10598.32,3,NORMAL
7708,Lakshit Rajagopal,1174795.0,39318.73,4,VIP
7709,Theodore Sabharwal,279924.0,10784.400000000001,2,NORMAL
7710,Chanchal Magar,733025.0,7330.25,2,NORMAL
7711,Wridesh Soman,736127.0,15984.71,2,NORMAL
7712,Yashasvi Kurian,849422.0,19721.09,2,NORMAL
7713,Gaurangi Mallick,547929.0,11778.54,2,NORMAL
7714,Chakradev Dugar,132140.0,1321.4,1,NORMAL
7715,Dhriti Khosla,745576.0,29292.519999999997,3,NORMAL
7716,Kamya Agarwal,321806.0,3218.06,1,NORMAL
7718,Vivaan Chandran,584862.0,20981.73,3,NORMAL
7719,Neelima Chaudhari,92125.0,3685.0,1,NORMAL
7720,Arya Nanda,331434.0,3314.34,1,NORMAL
7721,Mahika Purohit,742182.0,14927.07,2,NORMAL
7723,Neha Hora,228273.0,2282.73,2,NORMAL
7726,Reyansh Sura,383607.0,15344.28,1,NORMAL
7727,Shaurya Ram,319663.0,3196.63,2,NORMAL
7728,Elijah Roy,815498.0,20653.309999999998,2,NORMAL
7729,Shravya Pradhan,290432.0,3999.29,3,NORMAL
7730,Mason Shetty,481132.0,4811.32,1,NORMAL
7731,Widisha Pillai,485049.0,4850.49,2,NORMAL
7732,Panini Pall,294432.0,11777.28,1,NORMAL
7733,Nikita Aurora,657361.0,16826.02,2,NORMAL
7734,Jairaj Dash,21596.0,454.19,2,NORMAL
7735,Upma Sahni,1180208.0,11802.08,3,VIP
7736,Ekani Bobal,185545.0,1855.45,1,NORMAL
7737,Rachit Bansal,704475.0,7044.75,2,NORMAL
7738,Vasudha Bakshi,169449.0,1694.49,1,NORMAL
7739,Utkarsh Ramaswamy,37311.0,1492.44,1,NORMAL
7740,Daksh Boase,317378.0,12695.12,1,NORMAL
7741,Waida Tandon,649910.0,13148.75,2,NORMAL
7742,Hemani Dasgupta,450697.0,18027.88,1,NORMAL
7743,Noah Kala,584825.0,22048.07,3,NORMAL
7744,Anthony Soman,56278.0,2251.12,1,NORMAL
7745,Jasmit Narayan,320349.0,12813.960000000001,1,NORMAL
7748,Upadhriti Radhakrishnan,83280.0,832.8000000000001,1,NORMAL
7750,Frado Grewal,377767.0,4044.49,3,NORMAL
7752,Luke Murty,441501.0,17660.04,2,NORMAL
7753,Pooja Goda,588859.0,23554.36,2,NORMAL
7754,Omaja Narang,743950.0,21418.690000000002,3,NORMAL
7755,Adweta Dalal,321214.0,12848.56,1,NORMAL
7756,Aishani Patil,755344.0,21109.96,4,NORMAL
7757,Simon Datta,508563.0,12487.710000000001,2,NORMAL
7759,Waida Soni,1157410.0,35483.59,5,VIP
7760,Anay Upadhyay,412464.0,5487.87,2,NORMAL
7761,Benjamin Koshy,176506.0,1765.06,1,NORMAL
7762,Fitan Thaker,596049.0,5960.49,2,NORMAL
7763,Vedhika Konda,277622.0,2776.2200000000003,2,NORMAL
7764,Jacob Natt,79229.0,792.29,1,NORMAL
7765,Anamika Subramaniam,715385.0,21587.059999999998,2,NORMAL
7768,Noah Dani,554864.0,5548.639999999999,3,NORMAL
7769,Kai Gara,734619.0,29384.760000000002,2,NORMAL
7770,Madhavi Tiwari,883584.0,20802.690000000002,2,NORMAL
7771,Rudra Suri,108061.0,1080.6100000000001,1,NORMAL
7774,Girindra Merchant,611576.0,11109.53,3,NORMAL
7775,Qadim Divan,466312.0,4663.12,2,NORMAL
7776,Dalaja Sawhney,579348.0,13103.070000000002,2,NORMAL
7777,Benjamin Issac,305359.0,12214.36,1,NORMAL
7778,Arya Karan,254481.0,10179.24,2,NORMAL
7780,Sanaya Sem,814350.0,22221.420000000002,2,NORMAL
7781,Urishilla Palla,513838.0,16701.37,2,NORMAL
7782,Brijesh Bandi,266943.0,10677.72,1,NORMAL
7783,Lavanya Bhandari,184369.0,3984.01,2,NORMAL
7785,Chakradhar Choudhry,115835.0,4633.400000000001,1,NORMAL
7786,Triveni Ramachandran,1021179.0,29337.3,3,VIP
7788,Manya Patla,300182.0,12007.28,1,NORMAL
7790,Lekha Nazareth,125375.0,5015.0,1,NORMAL
7791,Nilima Toor,378580.0,3785.8,1,NORMAL
7794,Hredhaan Nigam,619194.0,24767.760000000002,3,NORMAL
7795,Daniel Chaudhry,179526.0,5256.3,2,NORMAL
7796,Kabir Vasa,555076.0,5550.76,2,NORMAL
7797,Warjas Varkey,41026.0,410.26,1,NORMAL
7798,Hemal Iyer,244103.0,2441.03,1,NORMAL
7799,Urvashi Anand,1357339.0,33098.5,6,VIP
7800,Peter Raman,866207.0,29496.59,3,NORMAL
7801,Gauri Bhasin,355911.0,3559.11,1,NORMAL
7802,Bhavya Tank,1106305.0,22372.42,3,VIP
7803,Gunbir Bhagat,102648.0,1026.48,1,NORMAL
7804,Siya Handa,816586.0,32663.440000000002,2,NORMAL
7805,Ekapad Ravel,907968.0,22537.41,3,NORMAL
7806,Keya Thakur,86121.0,3444.84,1,NORMAL
7807,Arunima Jaggi,833271.0,33330.840000000004,2,NORMAL
7808,Yachana Kadakia,550902.0,5509.02,3,NORMAL
7809,Bhanumati Manne,893021.0,32004.32,3,NORMAL
7810,Riya Behl,994800.0,27566.22,3,NORMAL
7811,Dakshesh Verma,391687.0,15667.48,1,NORMAL
7814,Nirja Keer,485234.0,6565.1900000000005,2,NORMAL
7815,Indrajit Gala,337474.0,13498.960000000001,1,NORMAL
7816,Neha Goel,28594.0,1143.76,1,NORMAL
7817,Teerth Kashyap,981536.0,27495.170000000002,3,NORMAL
7819,Omkaar Dalal,824111.0,28340.75,3,NORMAL
7820,Ojas Pillai,163134.0,4300.98,2,NORMAL
7821,Pranav Swaminathan,433793.0,16017.619999999999,3,NORMAL
7822,Kamya Solanki,300215.0,8233.46,2,NORMAL
7824,Kabir Nadkarni,138969.0,5558.76,2,NORMAL
7826,Omisha Trivedi,85225.0,852.25,1,NORMAL
7827,Vyanjana Krishnan,573627.0,15867.84,2,NORMAL
7828,Ikbal Nanda,799340.0,16871.06,3,NORMAL
7829,Ayaan Sahota,388216.0,3882.16,1,NORMAL
7830,Noah Sandhu,833150.0,10476.8,4,NORMAL
7831,Vrinda Trivedi,493377.0,4933.77,2,NORMAL
7833,Wyatt Bora,426660.0,17066.4,1,NORMAL
7834,Adweta Tripathi,611257.0,16600.78,3,NORMAL
7835,Hemangini Mammen,316026.0,3160.26,2,NORMAL
7836,Om Kamdar,883241.0,23555.93,3,NORMAL
7838,Farhan Kaur,802454.0,13618.460000000001,3,NORMAL
7839,Tamanna Agrawal,81474.0,3258.96,1,NORMAL
7840,Samarth Tata,341505.0,3415.05,1,NORMAL
7841,Onkar Garg,246728.0,2467.28,1,NORMAL
7842,Bimala Chaudhary,254820.0,2548.2000000000003,1,NORMAL
7843,Balhaar Johal,90638.0,3625.52,1,NORMAL
7846,Devansh Narula,1131801.0,34081.59,4,VIP
7847,Falak Thaker,342396.0,8394.6,2,NORMAL
7848,Liam Saraf,548582.0,13735.429999999998,3,NORMAL
7849,Oviya Badami,428330.0,17133.2,2,NORMAL
7851,Bakhshi Chandran,632517.0,25300.68,2,NORMAL
7852,Kritika Raju,959111.0,22640.63,3,NORMAL
7853,Lipika Gala,1007301.0,40292.04,4,VIP
7855,Ishaan Gola,70185.0,2807.4,1,NORMAL
7857,Joshua Gade,1416491.0,43581.98,5,VIP
7858,Sanaya Chana,141720.0,1417.2,1,NORMAL
7860,Ladli Mohan,784999.0,31399.96,2,NORMAL
7862,Yatan Kapur,250388.0,10015.52,2,NORMAL
7864,Kalpit Arora,1148606.0,45944.24,3,VIP
7865,Anmol Chanda,1197252.0,34307.97,4,VIP
7866,Patrick Bumb,645430.0,25817.199999999997,2,NORMAL
7867,Shravya Keer,877568.0,34507.76,3,NORMAL
7868,Damyanti Buch,667814.0,13072.76,2,NORMAL
7871,Yuvraj Pillai,946054.0,37842.16,3,NORMAL
7872,Sathvik Bala,540390.0,21615.6,2,NORMAL
7873,Ekani Gole,704060.0,16389.65,2,NORMAL
7874,Omaja Kala,285747.0,11429.880000000001,1,NORMAL
7875,Zinal Sankar,816423.0,15252.09,4,NORMAL
7876,Kabir Om,595202.0,5952.02,2,NORMAL
7877,Varenya Korpal,146503.0,5860.12,1,NORMAL
7878,Charan Borra,1168476.0,27512.01,4,VIP
7879,Sara Nair,531189.0,21247.56,2,NORMAL
7880,Qarin Comar,198746.0,7949.84,1,NORMAL
7881,Noah Lalla,680198.0,27207.920000000002,2,NORMAL
7882,Vrinda Sarma,8418.0,84.18,1,NORMAL
7884,Pratyush Kumer,1582084.0,38272.3,7,VIP
7885,Leela Virk,142798.0,5711.92,1,NORMAL
7887,Pushti Vasa,496611.0,19864.44,1,NORMAL
7888,Anita Narang,707577.0,12646.5,3,NORMAL
7889,Pooja Gaba,487289.0,19491.56,2,NORMAL
7890,Ekavir Joshi,497490.0,19899.600000000002,1,NORMAL
7892,Ekiya Mallick,511960.0,5119.6,2,NORMAL
7893,Netra Balakrishnan,430703.0,14142.74,3,NORMAL
7894,Eesha Deshmukh,353291.0,14131.64,1,NORMAL
7895,Hritik Mishra,546544.0,8350.06,3,NORMAL
7896,Aahana Pandey,330854.0,3308.54,1,NORMAL
7898,Krishna Butala,881285.0,35251.4,2,NORMAL
7899,Shivani Murthy,362231.0,3622.31,1,NORMAL
7900,Balvan Palla,179849.0,1798.49,1,NORMAL
7902,Simon Bassi,296727.0,11869.08,1,NORMAL
7903,Keya Sant,277625.0,2776.25,2,NORMAL
7904,Veer Sanghvi,131287.0,5251.4800000000005,1,NORMAL
7905,Gagan Karpe,388027.0,15521.08,1,NORMAL
7908,Omaja Andra,303809.0,3038.09,1,NORMAL
7909,Brinda Sunder,273363.0,10934.52,1,NORMAL
7910,Ekalinga Lad,464813.0,17803.88,2,NORMAL
7911,Ojas Mital,534536.0,19245.53,3,NORMAL
7912,Abdul Shanker,481726.0,19269.04,1,NORMAL
7913,Hemangini Bora,729032.0,16388.93,3,NORMAL
7915,Ekaja Deshpande,417476.0,11246.3,2,NORMAL
7916,Sara Badal,21135.0,211.35,1,NORMAL
7918,Yash Choudhry,755231.0,30209.239999999998,2,NORMAL
7919,Pushti Sabharwal,737692.0,15782.83,3,NORMAL
7920,Deepa Contractor,369948.0,3699.48,3,NORMAL
7922,Logan Acharya,175383.0,1753.83,1,NORMAL
7923,Samuel Lalla,295364.0,2953.6400000000003,2,NORMAL
7925,Nitara Bora,189858.0,7594.32,1,NORMAL
7926,Azad Shanker,281697.0,2816.9700000000003,1,NORMAL
7927,Xalak Raval,532381.0,9493.45,2,NORMAL
7928,Vrinda Ray,701033.0,7010.33,3,NORMAL
7929,Chatura Gade,647464.0,6474.639999999999,2,NORMAL
7931,Janaki Vig,753166.0,7531.66,2,NORMAL
7932,Jonathan Ahluwalia,344724.0,13788.96,2,NORMAL
7933,Daksh Rajagopalan,1029924.0,17966.1,4,VIP
7935,Umang Vohra,518865.0,20754.6,2,NORMAL
7936,Devansh Pingle,465128.0,18605.12,1,NORMAL
7937,Joshua Jha,645770.0,13224.86,3,NORMAL
7938,Chanakya Khalsa,480990.0,19239.600000000002,1,NORMAL
7939,Manbir Khatri,44153.0,441.53000000000003,1,NORMAL
7940,Aadi Mohan,192148.0,1921.48,1,NORMAL
7941,Aradhana Sathe,471079.0,18843.16,1,NORMAL
7942,Hemangini Wadhwa,358653.0,14346.12,1,NORMAL
7943,Lucky Bhat,732911.0,17488.28,3,NORMAL
7944,Quincy Kara,345875.0,8458.52,2,NORMAL
7945,Theodore Sha,457908.0,4579.08,1,NORMAL
7949,Chandran Raju,29425.0,1177.0,1,NORMAL
7951,Falan Lata,215687.0,2156.87,1,NORMAL
7952,Reyansh Rao,32917.0,1316.68,1,NORMAL
7953,Yagnesh Chopra,111430.0,1114.3,1,NORMAL
7954,Lucky Hegde,38609.0,386.09000000000003,1,NORMAL
7955,Tarak Tak,1119031.0,20872.39,4,VIP
7956,Jeet Narang,359382.0,14375.28,1,NORMAL
7957,Arjun Palla,718388.0,16448.75,2,NORMAL
7958,Rishi Johal,290679.0,2906.79,1,NORMAL
7960,Nathaniel Shere,195791.0,7831.64,1,NORMAL
7961,Odika Khosla,846966.0,8469.66,3,NORMAL
7962,Rachita Parekh,463830.0,4638.299999999999,2,NORMAL
7964,Baljiwan Narayan,650883.0,8726.31,3,NORMAL
7965,Parth Hans,549622.0,14616.220000000001,3,NORMAL
7966,Mugdha Rau,676173.0,21449.550000000003,3,NORMAL
7968,Gaurangi Dubey,402008.0,4020.08,1,NORMAL
7969,Rehaan Issac,276015.0,11040.6,1,NORMAL
7970,Harish Gala,155987.0,6239.4800000000005,1,NORMAL
7972,Forum Tank,179398.0,6903.43,2,NORMAL
7973,Jhalak Nori,224614.0,8984.56,1,NORMAL
7974,Lakshit Dasgupta,417129.0,4171.29,1,NORMAL
7975,Tanveer Singh,763666.0,7636.66,2,NORMAL
7977,Krishna Patla,1382424.0,32979.69,5,VIP
7978,Yahvi Kashyap,1250334.0,44817.240000000005,4,VIP
7979,Gabriel Buch,412449.0,13695.57,3,NORMAL
7981,Watika Kapadia,944291.0,25555.370000000003,4,NORMAL
7983,Pallavi Nori,296125.0,2961.25,1,NORMAL
7984,Kamya Dewan,383090.0,15323.6,1,NORMAL
7985,Ranbir Rege,870106.0,24906.58,4,NORMAL
7986,Januja Bhavsar,248884.0,2488.84,2,NORMAL
7988,Imaran Ramanathan,300214.0,12008.56,1,NORMAL
7989,Upadhriti Rao,444727.0,9933.34,2,NORMAL
7990,Chandresh Jayaraman,176580.0,2755.4700000000003,3,NORMAL
7991,Vedant Jayaraman,463521.0,13779.510000000002,3,NORMAL
7992,Bhavika Venkatesh,1555094.0,49077.86,4,VIP
7993,Hitesh Balakrishnan,153040.0,1530.4,1,NORMAL
7994,Mekhala Palla,591038.0,23641.52,2,NORMAL
7995,Caleb Kata,386409.0,3864.09,1,NORMAL
7996,Kalpit Iyer,131905.0,5276.2,1,NORMAL
7997,Max Mittal,127476.0,1274.76,2,NORMAL
7998,Kevin Dar,569194.0,8170.54,3,NORMAL
7999,Janani Ghosh,738747.0,16360.68,3,NORMAL
8000,Lucky Sane,74176.0,2967.04,1,NORMAL
8002,Max Talwar,460282.0,4602.82,1,NORMAL
8003,Yashodhara Barman,123113.0,1231.13,1,NORMAL
8005,Anmol Kala,500842.0,10204.18,2,NORMAL
8006,Nihal Sachdeva,420344.0,4203.4400000000005,2,NORMAL
8007,Xalak Dhar,452845.0,4528.45,1,NORMAL
8008,Ijaya Barman,648514.0,15782.740000000002,2,NORMAL
8010,Zayyan Bala,59719.0,2388.76,2,NORMAL
8011,Sathvik Behl,1141580.0,26402.000000000004,3,VIP
8012,Jyoti Pal,845224.0,17836.690000000002,3,NORMAL
8016,Dakshesh Gandhi,965310.0,14011.86,3,NORMAL
8017,Saanvi Nanda,939726.0,23398.800000000003,2,NORMAL
8018,Nicholas Iyer,332645.0,3326.4500000000003,1,NORMAL
8019,Andrew Cherian,308444.0,12337.76,1,NORMAL
8020,Aditya Vaidya,550998.0,22039.920000000002,2,NORMAL
8021,Lakshmi Nagar,38769.0,1550.76,1,NORMAL
8022,Aayush Wali,604955.0,6049.55,2,NORMAL
8023,Pavani Kuruvilla,622322.0,20511.410000000003,2,NORMAL
8025,Ishanvi Grover,765509.0,16030.100000000002,4,NORMAL
8026,Varsha Bava,956560.0,22027.75,3,NORMAL
8027,Bachittar Loyal,351081.0,14043.24,1,NORMAL
8028,Jason Loyal,660888.0,6608.88,2,NORMAL
8029,Krisha Taneja,260124.0,10404.960000000001,1,NORMAL
8031,Janya Nadig,533585.0,13520.66,2,NORMAL
8033,Leela Saxena,201687.0,8067.4800000000005,1,NORMAL
8035,Balvan Singhal,510649.0,6867.91,2,NORMAL
8036,Rachit Shukla,537852.0,21514.08,2,NORMAL
8038,Chandresh Mukherjee,222319.0,2223.19,3,NORMAL
8039,Chasmum Bajaj,679484.0,16509.47,3,NORMAL
8040,Odika Gala,679207.0,17377.96,2,NORMAL
8041,Niharika Dave,713430.0,17901.63,2,NORMAL
8042,Pranav Chowdhury,751245.0,25482.0,3,NORMAL
8043,Bhavani Kaul,962473.0,25639.96,3,NORMAL
8044,Michael Ramesh,821693.0,32867.72,3,NORMAL
8045,Rachit Gola,774803.0,11523.8,3,NORMAL
8046,Joshua Raja,59430.0,2377.2000000000003,1,NORMAL
8047,Aarav Gulati,494916.0,9190.98,2,NORMAL
8048,Ekanta Pau,164095.0,6563.8,1,NORMAL
8049,Yashvi Mallick,774381.0,20534.19,2,NORMAL
8050,Eiravati Ahuja,175821.0,7032.84,1,NORMAL
8051,Jasmit Ratti,302685.0,7473.09,2,NORMAL
8052,Gayathri Solanki,337972.0,3379.7200000000003,2,NORMAL
8053,Inaya Majumdar,565323.0,22612.920000000002,2,NORMAL
8054,Wyatt Krishnamurthy,471554.0,4715.54,1,NORMAL
8056,Hema Kant,11765.0,470.6,1,NORMAL
8057,Yashoda Andra,218289.0,2182.89,1,NORMAL
8058,Ucchal Patla,244432.0,2444.32,1,NORMAL
8059,Frederick Tara,882785.0,20460.35,3,NORMAL
8061,Farhan Sandal,1320738.0,27942.09,3,VIP
8062,Zilmil Som,182138.0,1821.38,1,NORMAL
8063,Ishwar Saraf,647140.0,15151.42,3,NORMAL
8065,Zansi Choudhury,220157.0,8806.28,1,NORMAL
8066,Riya Sahni,267296.0,10691.84,1,NORMAL
8067,Yatan Mane,948952.0,20942.59,4,NORMAL
8068,Harinakshi Zacharia,438780.0,17551.2,1,NORMAL
8069,Chameli Kothari,567942.0,5679.42,2,NORMAL
8070,Nisha Nazareth,1391137.0,43552.03,5,VIP
8071,Faqid Ratta,778700.0,7787.0,2,NORMAL
8072,Neelima Shanker,74021.0,740.21,1,NORMAL
8073,Gagan Balakrishnan,372949.0,12309.52,2,NORMAL
8074,Deepa Thaman,158662.0,3941.26,2,NORMAL
8075,Vihaan Sha,632223.0,15055.68,2,NORMAL
8076,Omya Jain,971281.0,15753.1,3,NORMAL
8077,Baljiwan Dube,288618.0,11544.72,1,NORMAL
8078,Radhika Sundaram,444293.0,4442.93,1,NORMAL
8079,Kamala Dada,539271.0,5392.71,2,NORMAL
8080,Dipta Bakshi,528346.0,11304.43,2,NORMAL
8081,Vidhi Bath,570577.0,19207.149999999998,3,NORMAL
8082,Netra Hegde,993860.0,31645.25,3,NORMAL
8085,Janya Choudhry,537443.0,8134.01,2,NORMAL
8086,Xiti Dara,460354.0,4603.54,1,NORMAL
8087,Vivaan Pathak,662887.0,6628.87,2,NORMAL
8088,Indira Buch,8235.0,82.35000000000001,1,NORMAL
8089,Barkha Ratti,463463.0,4634.63,2,NORMAL
8090,Pushti Wagle,51516.0,515.16,1,NORMAL
8091,Jonathan Mukherjee,439807.0,17592.28,1,NORMAL
8092,Bachittar Prabhakar,276204.0,5172.3,2,NORMAL
8094,Januja Din,654871.0,13264.03,2,NORMAL
8097,Jhalak Bhavsar,80500.0,805.0,1,NORMAL
8098,Teerth Khare,412050.0,10482.48,2,NORMAL
8099,Sanya Mistry,467357.0,18694.280000000002,2,NORMAL
8100,Udarsh Dhaliwal,978211.0,15134.23,3,NORMAL
8101,Xavier Chakrabarti,374950.0,14998.0,1,NORMAL
8103,Krishna Srinivas,815773.0,21718.87,2,NORMAL
8104,Jatin Bala,563433.0,5634.33,3,NORMAL
8105,Sai Bandi,401575.0,16063.0,1,NORMAL
8106,Laban Buch,246327.0,7779.48,2,NORMAL
8108,Lila Pai,592013.0,5920.13,3,NORMAL
8109,Mekhala Chand,490893.0,4908.93,1,NORMAL
8111,Krishna Bir,47519.0,1900.76,1,NORMAL
8113,Eta Varty,109895.0,4395.8,2,NORMAL
8114,Gaurang Madan,576560.0,13745.75,4,NORMAL
8115,Ojas Bera,366916.0,14676.64,1,NORMAL
8117,Daniel Jani,314140.0,3141.3999999999996,2,NORMAL
8118,Ati Saha,302253.0,6813.6900000000005,2,NORMAL
8119,Warinder Grover,244581.0,3080.6400000000003,2,NORMAL
8120,Tejas Pal,1127363.0,25546.160000000003,4,VIP
8121,Wyatt Gopal,1150060.0,21849.010000000002,4,VIP
8122,Zinal Mannan,634837.0,17608.81,2,NORMAL
8123,Kalpit Oommen,253691.0,10147.64,2,NORMAL
8124,Wakeeta Gulati,233463.0,9338.52,1,NORMAL
8127,Ishanvi Khatri,464307.0,15633.420000000002,2,NORMAL
8128,Tarak Uppal,332409.0,3324.09,1,NORMAL
8130,Riya Amble,495630.0,4956.3,1,NORMAL
8131,Lipika Bhardwaj,352756.0,7744.66,2,NORMAL
8132,Saanvi Subramanian,790435.0,18271.24,2,NORMAL
8133,Warinder Gala,685008.0,6850.08,3,NORMAL
8135,Victor Date,257524.0,10300.96,2,NORMAL
8136,Robert Kaul,588345.0,13317.6,2,NORMAL
8137,Yashodhara Kaur,111998.0,1119.98,1,NORMAL
8138,Parth Parekh,285820.0,9771.07,2,NORMAL
8139,Yuvraj Zacharia,811468.0,18707.44,3,NORMAL
8140,Chaitanya Pillay,663347.0,12998.54,3,NORMAL
8141,Vaishnavi Dugar,12367.0,494.68,1,NORMAL
8142,Dalaja Khatri,425057.0,17002.28,1,NORMAL
8144,Andrew Merchant,493222.0,19728.88,1,NORMAL
8145,Yash Prakash,298416.0,11936.64,1,NORMAL
8146,Nimrat Bhardwaj,282452.0,11298.08,1,NORMAL
8147,Ekalinga Oak,392778.0,15711.12,1,NORMAL
8148,Geetika Sethi,77457.0,774.57,1,NORMAL
8150,Vansha Brahmbhatt,830313.0,22597.68,2,NORMAL
8151,Warjas Sha,215386.0,8615.44,1,NORMAL
8152,Lekha Chhabra,458334.0,18333.36,1,NORMAL
8153,Aachal Bains,369323.0,14772.92,1,NORMAL
8154,Udant Dhaliwal,715471.0,16136.35,2,NORMAL
8156,Eshana Bandi,198109.0,7924.360000000001,1,NORMAL
8157,Damini Bhat,971759.0,22286.510000000002,3,NORMAL
8158,Avni Prashad,55772.0,557.72,2,NORMAL
8159,Rudra Sha,52953.0,529.53,1,NORMAL
8161,Faras Zachariah,620385.0,15659.279999999999,2,NORMAL
8162,Jagvi Loke,845287.0,16477.690000000002,3,NORMAL
8163,Laksh Kata,141227.0,1412.27,2,NORMAL
8164,Baghyawati Prabhakar,419669.0,15721.369999999999,2,NORMAL
8166,Ekansh Sekhon,176749.0,1767.49,1,NORMAL
8168,Triya Acharya,300065.0,12002.6,1,NORMAL
8169,Hiral Karan,47062.0,470.62,1,NORMAL
8170,Harish Bhargava,491755.0,4917.55,1,NORMAL
8172,Rayaan Ramakrishnan,444264.0,17528.31,2,NORMAL
8173,Devika Jaggi,454114.0,4541.14,2,NORMAL
8174,Quincy Kata,1489031.0,47336.840000000004,5,VIP
8175,Manan Gade,168421.0,1684.21,1,NORMAL
8176,Inaya Raghavan,246928.0,9877.12,1,NORMAL
8177,Raagini Kulkarni,582815.0,12929.48,3,NORMAL
8178,Rachit Badal,91561.0,915.61,2,NORMAL
8179,Simon Vaidya,1101443.0,31950.590000000004,4,VIP
8180,Vidhi Gupta,411225.0,4112.25,1,NORMAL
8181,Tara Nagi,552286.0,22091.440000000002,3,NORMAL
8182,Yash Arora,151239.0,6049.56,2,NORMAL
8183,Chaitanya Kanda,315351.0,12614.04,1,NORMAL
8184,Siddharth Chakrabarti,107829.0,4313.16,1,NORMAL
8185,Arunima Mohan,857451.0,15314.369999999999,3,NORMAL
8186,Yuvraj Subramanian,415513.0,16620.52,1,NORMAL
8188,Brijesh Wadhwa,255866.0,10234.64,2,NORMAL
8190,Aarini Khalsa,108269.0,4330.76,1,NORMAL
8193,Abhimanyu Rao,412928.0,16517.12,1,NORMAL
8195,Shravya Dave,313705.0,3137.05,1,NORMAL
8196,Shivani Sagar,388821.0,3888.21,1,NORMAL
8197,Ishanvi Biswas,342007.0,3420.07,1,NORMAL
8198,Mitali Hayer,496940.0,4969.4,2,NORMAL
8199,Abhiram Kumar,672462.0,6724.62,3,NORMAL
8200,Rayaan Kunda,92548.0,3701.92,1,NORMAL
8201,Maya Dugal,12725.0,127.25,1,NORMAL
8202,Watika Sankaran,480427.0,19217.08,1,NORMAL
8203,Gaurangi Pau,665854.0,6658.54,3,NORMAL
8205,Pratyush Nair,34256.0,342.56,1,NORMAL
8206,Nicholas Tak,1026067.0,26347.3,3,VIP
8208,Tarak Krish,463141.0,18525.64,1,NORMAL
8209,Nitara Bhakta,404465.0,4044.65,1,NORMAL
8210,Laksh Deep,572933.0,12742.369999999999,2,NORMAL
8211,Ira Subramaniam,154632.0,5380.38,2,NORMAL
8212,Gaurangi Lad,1372010.0,23898.800000000003,4,VIP
8213,Fariq Sangha,466377.0,4663.77,1,NORMAL
8214,Benjamin Dugar,510812.0,13123.400000000001,3,NORMAL
8215,Ekantika Chanda,766320.0,19328.07,2,NORMAL
8216,Watika Srinivasan,904723.0,21264.4,2,NORMAL
8217,Inaya Bath,296329.0,11853.16,1,NORMAL
8218,Nakul Batra,804778.0,8047.780000000001,2,NORMAL
8219,Mohini Rajagopal,391742.0,15669.68,1,NORMAL
8221,Neha Agrawal,287481.0,11499.24,2,NORMAL
8222,Janaki Sharma,214203.0,2142.0299999999997,2,NORMAL
8223,Falguni Chandran,468025.0,12466.84,2,NORMAL
8224,Sanya Garg,386581.0,3865.81,1,NORMAL
8225,Timothy Dey,420857.0,16834.28,1,NORMAL
8226,Isha Hans,431018.0,10957.19,2,NORMAL
8228,Utkarsh Oommen,591906.0,14317.650000000001,3,NORMAL
8229,Charita Chand,273336.0,2733.36,2,NORMAL
8230,Zayyan Sridhar,375426.0,3754.26,2,NORMAL
8231,Eesha Jani,216222.0,8648.880000000001,1,NORMAL
8232,Suhani Khalsa,1084086.0,10840.86,3,VIP
8233,Peter Butala,72873.0,2914.92,1,NORMAL
8234,Yachana Dhaliwal,88447.0,884.47,1,NORMAL
8235,Tanmayi Acharya,1374631.0,32100.85,5,VIP
8236,Wriddhish Bhatnagar,1083269.0,26384.84,4,VIP
8237,Vinaya Anne,31118.0,311.18,1,NORMAL
8240,Sai Virk,247942.0,8876.23,2,NORMAL
8243,Reyansh Ram,194419.0,1944.19,1,NORMAL
8244,Yuvraj Hayre,629834.0,25193.36,2,NORMAL
8245,Bakhshi Iyer,919389.0,20704.95,3,NORMAL
8246,Jyoti Solanki,325606.0,13024.24,1,NORMAL
8247,Faraj Barad,229322.0,5785.82,2,NORMAL
8248,Hritik Hari,1142220.0,19202.25,3,VIP
8249,Ryan Cherian,291422.0,11656.880000000001,1,NORMAL
8250,Teerth Sant,778983.0,16684.14,2,NORMAL
8251,Udarsh Bal,271849.0,10873.960000000001,1,NORMAL
8252,Elijah Sama,535955.0,21438.2,2,NORMAL
8253,Omaja Dhar,174591.0,1745.91,1,NORMAL
8254,Sai Cherian,671607.0,15224.160000000002,3,NORMAL
8255,Jai Khare,268911.0,10756.44,1,NORMAL
8256,Bachittar Prasad,235023.0,9400.92,1,NORMAL
8257,Omya Date,475023.0,16090.23,3,NORMAL
8258,Anita Datta,502603.0,11844.699999999999,2,NORMAL
8259,Kalpit Vig,200657.0,2006.57,1,NORMAL
8260,Wishi Cherian,374238.0,7676.85,2,NORMAL
8261,Varenya Sawhney,278665.0,10975.6,2,NORMAL
8263,Viraj Sarna,1038443.0,21764.87,4,VIP
8264,Jack Vig,352935.0,14117.400000000001,2,NORMAL
8265,Jonathan Chanda,132573.0,1325.73,1,NORMAL
8266,Vihaan Gupta,155917.0,1559.17,1,NORMAL
8267,Kiaan Tak,713082.0,28523.28,2,NORMAL
8269,Xalak Gill,718899.0,7188.99,2,NORMAL
8270,Chaitaly Warrior,455959.0,18238.36,1,NORMAL
8271,George Kothari,901597.0,14690.380000000001,4,NORMAL
8272,Gauri Garde,438504.0,4385.04,1,NORMAL
8273,Daksha Mitter,418638.0,4186.38,1,NORMAL
8274,Kevin Seth,1153111.0,19454.65,4,VIP
8275,Maanav Dada,78481.0,1969.81,2,NORMAL
8276,Urishilla Bhavsar,618245.0,24729.800000000003,2,NORMAL
8277,Ekaja Ganesan,1275058.0,26280.250000000004,3,VIP
8278,Nathan Manda,1067013.0,32630.850000000002,3,VIP
8279,Xavier Balakrishnan,14575.0,145.75,1,NORMAL
8281,Pranav Wali,944552.0,9445.52,3,NORMAL
8282,Zarna Parmer,471050.0,18842.0,2,NORMAL
8283,Dhriti Guha,367575.0,14703.0,1,NORMAL
8284,Manthan Nigam,67292.0,2691.68,1,NORMAL
8286,Ladli Solanki,901236.0,26829.690000000002,4,NORMAL
8287,Abeer Mand,157121.0,6284.84,1,NORMAL
8288,Chavvi Rajagopal,169608.0,1696.08,1,NORMAL
8289,Darsh Ratti,1280882.0,31174.43,5,VIP
8290,Saumya Iyer,330563.0,3305.63,1,NORMAL
8291,Gautami Krishna,837386.0,20837.870000000003,2,NORMAL
8292,Faris Lata,519225.0,14356.410000000002,2,NORMAL
8293,Inaya Bassi,1599656.0,29136.230000000003,4,VIP
8294,Ekalinga Nadkarni,256349.0,10253.96,2,NORMAL
8295,Radhika Pant,523074.0,20079.300000000003,3,NORMAL
8296,Idika Bains,742481.0,8774.96,3,NORMAL
8297,Bachittar Mody,249161.0,9966.44,1,NORMAL
8300,Pallavi Sangha,1693169.0,53514.71,5,VIP
8302,Ishani Maharaj,484795.0,4847.95,1,NORMAL
8303,Nitara Setty,446242.0,4462.42,1,NORMAL
8304,Faqid Narayan,1130348.0,11303.48,4,VIP
8305,Nicholas Shere,119286.0,4771.4400000000005,1,NORMAL
8307,Tanveer Sehgal,445714.0,17828.56,2,NORMAL
8308,Gauri Parmar,504326.0,18789.469999999998,2,NORMAL
8309,Ojasvi Sharma,1602540.0,53606.16,5,VIP
8314,Onkar Pradhan,466250.0,18650.0,1,NORMAL
8315,Manthan Mistry,738535.0,7385.35,2,NORMAL
8316,Maya Chowdhury,1264165.0,24671.56,3,VIP
8317,Frederick Sarma,918956.0,18845.63,4,NORMAL
8318,Pallavi Basu,385991.0,3859.91,1,NORMAL
8321,Pranav Rana,465193.0,4651.93,1,NORMAL
8322,William Pau,851527.0,34061.08,2,NORMAL
8323,Tripti Nanda,175575.0,1755.75,1,NORMAL
8324,Ranveer Barad,471152.0,18846.08,2,NORMAL
8325,Mitali Karpe,260085.0,2600.85,1,NORMAL
8326,Yashica Merchant,597742.0,19095.28,3,NORMAL
8327,Rishi Kar,132908.0,5316.32,1,NORMAL
8328,Charan Kumer,265237.0,2652.37,1,NORMAL
8329,Jagdish Chaudhry,175632.0,7025.280000000001,2,NORMAL
8330,Triya Ratti,1045467.0,34022.82,4,VIP
8334,Devansh Ganesan,237479.0,2374.79,1,NORMAL
8335,Osha Sankaran,688006.0,6880.0599999999995,2,NORMAL
8336,Warhi Majumdar,980203.0,30934.51,3,NORMAL
8337,Jacob Memon,805255.0,8052.549999999999,3,NORMAL
8338,Simon Bobal,1067940.0,30645.06,4,VIP
8339,Bhavna Jha,299699.0,2996.9900000000002,1,NORMAL
8340,Veda Chanda,600298.0,16153.3,2,NORMAL
8341,Yash Bir,103743.0,1037.43,1,NORMAL
8342,Bhavna Dixit,339516.0,3395.16,2,NORMAL
8343,Radha Nanda,588712.0,11102.32,2,NORMAL
8345,Radha Garg,127647.0,1276.47,1,NORMAL
8346,Utkarsh Uppal,139270.0,1392.7,1,NORMAL
8348,Chanchal Jhaveri,1214066.0,24862.07,4,VIP
8350,Zaitra Sinha,500729.0,18151.04,2,NORMAL
8351,Isaiah Kumer,632412.0,12632.55,2,NORMAL
8353,Omisha Kunda,46380.0,1855.2,1,NORMAL
8354,Madhav Saini,608470.0,15965.08,3,NORMAL
8355,Chaitanya Banerjee,428061.0,4280.610000000001,2,NORMAL
8356,Ikbal Zacharia,472391.0,4723.91,1,NORMAL
8358,Devika Bora,791717.0,17433.92,2,NORMAL
8360,Ekantika Wali,471886.0,18875.44,1,NORMAL
8361,Zansi Natarajan,328161.0,3281.61,1,NORMAL
8362,Vasana Oak,1147970.0,32693.36,6,VIP
8363,Nilima Rai,124067.0,1240.67,1,NORMAL
8364,Oviya Gera,692051.0,20572.61,2,NORMAL
8365,Irya Parmar,434561.0,4345.61,1,NORMAL
8366,Nidhi Patla,365257.0,14610.280000000002,2,NORMAL
8368,Chavvi Gill,279407.0,7874.93,2,NORMAL
8369,Vivaan D’Alia,191623.0,1916.23,1,NORMAL
8372,Maanas Nayak,286943.0,9474.32,2,NORMAL
8373,Ekantika Deshpande,1355050.0,31831.510000000002,4,VIP
8374,Gaurangi Srinivas,670372.0,26814.88,2,NORMAL
8375,Vyanjana Luthra,471899.0,18875.96,1,NORMAL
8376,Anirudh Puri,633242.0,17045.18,3,NORMAL
8377,Zinal Tank,693917.0,13456.130000000001,2,NORMAL
8378,Bhavna Mukhopadhyay,290520.0,3503.13,3,NORMAL
8379,Darika Balakrishnan,561839.0,22473.56,2,NORMAL
8380,Tripti Munshi,253582.0,10143.28,2,NORMAL
8381,Tanmayi Raghavan,217235.0,2172.35,2,NORMAL
8382,Shivani Bali,43348.0,433.48,1,NORMAL
8383,Vinaya Kalla,96652.0,966.52,1,NORMAL
8384,Bimala Om,418291.0,4182.91,1,NORMAL
8386,Omisha Sridhar,590366.0,19107.739999999998,2,NORMAL
8387,Leena Agate,393287.0,6216.530000000001,2,NORMAL
8388,Rachana Sami,438455.0,4384.55,1,NORMAL
8389,Samuel Zacharia,203153.0,7291.46,2,NORMAL
8392,Ikbal Sachar,166867.0,1668.67,1,NORMAL
8394,Tara Kala,923624.0,29827.13,4,NORMAL
8395,Bhavya Deshmukh,164651.0,6586.04,1,NORMAL
8397,Tara Kari,172892.0,6915.68,1,NORMAL
8398,Gauri Patel,208851.0,4412.91,2,NORMAL
8399,Lopa Ahuja,597903.0,14800.380000000001,3,NORMAL
8400,Aachal Nadig,600693.0,18109.47,3,NORMAL
8401,Ronith Chauhan,1068069.0,16113.18,4,VIP
8402,Harsh Chada,1058116.0,10581.16,4,VIP
8403,Sudiksha Agate,999338.0,9993.380000000001,3,NORMAL
8404,Faris Bal,358472.0,14338.880000000001,1,NORMAL
8405,Aadhya Kapur,981569.0,31382.99,4,NORMAL
8406,Azaan Tiwari,340792.0,3407.92,1,NORMAL
8407,Divya Mann,501746.0,5017.46,2,NORMAL
8409,Gaurika Gaba,75666.0,3026.64,1,NORMAL
8410,Divya Lall,1101222.0,44048.880000000005,3,VIP
8412,Lakshmi Mistry,217378.0,2173.78,1,NORMAL
8413,Barkha Ravi,681107.0,19991.21,2,NORMAL
8414,Harrison Walla,18748.0,749.92,1,NORMAL
8415,Yasti Palla,52986.0,2119.44,1,NORMAL
8418,Ria Patel,192697.0,1926.97,1,NORMAL
8419,Ansh Palla,1362837.0,38993.55,4,VIP
8420,Advika Taneja,861126.0,34445.04,4,NORMAL
8421,Anay Koshy,206119.0,8244.76,1,NORMAL
8422,Pranit Reddy,21418.0,856.72,1,NORMAL
8423,Lakshit Venkatesh,539480.0,21579.199999999997,2,NORMAL
8424,Hemani Goyal,429087.0,15312.45,2,NORMAL
8425,Ishwar Natarajan,383385.0,15335.4,1,NORMAL
8426,Anthony Bora,767107.0,21796.78,2,NORMAL
8427,Chanakya Sachdev,830951.0,18080.81,3,NORMAL
8429,Baghyawati Saxena,696932.0,6969.32,2,NORMAL
8430,Riya Kaur,301470.0,12058.800000000001,1,NORMAL
8432,Chanakya Bahri,909737.0,23730.29,2,NORMAL
8433,Ekapad Mall,829571.0,33182.840000000004,3,NORMAL
8435,Widisha Dixit,414965.0,4149.65,1,NORMAL
8436,Damini Jaggi,450788.0,18031.52,1,NORMAL
8437,Neel Raj,349072.0,3490.7200000000003,1,NORMAL
8438,Mohini Pai,216419.0,2164.19,1,NORMAL
8439,Xiti Chaudhari,233161.0,2331.61,1,NORMAL
8440,Yahvi Suri,867073.0,16437.28,4,NORMAL
8441,Vrishti Goyal,241345.0,2413.45,2,NORMAL
8442,Chaitaly Sundaram,474804.0,17400.75,2,NORMAL
8443,Ayush Dara,613092.0,6130.92,2,NORMAL
8444,Vrishti Shanker,170366.0,1703.66,1,NORMAL
8445,Laksh Vohra,751757.0,10275.56,4,NORMAL
8446,Aadhya Setty,253943.0,2539.43,1,NORMAL
8447,Kala Bawa,1025823.0,10258.23,3,VIP
8448,Azaan Soman,487254.0,4872.54,1,NORMAL
8449,Nimrat Sawhney,62570.0,2502.8,1,NORMAL
8450,Nitara Dubey,6318.0,63.18,1,NORMAL
8451,Upma Verma,737955.0,16615.739999999998,2,NORMAL
8452,Lopa Sastry,512684.0,20507.36,2,NORMAL
8453,Jagrati Lalla,578158.0,15652.480000000001,2,NORMAL
8454,Irya Grewal,237769.0,2377.69,1,NORMAL
8455,Bhavya Sunder,427540.0,17101.6,1,NORMAL
8456,Meghana Prasad,1030529.0,41221.16,3,VIP
8457,Barkha Bhat,673725.0,14246.76,3,NORMAL
8458,Caleb Kari,15984.0,159.84,1,NORMAL
8462,Michael Bandi,1224114.0,12241.14,4,VIP
8463,Hemangini Parekh,778332.0,18197.25,2,NORMAL
8464,Azaan Chana,856385.0,10714.94,3,NORMAL
8465,Urishilla Sura,986825.0,19296.47,3,NORMAL
8466,Maanas Kapadia,559189.0,5591.889999999999,2,NORMAL
8468,Banjeet Bandi,757154.0,7571.54,2,NORMAL
8469,Ganga Parsa,1193169.0,26893.35,3,VIP
8470,Azaan Sinha,800885.0,22259.48,3,NORMAL
8471,Brinda Menon,1051254.0,10512.54,4,VIP
8472,Kashish Anand,643260.0,6432.6,3,NORMAL
8473,Vasana Shroff,313136.0,4948.1,2,NORMAL
8474,Dhriti Master,621537.0,11229.390000000001,4,NORMAL
8475,Maanav Gera,195433.0,1954.3300000000002,2,NORMAL
8476,Kalpit Gulati,188036.0,5226.59,3,NORMAL
8477,Vamakshi Chahal,914016.0,36560.64,2,NORMAL
8478,Riya Pau,407267.0,4072.67,3,NORMAL
8479,Mohammed Dugar,47955.0,1918.2,1,NORMAL
8480,Samarth Panchal,122597.0,1225.97,1,NORMAL
8482,Lakshit Dhar,381656.0,5629.16,2,NORMAL
8483,Rajata Bera,1212528.0,21877.800000000003,4,VIP
8484,Vritti Shankar,1238058.0,26258.58,5,VIP
8486,Tara Srivastava,23248.0,232.48000000000002,1,NORMAL
8487,Vivaan Andra,365322.0,5488.26,2,NORMAL
8488,Thomas Parmer,673539.0,26941.56,2,NORMAL
8489,Anthony Merchant,403574.0,8948.87,2,NORMAL
8490,Charita Mittal,525786.0,12335.76,2,NORMAL
8491,Jasmit Bali,1285258.0,31820.98,4,VIP
8494,Kashvi Nadkarni,298508.0,2985.08,1,NORMAL
8495,Bhavya Aggarwal,545137.0,5451.37,3,NORMAL
8496,Chanchal Mani,92854.0,3714.16,1,NORMAL
8497,Veer Vaidya,433481.0,4334.81,1,NORMAL
8498,Aarush Bhatt,655329.0,15219.779999999999,3,NORMAL
8499,Gaurav Parekh,618148.0,20037.91,3,NORMAL
8500,Imaran Kumar,753774.0,11952.0,3,NORMAL
8503,Isaiah Borah,502892.0,17437.43,2,NORMAL
8505,Girindra Pandya,224505.0,8980.2,1,NORMAL
8506,Yochana Ram,189524.0,7580.96,1,NORMAL
8507,Tristan Gopal,9709.0,97.09,1,NORMAL
8509,Garima Parekh,653501.0,12754.970000000001,3,NORMAL
8510,Tanvi Singhal,363925.0,14557.0,1,NORMAL
8511,Matthew Madan,398032.0,15921.28,1,NORMAL
8512,Ikbal Sood,591604.0,19549.39,2,NORMAL
8513,Charles Venkatesh,111742.0,1117.42,1,NORMAL
8516,Jonathan Tella,918750.0,18239.34,3,NORMAL
8517,William Bera,430061.0,17202.440000000002,2,NORMAL
8518,Elijah Mutti,193917.0,6865.59,2,NORMAL
8519,Mekhala Rattan,465087.0,4650.87,1,NORMAL
8520,Vihaan Acharya,1031263.0,17091.88,5,VIP
8521,Tripti Mangat,67856.0,2714.2400000000002,1,NORMAL
8522,Ira Balakrishnan,50097.0,2003.88,1,NORMAL
8523,Shaurya Jani,1624861.0,64994.44,5,VIP
8525,Ishani Pathak,225345.0,2253.4500000000003,1,NORMAL
8526,Ekapad Kala,435056.0,4350.56,1,NORMAL
8528,Mohini Bhat,443825.0,11196.41,3,NORMAL
8529,Gautami Deol,405442.0,16217.68,1,NORMAL
8530,Kavya Thakkar,875788.0,25082.14,3,NORMAL
8531,Devansh Kumer,760074.0,12800.13,4,NORMAL
8532,Mitali Shroff,714549.0,10114.619999999999,3,NORMAL
8533,Yochana Oak,188351.0,1883.51,1,NORMAL
8534,Joshua Oza,306087.0,12243.48,1,NORMAL
8536,Unni Sur,721197.0,18518.55,2,NORMAL
8538,Ekapad Brar,745267.0,7452.67,2,NORMAL
8539,Frederick Kata,48549.0,1941.96,1,NORMAL
8540,Jackson Ahluwalia,637687.0,19260.4,3,NORMAL
8541,Nakul Iyengar,468981.0,18759.24,2,NORMAL
8543,Fariq Sankaran,369352.0,11516.92,2,NORMAL
8544,Arunima Barad,503441.0,15562.580000000002,4,NORMAL
8545,Ekantika Sodhi,428889.0,4288.889999999999,2,NORMAL
8546,Jairaj Bhalla,602709.0,18837.329999999998,2,NORMAL
8547,Girik Baral,135500.0,5420.0,1,NORMAL
8548,Xiti Raghavan,518942.0,6454.3099999999995,3,NORMAL
8549,Aadi Dutta,406346.0,15302.21,2,NORMAL
8552,Vedhika Shanker,339220.0,9753.55,2,NORMAL
8553,Ekanta Parmar,777111.0,31084.440000000002,2,NORMAL
8554,Pooja Borah,1446857.0,43276.64,4,VIP
8555,Mekhala Dugar,825722.0,29799.89,3,NORMAL
8556,Vedika Vora,183747.0,1837.47,1,NORMAL
8557,Janani Dugar,85445.0,3417.8,1,NORMAL
8558,Yamini Ravel,194306.0,4088.63,2,NORMAL
8560,Ucchal Rana,1590915.0,37330.229999999996,6,VIP
8561,Anthony Seth,1195721.0,26777.39,3,VIP
8562,Lakshmi Mani,289490.0,11579.6,1,NORMAL
8563,Ansh Contractor,324996.0,12999.84,1,NORMAL
8565,Veer Gill,17734.0,709.36,1,NORMAL
8566,Waida Chopra,1079202.0,30022.29,4,VIP
8567,Charita Shroff,70113.0,2804.52,1,NORMAL
8568,Henry Dixit,15669.0,626.76,1,NORMAL
8569,Damyanti Pandey,784213.0,7842.13,3,NORMAL
8571,Nidhi Mann,490254.0,4902.54,2,NORMAL
8572,Upkaar Krishna,138479.0,2850.38,2,NORMAL
8573,Teerth Dayal,383855.0,15354.2,2,NORMAL
8574,Yoshita Gour,525272.0,17523.98,4,NORMAL
8575,Amruta Dugal,869702.0,8697.02,2,NORMAL
8576,Krishna Roy,245635.0,2456.35,1,NORMAL
8577,Chakrika Ranganathan,657518.0,26300.72,3,NORMAL
8578,Nirja Raghavan,579896.0,14073.32,2,NORMAL
8579,Ikbal Rao,921667.0,20125.870000000003,5,NORMAL
8580,Gavin Kota,624856.0,6248.56,2,NORMAL
8581,Zashil Sur,1012125.0,28704.600000000002,3,VIP
8582,Liam Dhillon,302129.0,10027.16,2,NORMAL
8583,Owen Yohannan,726487.0,21349.27,3,NORMAL
8585,Parth Agarwal,347169.0,13886.760000000002,2,NORMAL
8586,Banjeet Prashad,571006.0,5710.0599999999995,2,NORMAL
8587,Thomas Bhandari,146336.0,5853.4400000000005,1,NORMAL
8588,Vasudha Baria,686102.0,6861.02,3,NORMAL
8589,Aditya Dey,605106.0,22073.88,3,NORMAL
8591,Hredhaan Bassi,562138.0,15592.119999999999,2,NORMAL
8593,Zashil Bose,257213.0,10288.52,1,NORMAL
8594,Pranav Kara,191338.0,1913.38,1,NORMAL
8595,Bhavna Kapadia,291080.0,11643.2,1,NORMAL
8596,Mohini Ratta,1340367.0,27213.99,3,VIP
8597,Hitesh Hayre,344910.0,3449.1,1,NORMAL
8598,Tristan Dugal,127096.0,1270.96,1,NORMAL
8599,Daksh Sankar,1490579.0,37326.8,6,VIP
8600,Ucchal Mitter,684031.0,11799.43,3,NORMAL
8602,Odika Dugar,506638.0,20265.52,2,NORMAL
8603,Yashasvi Tak,319375.0,5873.620000000001,4,NORMAL
8606,Kalpit Verma,798984.0,18958.35,3,NORMAL
8607,Odika Mitter,310908.0,8098.650000000001,2,NORMAL
8609,Elijah Bala,308194.0,3081.94,1,NORMAL
8610,Anika Viswanathan,164937.0,6597.4800000000005,1,NORMAL
8612,Xiti Mannan,234658.0,9386.32,1,NORMAL
8613,Neha Nadig,471625.0,4716.25,2,NORMAL
8614,Chakradhar Krishnan,334662.0,3346.62,1,NORMAL
8617,Sai Brar,496886.0,19875.44,1,NORMAL
8618,Arin Sharma,47520.0,1900.8,1,NORMAL
8619,Ekavir Bahri,423309.0,4233.09,1,NORMAL
8620,Devika Tak,1220087.0,39110.270000000004,3,VIP
8621,Laban Bawa,20160.0,806.4,1,NORMAL
8622,Mugdha Singh,458148.0,4581.4800000000005,1,NORMAL
8623,Prisha Saha,227484.0,2274.84,1,NORMAL
8625,Jonathan Shroff,1084100.0,23333.9,3,VIP
8626,Parth Khare,70868.0,708.6800000000001,1,NORMAL
8627,Jeet Mody,235876.0,9435.04,2,NORMAL
8632,Eesha Ahuja,586154.0,8627.81,2,NORMAL
8633,Ranbir Zacharia,102447.0,1024.47,1,NORMAL
8634,Charvi Chaudhary,104944.0,1049.44,1,NORMAL
8635,Lajita Bail,295679.0,3961.13,2,NORMAL
8636,Saksham Nath,1182215.0,37791.89,4,VIP
8637,Zayan Padmanabhan,661413.0,15241.29,3,NORMAL
8639,Nihal Murthy,1263693.0,27317.7,3,VIP
8640,Daksh Keer,569178.0,10553.52,2,NORMAL
8643,Nathan Bumb,75759.0,757.59,1,NORMAL
8644,Yashvi Bala,827449.0,8274.49,2,NORMAL
8645,Amol Sinha,88891.0,3555.64,1,NORMAL
8646,Zansi Bose,1138697.0,38023.399999999994,3,VIP
8647,Peter Bandi,27353.0,273.53000000000003,1,NORMAL
8648,Yadavi Tailor,753543.0,20114.49,2,NORMAL
8649,Damyanti Mishra,679498.0,16232.77,3,NORMAL
8651,Faqid Suri,312819.0,3128.19,1,NORMAL
8652,Manya Bhavsar,48773.0,487.73,1,NORMAL
8653,Advik Warrior,120043.0,4801.72,1,NORMAL
8654,Vasudha Sur,230413.0,2304.13,1,NORMAL
8655,Chaitanya Kurian,212476.0,8499.04,1,NORMAL
8656,Oscar Karnik,404765.0,8169.62,3,NORMAL
8658,Watika Shere,665436.0,26617.44,2,NORMAL
8659,Nicholas Misra,398640.0,15945.6,1,NORMAL
8660,Pahal Vyas,451121.0,4511.21,2,NORMAL
8661,Rohan Dhillon,991109.0,39644.36,4,NORMAL
8662,Veer Goel,156556.0,4790.74,2,NORMAL
8663,Diya Palla,402475.0,16099.0,1,NORMAL
8664,Kashish Luthra,358644.0,3586.44,1,NORMAL
8665,Dhruv Ganesan,484443.0,19377.72,1,NORMAL
8666,Urvi Chand,640595.0,13824.08,2,NORMAL
8667,Vrishti Halder,756696.0,30267.840000000004,2,NORMAL
8668,Oeshi Zacharia,768058.0,15401.2,3,NORMAL
8669,Gayathri Pau,1007935.0,22841.11,4,VIP
8671,Yutika Sahota,830209.0,8302.09,3,NORMAL
8672,Pooja Raghavan,964466.0,22867.85,5,NORMAL
8673,Sanya Ram,438347.0,7817.63,3,NORMAL
8677,Chameli Ranganathan,411740.0,16469.6,1,NORMAL
8678,Sai Balan,206492.0,8259.68,1,NORMAL
8679,Advaith Dubey,313709.0,3137.09,1,NORMAL
8680,Omkaar Arya,896556.0,31042.559999999998,3,NORMAL
8681,Upma Vig,768908.0,7689.08,3,NORMAL
8682,Kamya Tata,246872.0,2468.7200000000003,1,NORMAL
8683,Utkarsh Palla,157728.0,1577.28,1,NORMAL
8684,Omya Kuruvilla,102171.0,1021.71,1,NORMAL
8685,Yoshita Agarwal,923942.0,22936.850000000002,3,NORMAL
8686,Neha Ramanathan,156921.0,1569.21,1,NORMAL
8687,Noah Ramanathan,428290.0,4282.900000000001,2,NORMAL
8688,Megha Mohan,136831.0,5473.24,1,NORMAL
8689,Mugdha Wali,585425.0,5854.25,2,NORMAL
8690,Harita Narayanan,667332.0,6673.32,2,NORMAL
8691,Widisha Goyal,873952.0,23294.38,2,NORMAL
8692,Vamakshi Dyal,121718.0,1217.18,1,NORMAL
8693,Tara Lad,905491.0,9761.23,3,NORMAL
8694,Ekanta Butala,512851.0,15285.49,3,NORMAL
8695,Hitesh Varughese,277065.0,11082.6,1,NORMAL
8697,Daksha Nagarajan,2124233.0,65753.39,8,VIP
8698,Rehaan Lad,385823.0,15432.92,1,NORMAL
8699,Ekaraj Rout,474057.0,4740.57,1,NORMAL
8702,Farhan Chauhan,172575.0,1725.75,1,NORMAL
8703,Wishi Dutt,353966.0,3539.6600000000003,2,NORMAL
8704,Ikbal Patla,905244.0,29389.32,3,NORMAL
8705,Osha Banik,796226.0,17346.14,2,NORMAL
8706,Sathvik Chaudhari,447688.0,4476.88,1,NORMAL
8707,Vedant Shankar,633786.0,19977.78,3,NORMAL
8708,Banjeet Mangal,1058475.0,10584.75,3,VIP
8711,Yatin Manda,185059.0,1850.5900000000001,1,NORMAL
8712,Sneha Kota,212522.0,8500.880000000001,1,NORMAL
8715,Dhriti Saran,556191.0,8059.5599999999995,2,NORMAL
8716,Jagrati Balasubramanian,289074.0,11562.960000000001,1,NORMAL
8717,Omisha Jha,802892.0,29647.190000000002,3,NORMAL
8718,Joshua Walla,228171.0,2281.71,1,NORMAL
8719,Faraj Sarraf,869717.0,25461.079999999998,3,NORMAL
8721,Chaitaly Ratti,421535.0,6460.13,2,NORMAL
8722,Rishi D’Alia,316180.0,12647.2,1,NORMAL
8723,Faqid Mittal,388360.0,15534.4,1,NORMAL
8725,Gaurika Bir,891421.0,8914.21,2,NORMAL
8726,Neelima Banerjee,359336.0,8644.55,2,NORMAL
8727,Chandresh Cheema,874676.0,8746.76,3,NORMAL
8728,Victor Rau,17995.0,179.95000000000002,1,NORMAL
8730,Chasmum Kade,1061177.0,10611.77,3,VIP
8731,Kiaan Borra,383001.0,15320.04,1,NORMAL
8733,Tanvi Bhatti,114975.0,1149.75,1,NORMAL
8735,Urmi Krishna,638276.0,14735.24,2,NORMAL
8736,Vrinda Dalal,176414.0,7056.56,1,NORMAL
8737,Ranbir Thaker,128502.0,1285.02,1,NORMAL
8739,Balendra Pandit,740076.0,7400.76,2,NORMAL
8740,Peter Dora,156441.0,6257.64,1,NORMAL
8741,Harshil Varghese,357133.0,3571.33,1,NORMAL
8742,Darsh Lanka,196690.0,6214.12,3,NORMAL
8743,Pranit Parikh,144276.0,1442.76,2,NORMAL
8744,Yahvi Wali,583276.0,18172.93,2,NORMAL
8747,Udyati Chahal,72991.0,2919.64,2,NORMAL
8748,Krishna Sama,182522.0,6757.79,2,NORMAL
8749,Kala Gala,481201.0,19248.04,2,NORMAL
8750,Vyanjana Rai,136999.0,1369.99,1,NORMAL
8751,Ekanta Ahuja,312034.0,3120.34,1,NORMAL
8752,Mugdha Dash,930989.0,23196.65,3,NORMAL
8753,Bahadurjit Bedi,521237.0,19009.64,2,NORMAL
8754,Peter Maharaj,422417.0,4224.17,1,NORMAL
8755,Aryan Gupta,536448.0,19686.6,2,NORMAL
8756,Upadhriti Natt,257063.0,7270.700000000001,2,NORMAL
8757,Indira Atwal,714241.0,28569.64,2,NORMAL
8758,Wakeeta Raju,478964.0,4789.639999999999,2,NORMAL
8759,Mugdha Ramakrishnan,382304.0,15292.16,1,NORMAL
8760,Liam Rajagopalan,774072.0,17972.13,2,NORMAL
8761,Bina Kumar,280266.0,11210.64,2,NORMAL
8763,Rehaan Kannan,487078.0,4870.78,1,NORMAL
8764,Nitara Thakur,835301.0,22401.5,2,NORMAL
8765,Dalbir Kapoor,692129.0,26322.17,3,NORMAL
8766,Tanish Chopra,1135720.0,31199.17,6,VIP
8767,Zarna Borah,574637.0,22985.48,2,NORMAL
8768,Leena Savant,696110.0,27844.4,2,NORMAL
8771,Zehaan Bhatti,1287633.0,39220.95,4,VIP
8772,Yuvraj Wadhwa,164443.0,6577.72,1,NORMAL
8773,Sathvik Raja,390317.0,15612.68,1,NORMAL
8774,Niharika Ramachandran,353437.0,3534.37,2,NORMAL
8777,Oviya Gole,585564.0,11883.0,2,NORMAL
8778,Guneet Bhat,316105.0,3161.05,1,NORMAL
8781,Gaurav Srivastava,425044.0,17001.760000000002,1,NORMAL
8782,Jackson Pillay,573849.0,20206.68,3,NORMAL
8783,Edhitha Jhaveri,486324.0,16776.99,3,NORMAL
8784,Farhan Bera,209000.0,5510.18,2,NORMAL
8785,Neha Biswas,561594.0,5615.9400000000005,2,NORMAL
8786,Edhitha Varkey,916109.0,9161.09,2,NORMAL
8787,Nicholas Jhaveri,413998.0,12044.86,3,NORMAL
8788,Alexander Chakrabarti,422382.0,4223.82,1,NORMAL
8790,Indali Edwin,291458.0,2914.58,1,NORMAL
8791,Tanvi Chand,587321.0,5873.21,2,NORMAL
8793,Reva Reddy,68283.0,2731.32,1,NORMAL
8794,Ishanvi Date,234226.0,2342.26,1,NORMAL
8795,Rehaan Wable,281032.0,2810.32,1,NORMAL
8796,Pavani Kumar,211360.0,2113.6,1,NORMAL
8797,Unnati Raman,412807.0,16512.28,1,NORMAL
8798,Sudiksha Naik,173869.0,1738.69,1,NORMAL
8800,Widisha Tata,269192.0,8611.25,2,NORMAL
8801,Arin Gill,724558.0,7245.58,2,NORMAL
8802,Orinder Mahal,206871.0,2068.71,1,NORMAL
8803,Aahana Goswami,446733.0,17869.32,1,NORMAL
8804,Darsh Vig,289530.0,6676.17,2,NORMAL
8805,Rohan Dugar,1285463.0,33033.26,4,VIP
8806,Yadavi Dube,660684.0,8681.25,3,NORMAL
8810,Arunima Raman,392852.0,3928.52,1,NORMAL
8811,Shivani Dada,670652.0,26826.08,3,NORMAL
8812,Yuvraj Narain,741569.0,21357.83,2,NORMAL
8813,Harrison Batra,1202233.0,48089.32,3,VIP
8814,Dipta Shah,431528.0,4315.28,1,NORMAL
8815,Zehaan Naidu,95797.0,957.97,1,NORMAL
8816,Hema Shan,285898.0,11435.92,1,NORMAL
8817,Netra Dayal,302421.0,3024.21,1,NORMAL
8818,Wazir Mammen,731185.0,16881.010000000002,2,NORMAL
8819,Chakradev Roy,208591.0,2085.91,1,NORMAL
8820,Ucchal Acharya,692292.0,27691.68,4,NORMAL
8821,Dominic Pant,77069.0,3082.76,1,NORMAL
8822,Vincent Bir,8632.0,86.32000000000001,1,NORMAL
8823,Yash Menon,722706.0,15225.060000000001,3,NORMAL
8824,Wridesh Mahajan,744139.0,18555.49,3,NORMAL
8825,Forum Kalla,833755.0,16348.87,4,NORMAL
8826,Timothy Dhawan,219151.0,8766.039999999999,2,NORMAL
8827,Brinda Palla,295262.0,11810.48,2,NORMAL
8828,Kavya Ganguly,328418.0,3284.1800000000003,1,NORMAL
8829,Udarsh Bhandari,107268.0,4290.72,1,NORMAL
8830,Anthony Gill,392605.0,13188.25,3,NORMAL
8831,Devansh Kar,759217.0,26071.09,3,NORMAL
8832,Krisha Sehgal,254489.0,10179.56,1,NORMAL
8833,Aditya Sha,465205.0,9791.05,2,NORMAL
8834,Chatura Pillay,376310.0,3763.1,1,NORMAL
8837,Vincent Ratta,155020.0,6200.8,1,NORMAL
8838,Zaitra Vyas,1014642.0,19536.9,3,VIP
8840,Ijaya Atwal,338034.0,3380.34,1,NORMAL
8841,Aarush Sant,421375.0,4213.75,1,NORMAL
8843,Harita Mall,1080856.0,16435.3,5,VIP
8844,Kalpit Sura,606437.0,11907.29,2,NORMAL
8845,Henry Subramanian,418054.0,4180.54,2,NORMAL
8846,Yatan Sant,828951.0,33158.04,2,NORMAL
8847,Nidra Pandya,748101.0,18428.19,2,NORMAL
8848,Vaishnavi Dora,1118740.0,30779.02,5,VIP
8849,Hardik Bora,429233.0,4292.33,1,NORMAL
8850,Jack Purohit,11620.0,464.8,1,NORMAL
8851,Maanas Divan,126756.0,1819.89,2,NORMAL
8852,Yashica Kara,360387.0,12952.62,2,NORMAL
8853,Ria Suresh,338430.0,3384.3,2,NORMAL
8854,Osha Bajaj,795858.0,14795.730000000001,3,NORMAL
8855,Baljiwan Venkataraman,361448.0,3614.48,2,NORMAL
8856,Gavin Sheth,318882.0,3188.82,1,NORMAL
8857,Indrajit Bhatti,317892.0,3178.92,1,NORMAL
8858,Aashi Bahl,345440.0,3454.4,1,NORMAL
8862,Mason Badal,1119006.0,11190.06,3,VIP
8864,Ishani Lall,36616.0,366.16,1,NORMAL
8865,Yachana Thaman,289778.0,11591.12,1,NORMAL
8866,Yamini Rege,466839.0,4668.39,1,NORMAL
8867,Suhani Bora,185977.0,4180.4800000000005,2,NORMAL
8868,Nitara Ganesh,200595.0,2005.95,1,NORMAL
8869,Saumya Arora,279898.0,2798.98,1,NORMAL
8870,Vedika Chakraborty,33097.0,330.97,1,NORMAL
8872,Ria Nanda,205673.0,8226.92,1,NORMAL
8874,Zilmil Khanna,441511.0,4415.11,1,NORMAL
8875,Gunbir Pai,486628.0,14689.9,3,NORMAL
8876,Teerth Butala,758898.0,17081.58,2,NORMAL
8878,Qasim Sandal,887844.0,35513.76,4,NORMAL
8880,Siddharth Konda,474382.0,11810.380000000001,2,NORMAL
8881,Wishi Khanna,1213261.0,48530.44,3,VIP
8883,Udyati Yogi,39883.0,1595.32,1,NORMAL
8886,Gautami Char,644223.0,25768.920000000002,2,NORMAL
8887,Eshana Bhagat,671272.0,6712.72,2,NORMAL
8889,Varenya Swaminathan,855411.0,34216.44,3,NORMAL
8891,Abeer Devi,997362.0,29986.47,4,NORMAL
8894,Samaksh Dhar,786564.0,31462.56,2,NORMAL
8895,Widisha Venkataraman,934209.0,36577.409999999996,3,NORMAL
8896,Aarnav Bala,631015.0,21236.14,2,NORMAL
8897,Charan Rau,22343.0,893.72,1,NORMAL
8898,Wriddhish Salvi,48919.0,489.19,1,NORMAL
8899,Lavanya Pradhan,554868.0,15022.26,2,NORMAL
8900,Mohini Brar,203513.0,3000.02,2,NORMAL
8901,Sachi Ganesh,491363.0,4913.63,1,NORMAL
8902,Riya Soman,413970.0,16558.8,1,NORMAL
8903,Avni Tak,406751.0,4067.51,1,NORMAL
8904,Chasmum Sani,821304.0,25455.21,4,NORMAL
8905,Bhavani Krishnan,460535.0,4605.35,1,NORMAL
8907,Aryan Chokshi,123479.0,4939.16,1,NORMAL
8908,Amruta Bhavsar,21980.0,879.2,1,NORMAL
8909,Orinder Chana,467628.0,18705.12,1,NORMAL
8910,Chandran Samra,31644.0,316.44,1,NORMAL
8911,Krisha Sur,846435.0,29157.600000000002,3,NORMAL
8912,Dakshesh Gole,934469.0,29956.22,3,NORMAL
8913,Ekapad Behl,484828.0,5968.39,3,NORMAL
8914,Jeremiah Tripathi,309966.0,12398.640000000001,2,NORMAL
8915,Upasna Sachar,104718.0,1047.18,1,NORMAL
8916,Amara Toor,436483.0,4364.83,1,NORMAL
8917,Aashi Rau,364720.0,14588.800000000001,1,NORMAL
8918,Januja Amble,322676.0,3226.76,1,NORMAL
8919,Harrison Shah,356342.0,9905.87,2,NORMAL
8921,Amol Wali,245247.0,9809.880000000001,1,NORMAL
8922,Orinder Krishna,91237.0,3649.48,1,NORMAL
8923,Balendra Mani,253516.0,2535.16,1,NORMAL
8924,Vaishnavi Randhawa,305862.0,3058.62,1,NORMAL
8927,Adweta Palla,286223.0,6885.71,2,NORMAL
8929,Bhanumati Pai,663390.0,6633.9,2,NORMAL
8930,William Dhaliwal,31700.0,317.0,1,NORMAL
8932,Yashasvi Taneja,832988.0,22683.98,3,NORMAL
8934,Gayathri Andra,90644.0,3625.76,1,NORMAL
8935,Chaaya Natt,195366.0,6248.3099999999995,2,NORMAL
8936,Bahadurjit Anne,538908.0,21556.32,3,NORMAL
8939,Aishani Bakshi,457523.0,18300.92,2,NORMAL
8940,Rushil Gara,163278.0,6531.12,1,NORMAL
8941,Shivansh Doshi,1029262.0,15920.89,3,VIP
8942,Rayaan Dixit,483228.0,19329.12,1,NORMAL
8943,Falguni Soman,572392.0,18885.31,2,NORMAL
8944,Urvashi Pandit,480335.0,4803.35,1,NORMAL
8945,Thomas Upadhyay,479345.0,4793.45,1,NORMAL
8946,Yug Khatri,465053.0,4650.53,1,NORMAL
8947,Turvi Krishna,89397.0,3575.88,1,NORMAL
8948,Manbir Manda,1085800.0,43432.0,4,VIP
8949,Yashoda Gokhale,393300.0,6889.77,3,NORMAL
8950,Henry Jaggi,602293.0,6022.93,2,NORMAL
8952,Gopal Soman,580315.0,18590.47,2,NORMAL
8953,Leela Gera,806732.0,18807.11,3,NORMAL
8954,Zashil Arya,1203733.0,29488.27,4,VIP
8955,Jackson Chhabra,209261.0,5704.099999999999,2,NORMAL
8956,Reyansh Natarajan,196049.0,1960.49,1,NORMAL
8957,Yutika Chaudhary,159358.0,1593.58,1,NORMAL
8958,Ranbir Bobal,938546.0,9385.46,2,NORMAL
8959,Chaman Bhattacharyya,540602.0,5406.02,2,NORMAL
8960,Ijaya Mohanty,551499.0,10810.32,2,NORMAL
8961,Avni Thaker,499376.0,4993.76,1,NORMAL
8963,Urvi Gola,575966.0,23038.64,2,NORMAL
8965,Kalpit Karpe,332957.0,3329.57,1,NORMAL
8966,Bhavani Upadhyay,481804.0,19272.16,1,NORMAL
8967,Zashil Mammen,325398.0,13015.92,1,NORMAL
8968,Lavanya Sarna,721203.0,23293.65,5,NORMAL
8970,Christopher Gole,390434.0,15617.36,1,NORMAL
8973,Lila Saini,465577.0,18623.08,1,NORMAL
8976,Kavya Banerjee,262722.0,10508.880000000001,1,NORMAL
8978,Viraj Goel,267597.0,2675.9700000000003,1,NORMAL
8981,Qabil Dar,163680.0,6547.2,1,NORMAL
8982,Faras Nadig,190904.0,7636.16,1,NORMAL
8983,Odika Wagle,194672.0,7786.88,1,NORMAL
8984,Anthony Ramakrishnan,323129.0,3231.29,1,NORMAL
8985,Harrison Rai,448905.0,17956.199999999997,2,NORMAL
8986,Tristan Kapur,602668.0,24106.72,3,NORMAL
8987,Kritika Aurora,856457.0,22135.520000000004,2,NORMAL
8988,Indira Taneja,311003.0,9741.62,2,NORMAL
8989,Yasti Gupta,422182.0,16887.28,1,NORMAL
8991,Jhalak Kohli,1384115.0,41007.8,4,VIP
8992,Xiti Nagy,332995.0,3329.9500000000003,1,NORMAL
8993,Chandran Saraf,485695.0,19427.8,1,NORMAL
8994,Falak Buch,69971.0,699.71,1,NORMAL
8995,Unni Kohli,724544.0,28783.55,3,NORMAL
8996,Kamala Sanghvi,320695.0,3206.9500000000003,1,NORMAL
8997,Kashvi Nagy,808537.0,32341.480000000003,2,NORMAL
8999,Neelima Palan,540206.0,17096.93,2,NORMAL
9000,Jeet Rattan,252092.0,10083.68,1,NORMAL
9001,Vinaya Bhakta,1066947.0,42677.88,4,VIP
9002,Simon Guha,160784.0,5590.97,2,NORMAL
9003,Arya Nagarajan,244038.0,9761.52,2,NORMAL
9004,Yoshita Shenoy,495599.0,6305.99,3,NORMAL
9006,Vamakshi Bhatia,516768.0,19817.46,2,NORMAL
9007,Vritti Ghose,206959.0,3687.1900000000005,2,NORMAL
9008,Omya Sane,168040.0,6721.6,1,NORMAL
9009,Gaurang Sarraf,390525.0,15621.0,2,NORMAL
9010,Lucky Chand,356941.0,5370.1,2,NORMAL
9011,Dev Hayre,855477.0,22682.97,3,NORMAL
9012,Vasana Issac,734384.0,29375.36,2,NORMAL
9013,Nandini Kothari,687050.0,14194.55,4,NORMAL
9015,Yashodhara Dar,1164107.0,32894.18,4,VIP
9017,Arya Chander,318417.0,12736.68,1,NORMAL
9018,Yutika Garde,855944.0,34237.759999999995,2,NORMAL
9019,Hemangini Chawla,379046.0,3790.46,2,NORMAL
9021,Bakhshi Saini,1223189.0,25294.489999999998,3,VIP
9022,Manthan Karnik,368967.0,3689.67,2,NORMAL
9024,Kalpit Mahal,2085564.0,54432.87,6,VIP
9025,Widisha Devi,562858.0,5628.58,2,NORMAL
9027,Udant Pingle,404143.0,16165.720000000001,1,NORMAL
9028,Vincent Ghose,214094.0,8563.76,1,NORMAL
9029,Triveni Prasad,601565.0,6015.650000000001,2,NORMAL
9030,Anthony Sood,860941.0,30610.690000000002,3,NORMAL
9032,Gayathri Chakrabarti,8178.0,327.12,1,NORMAL
9033,Harini Sekhon,489048.0,19561.92,2,NORMAL
9034,Omya Das,813632.0,8136.32,2,NORMAL
9035,Imaran Madan,406089.0,16243.56,1,NORMAL
9036,Dakshesh Narayanan,219495.0,8779.8,2,NORMAL
9037,Tejas Kala,736535.0,7365.35,2,NORMAL
9038,Widisha Bassi,279349.0,11173.960000000001,1,NORMAL
9040,Ekaja Brahmbhatt,309203.0,3092.03,1,NORMAL
9043,Gavin Chander,146830.0,5873.2,1,NORMAL
9044,Alka Kala,311944.0,12477.76,2,NORMAL
9047,Vrishti Seth,184156.0,4682.41,3,NORMAL
9048,Kala Chhabra,1566972.0,57138.03,5,VIP
9049,Bhavna Nagy,612624.0,12312.36,2,NORMAL
9052,Jhalak Ramachandran,750317.0,30012.68,2,NORMAL
9053,Zayan Dixit,859165.0,20447.77,3,NORMAL
9054,Kabir Rege,535898.0,9373.28,3,NORMAL
9055,Caleb Bakshi,841748.0,9369.800000000001,3,NORMAL
9056,Anika Parekh,357196.0,14287.84,1,NORMAL
9058,Nilima Grewal,730100.0,7301.0,3,NORMAL
9059,Gaurav Goyal,103762.0,1037.6200000000001,1,NORMAL
9061,Yochana Vyas,941210.0,28147.88,3,NORMAL
9062,Tanmayi Sethi,472570.0,4725.7,2,NORMAL
9063,Abeer Saxena,866961.0,14478.660000000002,3,NORMAL
9064,Gaurav Parikh,492938.0,4929.38,1,NORMAL
9065,Sneha Kaur,391382.0,15655.28,1,NORMAL
9066,Anita Narasimhan,465565.0,18622.6,2,NORMAL
9067,Siya Sekhon,190784.0,7631.360000000001,1,NORMAL
9068,Triveni Gopal,767924.0,14234.84,3,NORMAL
9069,Maanas Choudhury,779407.0,26547.879999999997,3,NORMAL
9072,Karan Baria,403841.0,4038.41,2,NORMAL
9073,Owen Ranganathan,136815.0,5472.6,1,NORMAL
9074,Ubika Varghese,884438.0,10310.960000000001,4,NORMAL
9076,Urvi Rama,189211.0,1892.1100000000001,1,NORMAL
9077,Lakshmi Pai,124009.0,1240.09,1,NORMAL
9078,Abeer Chaudhuri,907719.0,22664.190000000002,2,NORMAL
9079,Chandran Mand,308958.0,3089.58,1,NORMAL
9080,Arya Dayal,163604.0,1636.04,1,NORMAL
9081,Warhi Narayanan,491177.0,19647.08,1,NORMAL
9082,Arin Srivastava,228294.0,8397.300000000001,2,NORMAL
9083,Falguni Walia,215050.0,8602.0,1,NORMAL
9084,Vedika Dani,1407073.0,42690.1,6,VIP
9086,Abeer Chokshi,203864.0,8154.56,1,NORMAL
9087,Upma Sani,770473.0,14375.5,4,NORMAL
9088,Oliver Bobal,694549.0,20074.84,3,NORMAL
9092,Oliver Sen,431955.0,17278.2,3,NORMAL
9093,Chandresh Kalita,196112.0,7844.4800000000005,1,NORMAL
9094,Pahal Shah,801517.0,32060.68,3,NORMAL
9095,Amruta Barman,103936.0,1039.3600000000001,1,NORMAL
9096,Faras Agarwal,408650.0,16346.0,1,NORMAL
9098,Pranav Ben,699530.0,17796.83,3,NORMAL
9099,Quincy Buch,543929.0,8302.19,2,NORMAL
9100,Harrison Sinha,1528090.0,41676.79,4,VIP
9101,Falan Sarraf,682756.0,17431.239999999998,2,NORMAL
9102,Laban Rajan,727031.0,7270.31,3,NORMAL
9103,Aishani Badami,345454.0,13818.16,2,NORMAL
9104,Harinakshi Kale,1209565.0,26699.920000000002,5,VIP
9105,Jonathan Varughese,505030.0,19307.05,2,NORMAL
9106,Maanav Saxena,970985.0,25180.940000000002,4,NORMAL
9107,Vedhika Handa,525265.0,21010.6,2,NORMAL
9108,Chandresh Grewal,416935.0,16001.98,2,NORMAL
9109,Odika Karnik,192980.0,7719.2,1,NORMAL
9110,Faras Bobal,823472.0,20773.7,3,NORMAL
9111,Kalpit Bhatti,326517.0,12902.01,2,NORMAL
9113,Mekhala Mody,913389.0,24065.1,2,NORMAL
9114,Vincent Balan,496119.0,18888.24,2,NORMAL
9115,Zaid Balay,724976.0,17995.010000000002,3,NORMAL
9116,Falan Cherian,245258.0,2452.58,1,NORMAL
9117,Aahana Dhaliwal,85016.0,3400.64,1,NORMAL
9119,Indira Nayar,861564.0,8615.64,2,NORMAL
9120,Lucky Bansal,69095.0,690.95,1,NORMAL
9121,Gabriel Bir,283261.0,2832.61,1,NORMAL
9122,Amruta Bhatia,862462.0,25722.61,3,NORMAL
9123,Nitara Char,738741.0,29549.64,2,NORMAL
9124,Krish Khosla,316748.0,12669.92,1,NORMAL
9125,Baljiwan Shanker,646927.0,25877.08,2,NORMAL
9126,Quincy Bala,1096898.0,43875.920000000006,3,VIP
9127,Indrajit Maharaj,241763.0,9670.52,1,NORMAL
9128,Lucky Mistry,124042.0,1240.42,1,NORMAL
9129,Indira Das,368158.0,3681.58,2,NORMAL
9130,Shravya Loyal,170401.0,6816.04,1,NORMAL
9131,Gopal Desai,744930.0,26946.45,3,NORMAL
9132,Naveen Saraf,6855.0,274.2,1,NORMAL
9133,Lucky Sule,628261.0,25130.440000000002,2,NORMAL
9134,Yadavi Narang,469689.0,18787.56,3,NORMAL
9135,Ishanvi Bir,560897.0,20391.5,3,NORMAL
9136,Barkha Mani,479917.0,4799.17,1,NORMAL
9137,Aayush Rattan,298277.0,11931.08,1,NORMAL
9138,Vrishti Varughese,197440.0,7897.6,3,NORMAL
9140,Shivani Swaminathan,408764.0,4087.64,1,NORMAL
9141,Ryan Jain,621430.0,6214.3,2,NORMAL
9142,Sneha Krishnan,494685.0,10722.990000000002,2,NORMAL
9143,Wazir Bir,387415.0,3874.15,1,NORMAL
9145,Sachi Hora,439168.0,17566.72,1,NORMAL
9146,Dhriti Dhaliwal,566683.0,5666.83,2,NORMAL
9147,Lekha Pandey,398262.0,3982.62,1,NORMAL
9148,Zaitra Setty,1370638.0,40619.11,4,VIP
9149,Advaith Dubey,296728.0,11869.12,1,NORMAL
9150,Nilima Viswanathan,80321.0,803.21,1,NORMAL
9151,Shivani Dua,6969.0,278.76,1,NORMAL
9152,Aarnav Bawa,33376.0,333.76,1,NORMAL
9154,Upkaar Chahal,677076.0,27083.04,2,NORMAL
9156,Jacob Wagle,81085.0,3243.4,1,NORMAL
9157,Atharv Dar,581154.0,13488.96,2,NORMAL
9158,Lohit Vala,282083.0,11283.32,1,NORMAL
9159,Nidra Manda,300027.0,9870.300000000001,2,NORMAL
9160,Wishi Sharaf,289218.0,2892.18,1,NORMAL
9161,Gaurang Sidhu,1492087.0,38404.0,4,VIP
9162,Luke Suresh,937276.0,24120.34,2,NORMAL
9163,Jalsa Suri,796197.0,22247.910000000003,3,NORMAL
9164,Bishakha Prabhakar,449928.0,17997.12,2,NORMAL
9165,Gayathri Krishnamurthy,475983.0,4759.83,2,NORMAL
9166,Balveer Sandhu,388200.0,3882.0,1,NORMAL
9167,Daksh Bala,437980.0,9915.49,2,NORMAL
9170,Urmi Sami,372332.0,14893.28,1,NORMAL
9171,Faqid Walla,294267.0,8266.11,2,NORMAL
9172,Krisha Chawla,426120.0,17044.8,1,NORMAL
9173,Tamanna Taneja,931236.0,17155.59,4,NORMAL
9174,Nimrat Majumdar,652817.0,14074.85,3,NORMAL
9175,Eta Narain,664003.0,17039.02,3,NORMAL
9176,Pallavi Loyal,494082.0,5493.27,2,NORMAL
9177,Arjun Saxena,482321.0,19292.84,1,NORMAL
9178,Harish Krishnan,309441.0,3094.41,1,NORMAL
9180,Wriddhish Sani,308467.0,12338.68,1,NORMAL
9181,Aarush Kanda,148864.0,1488.64,1,NORMAL
9182,Anamika Mishra,598525.0,9701.26,2,NORMAL
9183,Bimala Nori,919364.0,30862.760000000002,3,NORMAL
9184,Wyatt Issac,705414.0,16624.14,3,NORMAL
9185,Aditya Wadhwa,266584.0,2665.84,1,NORMAL
9187,Sudiksha Toor,25838.0,258.38,1,NORMAL
9188,Unnati Shan,465709.0,18628.36,1,NORMAL
9190,Victor Merchant,681915.0,10511.130000000001,4,NORMAL
9191,Ishwar Venkataraman,302851.0,12114.04,1,NORMAL
9192,Ekalinga Behl,45850.0,458.5,1,NORMAL
9193,Kevin Shanker,78387.0,783.87,1,NORMAL
9194,Ishita Ganguly,111692.0,1116.92,1,NORMAL
9195,Ekaraj Mital,772967.0,18554.03,2,NORMAL
9198,Siddharth Saran,426784.0,11631.85,2,NORMAL
9199,Anvi Lal,973950.0,26768.88,3,NORMAL
9201,Umang Agarwal,632396.0,18227.09,3,NORMAL
9203,Nimrat Pingle,550266.0,14468.73,2,NORMAL
9204,Qadim Raja,673256.0,26930.239999999998,2,NORMAL
9206,Keya Chana,164339.0,6573.56,1,NORMAL
9207,Aradhana Arora,970898.0,9708.98,2,NORMAL
9208,Abdul Sagar,571535.0,5715.35,2,NORMAL
9210,Pooja Seshadri,98527.0,3941.08,1,NORMAL
9211,Gayathri Vohra,184114.0,1841.14,2,NORMAL
9212,Bakhshi Bhandari,515670.0,20626.800000000003,2,NORMAL
9213,Dayamai Sibal,234877.0,2348.77,2,NORMAL
9214,Pratyush Varughese,367066.0,3670.66,1,NORMAL
9215,Mekhala Chanda,22690.0,907.6,1,NORMAL
9216,Vansha Datta,471394.0,4713.9400000000005,1,NORMAL
9217,Joshua Badal,730632.0,21592.260000000002,3,NORMAL
9219,Megha Kara,803368.0,8487.25,3,NORMAL
9221,Kiaan Guha,552735.0,17854.23,2,NORMAL
9222,Gagan Kota,107901.0,4316.04,1,NORMAL
9224,Rachit Ahuja,94601.0,3784.04,1,NORMAL
9225,Elijah Krishnamurthy,263354.0,10534.160000000002,2,NORMAL
9226,Ganga Karnik,903454.0,29272.57,5,NORMAL
9227,Noah Biswas,606429.0,15548.880000000001,2,NORMAL
9228,Ojas Bhasin,494939.0,4949.39,1,NORMAL
9229,Yash Magar,861819.0,25736.34,3,NORMAL
9230,Saksham Borah,293221.0,10486.0,5,NORMAL
9231,Oni Warrior,575393.0,10540.07,3,NORMAL
9233,Victor Chandran,466992.0,18493.11,2,NORMAL
9234,Pahal Pai,1167195.0,40060.89,3,VIP
9235,Jairaj Deshpande,1242415.0,26632.33,4,VIP
9236,Balvan Garg,672518.0,6725.18,2,NORMAL
9237,Jagrati Amble,921330.0,23179.440000000002,2,NORMAL
9238,Saanvi Agarwal,617205.0,19071.57,4,NORMAL
9240,Viraj Kamdar,790297.0,15348.130000000001,3,NORMAL
9241,Yug Zachariah,350840.0,14033.6,1,NORMAL
9242,Advika Barad,438707.0,4387.07,1,NORMAL
9243,Jackson Kamdar,460921.0,18436.84,1,NORMAL
9245,Anmol Devan,193494.0,4391.1900000000005,2,NORMAL
9246,Ishita Bakshi,544417.0,17430.25,2,NORMAL
9247,Anjali Zacharia,939388.0,17719.93,3,NORMAL
9248,Ranveer Sandal,424408.0,4244.08,2,NORMAL
9249,Ekani Raval,108157.0,4326.28,1,NORMAL
9250,Tarak Mody,58538.0,2341.52,1,NORMAL
9252,Hemal Pandya,419769.0,16790.760000000002,1,NORMAL
9253,Upma Gara,690386.0,8370.2,3,NORMAL
9254,Suhani Khosla,237876.0,9515.039999999999,2,NORMAL
9255,Ronith Kamdar,455908.0,18236.32,1,NORMAL
9256,Abhiram Natt,268325.0,9734.09,2,NORMAL
9257,Samuel Krish,891129.0,22415.850000000002,2,NORMAL
9258,Sai Nagar,628683.0,25147.32,3,NORMAL
9259,Parth Bhagat,355930.0,3559.3,1,NORMAL
9260,Rajata Bhattacharyya,384166.0,3841.66,1,NORMAL
9262,Veda Dugal,100468.0,4018.7200000000003,1,NORMAL
9263,Diya Mand,190091.0,7603.64,1,NORMAL
9264,Tejas Shankar,194126.0,1941.26,1,NORMAL
9265,Jagat Vohra,64445.0,644.45,1,NORMAL
9267,Dipta Narula,235921.0,9436.84,1,NORMAL
9268,Shivani Wali,471375.0,4713.75,1,NORMAL
9270,Jhalak Hayer,660667.0,6606.67,2,NORMAL
9271,Edhitha Shan,807554.0,24255.41,4,NORMAL
9272,Indali Goda,1213717.0,15282.88,4,VIP
9273,Ryan Bhatt,348197.0,13927.880000000001,2,NORMAL
9274,Omya Krish,62741.0,2509.64,1,NORMAL
9275,Zashil Bakshi,178533.0,2194.98,2,NORMAL
9276,Brinda Tella,460021.0,4600.21,1,NORMAL
9277,Pahal Johal,241341.0,9653.64,1,NORMAL
9278,Krishna Dubey,141819.0,1418.19,1,NORMAL
9279,Saanvi Palla,656548.0,15878.98,2,NORMAL
9281,Oliver Cherian,415459.0,16618.36,1,NORMAL
9282,Yashasvi Kannan,368292.0,8601.45,2,NORMAL
9284,Rudra Chadha,1288047.0,46035.96,4,VIP
9285,Nitesh Rajagopal,1348178.0,25790.54,5,VIP
9286,Urmi Bala,35394.0,1415.76,1,NORMAL
9287,Aditya Wagle,759704.0,27197.72,3,NORMAL
9288,Imaran Ramesh,716968.0,16672.510000000002,2,NORMAL
9289,Gaurav Choudhury,566759.0,22670.36,3,NORMAL
9290,Amol Dugar,279405.0,2794.05,1,NORMAL
9292,Krish Som,429948.0,12910.320000000002,2,NORMAL
9293,Aarini Mukhopadhyay,381096.0,15243.84,2,NORMAL
9294,Aashi Kant,540248.0,5402.4800000000005,2,NORMAL
9295,Benjamin Deep,695097.0,20487.030000000002,2,NORMAL
9297,Gaurika Thaman,593101.0,10164.7,2,NORMAL
9298,Arjun Goyal,151532.0,6061.28,1,NORMAL
9301,Tamanna Dalal,552055.0,5520.549999999999,2,NORMAL
9302,Ishanvi Kumer,721186.0,28847.440000000002,2,NORMAL
9303,Inaya Varty,622844.0,20385.32,2,NORMAL
9304,Onveer Singh,668479.0,18953.29,2,NORMAL
9307,Noah Sani,402644.0,16105.76,1,NORMAL
9310,Idika Sanghvi,1709051.0,22457.12,6,VIP
9312,Wriddhish Subramanian,394072.0,3940.7200000000003,1,NORMAL
9314,Tanay Virk,987998.0,22690.760000000002,3,NORMAL
9315,Brijesh Dutta,1559205.0,29408.129999999997,4,VIP
9318,Manya Kala,153409.0,6136.360000000001,1,NORMAL
9319,Naksh Kapur,455158.0,18206.32,1,NORMAL
9321,Ikshita Kaur,70141.0,701.41,1,NORMAL
9322,Oscar Ratti,419310.0,5479.53,2,NORMAL
9323,Rachit Sibal,430510.0,17220.4,1,NORMAL
9324,Riya Swamy,305704.0,4483.66,2,NORMAL
9325,Baljiwan Anand,461591.0,8565.380000000001,2,NORMAL
9327,Jacob Chaudhuri,392123.0,15684.92,1,NORMAL
9328,Faras Kothari,183875.0,7355.0,1,NORMAL
9330,Hamsini Gala,801937.0,32077.48,3,NORMAL
9331,Aarav Sengupta,789867.0,20308.59,2,NORMAL
9332,Dayamai Bhatt,440458.0,4404.58,1,NORMAL
9333,Jagvi Naik,71569.0,715.69,1,NORMAL
9334,Lakshit Samra,506254.0,17318.47,3,NORMAL
9335,Arin Uppal,315850.0,8112.22,3,NORMAL
9338,Ekaraj Subramanian,792340.0,31693.6,2,NORMAL
9339,Mohammed Bora,92155.0,3686.2000000000003,1,NORMAL
9340,Ganga Mukherjee,278310.0,11132.4,2,NORMAL
9341,Amaira Ranganathan,1434450.0,24975.18,5,VIP
9342,Falguni Yogi,457294.0,4572.9400000000005,1,NORMAL
9343,Rachita Bhavsar,218935.0,8757.4,1,NORMAL
9345,Daniel Tailor,590868.0,5908.68,2,NORMAL
9346,Falguni Walla,255024.0,2550.2400000000002,1,NORMAL
9347,Bishakha Mallick,15794.0,631.76,1,NORMAL
9348,Bina Amble,601154.0,24046.160000000003,2,NORMAL
9349,Ekiya Babu,468092.0,4964.150000000001,2,NORMAL
9350,Isha Amble,38891.0,1320.29,2,NORMAL
9352,Qabil Bora,350230.0,3502.3,1,NORMAL
9354,Lakshit Ravel,1018494.0,21453.239999999998,3,VIP
9355,Faqid Bala,48293.0,482.93,1,NORMAL
9357,Pranav Mahajan,604311.0,10291.86,2,NORMAL
9358,Prisha Mane,1121919.0,23894.91,3,VIP
9359,Kalpit Raju,159112.0,1591.1200000000001,1,NORMAL
9360,Falguni Vig,127968.0,1279.68,1,NORMAL
9361,Adweta Patil,198876.0,1988.76,1,NORMAL
9362,Rajata Yadav,867632.0,34705.28,3,NORMAL
9363,Advaith Maharaj,150738.0,1507.38,1,NORMAL
9364,Azad Madan,444113.0,17764.52,1,NORMAL
9365,Vansha Nair,477305.0,19092.2,1,NORMAL
9366,Imaran Hayer,468641.0,18745.64,1,NORMAL
9367,Hema Rajagopal,153654.0,6146.16,1,NORMAL
9369,Samesh Sem,515315.0,8576.99,2,NORMAL
9370,Anita Uppal,642234.0,6422.34,2,NORMAL
9372,Hiral Shukla,727683.0,16020.78,2,NORMAL
9373,Gopal Kamdar,223696.0,2236.96,1,NORMAL
9374,Finn Ram,357067.0,13179.789999999999,2,NORMAL
9375,Anmol Khalsa,850980.0,8509.8,4,NORMAL
9376,Yoshita Amble,407417.0,4074.17,1,NORMAL
9379,Girik Kakar,439818.0,4398.18,1,NORMAL
9380,Peter Shetty,348650.0,3486.5,1,NORMAL
9381,Niharika Tripathi,305273.0,6683.45,3,NORMAL
9382,Agastya Shetty,222172.0,2221.7200000000003,1,NORMAL
9383,Patrick Choudhry,476975.0,19079.0,3,NORMAL
9386,Irya Sinha,658221.0,12974.220000000001,2,NORMAL
9387,Keya D’Alia,70808.0,2832.32,1,NORMAL
9388,Ojas Nair,428085.0,4280.85,1,NORMAL
9389,Jagat Pall,407625.0,4076.25,1,NORMAL
9390,Anita Walia,369486.0,14779.44,1,NORMAL
9391,Falguni Borde,1176110.0,20140.73,4,VIP
9393,Vihaan Kamdar,13611.0,544.44,1,NORMAL
9394,Faqid Bobal,449688.0,17987.52,1,NORMAL
9395,Vedika Chhabra,431756.0,4317.56,1,NORMAL
9396,Rachana Bera,495399.0,14739.81,2,NORMAL
9398,Laban Shetty,878449.0,35137.96,2,NORMAL
9399,Adya Zacharia,673036.0,6730.360000000001,2,NORMAL
9400,Qarin Wali,108752.0,4350.08,1,NORMAL
9401,Yatan Kala,688824.0,18133.14,3,NORMAL
9403,Indira Srinivasan,21816.0,218.16,1,NORMAL
9404,Jagvi Narayanan,157604.0,1576.04,1,NORMAL
9405,Odika Dora,395573.0,15822.92,1,NORMAL
9406,Leena Deshpande,150707.0,6028.28,1,NORMAL
9409,Chanchal Shroff,256518.0,4528.0199999999995,3,NORMAL
9410,Yashodhara Vasa,774012.0,19176.48,2,NORMAL
9411,Pranit Yadav,836624.0,23273.0,2,NORMAL
9412,Aachal Batra,586754.0,15035.9,2,NORMAL
9414,Nitesh Wali,134250.0,1712.64,3,NORMAL
9415,Hema Raman,243966.0,9758.64,1,NORMAL
9416,Chandresh Gupta,378223.0,14016.699999999999,3,NORMAL
9417,Indali Soni,223252.0,2232.52,1,NORMAL
9418,Eiravati Suri,413405.0,4134.05,1,NORMAL
9419,Girish Om,843524.0,8435.24,3,NORMAL
9420,Hemani Khosla,292932.0,2929.32,1,NORMAL
9421,Rushil Chaudhuri,605626.0,24225.04,3,NORMAL
9422,Gaurang Vaidya,86127.0,861.27,1,NORMAL
9423,Sarthak Prabhakar,976601.0,39064.04,3,NORMAL
9424,Rachit Kakar,422725.0,4227.25,1,NORMAL
9425,George Patla,527171.0,9176.0,3,NORMAL
9426,Anjali Gupta,277764.0,11110.56,1,NORMAL
9427,Nidhi Krishna,562827.0,5628.27,3,NORMAL
9429,Teerth Bhagat,993925.0,9939.25,3,NORMAL
9430,Omkaar Varty,552525.0,5525.25,2,NORMAL
9431,Kabir Lanka,15824.0,158.24,1,NORMAL
9432,Janaki Parikh,1187633.0,33538.49,3,VIP
9433,Charvi Sridhar,535321.0,21412.84,2,NORMAL
9434,Joshua Butala,666385.0,6663.85,2,NORMAL
9436,Irya Zacharia,174754.0,6990.16,1,NORMAL
9437,Falak Mohanty,492786.0,16858.65,2,NORMAL
9438,Naveen Sahni,852624.0,25234.440000000002,3,NORMAL
9439,Tanvi Karnik,278809.0,11152.36,1,NORMAL
9440,Eiravati Radhakrishnan,340902.0,13636.08,3,NORMAL
9442,Ayushman Deo,90665.0,906.65,2,NORMAL
9444,Urishilla Acharya,863980.0,23184.01,2,NORMAL
9445,Teerth Jani,686927.0,20292.47,2,NORMAL
9446,David Sha,191370.0,1913.7,2,NORMAL
9448,Hemani Din,174149.0,1741.49,1,NORMAL
9449,Mugdha Handa,808468.0,14471.05,3,NORMAL
9451,Dalbir Vohra,506330.0,20253.2,2,NORMAL
9452,Veda Sawhney,438643.0,4386.43,2,NORMAL
9453,Yutika Balan,430674.0,4306.74,2,NORMAL
9454,Pooja Bhatt,400137.0,12152.43,2,NORMAL
9456,Chasmum Saha,209417.0,8376.68,1,NORMAL
9457,Ubika Choudhury,399723.0,3997.23,1,NORMAL
9458,Aachal Kaul,904572.0,23927.88,3,NORMAL
9460,Chaaya Dara,825791.0,21424.55,2,NORMAL
9461,Sathvik Kothari,49616.0,1984.64,1,NORMAL
9463,Samarth Contractor,429337.0,16173.61,3,NORMAL
9464,Advika Zachariah,126932.0,1269.32,1,NORMAL
9465,Aradhana Dey,749365.0,29974.600000000002,2,NORMAL
9466,Max Thaker,257374.0,10294.960000000001,1,NORMAL
9468,Krisha Dhingra,436008.0,4360.08,1,NORMAL
9470,Naksh Acharya,332391.0,9390.75,2,NORMAL
9471,Adya Behl,894637.0,23307.820000000003,2,NORMAL
9472,Abdul Samra,151454.0,1514.54,1,NORMAL
9473,Anjali Kala,752725.0,21720.22,3,NORMAL
9474,Darika Thakur,678444.0,27137.760000000002,3,NORMAL
9475,Avi Chahal,630167.0,20056.129999999997,3,NORMAL
9476,Netra Bhatt,743441.0,15330.95,2,NORMAL
9478,Vihaan Chowdhury,413577.0,10535.73,4,NORMAL
9479,Ekbal Chaudhari,405946.0,4059.46,1,NORMAL
9480,Priya Mall,199571.0,7982.84,1,NORMAL
9482,Anika Butala,557010.0,22280.4,2,NORMAL
9484,Champak Dhawan,19625.0,785.0,1,NORMAL
9485,Anjali Edwin,168911.0,1689.1100000000001,1,NORMAL
9486,Aarna Sampath,957713.0,30918.2,3,NORMAL
9487,Daksh Dash,239986.0,2399.86,1,NORMAL
9489,Faraj Saran,424661.0,4246.61,1,NORMAL
9490,Amrita Dar,498344.0,19933.760000000002,1,NORMAL
9491,Triya Thaman,72711.0,2908.44,2,NORMAL
9492,Harinakshi Sinha,442955.0,17718.2,2,NORMAL
9493,Patrick Prabhakar,186193.0,1861.93,1,NORMAL
9494,Yagnesh Ram,171882.0,1718.82,1,NORMAL
9495,Jacob Ratta,428542.0,9801.73,2,NORMAL
9496,Maanav Balay,421915.0,4219.15,1,NORMAL
9497,Andrew Kade,334130.0,9901.28,4,NORMAL
9498,Faqid Mohan,366547.0,14661.880000000001,1,NORMAL
9499,Triveni Bhatia,395707.0,15828.28,1,NORMAL
9500,Vasatika Banik,815474.0,8154.74,2,NORMAL
9501,Gautam Pandit,219093.0,8763.72,1,NORMAL
9502,Widisha Keer,451150.0,4511.5,2,NORMAL
9503,Gaurav Majumdar,1244218.0,24948.190000000002,3,VIP
9504,Sanaya Varughese,509696.0,8300.93,2,NORMAL
9505,Sai Sarin,478998.0,19159.92,2,NORMAL
9506,Vamakshi Chander,122406.0,1224.06,1,NORMAL
9507,Oscar Mander,350424.0,3504.2400000000002,1,NORMAL
9509,Neel Hora,47014.0,1880.56,1,NORMAL
9511,Laban Ramakrishnan,453762.0,4537.62,2,NORMAL
9512,Ekapad Aurora,602117.0,14353.82,2,NORMAL
9513,Amrita Agate,155261.0,1552.6100000000001,1,NORMAL
9514,Urvashi Krishnan,71674.0,716.74,2,NORMAL
9515,Qadim Atwal,51726.0,2069.04,1,NORMAL
9516,Riya Basak,487615.0,10537.66,2,NORMAL
9517,Vedant Soni,457189.0,17697.4,2,NORMAL
9519,Azaan Kalita,339792.0,8812.14,3,NORMAL
9520,Praneel Ranganathan,673682.0,26947.28,2,NORMAL
9521,Jackson Brahmbhatt,122033.0,4881.32,1,NORMAL
9522,Divya Bumb,294678.0,2946.78,1,NORMAL
9523,Nathaniel Bhat,893479.0,8934.79,2,NORMAL
9524,Amruta Barad,224777.0,8991.08,1,NORMAL
9526,Vaishnavi Prakash,453397.0,18135.88,1,NORMAL
9528,Tristan Hans,171379.0,6855.16,1,NORMAL
9529,Harshil Patil,286536.0,2865.36,1,NORMAL
9530,Nathaniel Sodhi,519196.0,14917.750000000002,2,NORMAL
9532,Nidhi Chaudhry,297677.0,2976.77,1,NORMAL
9533,Dhruv Krishnan,781249.0,7812.490000000001,3,NORMAL
9534,Falguni Gill,175005.0,7000.2,1,NORMAL
9535,Siddharth Ray,960125.0,32432.6,3,NORMAL
9537,Gautami Sehgal,459432.0,18377.28,1,NORMAL
9538,Yash Ramachandran,527980.0,21119.2,2,NORMAL
9539,Rishi Bava,122057.0,4882.28,1,NORMAL
9542,Neha Mangat,422108.0,16884.32,2,NORMAL
9543,Barkha Khare,118726.0,1187.26,1,NORMAL
9544,Fariq Zacharia,18906.0,756.24,1,NORMAL
9545,Rachita Batta,467595.0,18703.800000000003,2,NORMAL
9547,Geetika Choudhary,131583.0,5263.32,1,NORMAL
9548,Warda Singhal,192732.0,7709.28,1,NORMAL
9549,Leena Krishnamurthy,361222.0,10096.48,2,NORMAL
9550,Imaran Bhatti,459760.0,4597.6,1,NORMAL
9551,Bina Contractor,117594.0,4703.76,1,NORMAL
9555,Azaan Andra,602260.0,15935.62,3,NORMAL
9556,Fariq Seth,724528.0,7245.280000000001,2,NORMAL
9557,Amrita Chokshi,347015.0,13880.6,1,NORMAL
9558,Neelima Doctor,291193.0,11647.72,1,NORMAL
9561,Balveer Karnik,612029.0,24481.160000000003,2,NORMAL
9563,Urmi Shanker,720806.0,17538.59,2,NORMAL
9564,Anusha Saha,1224529.0,25900.57,3,VIP
9565,Idika Bandi,193297.0,1932.97,1,NORMAL
9566,Ganga Dora,537049.0,7913.890000000001,2,NORMAL
9567,Eesha Dugar,64946.0,649.46,1,NORMAL
9568,Falguni Buch,736997.0,21383.75,2,NORMAL
9571,Harsh Dayal,627628.0,12776.740000000002,2,NORMAL
9572,Maya Kakar,363883.0,14555.32,1,NORMAL
9573,Brijesh Kalita,344099.0,3440.9900000000002,1,NORMAL
9574,Chanakya Rout,200868.0,2008.68,1,NORMAL
9575,Shivani Modi,747091.0,18731.11,2,NORMAL
9576,Barkha Hans,899932.0,35997.28,2,NORMAL
9577,Ekiya Krishnan,894526.0,8945.259999999998,3,NORMAL
9578,Ronith Lala,614438.0,14762.720000000001,3,NORMAL
9579,Anita Wali,777377.0,20889.2,3,NORMAL
9580,Dominic Vaidya,143567.0,3216.8,2,NORMAL
9581,Zansi Palla,654100.0,6541.0,2,NORMAL
9582,Ishwar Saha,220395.0,2203.9500000000003,1,NORMAL
9583,Madhav Ravel,467648.0,4676.48,2,NORMAL
9585,Leena Parekh,685035.0,13700.279999999999,3,NORMAL
9586,Panini Halder,243698.0,9747.92,1,NORMAL
9588,Jhalak Warrior,141244.0,5649.76,1,NORMAL
9590,Isaac Bala,840964.0,33638.56,2,NORMAL
9591,Meera Loke,131488.0,5259.52,1,NORMAL
9592,Bhavna Khurana,653299.0,14058.07,3,NORMAL
9593,Aditya Madan,35220.0,1408.8,1,NORMAL
9595,Mekhala Parmer,972979.0,22385.32,4,NORMAL
9596,Tristan Kala,296689.0,2966.8900000000003,2,NORMAL
9597,Wahab Bains,844961.0,22794.05,4,NORMAL
9599,Dhruv Tailor,958117.0,26123.77,4,NORMAL
9600,Joshua Rai,646632.0,12776.7,2,NORMAL
9602,Leena D’Alia,590466.0,14112.48,5,NORMAL
9603,Omaja Kale,276647.0,11065.880000000001,1,NORMAL
9604,Bhavini Ganesan,241226.0,9649.04,1,NORMAL
9606,Vihaan Bhatnagar,324441.0,12977.64,1,NORMAL
9607,Upma Varma,825644.0,28652.989999999998,3,NORMAL
9609,Parth Loyal,290290.0,2902.9,2,NORMAL
9610,Warda Sawhney,478773.0,11443.74,2,NORMAL
9611,Shivani Dada,569650.0,13109.89,2,NORMAL
9612,Peter Radhakrishnan,748879.0,29955.16,3,NORMAL
9613,Nidra Seth,321982.0,12879.28,1,NORMAL
9614,Tanveer Kanda,447614.0,4476.14,1,NORMAL
9615,Gabriel Gala,298064.0,2980.64,1,NORMAL
9616,Harini Oak,278047.0,2780.4700000000003,1,NORMAL
9617,Rohan Raju,1218764.0,34537.939999999995,3,VIP
9618,Vedant Rattan,463945.0,18557.8,2,NORMAL
9620,Charles Sama,349397.0,13975.880000000001,1,NORMAL
9621,Raghav Ganguly,481730.0,13607.810000000001,3,NORMAL
9622,Bhanumati Krish,411042.0,16441.68,2,NORMAL
9624,Onveer Modi,326843.0,13073.720000000001,1,NORMAL
9625,Netra Rama,293774.0,11750.960000000001,1,NORMAL
9626,Nidra Gala,493315.0,4933.150000000001,2,NORMAL
9627,Urishilla Bhagat,865512.0,34620.48,3,NORMAL
9629,Upasna Narain,444113.0,4441.13,1,NORMAL
9631,Xavier Sastry,594078.0,16031.49,3,NORMAL
9634,Omaja Tank,290135.0,11605.4,1,NORMAL
9635,Harshil Chopra,44716.0,1788.64,1,NORMAL
9636,Karan More,434148.0,13067.970000000001,3,NORMAL
9637,Watika Khare,277021.0,2770.21,1,NORMAL
9640,Chavvi Manda,115322.0,1153.22,1,NORMAL
9642,Anirudh Mohan,193965.0,7758.6,1,NORMAL
9643,Sai Kala,465004.0,4650.04,2,NORMAL
9646,Jackson Dua,627505.0,13543.0,2,NORMAL
9647,Rajata Rajan,72940.0,2917.6,1,NORMAL
9648,Amruta Bhat,679011.0,6790.11,2,NORMAL
9649,Chameli Hari,355085.0,14203.4,1,NORMAL
9650,Bimala Wadhwa,2077756.0,62936.89,6,VIP
9651,Diya Salvi,488419.0,19536.760000000002,1,NORMAL
9652,Yutika Kashyap,805429.0,32217.160000000003,2,NORMAL
9653,Dayita Warrior,156447.0,6257.88,1,NORMAL
9654,Baljiwan Konda,603503.0,16361.240000000002,2,NORMAL
9655,Ikshita Panchal,354765.0,3547.65,1,NORMAL
9658,Tanmayi Chad,733846.0,19948.84,3,NORMAL
9659,Siddharth Ratta,1271007.0,40526.07,3,VIP
9662,Damyanti Keer,436017.0,4360.17,2,NORMAL
9663,Kabir Kala,858728.0,19320.29,4,NORMAL
9664,Nisha Magar,746607.0,24243.51,3,NORMAL
9665,Rayaan Gade,401724.0,4017.2400000000002,1,NORMAL
9667,Karan Batta,307202.0,3072.02,1,NORMAL
9668,Neha Kar,988352.0,39534.08,3,NORMAL
9669,Aadi Borra,343907.0,13756.28,1,NORMAL
9670,Gayathri Chanda,167786.0,1677.8600000000001,1,NORMAL
9671,Karan Shah,144980.0,1449.8,1,NORMAL
9673,Aarna Prabhu,175347.0,1753.47,1,NORMAL
9674,Tanvi Nazareth,773354.0,22729.190000000002,2,NORMAL
9675,Aarna Sangha,106187.0,1061.8700000000001,1,NORMAL
9676,Zayan Natt,425268.0,17010.72,1,NORMAL
9677,Lekha Tiwari,165737.0,6629.4800000000005,1,NORMAL
9678,Laban Goyal,71719.0,2868.76,1,NORMAL
9679,Edhitha Balan,561825.0,22473.0,2,NORMAL
9680,Om Shenoy,308021.0,6412.25,2,NORMAL
9681,Advik Maharaj,424860.0,16994.4,1,NORMAL
9682,Veer Jain,543426.0,11573.130000000001,2,NORMAL
9683,Falak Sandhu,651448.0,10615.48,4,NORMAL
9684,Widisha Gill,396623.0,3966.23,1,NORMAL
9685,Zaitra Sarna,1623587.0,31771.73,6,VIP
9686,Chavvi Kapur,469093.0,18528.34,3,NORMAL
9687,Yashvi Vora,624194.0,20764.55,3,NORMAL
9688,Siya Garde,378748.0,3787.48,1,NORMAL
9690,Tamanna Padmanabhan,418747.0,16749.88,1,NORMAL
9691,Jeet Mall,1056530.0,10565.300000000001,3,VIP
9692,Samar Bhardwaj,305786.0,12231.44,2,NORMAL
9694,Isaac Mand,295317.0,11812.68,1,NORMAL
9695,Faras Shankar,273045.0,10921.800000000001,1,NORMAL
9696,Agastya Bedi,566741.0,22669.64,3,NORMAL
9697,Aashi Seshadri,993351.0,23148.059999999998,4,NORMAL
9698,Lajita Dasgupta,815794.0,26212.420000000002,3,NORMAL
9699,Sudiksha Bose,678345.0,6783.450000000001,2,NORMAL
9700,William Chahal,670663.0,6706.63,2,NORMAL
9701,Rajeshri Wason,277078.0,11083.12,2,NORMAL
9703,Ekavir Agrawal,498167.0,4981.67,1,NORMAL
9706,Kavya Hayer,664683.0,26587.32,2,NORMAL
9708,Kritika Rattan,326308.0,3263.08,1,NORMAL
9709,Girish Varughese,1050400.0,37899.67,3,VIP
9710,Xalak Shenoy,519876.0,12842.16,2,NORMAL
9711,Rachit Khatri,102834.0,4113.36,1,NORMAL
9712,Ishanvi Chauhan,964438.0,9644.380000000001,3,NORMAL
9713,Xalak Mammen,256384.0,10255.36,3,NORMAL
9714,Chandresh Sundaram,217775.0,2177.75,2,NORMAL
9715,Saksham Nayar,717665.0,21542.210000000003,2,NORMAL
9717,Teerth Patla,262107.0,2621.07,1,NORMAL
9718,William Bhatia,737472.0,29498.879999999997,2,NORMAL
9719,Samuel Naidu,771412.0,17448.670000000002,3,NORMAL
9720,Laban Palla,830795.0,33231.8,2,NORMAL
9721,Ronith Wagle,327411.0,13096.44,4,NORMAL
9724,Xalak Thaman,423288.0,4232.88,1,NORMAL
9725,Anusha Badami,120986.0,1209.8600000000001,1,NORMAL
9726,Damini Raval,130540.0,5221.6,1,NORMAL
9727,Sanaya Parmar,375771.0,3757.71,1,NORMAL
9728,Chameli Toor,290558.0,2905.58,1,NORMAL
9729,Ryan Bansal,365252.0,3652.52,1,NORMAL
9731,Rohan Vyas,555450.0,5554.5,2,NORMAL
9732,Tanvi Karan,755474.0,17779.37,2,NORMAL
9733,Bakhshi Sagar,397638.0,15905.52,1,NORMAL
9734,Sathvik Vyas,70182.0,701.82,1,NORMAL
9735,Wakeeta Nanda,567189.0,5671.889999999999,2,NORMAL
9736,Amrita Anand,160710.0,6428.400000000001,1,NORMAL
9737,Zayyan Konda,13919.0,139.19,1,NORMAL
9739,Amara Kohli,98631.0,3945.2400000000002,1,NORMAL
9740,Hemang Dixit,313024.0,12520.960000000001,1,NORMAL
9741,Anmol Biswas,352793.0,12053.33,2,NORMAL
9742,Shivansh Kashyap,648709.0,23227.6,3,NORMAL
9745,Quincy Manne,33709.0,1348.3600000000001,1,NORMAL
9746,Qarin Naik,551891.0,8704.82,2,NORMAL
9747,Oscar Chand,708297.0,21127.829999999998,2,NORMAL
9750,Lavanya Vyas,317122.0,12684.880000000001,1,NORMAL
9752,Rachana Jayaraman,340757.0,12930.920000000002,2,NORMAL
9754,Wazir Walia,301915.0,9486.88,2,NORMAL
9755,Teerth Bhatia,165504.0,1655.04,1,NORMAL
9756,Laksh Kothari,293323.0,11732.920000000002,2,NORMAL
9758,Owen Aurora,114200.0,4568.0,1,NORMAL
9761,Yutika Rana,842234.0,20371.76,4,NORMAL
9762,Anika Kashyap,255234.0,10209.36,1,NORMAL
9763,Dhruv Gara,623621.0,11624.0,3,NORMAL
9764,Sneha Rao,1037606.0,23292.74,4,VIP
9765,Advik Mander,247880.0,2478.8,1,NORMAL
9766,Aditya Dhar,326933.0,3269.33,1,NORMAL
9767,Netra Savant,1454631.0,29255.370000000003,4,VIP
9770,Libni Ghosh,749500.0,7495.0,3,NORMAL
9771,Chameli Talwar,490107.0,19604.28,1,NORMAL
9772,Anita Singh,175751.0,1757.51,1,NORMAL
9774,Aayush Nagarajan,221820.0,8872.800000000001,1,NORMAL
9776,Yatan Devi,148925.0,1489.25,1,NORMAL
9779,Bahadurjit Desai,480271.0,19210.84,1,NORMAL
9780,Riya Babu,702236.0,7022.36,2,NORMAL
9781,Ojas Kota,85928.0,2907.17,2,NORMAL
9782,Ubika Grewal,194140.0,1941.4,1,NORMAL
9783,Aishani Sahni,314692.0,12587.68,1,NORMAL
9784,Vritti Srivastava,140570.0,5622.8,1,NORMAL
9785,Avi Borah,383090.0,7999.34,2,NORMAL
9786,Azaan Puri,562281.0,5622.81,3,NORMAL
9790,Elijah Bhatt,468096.0,4680.96,1,NORMAL
9791,Nihal Bains,473238.0,13031.04,2,NORMAL
9792,Ethan Thakkar,369123.0,14764.92,1,NORMAL
9795,Chavvi Kanda,366374.0,3663.74,2,NORMAL
9796,Vrishti Rana,439834.0,17593.36,2,NORMAL
9797,Triya Singh,289014.0,11560.56,1,NORMAL
9798,Ranbir Pau,474122.0,15521.570000000002,2,NORMAL
9799,Gabriel Chowdhury,739093.0,7390.93,2,NORMAL
9800,Tanmayi Dutta,494126.0,19765.04,2,NORMAL
9801,Utkarsh Mand,115515.0,1155.15,1,NORMAL
9802,Garima Din,859845.0,16939.83,3,NORMAL
9805,Kashvi Salvi,813903.0,8139.030000000001,3,NORMAL
9806,Logan Panchal,456934.0,18277.36,2,NORMAL
9807,Lohit Grewal,579727.0,5797.27,2,NORMAL
9808,Ishani Pal,643677.0,17800.02,2,NORMAL
9809,Yagnesh Gara,318442.0,3184.42,1,NORMAL
9810,Vinaya Wable,815990.0,12508.37,4,NORMAL
9812,Chaitaly Luthra,368932.0,14757.280000000002,2,NORMAL
9813,Hredhaan Wali,496978.0,4969.78,1,NORMAL
9814,Dev Sankar,147484.0,4023.9700000000003,2,NORMAL
9815,Dipta Sankaran,672151.0,26886.04,2,NORMAL
9816,Vritti Sidhu,831853.0,15634.03,4,NORMAL
9818,Chakradhar Bhagat,686363.0,27454.52,3,NORMAL
9820,Urishilla Sarna,25771.0,1030.84,1,NORMAL
9822,Edhitha Goswami,335634.0,3356.34,2,NORMAL
9823,Mitesh Choudhary,851758.0,34070.32,2,NORMAL
9824,Eshana Rao,534876.0,14578.980000000001,2,NORMAL
9827,Unnati Bawa,652498.0,6524.98,2,NORMAL
9828,Gopal Peri,1230121.0,36555.76,4,VIP
9829,Kavya Bhandari,294138.0,11765.52,1,NORMAL
9830,Vaishnavi Sem,490192.0,4901.92,1,NORMAL
9831,George Bhalla,1022988.0,21167.670000000002,4,VIP
9833,Wakeeta Ramesh,777126.0,31085.04,2,NORMAL
9834,Ridhi Vig,730692.0,21797.700000000004,4,NORMAL
9835,Nakul Wagle,1056119.0,29656.97,3,VIP
9836,Banjeet Koshy,403803.0,5090.97,3,NORMAL
9837,Indali Ray,91056.0,910.5600000000001,1,NORMAL
9838,Pallavi Ravi,574072.0,22962.88,2,NORMAL
9839,Bakhshi Chaudhary,781335.0,13850.7,3,NORMAL
9841,Brijesh Madan,313638.0,7217.67,3,NORMAL
9843,Baghyawati Minhas,289198.0,8313.64,2,NORMAL
9844,Thomas Kakar,143294.0,1432.94,1,NORMAL
9845,Kabir Bali,107233.0,1072.33,1,NORMAL
9846,Geetika Chauhan,670569.0,13731.51,3,NORMAL
9847,Netra Bhardwaj,179190.0,1791.9,1,NORMAL
9848,Indrajit Rao,171570.0,6862.8,1,NORMAL
9849,Balendra Saha,264741.0,3427.2300000000005,2,NORMAL
9850,Anvi Kumar,489831.0,4898.31,1,NORMAL
9852,Raksha Sant,200793.0,4777.59,2,NORMAL
9853,Vrishti Kashyap,971163.0,28024.77,3,NORMAL
9854,Yuvraj Randhawa,64264.0,2570.56,1,NORMAL
9856,Ekansh Gandhi,799754.0,31990.160000000003,2,NORMAL
9857,Nirja Batta,451441.0,4514.41,2,NORMAL
9858,Dhruv Kothari,329118.0,3291.1800000000003,1,NORMAL
9859,Pahal Pandit,497305.0,4973.05,1,NORMAL
9860,Abeer Nori,472186.0,5494.3,2,NORMAL
9861,Rachita Sankaran,308773.0,12350.92,1,NORMAL
9862,Manthan Borah,1083558.0,29828.250000000004,4,VIP
9863,Madhav Thakur,479671.0,4796.71,2,NORMAL
9864,Amol Kalla,155735.0,1557.3500000000001,1,NORMAL
9865,Hemal Kibe,708653.0,28346.120000000003,2,NORMAL
9866,Bhavika Verma,488130.0,10031.28,2,NORMAL
9867,Mason Chaudhuri,492303.0,12825.9,2,NORMAL
9869,Udant Shanker,386990.0,15479.6,1,NORMAL
9870,Champak Borah,457241.0,4572.41,1,NORMAL
9871,Balhaar Narang,208442.0,8337.68,1,NORMAL
9874,Idika Deshpande,459353.0,18374.12,1,NORMAL
9877,Bachittar Shanker,204005.0,6526.46,2,NORMAL
9878,Widisha Ramaswamy,393924.0,15756.960000000001,1,NORMAL
9879,Udant Peri,484257.0,6155.49,3,NORMAL
9881,Pooja Dube,684020.0,27360.8,2,NORMAL
9882,Omkaar Patil,226436.0,2264.36,1,NORMAL
9883,Rayaan Sethi,943581.0,23126.7,3,NORMAL
9884,Chandran Naik,499031.0,19961.24,1,NORMAL
9885,Mohini Cheema,141069.0,5642.76,1,NORMAL
9886,Bhavani Kapur,311817.0,3118.17,1,NORMAL
9887,Ishwar Sanghvi,211469.0,8458.76,1,NORMAL
9888,Maanav Batra,595344.0,23813.760000000002,2,NORMAL
9889,Faris Dubey,482303.0,14064.5,4,NORMAL
9890,Tejas Savant,104980.0,4199.2,1,NORMAL
9891,Widisha More,71243.0,2849.7200000000003,1,NORMAL
9892,Reyansh Guha,164024.0,3990.47,2,NORMAL
9893,Oviya Lad,587316.0,17027.64,2,NORMAL
9894,Umang Shere,243795.0,2437.9500000000003,1,NORMAL
9896,Dayamai Basu,920109.0,23171.46,4,NORMAL
9898,Patrick Suri,62884.0,2515.36,2,NORMAL
9899,Jagrati Palla,480304.0,6677.9800000000005,2,NORMAL
9900,Yatin Sane,435010.0,14993.74,2,NORMAL
9901,Jagvi Ramanathan,440143.0,4401.43,2,NORMAL
9902,Chakradev Jain,413873.0,4138.7300000000005,1,NORMAL
9903,Niharika Sawhney,1040853.0,20594.370000000003,3,VIP
9904,Aarna Bera,381052.0,3810.52,2,NORMAL
9905,Rishi Gola,697640.0,15051.59,2,NORMAL
9906,Brijesh Nadig,402895.0,14928.670000000002,2,NORMAL
9907,Pahal Khalsa,619818.0,18757.08,2,NORMAL
9908,Zayan Date,169148.0,6765.92,1,NORMAL
9909,Bhavika Chadha,826275.0,18219.93,2,NORMAL
9911,Alka Gopal,211953.0,2119.53,1,NORMAL
9912,Sai Sampath,90684.0,906.84,1,NORMAL
9913,Oliver Narayan,147681.0,1476.8100000000002,2,NORMAL
9915,Chandran Dada,272228.0,10889.119999999999,2,NORMAL
9916,Bhavya Guha,391382.0,3913.82,1,NORMAL
9917,Manbir Yadav,42382.0,1695.28,1,NORMAL
9918,Kashvi Suri,1063711.0,37786.6,4,VIP
9919,Balvan Baral,50365.0,2014.6000000000001,1,NORMAL
9920,Ayush Sandhu,75329.0,3013.16,1,NORMAL
9922,Jalsa Issac,37336.0,373.36,1,NORMAL
9923,Aarna Bumb,520052.0,5200.52,2,NORMAL
9924,Urvi Bhatia,669895.0,18705.7,2,NORMAL
9925,Sarthak Kibe,931153.0,37246.119999999995,2,NORMAL
9926,Reva Sabharwal,215135.0,8605.4,1,NORMAL
9927,Arin Sami,356346.0,14253.84,1,NORMAL
9928,Shravya Sankar,324760.0,3247.6,1,NORMAL
9929,Hitesh Mandal,331685.0,3316.85,1,NORMAL
9930,Pushti Sarna,210845.0,7018.49,2,NORMAL
9931,Jack Kannan,483544.0,6993.040000000001,4,NORMAL
9932,Yatan Madan,426114.0,17044.56,1,NORMAL
9933,Daksha Maharaj,627634.0,6276.34,2,NORMAL
9934,Balvan Bhalla,656237.0,7293.35,3,NORMAL
9935,Shravya Minhas,1045683.0,29843.64,3,VIP
9936,Pushti Pau,259270.0,10370.800000000001,1,NORMAL
9937,Kamala Jha,416223.0,4162.2300000000005,1,NORMAL
9938,Rachit Johal,773621.0,30944.84,2,NORMAL
9939,Dev Jhaveri,560352.0,14309.730000000001,2,NORMAL
9942,Thomas Hayre,680551.0,20857.690000000002,2,NORMAL
9943,Nitesh Samra,96087.0,3843.48,1,NORMAL
9944,Rayaan Muni,90071.0,3602.84,1,NORMAL
9945,Gaurangi Wali,645287.0,13329.05,3,NORMAL
9948,Bahadurjit Kara,840743.0,22877.33,3,NORMAL
9949,Dhriti Raju,454198.0,4541.9800000000005,1,NORMAL
9950,Urvashi Sodhi,1037430.0,28853.61,3,VIP
9951,Ekanta Kapadia,424939.0,12434.77,3,NORMAL
9952,Unni Manda,495273.0,19810.920000000002,1,NORMAL
9953,Shaurya Butala,196301.0,7852.04,1,NORMAL
9954,Faras Upadhyay,347661.0,12160.529999999999,2,NORMAL
9956,Divya More,210129.0,8405.16,1,NORMAL
9957,Daksha Viswanathan,101955.0,1019.5500000000001,1,NORMAL
9958,Bhanumati Ghose,765438.0,7654.38,2,NORMAL
9959,Oni Iyer,978026.0,30078.469999999998,3,NORMAL
9960,Frado Patel,34200.0,1368.0,1,NORMAL
9961,Charvi Pant,199196.0,1991.96,1,NORMAL
9962,Abha Zacharia,926202.0,12122.16,3,NORMAL
9964,Chanchal Shroff,883851.0,29652.6,3,NORMAL
9965,Jeet Murthy,44849.0,1793.96,1,NORMAL
9966,Onveer Oza,514447.0,20577.88,2,NORMAL
9967,Unnati Nigam,510389.0,15273.08,2,NORMAL
9968,Zaid Bhatti,581590.0,13707.189999999999,2,NORMAL
9969,Aahana Jain,1131997.0,30304.450000000004,3,VIP
9970,Abhimanyu Choudhury,493848.0,7592.610000000001,3,NORMAL
9971,Vritti Bali,549616.0,10447.93,2,NORMAL
9973,Manan Bala,122322.0,4892.88,1,NORMAL
9974,Mohammed Dass,576904.0,8180.32,3,NORMAL
9975,Hardik Bahri,292560.0,11258.64,2,NORMAL
9977,Varsha Jani,725767.0,8177.740000000001,3,NORMAL
9979,Chavvi Mangal,874531.0,27411.879999999997,3,NORMAL
9980,David Bhakta,801595.0,24964.6,5,NORMAL
9981,Mekhala Kannan,640348.0,20049.58,3,NORMAL
9982,Gaurangi Gandhi,371372.0,6540.139999999999,2,NORMAL
9983,Tejas Shetty,19825.0,793.0,1,NORMAL
9984,Libni Kapadia,133727.0,5349.08,1,NORMAL
9985,Abhiram Talwar,117508.0,3477.67,2,NORMAL
9986,Aarna Aurora,400450.0,16018.0,1,NORMAL
9987,Arunima Dhillon,1002517.0,24680.08,3,VIP
9989,Rehaan Sama,205442.0,8217.68,1,NORMAL
9990,Henry Murty,431396.0,4313.96,2,NORMAL
9991,Radhika Gole,1405558.0,31678.000000000004,5,VIP
9992,Adweta Hayre,414472.0,12686.92,2,NORMAL
9993,Logan Bhatti,1028981.0,41159.240000000005,4,VIP
9995,Anamika Pau,517655.0,20706.2,2,NORMAL
9998,Manan Lall,263357.0,2633.57,1,NORMAL
9999,Xiti Chowdhury,298057.0,11922.28,1,NORMAL
