customer_id,name,city
1,Yash Shankar,Nagpur
2,Vedant Chawla,Patna
3,Pushti Khalsa,Muzaffarnagar
4,Utkarsh Vala,Korba
5,Balvan Mannan,Kochi
6,Inaya Ramakrishnan,Amroha
7,Bhanumati Majumdar,Bellary
8,Wriddhish Pandey,Kollam
9,Harish Mammen,New Delhi
10,Devansh Pau,Arrah
11,Urishilla Bhargava,Cuttack
12,Lavanya Bhat,Sagar
13,Bina Ramanathan,Shahjahanpur
14,Teerth Patil,Erode
15,Yahvi Bal,Tinsukia
16,Vinaya Khanna,Mangalore
17,Kala Muni,Ambattur
18,David Verma,Varanasi
19,Ishani Raman,Ghaziabad
20,Ekaraj Banik,Nashik
21,Janaki Khurana,Mau
22,Kavya Sur,Narasaraopet
23,Amol Ratti,Etawah
24,Kabir Tiwari,North Dumdum
25,Upma Chawla,Tezpur
26,Bahadurjit Ghose,Tirunelveli
27,Amaira Gopal,Ajmer
28,Oliver More,Gandhidham
29,Imaran Som,Meerut
30,Geetika Mandal,Giridih
31,Chanchal Tiwari,Narasaraopet
32,Vansha Chahal,Nangloi Jat
33,Raagini Bali,Thoothukudi
34,Kabir Shroff,Jehanabad
35,Warinder Sami,Vellore
36,Madhav Nori,Pimpri-Chinchwad
37,Vasana Issac,Srikakulam
38,Warjas Kurian,Hapur
39,Devika Dasgupta,Bilaspur
40,Chakrika Sani,Khandwa
41,Owen Kulkarni,Anand
42,Krishna Chandra,Tumkur
43,Darpan Nanda,Kirari Suleman Nagar
44,Bhavika Sheth,Bhiwandi
45,Hritik Khanna,Ratlam
46,Omaja Gour,Navi Mumbai
47,Lakshit Rana,Miryalaguda
48,Wakeeta More,Morena
49,Rachana Kalita,Mathura
50,William De,Katni
51,Patrick Verma,Vadodara
52,Kabir Arya,Hazaribagh
53,Girish Banik,Karaikudi
54,Wridesh Khanna,Siliguri
55,Daksh Ranganathan,New Delhi
56,Jackson Mohan,Shivpuri
57,Aarav Bahri,Coimbatore
58,Niharika Venkatesh,Dewas
59,Advay Varghese,Tadipatri
60,Ladli Tiwari,Ichalkaranji
61,Dayita Mall,Pallavaram
62,Joshua Gade,Varanasi
63,Hemal Dara,Bharatpur
64,Nitara Chawla,Bhilwara
65,Maya Trivedi,Warangal
66,Simon Singhal,Ranchi
67,Matthew Narain,Orai
68,Dipta Varkey,Sambhal
69,Tejas Kara,Chittoor
70,Lakshit Zacharia,Tumkur
71,Zayan Sahota,Kavali
72,Balendra Dash,Ozhukarai
73,Pallavi Bumb,Uluberia
74,Warjas Khosla,Guntur
75,Kritika Lata,Mirzapur
76,Chanchal Kalla,Nizamabad
77,Ayushman Rama,Suryapet
78,Hema Mishra,Raichur
79,Karan Peri,Jamnagar
80,Sachi Sidhu,Satara
81,Dalbir Chandra,Durg
82,Chatura Mandal,Hindupur
83,Advik Gour,Tadipatri
84,Tarak Kapur,Vasai-Virar
85,Yauvani Varty,Jaunpur
86,Abeer Andra,Bhind
87,Sanya Kumar,Kulti
88,Dalbir Bedi,Kishanganj
89,Bhanumati Agarwal,Bokaro
90,Ubika Keer,Malda
91,Vaishnavi Gera,Khammam
92,Rudra Borra,Chittoor
93,Jairaj Nori,Mango
94,Harsh Ramachandran,Gandhinagar
95,Udarsh Sagar,Morbi
96,Manya Om,Shahjahanpur
97,Christopher Vohra,Ghaziabad
98,Wridesh Varty,Muzaffarnagar
99,Laksh Ben,Muzaffarnagar
100,Ekani Raja,Solapur
101,Siddharth Jani,Naihati
102,Vincent Tiwari,Danapur
103,Yash Palan,Chittoor
104,Rohan Madan,Raipur
105,Omisha Bhatti,Belgaum
106,Harish Sampath,Navi Mumbai
107,Wishi Mitra,Mirzapur
108,Anay Jani,Ambala
109,Krish Bal,Shimla
110,Aayush Rajan,Purnia
111,Eesha Natarajan,Thane
112,Triveni Raman,Secunderabad
113,Lipika Sha,Cuttack
114,Charan Gill,Rourkela
115,Logan Kurian,Gandhidham
116,Arya Tara,Solapur
117,Eiravati Chaudry,Shahjahanpur
118,Kamya Bhatti,Bhimavaram
119,Imaran Kumar,Dharmavaram
120,Chasmum Samra,Ichalkaranji
121,Tara Chaudhary,Hosur
122,Abhimanyu Mangat,Alappuzha
123,Ucchal Dubey,Anand
124,Viraj Pillay,Mira-Bhayandar
125,Jagrati Dugar,Shahjahanpur
126,Jyoti Andra,Salem
127,Vanya Choudhry,Phusro
128,Janya Mall,Mirzapur
129,Ishita Pathak,Phagwara
130,Oviya Pal,Rewa
131,Mahika Balay,Parbhani
132,Jeet Kota,Arrah
133,Yatan Doctor,Malegaon
134,Wishi Kamdar,Bhilwara
135,Ishaan Bail,Salem
136,Rajata Korpal,Jaipur
137,Yatin Nori,Bhimavaram
138,Rajata D’Alia,Khandwa
139,Rajeshri Kala,Bharatpur
140,Nikita Sami,Nashik
141,Jyoti Pant,Sikar
142,Nidhi Parmer,Gudivada
143,Falguni Andra,Bhavnagar
144,Raghav Sankar,Rajpur Sonarpur
145,Mahika Taneja,Thane
146,Yashodhara Yogi,Satna
147,Rayaan Dhaliwal,Amaravati
148,Ekapad Karpe,Faridabad
149,Niharika Shroff,Morbi
150,Arjun Ganguly,Visakhapatnam
151,Ishwar Kulkarni,Maheshtala
152,Girish Chander,Tadipatri
153,Jagdish Bhandari,Satara
154,Nisha Sane,Sasaram
155,Upkaar Modi,Tumkur
156,Odika Magar,Shimoga
157,Aachal Pandey,Baranagar
158,Arin Rau,Pimpri-Chinchwad
159,Falan Lad,Kirari Suleman Nagar
160,Yutika Gaba,Karaikudi
161,Jatin Raj,Hazaribagh
162,Sneha Nadig,Panipat
163,Champak Sinha,Kishanganj
164,Manbir Majumdar,Jamshedpur
165,Imaran Tata,Danapur
166,Yashica Vala,Thrissur
167,Urvi Chaudhari,Amaravati
168,Prisha Das,Ozhukarai
169,Kiaan Seth,Ranchi
170,Lucky Dash,Bilaspur
171,Kalpit Natt,Bokaro
172,Logan Gour,Ulhasnagar
173,Nitara Sani,Alwar
174,Omya Oommen,Gurgaon
175,Bachittar Ganesh,Kakinada
176,Ayush Varty,Saharanpur
177,Manbir Bakshi,Berhampur
178,Dalbir Ghosh,Ichalkaranji
179,Siya Pathak,Kolkata
180,Faris Dey,Madanapalle
181,Dhruv Sha,Gopalpur
182,Zaitra Sahni,Orai
183,Rajeshri Ghosh,Sikar
184,Anusha Chana,Mira-Bhayandar
185,Amaira Samra,Kollam
186,Anirudh Rajagopalan,Karnal
187,Zehaan Goyal,Mira-Bhayandar
188,Gayathri Murthy,Sultan Pur Majra
189,Wahab Chanda,Srinagar
190,Aarini Kannan,Bikaner
191,Zehaan Sarna,Haridwar
192,Hemang Raghavan,Tiruchirappalli
193,Riya Sur,Panvel
194,Omisha Chand,Guntur
195,Mugdha Panchal,Ambala
196,Gagan Khanna,Siliguri
197,Gavin Shah,Mahbubnagar
198,Warda Goyal,Kishanganj
199,Aarav Savant,Madanapalle
200,Karan Talwar,Sri Ganganagar
201,Geetika Raval,Bhusawal
202,Radhika Sangha,Kumbakonam
203,Thomas Jani,Ahmedabad
204,Amruta Chand,Muzaffarnagar
205,Teerth Nazareth,Aizawl
206,Rajeshri Bora,Jhansi
207,Jhalak Thaker,Anantapur
208,Yagnesh Chokshi,Karawal Nagar
209,Ijaya Gaba,Shivpuri
210,Vaishnavi Prabhu,Tiruppur
211,Veda Lall,Ahmedabad
212,Qadim Majumdar,Vadodara
213,Janya Vasa,Vellore
214,Zehaan Chandra,Karaikudi
215,Henry Narain,Kulti
216,Osha Kurian,Kulti
217,Adweta Parsa,Panchkula
218,Mitali Ravel,Pallavaram
219,Sanaya Khurana,Raurkela Industrial Township
220,Leena Kadakia,Ajmer
221,Aayush Iyer,Berhampore
222,Divya Wason,Eluru
223,Abdul Narang,Loni
224,Yashoda Kamdar,Jalandhar
225,Omkaar Dua,Khandwa
226,Advika Ramachandran,Motihari
227,Urvashi Dar,Bangalore
228,Vinaya Saini,Bhagalpur
229,Krish Chokshi,Ranchi
230,Vyanjana Parmar,Muzaffarnagar
231,Indali Gala,Ambattur
232,Robert Cherian,Loni
233,Sara Korpal,Mehsana
234,Yasti Kohli,Muzaffarpur
235,Bimala Nayak,Nagercoil
236,Charvi Dugar,Jamshedpur
237,Harshil Rajagopal,Tirupati
238,Falak Thakur,Nizamabad
239,Krish Mall,Surat
240,Mohini Bhatnagar,Bhind
241,Upma Wagle,Anand
242,Pranav Kade,Jamshedpur
243,Ati Agarwal,Amroha
244,Lakshit Lanka,Jehanabad
245,Wishi Gour,Jhansi
246,Lipika Kothari,Belgaum
247,Janani Sem,Fatehpur
248,Wazir Prasad,Nagaon
249,Chanchal Jani,Bettiah
250,Yug Sem,Delhi
251,Libni Dalal,Raipur
252,Wriddhish Pillay,Tenali
253,Qadim Ben,Nandyal
254,Naksh Borde,Anantapuram
255,Vanya Narayan,Karimnagar
256,Harsh Hora,Bhiwandi
257,Aarna Zacharia,Raebareli
258,Nachiket Patil,Bhagalpur
259,Yadavi Mohanty,Davanagere
260,Libni Sengupta,Dindigul
261,Aryan Chada,Ozhukarai
262,Rachit Pandey,Chandrapur
263,Baljiwan Chokshi,Nizamabad
264,Hemangini Dewan,Satara
265,Meera Nair,Hajipur
266,Farhan Bir,Kishanganj
267,Jatin Sani,Bellary
268,Reyansh Arya,Tadepalligudem
269,Yadavi Thaker,Nanded
270,Dalbir Parmar,Karaikudi
271,Umang Badal,Machilipatnam
272,Agastya Chaudhari,Mathura
273,Ganga Grover,Meerut
274,Girish Salvi,Nangloi Jat
275,Nitara Saran,Madurai
276,Anusha Thakkar,Tirunelveli
277,Kai Hora,Amravati
278,Om Raghavan,Ujjain
279,Pooja Vaidya,Chittoor
280,Anmol Kaul,Nadiad
281,Pallavi Ray,Phagwara
282,Praneel Dass,Durgapur
283,Nidra Devan,Rajkot
284,Yatin Shetty,Ramgarh
285,Eta Murthy,Hubli–Dharwad
286,Champak Balay,Kamarhati
287,Bhavika Jain,Berhampore
288,Laksh Dass,Srikakulam
289,Vasatika Murthy,Tenali
290,Aarav Gokhale,Gudivada
291,Azaan Dugal,Srikakulam
292,Tripti Saha,Patna
293,Ekavir Mann,Kumbakonam
294,Yashasvi Ganesan,Varanasi
295,Ekalinga Mane,Jaipur
296,Wahab Chanda,Hajipur
297,Chaman Divan,Aligarh
298,Qabil Trivedi,Raiganj
299,Kashish Varughese,Shimoga
300,Anita Acharya,Bijapur
301,Warinder Rai,Asansol
302,Yashoda Goel,Bhiwandi
303,Dhriti De,Danapur
304,Darika Contractor,Durg
305,Nakul Nori,Buxar
306,Darpan Narang,Raiganj
307,Tara Kalla,Thoothukudi
308,Andrew Bhatia,Katni
309,Unnati Bir,Guntakal
310,Nachiket Mand,Panchkula
311,Idika Bali,Agra
312,Logan Prashad,Solapur
313,Lavanya Bala,Uluberia
314,Ira Narayanan,Jammu
315,Idika More,Begusarai
316,Falguni Wable,Ahmedabad
317,Kala Mitter,Farrukhabad
318,Rohan Kant,Tirunelveli
319,Aashi Suresh,Erode
320,Jatin Mohan,Aurangabad
321,Sneha Bhandari,Vijayawada
322,Maanav Bala,Mahbubnagar
323,Vincent Kulkarni,Raiganj
324,Lakshmi Iyengar,Bhatpara
325,Dalaja Narain,Indore
326,Frederick Johal,Bijapur
327,Parth Jha,Purnia
328,Ekani Walia,Pallavaram
329,Gaurang Bora,Morbi
330,Yochana Gera,Panchkula
331,Unni Master,Mumbai
332,Ekaja Hari,Vijayawada
333,Urmi Dyal,Siwan
334,Sanya Chaudhari,Varanasi
335,Chameli Upadhyay,Dehradun
336,Yashica Sarkar,Allahabad
337,Bhavini Gara,Deoghar
338,Ojasvi Sidhu,Naihati
339,Geetika Chandra,Ghaziabad
340,Upma Om,Tirupati
341,Wahab Pandey,Gudivada
342,Raksha Nagy,Bhagalpur
343,Damyanti Sane,Latur
344,Rehaan Sama,Gorakhpur
345,Inaya Bahl,Bhind
346,Raksha Mukherjee,Sagar
347,Amruta Baria,Kurnool
348,Eesha Tata,Srikakulam
349,Warinder Ganesan,Howrah
350,Lucky Kumer,Bulandshahr
351,Vasatika Shukla,Tadipatri
352,Vedhika Varughese,Mango
353,Arunima Ranganathan,Kadapa
354,Adweta Karan,Naihati
355,Samar Deshmukh,Tadipatri
356,Yadavi Ratta,Hubli–Dharwad
357,Naveen Ram,Dewas
358,Ganga Rau,Rajpur Sonarpur
359,Onkar Deo,Gorakhpur
360,Aishani Narula,Jaipur
361,Udarsh Arya,Avadi
362,Omya Chad,Imphal
363,Azaan Gara,Bhiwani
364,Tanay Wali,Vasai-Virar
365,Anjali Contractor,Bhatpara
366,Neha Sarma,Muzaffarnagar
367,Jyoti Bhagat,Mirzapur
368,Yuvraj Saxena,Visakhapatnam
369,Radhika Dutta,Bikaner
370,Jacob Sule,Bhusawal
371,Amaira Viswanathan,Raebareli
372,Yamini Bora,Thrissur
373,Ranveer Varghese,Khandwa
374,Ekalinga Gulati,Sangli-Miraj & Kupwad
375,Girindra Bhatnagar,Madanapalle
376,Ubika Swamy,Hapur
377,Harini Khanna,Tiruvottiyur
378,Adweta Koshy,Alwar
379,Vyanjana Lal,Parbhani
380,Ishaan Vasa,Srinagar
381,Chaitanya Prabhu,Ulhasnagar
382,Utkarsh Vaidya,Vadodara
383,Girindra Ravi,Singrauli
384,Forum Setty,Patna
385,Aarav Anand,Ranchi
386,Manan Char,Aligarh
387,Mahika Om,Berhampore
388,Yutika Master,Asansol
389,Eesha Bhavsar,Ghaziabad
390,Mekhala Raman,Ramgarh
391,Meera Puri,Bokaro
392,Xalak Soni,Bhusawal
393,Upadhriti Mangal,Panchkula
394,Gagan Singh,Ozhukarai
395,Yuvraj Nath,Mahbubnagar
396,Abeer Viswanathan,Nizamabad
397,Samar Mohanty,Raurkela Industrial Township
398,Ranveer Khatri,Nizamabad
399,Madhav Munshi,Udupi
400,Urmi Menon,Tadepalligudem
401,Pranav Seshadri,Pune
402,Eesha Chacko,Alwar
403,Samesh Magar,Avadi
404,Veer Krishnan,Bardhaman
405,Mahika Basak,Udaipur
406,Theodore Ganesh,Mango
407,Dev Ahuja,Belgaum
408,Arunima Dutt,Dewas
409,Oni Bedi,Pimpri-Chinchwad
410,Damini Mukhopadhyay,Jehanabad
411,Pranit Gala,Gandhinagar
412,Mekhala Talwar,Sikar
413,Ikbal Bajwa,Miryalaguda
414,Patrick Mani,Danapur
415,Luke Goda,Mehsana
416,Ladli Kota,Agartala
417,Veda Goda,Berhampore
418,Udant Talwar,Unnao
419,Abeer Kaur,Davanagere
420,Amaira Bhatti,Gudivada
421,David Kothari,Purnia
422,Shravya Memon,Bidar
423,Ganga Venkatesh,Jamnagar
424,Jatin Bal,Tiruchirappalli
425,Aarnav Bhagat,Karimnagar
426,Darpan Gandhi,Chittoor
427,Warda Naik,Parbhani
428,Zehaan Bora,Pudukkottai
429,Mugdha Ghosh,Faridabad
430,Mohammed Shetty,Sambhal
431,Christopher Rout,Sasaram
432,Ridhi Samra,Bidhannagar
433,Dipta Andra,Gudivada
434,Siddharth Arya,Katni
435,Megha Rajagopalan,Tinsukia
436,Krish Gupta,Surendranagar Dudhrej
437,Daksha Pai,Adoni
438,Ekiya Grover,Pallavaram
439,Balveer Trivedi,Maheshtala
440,Yashasvi Kale,Danapur
441,Jason Varughese,Jehanabad
442,Nihal Sengupta,Durgapur
443,Nicholas Deol,Ramgarh
444,Aishani Kanda,Proddatur
445,Vivaan Kar,Rajpur Sonarpur
446,Nathan Singhal,Nagpur
447,Riya Swaminathan,Tiruchirappalli
448,Charvi Mukhopadhyay,Panihati
449,Bina Dara,Ahmedabad
450,Ekansh Bakshi,Allahabad
451,Dominic Pall,Ambala
452,Tanay Tella,Hospet
453,Ishaan Hari,Sasaram
454,Owen Sankaran,Nanded
455,Nihal Bajwa,Pudukkottai
456,Ojasvi Chadha,Bhagalpur
457,Brinda Ganesh,Hubli–Dharwad
458,Laban Sankar,Guwahati
459,Qushi Oommen,Pondicherry
460,Lohit Chaudhari,Bidar
461,Charan Mall,Ghaziabad
462,Zilmil Dyal,Bellary
463,Max Mammen,Nanded
464,Irya Krishnamurthy,Karimnagar
465,Omisha Radhakrishnan,Patiala
466,Watika Ram,Medininagar
467,Radha Kala,Aurangabad
468,Nirja Nanda,Bhilai
469,Aarnav Koshy,Katni
470,Owen Varghese,Gopalpur
471,Chatura Peri,Sri Ganganagar
472,Vasudha Dey,Saharanpur
473,Vihaan Parmar,Suryapet
474,Samesh Agrawal,Ozhukarai
475,Bhavika Ray,Nagercoil
476,Arjun Dyal,Chandigarh
477,Raksha Raman,Jhansi
478,Aarna Verma,Jammu
479,Barkha Tiwari,Jalandhar
480,Champak Panchal,Giridih
481,Triya Sandal,Thiruvananthapuram
482,Luke Kalla,Hyderabad
483,Lajita Shankar,Motihari
484,Jason Nagarajan,Baranagar
485,Vasana Morar,Satna
486,Triveni Pau,Bihar Sharif
487,Tarak Pillai,Hindupur
488,Jason Tripathi,South Dumdum
489,Amaira Aggarwal,Guwahati
490,Oscar Prashad,Gwalior
491,Baghyawati Sridhar,Haridwar
492,Vincent Mander,Dehradun
493,Ekapad Kara,Guwahati
494,Arjun Banik,Singrauli
495,Thomas Cheema,Motihari
496,Tanish Dhillon,Mumbai
497,Benjamin Kapur,Coimbatore
498,Jonathan Zacharia,Mira-Bhayandar
499,Teerth Mukhopadhyay,Dhule
500,Ikbal Das,Visakhapatnam
501,Lucky Chauhan,Nashik
502,Dhriti Sami,Salem
503,Nidhi Goyal,Agartala
504,Aarna Bahl,Tadepalligudem
505,Chaitanya Konda,Baranagar
506,Ekanta Bobal,Firozabad
507,George Malhotra,Jalandhar
508,Bakhshi Sankar,Hajipur
509,Laksh Ram,Solapur
510,Indira Rana,Bhalswa Jahangir Pur
511,Yashodhara Sahota,Asansol
512,Om Ray,Tirupati
513,Tripti Roy,Motihari
514,Elijah Badal,Kamarhati
515,Pushti Rajagopalan,Maheshtala
516,Orinder Ray,Avadi
517,Falan Dixit,Chinsurah
518,Harinakshi Mane,Sasaram
519,Idika Madan,Serampore
520,Lakshit Ganesan,Hospet
521,Bhanumati Sood,Sambalpur
522,Wazir Virk,Tadipatri
523,Yahvi Pai,Srinagar
524,Devansh Chandran,Etawah
525,Darsh Balakrishnan,Suryapet
526,Nandini Loyal,Malegaon
527,Timothy Lalla,Kolhapur
528,Janaki Jaggi,Kurnool
529,Bishakha Mani,Tumkur
530,Oeshi Divan,Nashik
531,Robert Andra,Tinsukia
532,Aarnav De,Naihati
533,Warda Guha,Udupi
534,Jhalak Randhawa,Phagwara
535,Zaitra Nagar,Dewas
536,Deepa Ramakrishnan,Alwar
537,Isaiah Yohannan,Shimla
538,Dhriti Radhakrishnan,Naihati
539,Yagnesh Arya,Raiganj
540,Yashvi Mani,Kalyan-Dombivli
541,Hritik Keer,Latur
542,Guneet Mutti,Tadepalligudem
543,Teerth Madan,Mau
544,Farhan Venkatesh,Ramgarh
545,Ishita Bora,Kharagpur
546,Yash Kashyap,Nashik
547,Abdul Parekh,Agra
548,Deepa Mital,Shimla
549,Isaiah Balakrishnan,Ambala
550,Faraj Goswami,Tirunelveli
551,Nicholas Mann,Sikar
552,Laksh Kakar,Miryalaguda
553,Simon Vohra,Kurnool
554,Karan Yogi,Gopalpur
555,Bhavani Chawla,Alwar
556,Dalaja Mahajan,Bardhaman
557,Vedant Sachar,Madurai
558,Bishakha Nayak,Sirsa
559,Bishakha Dutta,Akola
560,Ishita Kulkarni,Gurgaon
561,Vritti Puri,Pondicherry
562,Xiti Hegde,Sambhal
563,Eesha Chana,Morena
564,Triveni Chand,Alappuzha
565,Isaac Badal,Kakinada
566,Reva Raman,Siwan
567,Gagan Vohra,Srinagar
568,Ekantika Barad,Udaipur
569,Manthan Sarkar,Mirzapur
570,Azad Vora,Bidar
571,Warjas Rout,Sangli-Miraj & Kupwad
572,Advaith Doshi,Karawal Nagar
573,Nandini Mishra,Bally
574,Lucky Tak,Tirunelveli
575,Tarak Chokshi,Tirupati
576,Yoshita Bawa,Madhyamgram
577,Champak Sarraf,Hospet
578,Adya Ramaswamy,Vadodara
579,Eta Yadav,Ambala
580,Balvan Comar,Ambala
581,Yasti Prasad,Sonipat
582,Robert Gopal,Chennai
583,Karan Pandey,Gopalpur
584,Maanav Wagle,Hajipur
585,Wahab Sarkar,Ballia
586,Nisha Barad,Udaipur
587,Raagini Mandal,Rewa
588,Rajata Baral,Mangalore
589,Dev Ramachandran,Kurnool
590,Qadim Dar,Ranchi
591,Watika Biswas,Barasat
592,Indali Kaur,Kolhapur
593,Saksham Bhattacharyya,Navi Mumbai
594,Neel Gera,Karaikudi
595,Yasti Mahajan,Pimpri-Chinchwad
596,Bachittar Palla,Tadepalligudem
597,Hitesh Memon,Guna
598,Chakradhar Shere,Bhiwandi
599,Amruta Morar,Bihar Sharif
600,Abha Narayanan,Satara
601,Jatin Hora,Bettiah
602,Xalak Sathe,Cuttack
603,Oviya Thaker,Nagpur
604,Veda Kumar,Malegaon
605,Wridesh Nagarajan,Nashik
606,Jagrati Joshi,Kozhikode
607,Netra Ramesh,Muzaffarnagar
608,Yadavi Narula,Coimbatore
609,Aarna Gole,Gandhidham
610,Upkaar Soman,Agra
611,Saanvi Kala,Ulhasnagar
612,Pallavi Sengupta,Ongole
613,Eiravati Swamy,Baranagar
614,Reyansh Chowdhury,Motihari
615,Deepa Patel,Ghaziabad
616,Falguni Sarma,Bhopal
617,Nisha Baria,Belgaum
618,Bhavya Gupta,Nagaon
619,Pahal Dugar,Ratlam
620,Chasmum Prabhu,Muzaffarpur
621,Daksha Nagarajan,Aurangabad
622,Prisha Pant,Machilipatnam
623,Yatan Chopra,Guwahati
624,Suhani Sampath,Gwalior
625,Isaac Banik,Anand
626,Vrishti Malhotra,Agartala
627,Alka Roy,Ajmer
628,Wakeeta Som,Phagwara
629,Bhavini Roy,Tiruvottiyur
630,Anthony Mukhopadhyay,Burhanpur
631,Siya Bakshi,Delhi
632,Anay Sekhon,Bally
633,Vrishti Bhattacharyya,Haldia
634,Sanya Srinivasan,Allahabad
635,Jasmit Morar,Gopalpur
636,Kamala Parmar,Asansol
637,Quincy Ramanathan,Jaipur
638,Ronith Swamy,Bangalore
639,Samaksh Shere,Bhusawal
640,Faqid Shere,Ludhiana
641,Janya Kata,Durgapur
642,Pushti Virk,Dewas
643,Vedhika Raja,Medininagar
644,Ojasvi Walla,Patiala
645,Bachittar Rout,Nagercoil
646,Falguni Vora,Orai
647,Chandresh Barad,Belgaum
648,Lavanya Mann,Jaipur
649,Owen Dasgupta,Mathura
650,Isaac Anne,Hazaribagh
651,Veer Boase,Nanded
652,Aayush Wagle,Nanded
653,Samarth Thaker,Muzaffarnagar
654,Yashawini Nagi,Dharmavaram
655,Jyoti Solanki,Dehri
656,Lucky Nath,Arrah
657,Nimrat Bakshi,Morbi
658,Veda Gera,Munger
659,Nitara Rege,Panvel
660,Patrick Sura,Kulti
661,Lekha Ramesh,Proddatur
662,Ekaraj Sen,Unnao
663,Advika Dutt,Kulti
664,Wahab Mangal,Amroha
665,Raksha Natarajan,Parbhani
666,Chatura Bains,Gandhinagar
667,Divya Agarwal,Madurai
668,Theodore Patla,Nandyal
669,Radhika Kapoor,Jalna
670,Tanay Raghavan,Tumkur
671,Veer Srivastava,Arrah
672,Arunima Balay,Ratlam
673,Warda Magar,Orai
674,Nachiket Cheema,Nizamabad
675,Devansh Bajwa,Kulti
676,Upadhriti Yogi,Sagar
677,Yashasvi Chadha,Kollam
678,Nidhi Majumdar,Sirsa
679,Yashoda Srivastava,Shahjahanpur
680,Chakradev Wali,Bettiah
681,Vanya Nagy,Nagpur
682,Jason Naik,Kishanganj
683,Yashica Swaminathan,Varanasi
684,Geetika Borah,Alappuzha
685,Tristan Sridhar,Guwahati
686,Chatura Sengupta,Bidhannagar
687,Ranveer Brahmbhatt,Kanpur
688,Abhiram Chandra,Ahmednagar
689,Samuel Lalla,Shivpuri
690,Chaaya Kota,Karimnagar
691,Atharv Bhattacharyya,Jehanabad
692,Siddharth Mangal,Srikakulam
693,Rajeshri Lata,Raichur
694,Bhavika Patla,Shivpuri
695,Timothy Devi,Coimbatore
696,Praneel Srinivas,Bidhannagar
697,Chakradev Mutti,Kharagpur
698,Bhavani Konda,Tumkur
699,Guneet Dhawan,Tirupati
700,Jagdish Mahajan,Vijayawada
701,Owen Madan,Lucknow
702,Yauvani Sen,Bhimavaram
703,Vivaan Sachdeva,Mehsana
704,Rohan Radhakrishnan,South Dumdum
705,Nilima Mishra,Munger
706,Bahadurjit Sharaf,Amravati
707,Jack Barad,Berhampur
708,Leena Sant,Ajmer
709,Jairaj Iyer,Alwar
710,Hema Goyal,Ichalkaranji
711,Prisha Walla,Mirzapur
712,Manthan Deshmukh,Kavali
713,Upasna Lata,South Dumdum
714,Meghana Nagi,Morbi
715,Amaira Viswanathan,Panipat
716,Ojasvi Borra,Durgapur
717,Anthony Barman,Darbhanga
718,Osha Koshy,Guntur
719,Quincy Luthra,Nashik
720,Frado Chatterjee,Sambhal
721,Janaki Chakraborty,Hosur
722,Widisha Nori,Nangloi Jat
723,Unnati Tara,Kishanganj
724,Ojas Palla,Berhampur
725,Mitali Zacharia,Serampore
726,Banjeet Subramanian,Nangloi Jat
727,Ojasvi Dasgupta,Muzaffarnagar
728,Wazir Bahri,Narasaraopet
729,Dakshesh Nagy,Sikar
730,Nimrat Gaba,Nellore
731,Radha Padmanabhan,Bhilai
732,Rehaan Dara,Jaipur
733,Ishanvi Kulkarni,Varanasi
734,Yutika Kanda,Ghaziabad
735,Vasudha Khosla,Faridabad
736,Mohammed Varma,Raurkela Industrial Township
737,Lakshit Datta,Jamshedpur
738,William Sarkar,Guwahati
739,Yash Puri,Etawah
740,Qadim Kaul,Dhanbad
741,Triya Dey,Fatehpur
742,Januja Swaminathan,Kochi
743,Anirudh Date,Serampore
744,Unni Nori,Nandyal
745,Jalsa Kakar,Jalna
746,Aarav Madan,Siliguri
747,Nikita Subramanian,Nagercoil
748,Ekanta Sengupta,Saharsa
749,Wriddhish Karan,Deoghar
750,Sachi Narain,Loni
751,Lohit Mahajan,Shimla
752,Saumya Rastogi,Ambattur
753,Jeet Lad,Bhavnagar
754,Warhi Dora,Ongole
755,William De,Secunderabad
756,Aadhya Contractor,Siwan
757,Lopa Choudhry,Bally
758,Vrishti Ram,Aligarh
759,Ekaja Raval,Nashik
760,Indali Sodhi,Burhanpur
761,Gaurav Dasgupta,Anantapuram
762,Wriddhish Balasubramanian,Vijayanagaram
763,Pranav Shankar,Rewa
764,Anthony Rao,Mau
765,Christopher Sha,Chinsurah
766,Ekbal Dube,Phusro
767,Manthan Dash,Mathura
768,Nidra Dua,Kozhikode
769,Arin Raghavan,Sikar
770,Naksh Shroff,Bidhannagar
771,Amara Bhakta,Surendranagar Dudhrej
772,Nihal Tripathi,Kakinada
773,Azaan Bhandari,Kanpur
774,Isha Atwal,Ahmednagar
775,Ekbal Mohan,Jalgaon
776,Vedika Badami,Mango
777,Rajata Varma,Gwalior
778,Maanav Bhagat,Darbhanga
779,Tarak Golla,Motihari
780,Ayushman Agrawal,Bihar Sharif
781,Alka Prashad,Bangalore
782,Ekiya Ramaswamy,Ballia
783,Oviya Swamy,Rampur
784,Bachittar Doctor,Bhalswa Jahangir Pur
785,Vedika Kata,Dhule
786,Qadim Baria,Rohtak
787,Rachana Agarwal,Morbi
788,David Chakraborty,Haldia
789,Dalaja Devi,Vijayawada
790,Radhika Kulkarni,Ahmednagar
791,Champak Bhagat,Kochi
792,Varsha Bahl,Tirupati
793,Banjeet Sunder,Vijayawada
794,Zarna Karnik,Karaikudi
795,Charan Dar,Udupi
796,Eesha Bhavsar,Bhilai
797,Karan Acharya,Guntur
798,Vaishnavi Pingle,Karnal
799,Lakshmi Andra,Bareilly
800,Zaitra Sachdeva,Dehri
801,Nitara Chad,Patna
802,Faras Majumdar,Berhampur
803,Onkar Gera,Kota
804,Unnati Pillay,Bongaigaon
805,Praneel Modi,Ludhiana
806,Dhruv Ganesan,Chinsurah
807,Ayush Rege,Nandyal
808,Veer Gokhale,Rajkot
809,Veda Kurian,Jamshedpur
810,Anthony Saraf,Naihati
811,Aadi Cherian,Chennai
812,Ojas Prabhu,Moradabad
813,Kabir Chopra,Nizamabad
814,Anay Dhawan,Secunderabad
815,Riya Ram,Madurai
816,Bina Kalita,Aligarh
817,Samarth Edwin,Jamalpur
818,Caleb Reddy,Latur
819,Banjeet Shetty,Sambalpur
820,Yachana Goda,Malegaon
821,Henry Atwal,Dibrugarh
822,Luke Dyal,Phagwara
823,Panini Nagy,Dindigul
824,Mohini Lalla,Bathinda
825,Sneha Lata,Raipur
826,Maanav Parmer,Udupi
827,Gautami Mishra,Kirari Suleman Nagar
828,Rushil Rajagopalan,Panipat
829,Hritik De,Uluberia
830,Ishwar Kothari,Delhi
831,Darsh Date,Tumkur
832,Riya Ranganathan,Berhampur
833,Yuvraj Vohra,Anand
834,Megha Rai,Durg
835,Ekiya Choudhury,Durgapur
836,Chakradhar Kala,Giridih
837,Ekansh Agate,Haldia
838,Dayita Ratta,Udupi
839,Wriddhish Doctor,Raurkela Industrial Township
840,Udarsh Cherian,Bihar Sharif
841,Darpan Butala,Tadipatri
842,Girish Ravel,Ozhukarai
843,Theodore Parmer,Mysore
844,Bhavani Batra,Firozabad
845,Upadhriti Chaudhari,Dibrugarh
846,Deepa Chokshi,Deoghar
847,Xalak Sule,Asansol
848,Thomas Yohannan,Satara
849,Dalaja Apte,Jamnagar
850,Pallavi Sunder,Uluberia
851,Vasana Ganesh,Shivpuri
852,Yashasvi Agate,Guntakal
853,Urishilla Kohli,Pallavaram
854,Zehaan Dey,Alwar
855,Devika Goel,Aurangabad
856,Advay Sant,Khandwa
857,Karan Magar,Rajkot
858,Anamika Sabharwal,Panvel
859,Wakeeta Sem,Kottayam
860,Inaya Rajan,Shimoga
861,Qabil Mani,Ranchi
862,Amrita Tata,Jalgaon
863,Ranveer Chaudry,Amaravati
864,Harinakshi Kari,Karimnagar
865,Thomas Chakraborty,Warangal
866,Nitesh Goyal,Bulandshahr
867,Radhika Chacko,Pondicherry
868,Vyanjana Roy,Cuttack
869,Warda Mand,Chinsurah
870,Hardik Soni,Bahraich
871,Janya Yogi,Kirari Suleman Nagar
872,Chaitaly Sastry,Panchkula
873,Benjamin Muni,Ozhukarai
874,Sudiksha Nadkarni,Nanded
875,Victor Verma,Kurnool
876,Tanvi Zacharia,Udupi
877,Triya De,Begusarai
878,Wridesh Garg,Mango
879,Jonathan Kakar,Mau
880,Falan Pau,Kavali
881,Ladli Dada,Bangalore
882,Anjali Cherian,Haldia
883,Sai Mandal,Firozabad
884,Yauvani Munshi,Narasaraopet
885,Bahadurjit Narasimhan,Bihar Sharif
886,Girindra Dutta,Chittoor
887,Gabriel Kata,Silchar
888,Isaac Deo,Farrukhabad
889,Bhanumati Dar,Panvel
890,Qushi Sood,Karnal
891,Chanakya Chacko,Tiruchirappalli
892,Yutika Sangha,Nellore
893,Vedhika Bassi,North Dumdum
894,Michael Bali,Unnao
895,Anusha Natarajan,Jaunpur
896,Nirja Bhavsar,Chittoor
897,Jason Dugar,Bhiwani
898,Harish Mammen,Bhavnagar
899,Onkar Rajagopal,Katihar
900,Chandran Mani,Kakinada
901,Lipika Nagy,Karawal Nagar
902,Owen Panchal,Unnao
903,Naveen Soni,Khora 
904,Anika Andra,Kumbakonam
905,Yamini Sampath,Vellore
906,Yochana Kara,Miryalaguda
907,Kala Mahal,Solapur
908,Isha Barman,Kakinada
909,Jyoti Maharaj,Haridwar
910,Yashica Bassi,Kollam
911,Arjun Atwal,Anantapur
912,Avni Mangal,Bihar Sharif
913,Eesha Solanki,Indore
914,Yamini Sheth,Loni
915,Baghyawati Manne,Mehsana
916,Naksh Chad,Aizawl
917,Ekiya Sarma,Baranagar
918,Fitan Tak,Kurnool
919,Vyanjana Gandhi,Tiruchirappalli
920,Nachiket Desai,Silchar
921,Rehaan Dube,Surat
922,Tanmayi Gandhi,Surat
923,Charles Parsa,Arrah
924,Henry Dayal,Bidar
925,Megha Sami,Ujjain
926,Arjun Sibal,Satna
927,Bhavini Devan,South Dumdum
928,Inaya Zacharia,Haldia
929,Lila Toor,Meerut
930,Abhimanyu Gokhale,Bihar Sharif
931,Vyanjana Kuruvilla,Srikakulam
932,Darika Sahota,Ahmedabad
933,Vansha Chanda,Jalna
934,Hema Anand,Saharsa
935,Bishakha Kapur,Ballia
936,Bhavna Ganguly,Ajmer
937,Rishi Nagar,Tumkur
938,Ranveer Shukla,Lucknow
939,Ekiya Ramachandran,Thane
940,Lila Garde,Jodhpur
941,Watika Khosla,Chittoor
942,Geetika Jaggi,Chandrapur
943,Devansh Dave,Jalgaon
944,Hemani Bose,Kakinada
945,Lucky Karnik,Darbhanga
946,Indrajit Sawhney,Jaipur
947,Dhriti Samra,Hubli–Dharwad
948,Jeet Borde,Miryalaguda
949,Charita Kant,Muzaffarnagar
950,Wakeeta Lata,Jodhpur
951,Gayathri Boase,Ujjain
952,Hemangini Maharaj,Machilipatnam
953,Ishaan Raval,Alappuzha
954,Isaiah Krishnan,Kozhikode
955,Varenya Deshpande,Bharatpur
956,Radha Chaudry,Ranchi
957,Jeremiah Devi,Raiganj
958,Ryan Bawa,Rajkot
959,Meghana Chaudhary,Gurgaon
960,Samesh Ratti,Ichalkaranji
961,Devansh Gokhale,Gudivada
962,Laban Misra,Erode
963,Nilima Chauhan,Gurgaon
964,Manan Guha,Raurkela Industrial Township
965,Chandran Deshpande,Bongaigaon
966,Max Manda,Nagercoil
967,Reva Kashyap,Bhalswa Jahangir Pur
968,Yatin Morar,Sagar
969,Sai Naik,Sambalpur
970,Nidra Dubey,Baranagar
971,Warda Patla,Malegaon
972,Vaishnavi Uppal,Bhilwara
973,Balvan Mittal,New Delhi
974,Onveer Zachariah,Kolkata
975,Leela Agarwal,Raebareli
976,Girindra Batra,Motihari
977,Yamini Bahri,Ghaziabad
978,Manthan Nath,Nagpur
979,Dalbir Kala,Thrissur
980,Vanya Sekhon,Karnal
981,Manan Brar,Farrukhabad
982,Hemangini Divan,Sambalpur
983,Ishani Merchant,Solapur
984,Amrita Bandi,Hindupur
985,Suhani Yadav,Kurnool
986,Pratyush Sarraf,Ratlam
987,Daksh Dhaliwal,Kottayam
988,Hemangini Boase,Bhind
989,Onkar Butala,Bihar Sharif
990,Anjali Pal,Kollam
991,Pahal Prakash,Meerut
992,Chameli Dada,Bally
993,Darpan Narasimhan,Gandhinagar
994,Hemang Tara,Bongaigaon
995,Vedika Rai,Latur
996,Anita Jain,Agartala
997,Hamsini Chawla,Noida
998,Alexander Bahri,Lucknow
999,Damini Sastry,Hazaribagh
1000,Mohammed Kade,Tiruppur
1001,Ansh Vohra,Agra
1002,Saumya Varty,Hyderabad
1003,Krish Dhaliwal,Amritsar
1004,Ranveer Atwal,Arrah
1005,Champak Warrior,Sasaram
1006,Christopher Banerjee,Madanapalle
1007,Amruta Das,Gandhinagar
1008,Chatura Devi,Eluru
1009,Aarini Jayaraman,Noida
1010,Vamakshi Sheth,Saharanpur
1011,Patrick Sibal,Siwan
1012,Dominic Murty,Baranagar
1013,Nathan Rout,Sirsa
1014,Udyati Ramakrishnan,Sri Ganganagar
1015,Unnati Dhar,Ambala
1016,Unni Setty,Ambattur
1017,Gautam Jaggi,Bidar
1018,Ikshita Upadhyay,Thrissur
1019,Kiaan Varughese,Bathinda
1020,Dhriti Mann,Bhiwandi
1021,Mahika Baria,Gulbarga
1022,Vasana Sangha,Bhavnagar
1023,Yochana Chaudhary,Durg
1024,Raksha Munshi,Yamunanagar
1025,Yashasvi Rattan,Nagaon
1026,Nihal Narayanan,Chandigarh
1027,Xiti Baral,Dibrugarh
1028,Oscar Gokhale,Tadipatri
1029,Girish Bhatt,Bongaigaon
1030,Idika Narayan,Jabalpur
1031,Isaac Rajagopal,Bidar
1032,Veda Nagy,Bihar Sharif
1033,Ira Kannan,Raipur
1034,Yuvraj Shankar,Mehsana
1035,Jairaj Dhingra,Alwar
1036,Pranit Sama,Katihar
1037,Mitesh Rastogi,Jorhat
1038,Leena Lata,Salem
1039,Gabriel Sani,Phagwara
1040,Vansha Tank,Anantapur
1041,Aayush Khosla,Kozhikode
1042,Idika Dutta,Dehradun
1043,Xalak Korpal,Guna
1044,Mugdha Sura,Mysore
1045,Janya Prabhakar,Ambarnath
1046,Ekiya Bains,Ichalkaranji
1047,Darpan Mohanty,Etawah
1048,Vidhi De,Raiganj
1049,Charan Swamy,Munger
1050,Zarna Aggarwal,Malegaon
1051,Divya Chaudry,Cuttack
1052,Sai Kala,Jalgaon
1053,Aryan Rout,Ghaziabad
1054,Viraj Chokshi,South Dumdum
1055,Chaitanya Chander,Shimla
1056,Hemal Pant,Tinsukia
1057,Alka Dyal,Agartala
1058,Vrinda Wali,North Dumdum
1059,Chaman Chakraborty,Amravati
1060,Darika Nanda,Kolhapur
1061,Ranveer Ravel,Aizawl
1062,Agastya Natt,Guna
1063,Ekiya Sampath,Bokaro
1064,Lakshmi Kanda,New Delhi
1065,Ekani Ramanathan,Cuttack
1066,Anvi Kata,Burhanpur
1067,Wishi Hegde,Gwalior
1068,Arunima Sehgal,Asansol
1069,Suhani Sani,Saharsa
1070,Libni Sami,Sultan Pur Majra
1071,Anjali Jha,Bareilly
1072,Sathvik Rau,Adoni
1073,Vihaan Loyal,Hazaribagh
1074,Jack Panchal,Ludhiana
1075,Rachit Lad,Ghaziabad
1076,Ishita Natt,Phagwara
1077,Balveer Nori,Karaikudi
1078,Hitesh Tank,Dindigul
1079,Tanay Samra,Dewas
1080,William Kunda,Gopalpur
1081,Reyansh Pandya,Ajmer
1082,Ansh Contractor,Yamunanagar
1083,Vinaya Mishra,Bhagalpur
1084,Abhiram Minhas,New Delhi
1085,Qabil Saini,New Delhi
1086,Yashawini Chana,Saharsa
1087,Rohan Vora,Ongole
1088,Saumya Vyas,Kozhikode
1089,Jagdish Hegde,Sasaram
1090,Rachit Kunda,Ballia
1091,Qushi Borde,Khandwa
1092,Henry Andra,Jalgaon
1093,Indali Lal,Bhubaneswar
1094,Chakradhar Banik,North Dumdum
1095,Anamika Arya,Jalna
1096,Chaman Shan,Bareilly
1097,Yashawini Bajwa,Ballia
1098,Chatresh Jaggi,Kochi
1099,Jeevika Ahuja,Jodhpur
1100,Tejas Tak,Dewas
1101,Nirja Agarwal,Karawal Nagar
1102,Vasatika Ramaswamy,Mau
1103,Yashvi Saran,Hajipur
1104,Faraj Kata,Kirari Suleman Nagar
1105,Warjas Sem,Medininagar
1106,Ethan Tak,Fatehpur
1107,Nitara Sampath,Bhalswa Jahangir Pur
1108,Rajeshri Bhavsar,Shimla
1109,Aishani Pathak,Allahabad
1110,Jagvi Vig,Madhyamgram
1111,Ubika Goswami,Kottayam
1112,Keya Lad,Cuttack
1113,Urvashi Desai,Amritsar
1114,Anay Pall,Narasaraopet
1115,Nakul Halder,Kirari Suleman Nagar
1116,Sai Desai,Rewa
1117,Alka Jaggi,Udaipur
1118,Nidhi Bail,Firozabad
1119,Wahab Date,Deoghar
1120,Zarna Divan,Bihar Sharif
1121,Janani Nagarajan,Dehradun
1122,Bhavika Das,Dibrugarh
1123,Bhavika Prasad,Ahmedabad
1124,Yamini Mishra,Raurkela Industrial Township
1125,Jack Madan,Uluberia
1126,Tarak Modi,Proddatur
1127,Gunbir Jayaraman,Mysore
1128,Raghav Memon,Anantapur
1129,Darsh Prabhakar,Khandwa
1130,Gayathri Sidhu,Bardhaman
1131,Yashvi Bali,Jaipur
1132,Akshay Bhargava,Gopalpur
1133,Jeevika Lad,Ahmedabad
1134,Aarnav Sarma,Nagaon
1135,Yashasvi Rattan,Guntakal
1136,Bakhshi Agrawal,Sirsa
1137,Irya Datta,Jamalpur
1138,Widisha Kumer,Kumbakonam
1139,Oscar Dugal,Patna
1140,Vaishnavi Nadkarni,Baranagar
1141,Ayush Saxena,Bathinda
1142,Tanvi Sachar,Burhanpur
1143,Eesha Ganesh,Vijayawada
1144,Aarav Krishna,Guwahati
1145,Bahadurjit Venkataraman,Gopalpur
1146,Vrishti Bansal,Tezpur
1147,Garima Dugar,Agra
1148,Yashvi Bhatnagar,Durgapur
1149,Shaurya Murty,Kottayam
1150,Ojas Singh,Amravati
1151,Xiti Desai,Panvel
1152,Yashodhara Sampath,Jaunpur
1153,Ekanta Walia,Pudukkottai
1154,Sachi Naik,Agra
1155,Upadhriti Subramaniam,Ramagundam
1156,Gaurav Barad,Siwan
1157,Dhruv Sathe,Aurangabad
1158,Chatresh Kara,Kakinada
1159,Avi Saha,Ambala
1160,Rishi Subramanian,Jammu
1161,Lila Grewal,Chinsurah
1162,Ganga Mohan,Mango
1163,Ekanta Bhasin,Karimnagar
1164,Meera Narain,Kulti
1165,Quincy Rege,South Dumdum
1166,Nakul Srinivas,Mangalore
1167,Jackson Banik,Dehradun
1168,Girik Hora,Bahraich
1169,Anvi Dhar,Unnao
1170,Baghyawati Barad,Gaya
1171,Rishi Kannan,Bhilwara
1172,Meghana Kadakia,Saharsa
1173,Indrajit Gaba,Ramgarh
1174,Nachiket Singhal,Noida
1175,Samuel Uppal,Buxar
1176,Anvi Zachariah,Panchkula
1177,Arya Babu,Satara
1178,Triveni Halder,Kollam
1179,Arya Mangal,Gopalpur
1180,Ryan Bhatnagar,Allahabad
1181,Tanish Puri,Shimla
1182,Arunima Chanda,Durg
1183,Lakshit Jayaraman,Barasat
1184,Tanay Chokshi,Maheshtala
1185,Daksh Ramanathan,Erode
1186,Frado Narayanan,Jalna
1187,Amol Dewan,Hospet
1188,Maya Balay,Munger
1189,Advika Bhat,Bharatpur
1190,Alexander Pandya,Mathura
1191,Maanav Dada,Agra
1192,Nitesh Walia,Thanjavur
1193,Reyansh Aggarwal,Kalyan-Dombivli
1194,Mohini Gera,Dewas
1195,Kritika Bhardwaj,Khammam
1196,Janaki Kumar,Shahjahanpur
1197,Avni Bains,Parbhani
1198,Odika Mall,Motihari
1199,Yashvi Bhavsar,Tirupati
1200,Tripti Ganesh,Durgapur
1201,Libni Srinivas,Thane
1202,Dev Dhawan,Bally
1203,Bhavani Sachdev,Mau
1204,Qabil Sanghvi,Madhyamgram
1205,Anjali Chana,Ghaziabad
1206,Sneha Nanda,Tadepalligudem
1207,Gaurika Memon,Mahbubnagar
1208,Varenya Dasgupta,Ghaziabad
1209,Oeshi Mangat,Bhatpara
1210,Neha Hans,Tenali
1211,Ranveer Kale,Ambarnath
1212,Rajeshri Deshpande,Uluberia
1213,Oeshi Lalla,Mehsana
1214,Rachita Ratti,Bhalswa Jahangir Pur
1215,Hiral Oza,Thrissur
1216,Jack Doshi,Pudukkottai
1217,Thomas Rama,Shimla
1218,Sudiksha Om,Nadiad
1219,Pratyush Suri,Hazaribagh
1220,Wahab Sankar,Medininagar
1221,Chatresh Sahni,Visakhapatnam
1222,Mason Mammen,Saharsa
1223,Oni Bobal,Hapur
1224,Hemani Setty,Dindigul
1225,Kai Murthy,Madhyamgram
1226,Anirudh De,Shahjahanpur
1227,Ucchal Acharya,Allahabad
1228,Zinal Narasimhan,Kamarhati
1229,Nihal Bath,Sultan Pur Majra
1230,Brijesh Dara,Jamalpur
1231,Yauvani Chacko,Ghaziabad
1232,Ishani Jani,Jamnagar
1233,Priya Sarkar,Tiruchirappalli
1234,Om Basu,Agartala
1235,Hemangini Mahajan,Pondicherry
1236,Shravya Nath,Bhatpara
1237,Pranit Chacko,Berhampore
1238,Rayaan Sharma,Pudukkottai
1239,Saanvi Chacko,Nizamabad
1240,Warhi Goel,Tadepalligudem
1241,Ryan Thakur,Bhusawal
1242,Ayush Bansal,Pimpri-Chinchwad
1243,Dayamai Dhingra,Salem
1244,Yashica Das,Bellary
1245,Frado Mand,Serampore
1246,Gaurang Kapur,Srinagar
1247,Patrick Vyas,Dehri
1248,Daniel Sathe,Chandrapur
1249,Eshana Misra,Chinsurah
1250,Patrick Bhalla,Phusro
1251,Ishaan Oak,Malegaon
1252,Sanya Loke,Sasaram
1253,Daniel Wadhwa,Noida
1254,Lopa Mani,Karnal
1255,Bhavika Mohanty,Rewa
1256,Nakul Lall,Vasai-Virar
1257,Jagvi Gola,Khora 
1258,Yashica Prabhu,Phagwara
1259,Hredhaan Chakrabarti,Bellary
1260,Gaurangi Jani,Nagpur
1261,Tanay Kari,Bharatpur
1262,Aahana Suri,Tirunelveli
1263,Lipika Chokshi,Bhubaneswar
1264,Hredhaan Merchant,Dindigul
1265,Oviya Sarin,Nagpur
1266,Yamini Kuruvilla,Korba
1267,Girish Ram,Nizamabad
1268,Idika Sani,Khammam
1269,Kai Tella,Malda
1270,Maya Datta,Loni
1271,Mitesh Bal,Fatehpur
1272,Quincy Dixit,Tinsukia
1273,Hamsini Bhatt,Bathinda
1274,Zilmil Nath,Davanagere
1275,Kevin Kari,Varanasi
1276,Vaishnavi Lalla,Bhusawal
1277,Rushil Jha,Miryalaguda
1278,Chaman Som,Bhind
1279,Ethan Cheema,Kanpur
1280,Tanish Ahluwalia,Faridabad
1281,Balendra Lal,Delhi
1282,Pranit Gaba,Haldia
1283,Lekha Shankar,Indore
1284,Nirja Kurian,Rajpur Sonarpur
1285,Ijaya Garde,Tezpur
1286,Hemani Ramaswamy,Hajipur
1287,Hemani Sundaram,Darbhanga
1288,Ishwar Sarin,Tenali
1289,Laban Babu,Ujjain
1290,Jackson Subramaniam,Patna
1291,David Mistry,Thane
1292,Barkha Salvi,Korba
1293,Pooja Rastogi,Mehsana
1294,Simon Palan,Suryapet
1295,Jatin Patla,Rourkela
1296,Pavani Konda,Ajmer
1297,Arunima Sastry,Srinagar
1298,Bachittar Keer,Davanagere
1299,Raagini Chaudhary,Baranagar
1300,Dayamai Dewan,Kurnool
1301,Gaurangi Taneja,Bhilai
1302,Andrew Manda,Varanasi
1303,Rehaan Shan,Narasaraopet
1304,Geetika Shanker,Darbhanga
1305,Balhaar Biswas,Nadiad
1306,Wahab Varghese,Hapur
1307,Vasana Majumdar,Sri Ganganagar
1308,Janya Kar,New Delhi
1309,Kai Rama,Khora 
1310,Ekalinga Raman,Burhanpur
1311,Yutika Patel,Rourkela
1312,Matthew Loke,Cuttack
1313,Nirja Virk,Bhopal
1314,Lakshit Mahal,Asansol
1315,Nicholas Majumdar,Guntakal
1316,Veda Chaudhuri,Korba
1317,Shivansh Goel,Thoothukudi
1318,Mitali Bhatia,Yamunanagar
1319,Lopa Dalal,Ramgarh
1320,Qasim Patla,Lucknow
1321,Upasna Hans,Singrauli
1322,Isaiah Dube,Bhiwani
1323,Vanya Konda,Amroha
1324,Nilima Natarajan,Chinsurah
1325,Benjamin Shah,Kirari Suleman Nagar
1326,Dalaja Pai,Bally
1327,Raksha Bora,Panchkula
1328,Yasti Sekhon,Hajipur
1329,Aarna Kumar,Aurangabad
1330,Ekaja Sabharwal,Ajmer
1331,Fitan Kakar,Nagercoil
1332,Meghana Sachar,Mathura
1333,Onkar Sani,Ahmednagar
1334,Radha Jayaraman,Guntur
1335,Jagat Gokhale,Chapra
1336,Noah Suresh,Dhanbad
1337,Damyanti Badal,Serampore
1338,Saanvi Sharaf,Mira-Bhayandar
1339,Vasana Som,Agartala
1340,Aadi Dhaliwal,Bhatpara
1341,Anita Brahmbhatt,Davanagere
1342,Libni Garg,Kishanganj
1343,Upasna Patil,Lucknow
1344,Amaira Lal,Rourkela
1345,Yutika Kalita,Chandigarh
1346,Pahal Ramakrishnan,Malegaon
1347,Pavani Chad,Bhatpara
1348,Eiravati Lal,Pallavaram
1349,Rachita Sathe,Visakhapatnam
1350,Ryan Parikh,Nadiad
1351,Arjun Agarwal,Coimbatore
1352,Nikita Bahl,Ulhasnagar
1353,Oliver Anand,Patna
1354,Hredhaan Dutt,Unnao
1355,Harish Batra,Pune
1356,Upadhriti Bhardwaj,Shimoga
1357,Chanakya Nazareth,Jalandhar
1358,Mitesh Bhatt,Kulti
1359,Anya Kumer,Warangal
1360,Peter Aurora,Bhubaneswar
1361,Nidra Bedi,Jabalpur
1362,Utkarsh Gill,Kulti
1363,Aishani Vala,Sultan Pur Majra
1364,George Salvi,Madanapalle
1365,Onkar Prakash,Sirsa
1366,Shravya Khosla,Thane
1367,Aarav Dhillon,Guntakal
1368,Chaman Dugar,Gorakhpur
1369,Veda Natt,Rajpur Sonarpur
1370,Devika Raghavan,Karnal
1371,Caleb Arora,Danapur
1372,Veer Ganesh,Tadepalligudem
1373,Kashish Bala,Vijayawada
1374,Wazir Sabharwal,Nagpur
1375,Upma Bhatt,Haridwar
1376,Jagrati Mani,Erode
1377,Manya Barad,Imphal
1378,Aarush Sandhu,Shivpuri
1379,Mitali Bakshi,Rourkela
1380,Farhan Chada,Kozhikode
1381,Sneha Bali,Srikakulam
1382,Nikita Issac,Faridabad
1383,Dakshesh De,Dharmavaram
1384,Zayan Narang,Gudivada
1385,Abdul Raghavan,Howrah
1386,Ekbal Nori,Satara
1387,Agastya Deep,Dhanbad
1388,Leena Zacharia,Dhule
1389,Vaishnavi Kara,Purnia
1390,Bhavya Sankar,Jamnagar
1391,Nisha Kapadia,Udupi
1392,Irya Hayre,Bihar Sharif
1393,Shaurya Chahal,Khammam
1394,Amrita Padmanabhan,Muzaffarpur
1395,Triya Bhatti,Hajipur
1396,Laksh Dave,Haldia
1397,Wakeeta Nadig,Nagaon
1398,Reyansh Tank,Pune
1399,Xavier Chanda,Mehsana
1400,Aadi Pandya,Sikar
1401,Hemangini Mann,Junagadh
1402,Girish Ram,Bathinda
1403,Zashil Bala,Mysore
1404,Kai Mander,North Dumdum
1405,Oscar Minhas,Sambhal
1406,Henry Bhagat,Jammu
1407,Chaman Bhatnagar,Narasaraopet
1408,Kalpit Dugar,Delhi
1409,Lakshit Dhillon,Khora 
1410,Lavanya Char,Phagwara
1411,Hemani Warrior,Naihati
1412,Samar Cherian,Suryapet
1413,Vritti Bains,Naihati
1414,Pallavi Kamdar,Chapra
1415,Dhriti Rai,Agartala
1416,Nidhi Gaba,Faridabad
1417,Qasim Sethi,Morena
1418,Yamini Sahni,Jalandhar
1419,Indrajit Peri,Bulandshahr
1420,Wahab Tripathi,Mira-Bhayandar
1421,Harita Babu,Gopalpur
1422,Udyati Lall,Coimbatore
1423,Bhavika Amble,Malegaon
1424,Fariq Vohra,Katihar
1425,Forum Rai,Bhusawal
1426,Barkha Manne,Jhansi
1427,Isaac Sarna,Chandrapur
1428,Michael Khurana,Mysore
1429,Girish Karnik,Ludhiana
1430,Ayush Badami,Delhi
1431,Krishna Kalla,Faridabad
1432,Dakshesh Swamy,Sri Ganganagar
1433,Fariq Solanki,Mangalore
1434,Osha Bakshi,Noida
1435,Krishna Basak,Kulti
1436,Abdul Aggarwal,Aurangabad
1437,Bhavna Basak,Hyderabad
1438,Rachana Tiwari,Hubli–Dharwad
1439,Vasudha Barad,Thoothukudi
1440,Harini Sachdev,Munger
1441,Edhitha Ahluwalia,Jamnagar
1442,Chaitanya Mann,Kanpur
1443,Xavier Dora,Delhi
1444,Aadi Lal,Vijayanagaram
1445,Lavanya Krishnan,Haridwar
1446,Sanya Butala,Pune
1447,Hamsini Ramakrishnan,Begusarai
1448,Lavanya Mitter,Gurgaon
1449,Lakshmi Chokshi,Gwalior
1450,Jai Golla,Kavali
1451,Jeevika Saini,Yamunanagar
1452,Jason Vasa,Morbi
1453,Yash Shanker,Raurkela Industrial Township
1454,Dayamai Bajwa,Karaikudi
1455,Aadi Wable,Rewa
1456,Rachit Rau,Mango
1457,Barkha Chander,Meerut
1458,Inaya Merchant,Mysore
1459,Faras Dugar,Srinagar
1460,Warda Ganguly,Kolkata
1461,Mohini Rau,Jamnagar
1462,Ria Kala,Jamalpur
1463,Shravya Majumdar,Morbi
1464,Yachana Baral,Kozhikode
1465,Dominic Nagar,Kozhikode
1466,Ikshita Sodhi,Gandhidham
1467,Aryan Seshadri,Erode
1468,Advaith Buch,New Delhi
1469,Abha Basu,Tadepalligudem
1470,Rachita Madan,Jaipur
1471,Warjas Badal,Kadapa
1472,Abeer Banik,Moradabad
1473,Samesh Oak,Tiruvottiyur
1474,Wakeeta Nazareth,Bidhannagar
1475,Kavya Misra,Hajipur
1476,Brinda Kaul,Malda
1477,Hema Balay,Kakinada
1478,Zayan Bandi,Dindigul
1479,Jhalak Baral,Ichalkaranji
1480,Falguni Gill,Amritsar
1481,Anamika Dora,Udupi
1482,Dhriti Tella,Ambarnath
1483,Baljiwan Sheth,Mehsana
1484,Yoshita Prasad,Panipat
1485,Chaitaly Rege,Singrauli
1486,Atharv Krishna,Guna
1487,Pallavi Keer,Karaikudi
1488,Falak Nanda,Ramagundam
1489,Rayaan Chakraborty,Raipur
1490,Divya Shenoy,Kamarhati
1491,Gauri Ratti,Jabalpur
1492,Yug Balakrishnan,Mysore
1493,Tanvi Pillay,Malda
1494,Balendra Ramesh,Gandhidham
1495,Hiral Narayanan,Kirari Suleman Nagar
1496,Daniel Munshi,Kulti
1497,Siya Manne,Ratlam
1498,Yatin Bassi,Medininagar
1499,Ishani Choudhary,Bhusawal
1500,Kai Bhat,Tenali
1501,Yug Manne,Bilaspur
1502,Brinda Kashyap,Junagadh
1503,Yug Patla,Bulandshahr
1504,Kalpit Deshpande,Gopalpur
1505,Yochana Dixit,Bhalswa Jahangir Pur
1506,Ekaja Basu,Srikakulam
1507,Anusha Chaudhary,Chittoor
1508,Watika Chandra,Madurai
1509,Warda Dhingra,Warangal
1510,Peter Swamy,Hosur
1511,Manthan Narain,Kakinada
1512,Tejas Uppal,Serampore
1513,Sara Maharaj,Bhilai
1514,Nidhi Pandit,Karawal Nagar
1515,Geetika Mahal,Uluberia
1516,Widisha Bora,New Delhi
1517,Bina Char,Bahraich
1518,Ishaan Choudhry,Kozhikode
1519,Chakradhar Dyal,Tirunelveli
1520,Frado Brahmbhatt,Saharsa
1521,Ayushman Chakrabarti,Danapur
1522,Unnati Hans,Vadodara
1523,Samar Vora,Pudukkottai
1524,Jagat Mangat,Sambalpur
1525,Suhani Ganguly,Bhiwani
1526,Zaitra Mandal,Satara
1527,Noah Muni,Ramgarh
1528,Kai Warrior,Haldia
1529,Ansh Bail,Bikaner
1530,Oviya Jhaveri,Proddatur
1531,Krishna Atwal,Bokaro
1532,Simon Thaman,Bhilwara
1533,Leena Gaba,Varanasi
1534,Xalak Sami,Burhanpur
1535,Yug Lala,Tinsukia
1536,Anthony Garg,Bikaner
1537,Lila Khosla,Madhyamgram
1538,Yashica Wali,Darbhanga
1539,Hamsini Sunder,Bhubaneswar
1540,Gunbir Chandran,Machilipatnam
1541,Azaan Narayanan,Thane
1542,Karan Nigam,Nashik
1543,Dhriti Naidu,Aizawl
1544,Reyansh Ramesh,Unnao
1545,Manan Patel,Tinsukia
1546,Aashi Bedi,Sirsa
1547,Chakrika Raju,Mathura
1548,Forum Sura,Jamnagar
1549,Krishna Sarkar,Dhanbad
1550,Darika Oza,Tadipatri
1551,Ira Chopra,Mango
1552,Bahadurjit Sengupta,Sikar
1553,Maanas Deshmukh,Mangalore
1554,Nidra Sood,Imphal
1555,Rohan Divan,Barasat
1556,Bachittar Solanki,Mehsana
1557,Lipika Palan,Etawah
1558,Fariq Dewan,Malda
1559,Frederick Oak,Ujjain
1560,Sanaya Kaul,Secunderabad
1561,Yahvi Shetty,Karimnagar
1562,Bishakha Sarna,Asansol
1563,Ikbal Morar,Silchar
1564,Om Brar,Dindigul
1565,Yashica Kulkarni,Kakinada
1566,Ira De,Parbhani
1567,Bhavani Rajagopal,Bellary
1568,Hemangini Kumar,Tiruchirappalli
1569,Azaan Dora,Karnal
1570,Tripti Raval,Miryalaguda
1571,Kai Badal,Jodhpur
1572,Falan Golla,Hubli–Dharwad
1573,Nathan Shroff,Rourkela
1574,Vincent Narula,Bareilly
1575,Frederick Bala,Gaya
1576,Lakshit Desai,Dewas
1577,Yash Gulati,Kamarhati
1578,Aarnav Munshi,Narasaraopet
1579,David Koshy,Firozabad
1580,Gaurangi Vasa,Tiruchirappalli
1581,Neha Dora,Jalna
1582,Samarth Bajwa,Adoni
1583,Hamsini Kumar,Bally
1584,Banjeet Pradhan,Allahabad
1585,Neha Bhatnagar,Kavali
1586,Gayathri Sabharwal,Kishanganj
1587,Darpan Kar,Yamunanagar
1588,Ishwar Sem,Hazaribagh
1589,Chatura Sarkar,Bangalore
1590,Hemangini Batra,Chapra
1591,Ojas Mahajan,Madhyamgram
1592,Karan Sen,Bahraich
1593,Pallavi Kata,Suryapet
1594,Anamika Barad,Bhiwani
1595,Hredhaan Sangha,Kochi
1596,Qushi Hayer,Amroha
1597,Hardik Munshi,Bharatpur
1598,Gabriel Gara,Medininagar
1599,Yatin Sen,Vadodara
1600,Manbir Mannan,Kalyan-Dombivli
1601,Tarak Parmer,Jorhat
1602,Yachana Murthy,Dibrugarh
1603,Guneet Mahal,Darbhanga
1604,Jeevika Kata,Ujjain
1605,Maanas Anne,Warangal
1606,Bhavna Khosla,Khora 
1607,Ishani Kothari,Bareilly
1608,Aahana Mall,Chapra
1609,Divya Kibe,Dibrugarh
1610,Benjamin Loyal,Aurangabad
1611,Yahvi Toor,Kishanganj
1612,Radhika Ganesh,Panipat
1613,Shivani Hans,Anantapur
1614,Saksham Nazareth,Anantapur
1615,Dipta Bhattacharyya,Udaipur
1616,Tristan Sule,Gwalior
1617,Pushti Kamdar,Dharmavaram
1618,Varsha Shetty,Dhanbad
1619,Irya Acharya,Rourkela
1620,Nicholas Bhatnagar,Pudukkottai
1621,Shaurya Master,Nagpur
1622,Patrick Kamdar,Bally
1623,Yoshita Bala,Sirsa
1624,Prisha Morar,Asansol
1625,Lavanya Lalla,Proddatur
1626,Daksha Basak,Katni
1627,Hredhaan Chakrabarti,Indore
1628,Harsh Sankar,Belgaum
1629,Advaith Chakrabarti,Avadi
1630,Avni Arya,Miryalaguda
1631,Balendra Gupta,Raebareli
1632,Zarna Mannan,Chinsurah
1633,Inaya Wable,South Dumdum
1634,Orinder Dyal,Hapur
1635,Yashodhara Virk,Shivpuri
1636,Rehaan Chaudry,Saharsa
1637,Nitara Bahri,Dehradun
1638,Ethan Sarraf,Bhopal
1639,Adweta Bir,Chapra
1640,Ranveer Sachar,Kota
1641,Lipika Goyal,Arrah
1642,Vincent Rastogi,Ahmedabad
1643,Triveni Sarkar,Bareilly
1644,Maya Seth,Ambattur
1645,Quincy Nagar,Imphal
1646,David Hayre,Jabalpur
1647,Omaja Mannan,Jamnagar
1648,Guneet Ramakrishnan,Yamunanagar
1649,Vedant Krishnan,Udupi
1650,Edhitha Aggarwal,Dhanbad
1651,Aarush Deep,Madurai
1652,Waida Ranganathan,Madanapalle
1653,Devansh Thaman,Jorhat
1654,Mahika Bose,Karimnagar
1655,Garima Khosla,Mysore
1656,Wyatt Shan,Bhind
1657,Charvi Lata,Bettiah
1658,Osha Arora,Jodhpur
1659,Laban Bhat,Loni
1660,Pavani Ganesh,Adoni
1661,Nihal Sandhu,Nandyal
1662,Nitara Chander,Kumbakonam
1663,Eta Borde,Nagpur
1664,George Chad,Malegaon
1665,Udyati Deo,Akola
1666,Forum Tripathi,Bahraich
1667,Advaith Rege,Chandigarh
1668,Qushi Chaudhari,Ambala
1669,Kavya Dhar,Solapur
1670,Geetika Vyas,Rohtak
1671,Harita Chakraborty,Hubli–Dharwad
1672,Vrishti Nagarajan,Sri Ganganagar
1673,Janaki Murthy,Madhyamgram
1674,Vedhika Bora,Tirupati
1675,Chakradhar Bhat,Raiganj
1676,Advika Din,Lucknow
1677,Omya Babu,Gandhidham
1678,Frederick Buch,Coimbatore
1679,Siya Aggarwal,Arrah
1680,Anya Barad,Begusarai
1681,Reyansh Varughese,Kolkata
1682,Idika Nayar,Jamshedpur
1683,Jairaj Issac,Kottayam
1684,Megha Lanka,Tenali
1685,Wyatt Ramachandran,Bhilwara
1686,Advaith Pillay,Ratlam
1687,Charles Babu,Hazaribagh
1688,Eesha Narula,Kollam
1689,Rajeshri Majumdar,Madanapalle
1690,Nihal Munshi,Agra
1691,Xavier Badami,Bijapur
1692,Qadim Nazareth,Dewas
1693,Vyanjana Buch,Ulhasnagar
1694,William Dewan,Mumbai
1695,Damini Sathe,Kishanganj
1696,Laksh Mital,Ratlam
1697,Bhanumati Dhingra,Bikaner
1698,Shravya Maharaj,Proddatur
1699,Ronith Kara,Vijayanagaram
1700,Oeshi Kalla,Khammam
1701,Abdul Munshi,Morbi
1702,Azaan Singh,Surendranagar Dudhrej
1703,Manya Agate,Kulti
1704,Christopher Jhaveri,Pune
1705,Mohini Chatterjee,Tadipatri
1706,Owen Rattan,Noida
1707,Vivaan Dass,Anantapuram
1708,Tanveer Prabhakar,Tiruchirappalli
1709,Timothy Desai,Bathinda
1710,Aachal Tiwari,Gudivada
1711,Saanvi Vaidya,Kanpur
1712,Azad Bali,Darbhanga
1713,Henry Modi,Malegaon
1714,Ekansh Thaker,Narasaraopet
1715,Tanvi Hayre,Srinagar
1716,Tripti Rege,Panipat
1717,Shivansh Srinivas,Jaipur
1718,Yashasvi Tata,Tiruppur
1719,Vasatika Desai,Jabalpur
1720,Finn Aggarwal,Nagpur
1721,Aarini Dugal,Bardhaman
1722,Manya Sharma,Mathura
1723,Umang Parsa,Kishanganj
1724,Karan Palla,Agra
1725,Nisha Khatri,Bikaner
1726,Tejas Oommen,Bhiwani
1727,Deepa Sarna,Rajpur Sonarpur
1728,Kamala Shan,Mangalore
1729,Amrita Gaba,Gandhinagar
1730,Ekbal Shukla,Nellore
1731,Zinal Vig,Vadodara
1732,Victor Kara,Vijayanagaram
1733,Kamala Ganguly,Kollam
1734,Daksha Ramachandran,Mau
1735,Tejas Seshadri,Imphal
1736,Nitesh Sangha,Faridabad
1737,Qabil Nagy,Jaunpur
1738,Sudiksha Sharma,Satna
1739,Girik Nayak,Patna
1740,Faraj Madan,Bulandshahr
1741,Yochana Ganesan,Berhampur
1742,Shravya Savant,Phusro
1743,Sai Balakrishnan,Rourkela
1744,Chandresh Goswami,Tumkur
1745,Gautami Datta,Udupi
1746,Gunbir Borra,New Delhi
1747,David Jani,Ambala
1748,Vidhi Dhar,Bhavnagar
1749,George Srivastava,Machilipatnam
1750,Ryan Singh,Bellary
1751,Ekantika Nagi,Vijayanagaram
1752,Fariq Sengupta,Madanapalle
1753,Kamala Varughese,Khammam
1754,Chanchal Pai,Malegaon
1755,Arjun Chacko,Hosur
1756,Anita Naik,Madurai
1757,Harsh Kanda,Deoghar
1758,Isha Parsa,Gurgaon
1759,Vasatika Kurian,Solapur
1760,Waida Peri,Rohtak
1761,William Morar,Nizamabad
1762,Jhalak Narula,Mehsana
1763,Xalak Agate,Bhimavaram
1764,Orinder Kari,Narasaraopet
1765,Dhruv Sandhu,Bhubaneswar
1766,Eesha Kade,Bulandshahr
1767,Ekani Chand,Jamshedpur
1768,Dayita Ganesh,Katni
1769,Jasmit Keer,Hubli–Dharwad
1770,Rachita Manda,Orai
1771,Chakradhar Karan,Bidhannagar
1772,Bhanumati Shankar,Dindigul
1773,Abha Krishnamurthy,Warangal
1774,Bachittar Prabhu,Raipur
1775,Sara Buch,Avadi
1776,Lakshmi Ratta,Motihari
1777,Rajata Ben,Orai
1778,Fiyaz Nadkarni,Bathinda
1779,Joshua Bobal,Sikar
1780,Kamya Brahmbhatt,Coimbatore
1781,Reyansh Sem,Dehradun
1782,Wyatt Pillai,Chittoor
1783,Ansh Gokhale,North Dumdum
1784,Tejas Chopra,Karawal Nagar
1785,Bina Dara,Kolhapur
1786,Abha Sama,Shahjahanpur
1787,Ranveer Seth,Saharanpur
1788,Aayush Babu,Bulandshahr
1789,Saksham Karan,Bettiah
1790,Zashil Dugar,Nizamabad
1791,Hredhaan Iyer,Sikar
1792,Laksh Dash,Sri Ganganagar
1793,Vedika Oommen,Bellary
1794,Nihal Yadav,Bokaro
1795,Yashvi Lad,Eluru
1796,Varenya Pandya,Thiruvananthapuram
1797,Krishna Iyengar,Pondicherry
1798,Maanas Panchal,Adoni
1799,Daksha Toor,Muzaffarpur
1800,Kevin Salvi,Aligarh
1801,Laban Natarajan,Jamalpur
1802,Jacob Badal,Rourkela
1803,Imaran Kashyap,Saharsa
1804,Jack Pradhan,Dhanbad
1805,Tripti Banik,Pali
1806,Jairaj Hans,Gudivada
1807,Vrishti Mahal,Noida
1808,Raghav Ray,Khora 
1809,Liam Bava,Chandigarh
1810,Hemani Hegde,Suryapet
1811,Dayita D’Alia,Madhyamgram
1812,Zashil Bera,Sonipat
1813,Advik Rama,North Dumdum
1814,Vasudha Chopra,Ulhasnagar
1815,Suhani Bora,Gopalpur
1816,Agastya Sunder,Noida
1817,Aishani Deep,Kottayam
1818,Jagat Kanda,Ambala
1819,Ekaraj Sankaran,Delhi
1820,Alexander Bhargava,Kavali
1821,Nitara Dube,Bhilai
1822,Jai Hari,Pimpri-Chinchwad
1823,Omisha Shroff,Fatehpur
1824,Rishi Dash,Dehradun
1825,Bhavani Gupta,Panihati
1826,Chameli Char,Sultan Pur Majra
1827,Aachal Gopal,Ujjain
1828,Naveen Lala,Gudivada
1829,Bhavika Kunda,Tezpur
1830,Charvi Sachar,Ranchi
1831,Yauvani Lall,Davanagere
1832,Imaran Saran,Korba
1833,Nimrat Bhakta,Anantapur
1834,Orinder Contractor,Silchar
1835,Luke D’Alia,Singrauli
1836,Yug Rege,Siliguri
1837,Nihal Mohan,Firozabad
1838,Waida Banik,Maheshtala
1839,Sai Bandi,Malda
1840,David Gulati,Ludhiana
1841,Zaitra Shanker,Darbhanga
1842,Divya Mohan,Bhind
1843,Anjali Suri,Hapur
1844,Anusha Wason,Kadapa
1845,Finn Doctor,Unnao
1846,Rehaan Oommen,Nellore
1847,Nikita Rana,Kollam
1848,Odika Chadha,Jalgaon
1849,Ekta Ranganathan,Ramgarh
1850,Leena Minhas,Kavali
1851,Faras Chaudhary,Sikar
1852,Raagini Chadha,Katihar
1853,Azad Hans,Thrissur
1854,Ati Kohli,Kozhikode
1855,Yatin Doshi,Narasaraopet
1856,Turvi Bal,Satna
1857,Adweta Balakrishnan,Katihar
1858,Onkar Chauhan,Gangtok
1859,Chanakya Din,Udaipur
1860,Ijaya Sankaran,Bally
1861,Warinder Shetty,Bijapur
1862,Shaurya Raman,Haldia
1863,Vedika Mane,Miryalaguda
1864,Qushi Kaur,Adoni
1865,Amrita Krish,Haridwar
1866,Priya Mand,Mira-Bhayandar
1867,Falguni Saha,Gandhinagar
1868,Unni Sastry,Nellore
1869,Manthan Iyer,Kolkata
1870,Anirudh Baria,Gulbarga
1871,Priya Balakrishnan,Dindigul
1872,Gaurang Dixit,Guwahati
1873,Shivani Tiwari,Gorakhpur
1874,Jack Sekhon,Mumbai
1875,Nandini Goel,Kadapa
1876,Dominic Chawla,Nagaon
1877,Vaishnavi Lal,Hosur
1878,Abha Nagar,Guna
1879,Mohammed Nath,Kozhikode
1880,Aarini Samra,Gudivada
1881,Teerth Kashyap,Gorakhpur
1882,Kamya Kar,Erode
1883,Kavya Bhattacharyya,Silchar
1884,Tanvi Krishnan,Amaravati
1885,Ekapad Balay,Ahmedabad
1886,Girindra Bava,Bhavnagar
1887,Mohammed Anne,Lucknow
1888,Harsh Gera,Siwan
1889,Devika Sura,Bulandshahr
1890,Alka Chad,Srikakulam
1891,Vamakshi Dasgupta,Kadapa
1892,Gautami Bahri,Visakhapatnam
1893,Frado Sawhney,Nagpur
1894,Logan Palan,Anantapuram
1895,Kalpit Nagy,Arrah
1896,Bhavna Krish,Amaravati
1897,Damyanti Mahajan,Bathinda
1898,Aarav Purohit,Kishanganj
1899,Qasim Doctor,Guna
1900,Wazir Dhar,Bidar
1901,Abhiram Dar,Maheshtala
1902,Matthew Date,Jalgaon
1903,Isaiah Parsa,Cuttack
1904,Manbir Ram,Meerut
1905,Harinakshi Sankar,Durg
1906,Shivansh Talwar,Rajkot
1907,Idika Din,Jalna
1908,Eshana Karpe,Imphal
1909,Kashvi Dar,Visakhapatnam
1910,Bimala Banik,Aizawl
1911,Aachal Kaul,Darbhanga
1912,Harshil Mall,Ghaziabad
1913,Balveer Konda,Kakinada
1914,Wahab Deshpande,Tezpur
1915,Dalaja Toor,Dewas
1916,Caleb Kara,Guntur
1917,Libni Buch,Nagpur
1918,Zayyan Ramakrishnan,Bilaspur
1919,Aarnav Choudhry,Rajahmundry
1920,Tejas Tripathi,Dehri
1921,Januja Basu,Munger
1922,Naveen Suresh,Bhatpara
1923,Atharv Nair,Kulti
1924,Lipika Khalsa,Phusro
1925,Warjas Natarajan,Ramagundam
1926,Logan Natarajan,Jaunpur
1927,Michael Dada,Nadiad
1928,Daksh Buch,Bidhannagar
1929,Nilima Hayre,Haldia
1930,Arya Chokshi,Ballia
1931,Aashi Walia,Madurai
1932,Noah Oommen,Bahraich
1933,Eshana Narayan,Moradabad
1934,Urvashi Garg,Guwahati
1935,Nandini Kurian,Rajkot
1936,Vyanjana Rastogi,Surat
1937,Wridesh Deshmukh,Ramagundam
1938,Lakshmi Chahal,Ambattur
1939,Radhika Bhat,Bahraich
1940,Gunbir Loke,Patiala
1941,Agastya Cheema,Unnao
1942,Upma Pal,Surendranagar Dudhrej
1943,Xiti Mahal,Ludhiana
1944,Dipta Ramanathan,Morbi
1945,Sudiksha Dave,Mumbai
1946,Darsh Prakash,Satna
1947,Omkaar Cheema,Junagadh
1948,Owen Chakrabarti,Bhusawal
1949,Samar Kuruvilla,Munger
1950,Pushti Minhas,Amravati
1951,Oeshi Suri,Mumbai
1952,Panini Gara,Guwahati
1953,Damyanti Viswanathan,Bhiwandi
1954,Rushil Ranganathan,Nandyal
1955,Ekbal Kuruvilla,Siwan
1956,Kevin Maharaj,Bhiwani
1957,Maanas Naik,Burhanpur
1958,Diya Gola,Jehanabad
1959,Aarav Chad,Bhilwara
1960,Libni Chokshi,Tirunelveli
1961,Dalbir Bora,Loni
1962,Kala Madan,Gangtok
1963,Atharv Seshadri,Meerut
1964,Nandini Mistry,Ahmedabad
1965,Ayush Barad,Vijayanagaram
1966,Rajata Shan,Haldia
1967,Samuel Wason,Srinagar
1968,Girish Bal,Mehsana
1969,David Tak,Ongole
1970,Anay Nori,Tadepalligudem
1971,Indali Modi,Moradabad
1972,Gautami Boase,Nandyal
1973,Faras Chandran,Kadapa
1974,Bimala Ahluwalia,Deoghar
1975,Falak Manne,Anantapur
1976,Max Nair,Kurnool
1977,Isha Bhalla,Khora 
1978,Victor Varkey,Silchar
1979,Matthew Deo,Thiruvananthapuram
1980,Deepa Mohan,Bhusawal
1981,Falguni Edwin,Ratlam
1982,Hredhaan Varma,Gandhidham
1983,Farhan Dhingra,Nadiad
1984,Kabir Gill,Kolkata
1985,Caleb Nori,Dindigul
1986,Finn Bains,Morbi
1987,Yuvraj Kapur,Pune
1988,Girish Jayaraman,Malegaon
1989,Sarthak Dugal,Amritsar
1990,Turvi Doctor,Patna
1991,Jyoti Oza,Bally
1992,Jatin Sangha,Mirzapur
1993,Ishaan Dugar,Tadepalligudem
1994,Charita Madan,Udaipur
1995,Anvi Nagar,Alappuzha
1996,Oeshi Chacko,Jamshedpur
1997,Ishita Goswami,Gandhidham
1998,Qarin Joshi,Ajmer
1999,Dakshesh Sawhney,Panvel
2000,Shivansh Krishna,Singrauli
2001,Zilmil Panchal,Solapur
2002,Ekantika Sekhon,Guwahati
2003,Krisha Sachdeva,Dewas
2004,Tara De,Hospet
2005,Chaman Sandhu,Ghaziabad
2006,Isaac Choudhary,Phagwara
2007,Dalbir Prasad,Haridwar
2008,Chakradev Gaba,Tumkur
2009,Vansha Dube,Indore
2010,Ishaan Kuruvilla,Unnao
2011,Yasti Bhandari,Ghaziabad
2012,Balvan Sawhney,Dehradun
2013,Samesh Ganesh,Gulbarga
2014,Christopher Chauhan,Rajahmundry
2015,Omisha Date,Ramgarh
2016,Indira Varughese,Loni
2017,Nisha Wable,Gwalior
2018,Balhaar Mital,Tezpur
2019,Alka Patla,Haridwar
2020,Sanaya Chandra,Belgaum
2021,Maanav Khare,Muzaffarnagar
2022,Bimala Kala,Raurkela Industrial Township
2023,Manya Bhasin,Bikaner
2024,Neha Lalla,Durg
2025,Omkaar Gour,Bokaro
2026,Megha Suri,Haldia
2027,Krish Chopra,Tiruchirappalli
2028,Girindra Malhotra,Rampur
2029,Alka Warrior,Gaya
2030,Harrison Bail,Satna
2031,Warda Prabhakar,Ajmer
2032,Lopa Barad,Arrah
2033,Karan Madan,Nagaon
2034,Lakshit Ganesan,Singrauli
2035,Ganga Dalal,Berhampur
2036,Avi Mallick,Udupi
2037,Vincent Sarma,Ghaziabad
2038,Sanaya Sabharwal,Mau
2039,Dakshesh Doshi,Jalna
2040,Mekhala Vig,Ghaziabad
2041,Aarav Goswami,Raebareli
2042,Aarini Suri,Karawal Nagar
2043,Irya Hora,Anantapuram
2044,Hitesh Manne,Orai
2045,Frederick Sant,Pimpri-Chinchwad
2046,Anthony Bhagat,Hazaribagh
2047,Anvi Ben,Ulhasnagar
2048,Osha Badami,Bihar Sharif
2049,Odika Baral,Bhagalpur
2050,Nimrat Bawa,Guwahati
2051,David Chawla,Jodhpur
2052,Qasim Bera,Vijayanagaram
2053,Reyansh Sarin,Kozhikode
2054,Dev Narasimhan,Phusro
2055,Siya Maharaj,Hubli–Dharwad
2056,Tara Viswanathan,Kharagpur
2057,Lipika Dey,Asansol
2058,Sanaya Choudhry,Madanapalle
2059,Irya Nagar,Guntur
2060,Adweta Peri,Bikaner
2061,Tripti Sani,Kolkata
2062,Naksh Dhingra,Ballia
2063,Samaksh Sawhney,Amravati
2064,Aarush Hayre,Malegaon
2065,Harini Tripathi,Bhalswa Jahangir Pur
2066,Aahana Bajaj,Raurkela Industrial Township
2067,Alka Raju,Bharatpur
2068,Wyatt Shroff,Korba
2069,Finn Dasgupta,Gopalpur
2070,Aadi Lall,Siliguri
2071,Vihaan Apte,Bhavnagar
2072,Samarth Panchal,Tiruchirappalli
2073,Ijaya Gade,Nagercoil
2074,Yochana Khosla,Singrauli
2075,Faris Narain,Jorhat
2076,Raagini Rattan,Ajmer
2077,Reva Arora,Dewas
2078,Zansi Sehgal,Bally
2079,Keya Raval,Sri Ganganagar
2080,Sudiksha Magar,Hajipur
2081,Zansi Sengupta,Aurangabad
2082,Praneel Das,Ghaziabad
2083,Rajata Deshmukh,Jorhat
2084,Varenya Parmar,Katni
2085,Aahana Arora,Thanjavur
2086,Anya Sanghvi,Guntakal
2087,Pallavi Thaman,Nagaon
2088,Karan Andra,Rohtak
2089,Akshay Devi,Unnao
2090,Hema Savant,Etawah
2091,Rushil Goel,Burhanpur
2092,Henry Mahajan,Kollam
2093,Zayan Natt,Bijapur
2094,Yashawini Gour,Surat
2095,Nisha Deshmukh,Jamshedpur
2096,Isha Tandon,Mahbubnagar
2097,Vihaan Jha,Mau
2098,Prisha Prakash,Dehradun
2099,Vincent Anne,Bhilai
2100,Jonathan Chad,Mehsana
2101,Rehaan Badal,Miryalaguda
2102,Siddharth Mahal,Hindupur
2103,Damyanti Sarkar,Agartala
2104,Veer Ratta,Latur
2105,Siya Gokhale,Kirari Suleman Nagar
2106,Vrinda Narula,Mirzapur
2107,Tanvi Bail,Siwan
2108,Abha Nanda,Durg
2109,Lipika Dewan,Gandhinagar
2110,Shravya Grover,Guntakal
2111,Daniel Kapadia,Kota
2112,Ira Parekh,Kalyan-Dombivli
2113,Yasti Bahl,Varanasi
2114,Maanas Shukla,Nanded
2115,Jagvi Bala,Ambala
2116,Pavani Vohra,Alappuzha
2117,Urishilla Parikh,Guwahati
2118,Balendra Bhardwaj,Faridabad
2119,Gautam Goel,Katihar
2120,Rushil Chokshi,Kurnool
2121,Naveen Ray,Chinsurah
2122,Ekantika Sandhu,Thane
2123,Aachal Nagar,Karimnagar
2124,Bimala Chacko,Loni
2125,Vyanjana Kar,Kochi
2126,Ishaan Butala,Akola
2127,Vaishnavi Dass,Sagar
2128,Yashoda Chada,Nandyal
2129,Avni Kothari,Allahabad
2130,Jackson Lall,Sri Ganganagar
2131,Ekbal Dhingra,Amravati
2132,Veda Hari,Sambhal
2133,Baljiwan Mallick,Avadi
2134,Tara Chana,Phagwara
2135,Gautami Chadha,Burhanpur
2136,Laksh Chada,Ghaziabad
2137,Azaan Dass,Hubli–Dharwad
2138,Vasatika Varkey,Sangli-Miraj & Kupwad
2139,Upma Yogi,Malegaon
2140,Dayamai Baral,Kozhikode
2141,Jagdish Nagarajan,Chandrapur
2142,Tamanna Saha,Gandhidham
2143,Tara Dutta,Ranchi
2144,Kamya Pingle,Bhatpara
2145,Zayan Nayar,Jabalpur
2146,Abdul Prabhakar,Ulhasnagar
2147,Bhavika Madan,Thrissur
2148,Ishita Mandal,Danapur
2149,Harita Bahri,Pondicherry
2150,Indrajit Kumar,Bidhannagar
2151,Vedant Dani,Ajmer
2152,Vinaya Arya,Pune
2153,Irya Rout,Raiganj
2154,Daniel Oak,Asansol
2155,Dalaja Pai,Katni
2156,Faris Nori,Ajmer
2157,Bhavika Mishra,Munger
2158,Andrew Grover,Miryalaguda
2159,Yoshita Samra,Bhilai
2160,Gopal Dara,Jamalpur
2161,Warhi Sood,Thrissur
2162,Ayush Chad,Ambattur
2163,Nitara Boase,Nagpur
2164,Jeet Pradhan,Jehanabad
2165,Faris Madan,Jamshedpur
2166,Victor Sampath,Medininagar
2167,Ekantika Soni,Motihari
2168,Xiti Mani,Thanjavur
2169,Gaurika Kaul,Darbhanga
2170,Lakshit Kunda,Unnao
2171,Neelima Barad,Ambattur
2172,Abeer Dayal,Jorhat
2173,Charan Oza,Sri Ganganagar
2174,Ekalinga Dubey,Chandrapur
2175,Tanay Sani,Korba
2176,Harinakshi Mani,Jamalpur
2177,Nitara Rai,Saharsa
2178,Abhiram Seshadri,Tiruchirappalli
2179,Amaira Kota,Udupi
2180,Balendra Narang,Dhule
2181,Anjali Shankar,Ajmer
2182,Tanmayi Sawhney,Ludhiana
2183,Upasna Chaudhuri,Nellore
2184,Aarnav Kannan,Naihati
2185,Aachal Mukherjee,Bulandshahr
2186,Chaitaly Mitter,Secunderabad
2187,Peter Mistry,Giridih
2188,Leena Sridhar,Avadi
2189,William Babu,Tiruvottiyur
2190,Yadavi Natt,Nangloi Jat
2191,Vedika Pandit,Dharmavaram
2192,Harshil Prashad,South Dumdum
2193,Faris Swamy,Ichalkaranji
2194,Warinder Pant,Bidhannagar
2195,Megha Zacharia,Sasaram
2196,Megha Bajwa,Surat
2197,Gagan Sanghvi,Saharanpur
2198,Ekbal Shenoy,Bathinda
2199,Maanav Dhaliwal,Ranchi
2200,Tripti Mander,Jamnagar
2201,Chakrika Mistry,Parbhani
2202,Mitali Dugar,Bikaner
2203,Indira Amble,Ambattur
2204,Darsh Kamdar,Guwahati
2205,Pranav Dhaliwal,Chennai
2206,Alka Palan,Mirzapur
2207,Rohan Vala,Imphal
2208,Falak Char,Kamarhati
2209,Finn Atwal,Sagar
2210,Osha Chahal,Pali
2211,Unnati Kata,Rewa
2212,Sarthak D’Alia,Gopalpur
2213,Ronith Nair,Ahmednagar
2214,Dalaja Char,Ramagundam
2215,Chavvi Bumb,Bulandshahr
2216,Ucchal Agarwal,Jalgaon
2217,Yatin Chakrabarti,Tezpur
2218,Darsh Vig,Ghaziabad
2219,Aarini Varughese,Madanapalle
2220,Yasti Soman,Akola
2221,Hritik D’Alia,Rampur
2222,Krisha Shah,Katihar
2223,Azaan Sheth,Jalna
2224,Chaitaly Batta,Shimoga
2225,Pranav Malhotra,Anantapur
2226,Dakshesh Guha,Alwar
2227,Victor Parmar,Vadodara
2228,Dipta Tata,Ajmer
2229,Girindra Vasa,Hyderabad
2230,Prisha Mandal,Bhilai
2231,Harish Dugal,Thanjavur
2232,Pooja Sharma,Bhilai
2233,Victor Nanda,Sambalpur
2234,Eiravati Radhakrishnan,Bhind
2235,Urvi Prasad,Katni
2236,Rajata Wable,Gopalpur
2237,Onveer Saini,Nizamabad
2238,Lakshmi Chopra,Khammam
2239,Hitesh Nori,Jalna
2240,Pranit Yohannan,Gangtok
2241,Max Goyal,Kirari Suleman Nagar
2242,Pranav Sen,Bijapur
2243,Jason Raval,Ranchi
2244,Ekavir Setty,Nellore
2245,Falan Edwin,Jamalpur
2246,Wriddhish Patil,Nagpur
2247,Anika Dewan,Panipat
2248,Max Kunda,Kurnool
2249,Ikshita Batra,Ulhasnagar
2250,Sudiksha Rege,Kottayam
2251,Sathvik Kade,Tiruppur
2252,Hemani Chand,Jabalpur
2253,Forum Raj,Bidar
2254,Isaiah Venkataraman,Surat
2255,Sachi Tailor,Medininagar
2256,Ekavir Morar,Ulhasnagar
2257,Chandresh Patel,Chennai
2258,Pahal Nagi,Pimpri-Chinchwad
2259,Devansh Mukhopadhyay,Kanpur
2260,Laban Kapadia,Korba
2261,Saksham Walia,Miryalaguda
2262,Omya Zachariah,Bulandshahr
2263,Reyansh Palla,Vijayawada
2264,Pavani Mandal,Ratlam
2265,Ira Chacko,Hazaribagh
2266,Wishi Kaul,Mango
2267,Arjun Gola,Mumbai
2268,Jalsa Sahni,Bareilly
2269,Vihaan Vohra,Tezpur
2270,Rachit Toor,Thrissur
2271,Mekhala Chowdhury,Madurai
2272,Bahadurjit Som,Ulhasnagar
2273,Chameli Lata,Chandigarh
2274,Agastya Bhat,Jaunpur
2275,Ryan Nadkarni,Gudivada
2276,Saksham Sood,Noida
2277,Shivansh Gulati,Ramgarh
2278,Forum Lalla,Siliguri
2279,Jeet Sem,Delhi
2280,Udyati Sarkar,Ujjain
2281,Lakshit Boase,Amroha
2282,Ryan Mannan,Shimla
2283,Harini Mandal,Latur
2284,Ikbal Mohanty,Udupi
2285,Aashi Kalita,Parbhani
2286,Ekta Jha,Davanagere
2287,Turvi Bhatti,Tezpur
2288,Urmi Bhat,Amritsar
2289,Kevin Ganesan,Aligarh
2290,Bimala Chhabra,Raichur
2291,Kavya Balan,Faridabad
2292,Nitesh Muni,Gulbarga
2293,Laksh Aurora,Amritsar
2294,Vrinda Narang,Bongaigaon
2295,Yashawini Misra,Tiruvottiyur
2296,Hemal Jaggi,Rewa
2297,David Brahmbhatt,Bhatpara
2298,Bhavini Sama,Tiruvottiyur
2299,Praneel Nayar,Parbhani
2300,Yug Wagle,Rampur
2301,Ladli Butala,Gurgaon
2302,Yashica Kumar,Aurangabad
2303,Sachi Thaman,Bhatpara
2304,Faraj Bose,Chapra
2305,Kashish Lala,Bokaro
2306,Warinder Sankar,Tiruvottiyur
2307,Ridhi Parsa,Jodhpur
2308,Rajeshri Seth,Chandigarh
2309,Siya Guha,Rampur
2310,Vidhi Panchal,Etawah
2311,Warhi Char,Ichalkaranji
2312,Nakul Khare,Udupi
2313,Yashvi Jhaveri,Patiala
2314,Onveer Walia,Ahmedabad
2315,Agastya Seshadri,Silchar
2316,Hitesh Bawa,Ratlam
2317,Bina Bains,Panchkula
2318,Nitara Brahmbhatt,Ludhiana
2319,Kabir Kaur,Raichur
2320,Balvan Wagle,Chennai
2321,Logan Kakar,Hosur
2322,Vrishti Nori,Narasaraopet
2323,Damyanti Behl,Guntakal
2324,Anika Nadkarni,Kakinada
2325,Samarth Datta,Satna
2326,Aarna Balan,Shahjahanpur
2327,Zayan Deol,Ramgarh
2328,Pranit Singh,Bangalore
2329,Raksha Nayar,Jaunpur
2330,Ansh Gole,Tirupati
2331,Radhika Dalal,Morena
2332,Jeremiah Bedi,Ahmednagar
2333,Rudra Rai,Surat
2334,Girish Rout,Kochi
2335,Indrajit Sehgal,Jhansi
2336,Pranav Chawla,Hubli–Dharwad
2337,Geetika Venkatesh,Munger
2338,Rajata Chowdhury,Fatehpur
2339,Elijah Walia,Malda
2340,Anika Toor,Coimbatore
2341,Mohammed Zacharia,Jodhpur
2342,Vihaan Golla,Darbhanga
2343,Chaaya Wali,Tiruppur
2344,Lakshmi Gole,Loni
2345,Ekalinga Mitra,Bulandshahr
2346,Tanveer Swaminathan,Kamarhati
2347,Samesh Kari,Cuttack
2348,Pratyush Dada,Bijapur
2349,Upasna Arya,Mahbubnagar
2350,Dakshesh Babu,Nizamabad
2351,Qadim Choudhary,Nagercoil
2352,Ishita Loyal,Jalandhar
2353,Teerth Bhatt,Shimla
2354,Rajeshri Padmanabhan,Patiala
2355,Mohini Gara,Katihar
2356,Amrita Ram,Amritsar
2357,Netra Trivedi,Gwalior
2358,Harrison Ravi,Karnal
2359,Harish Tandon,Fatehpur
2360,Guneet Chaudhari,Sri Ganganagar
2361,Manya Setty,Burhanpur
2362,Veda Keer,Kurnool
2363,Rohan Sachar,Tiruppur
2364,Ekansh Chowdhury,Mysore
2365,Isha Bhargava,Gudivada
2366,Aadi Ramachandran,Alappuzha
2367,Ikshita Jayaraman,Kanpur
2368,Aryan Deshpande,Tirupati
2369,Hemang Jani,Bidhannagar
2370,Ekantika Sankar,Sambalpur
2371,Maanas Varughese,Pudukkottai
2372,Janya Dass,Srikakulam
2373,Tanmayi Shukla,Bellary
2374,Mason Muni,Gorakhpur
2375,Jasmit Dayal,Rajahmundry
2376,Nitesh Dua,Anand
2377,Niharika Kalla,Gudivada
2378,Neel Swaminathan,Alwar
2379,Krisha Mander,Jalandhar
2380,Aradhana Narang,Gandhinagar
2381,Januja Setty,Sasaram
2382,Kritika Srinivasan,Tezpur
2383,Tanish Sandhu,Sangli-Miraj & Kupwad
2384,Ekantika Bansal,Ahmednagar
2385,Champak Dua,Surendranagar Dudhrej
2386,Divya Pandit,Kurnool
2387,Vanya Chawla,Panvel
2388,Ekta Handa,Arrah
2389,Dominic Kashyap,Bardhaman
2390,Sneha Bora,Rajpur Sonarpur
2391,Diya Lala,Erode
2392,Hemani Khalsa,Berhampur
2393,Ekta Pau,Amravati
2394,Gabriel Chaudhary,Saharanpur
2395,Ishita Srinivas,Chennai
2396,Arin Shanker,Munger
2397,Om Rau,Rohtak
2398,Sarthak Chowdhury,Pali
2399,Turvi Varughese,Sambalpur
2400,Nihal Nigam,Shimoga
2401,Utkarsh Pingle,Kulti
2402,Gaurika Sharaf,Sri Ganganagar
2403,Ishaan Tailor,Karaikudi
2404,Krishna Dube,Pimpri-Chinchwad
2405,Turvi Din,Vasai-Virar
2406,Gaurangi Comar,Ambala
2407,Arunima Korpal,Hubli–Dharwad
2408,Christopher Narayan,Siwan
2409,Wyatt Sekhon,Kharagpur
2410,Abha Arya,Malda
2411,Upma Sinha,Tirunelveli
2412,Samarth Saraf,Pudukkottai
2413,Nidhi Deep,Salem
2414,Amrita Goda,Khandwa
2415,Nihal Sankar,Rewa
2416,Raagini Golla,Haridwar
2417,Yochana Pathak,Kurnool
2418,Anjali Chauhan,Tadipatri
2419,Udant Chadha,Hubli–Dharwad
2420,Vedant Dora,Srikakulam
2421,Chakradhar Varkey,Raiganj
2422,Rishi Nayar,Ramagundam
2423,Abha Krishna,Pondicherry
2424,Advika Shenoy,Chittoor
2425,Hemal Sarma,Kollam
2426,Lavanya Buch,Nadiad
2427,Chandran Babu,Chinsurah
2428,Vansha Talwar,Tumkur
2429,Kashish Chaudry,Sambhal
2430,Vrinda Barad,Aizawl
2431,Lucky Chaudhuri,Gopalpur
2432,Aditya Mody,Shimoga
2433,Abhiram Dutt,Baranagar
2434,Sneha Magar,Rewa
2435,Lavanya Raj,Jalandhar
2436,Wyatt Om,Danapur
2437,Azad Kalla,Buxar
2438,Varenya Guha,Allahabad
2439,Mason Das,Anantapur
2440,Tanvi Master,Bongaigaon
2441,Tarak Tailor,Bhimavaram
2442,Januja Guha,Gorakhpur
2443,Manthan Ratta,Ujjain
2444,Gopal Narayan,Tiruchirappalli
2445,Falak Parmer,Anand
2446,Xalak Salvi,Gangtok
2447,Girindra Pant,Kolkata
2448,Chaaya Khare,Hubli–Dharwad
2449,Raagini Bora,Dhule
2450,Barkha Bera,Pallavaram
2451,Pallavi Sarkar,Kirari Suleman Nagar
2452,Anusha Choudhury,Kurnool
2453,Tanish Amble,Gorakhpur
2454,Nisha Wadhwa,Anantapuram
2455,Jagvi Bedi,Nagercoil
2456,Suhani Raghavan,Chennai
2457,Chaman Bhandari,Mysore
2458,Advaith Hans,Ambala
2459,Orinder Tella,Amritsar
2460,Girik Ram,Tadipatri
2461,Vasana Ghose,Medininagar
2462,Jairaj Viswanathan,Ongole
2463,Riya Krishna,Akola
2464,Chameli Sibal,Begusarai
2465,Ojas Kale,Tezpur
2466,Gaurika Pandya,Sambhal
2467,Chatresh Goyal,Bihar Sharif
2468,Bhavini Dixit,Silchar
2469,Irya Sehgal,Surendranagar Dudhrej
2470,Vritti Sanghvi,Khammam
2471,Zaitra Naidu,Tiruchirappalli
2472,Harini Rai,Secunderabad
2473,Ekalinga Banerjee,Sasaram
2474,Advaith Gade,Shimla
2475,Kamala Barman,Kamarhati
2476,Raksha Wali,Pallavaram
2477,Ekanta Ratta,Durgapur
2478,Pranav Kota,Yamunanagar
2479,Champak Chatterjee,Dewas
2480,Ekansh Manne,Mehsana
2481,Charles Ghosh,Kota
2482,Aachal Sem,Shimla
2483,Kashvi Mallick,Unnao
2484,Ojas Dyal,Aligarh
2485,Ekbal Deshpande,Eluru
2486,Pratyush Kapoor,Vadodara
2487,Sachi Rana,Gulbarga
2488,David Sani,Tiruchirappalli
2489,Vinaya Krishnamurthy,Berhampur
2490,Ayushman Varkey,Berhampore
2491,Amara Balan,Bally
2492,Rishi Ganesh,Agartala
2493,Aayush Pal,Sri Ganganagar
2494,Balvan Samra,Bathinda
2495,Ojas Merchant,Surat
2496,Isaac Master,Sagar
2497,Frederick Bahri,Cuttack
2498,Aayush Sangha,Bathinda
2499,Avni Narula,Shimla
2500,Lila Butala,Tezpur
2501,Vanya Dar,Bidhannagar
2502,Yadavi Trivedi,Pudukkottai
2503,Chandran Choudhary,Sultan Pur Majra
2504,Zansi Batta,Alwar
2505,Jatin Kannan,Katni
2506,Gopal Ray,Ghaziabad
2507,Caleb Dhawan,Kurnool
2508,Eta Tella,Hosur
2509,Warda Viswanathan,Moradabad
2510,Barkha Bala,Loni
2511,Falguni Dua,Pune
2512,Janya Arya,Singrauli
2513,Bhavya Narayanan,Nagaon
2514,Maanav Bedi,Motihari
2515,Ishanvi Chakraborty,Machilipatnam
2516,Yochana Tella,Pali
2517,Januja Mall,Gwalior
2518,Zansi Subramanian,Ozhukarai
2519,Ishani Nair,Bellary
2520,Champak Shetty,Jalgaon
2521,Kritika Dhawan,Burhanpur
2522,Charan Saini,Shahjahanpur
2523,Ekbal Gole,Kochi
2524,Abdul Divan,Shahjahanpur
2525,Leela Mitter,Gulbarga
2526,Jagdish Dash,Berhampur
2527,Krishna Biswas,Bihar Sharif
2528,Aashi Upadhyay,Chittoor
2529,Vidhi Chopra,Indore
2530,Teerth Mohanty,Ajmer
2531,Samesh Solanki,Thoothukudi
2532,Pratyush Banik,Amroha
2533,Zilmil Hora,Guntur
2534,Jyoti Murthy,Salem
2535,Dalaja Pandey,Yamunanagar
2536,Bina Mand,Gopalpur
2537,Barkha Ranganathan,Srikakulam
2538,Neel Nair,Thane
2539,Chakradev Savant,Fatehpur
2540,Praneel Doshi,Deoghar
2541,Pranit Chander,Gwalior
2542,Anya Viswanathan,Buxar
2543,Maya Palla,Chinsurah
2544,Dominic Sarkar,Dharmavaram
2545,Yashica Bahri,Aurangabad
2546,Anthony Barad,Silchar
2547,Avni Hari,Raipur
2548,Ethan Lala,Guwahati
2549,Keya Pathak,Chapra
2550,Anirudh Sahota,Alappuzha
2551,Teerth Vig,Udupi
2552,Turvi Rajagopal,Moradabad
2553,Yochana Kata,Bhagalpur
2554,Qarin Murthy,Bokaro
2555,Chakradhar Goswami,Jhansi
2556,Zehaan Das,Bhiwani
2557,Balveer Din,Surendranagar Dudhrej
2558,Quincy Ratti,Sonipat
2559,Hemal Mallick,Panipat
2560,Pranav Mukhopadhyay,Baranagar
2561,Balendra Chawla,South Dumdum
2562,Bishakha Pandey,Fatehpur
2563,Maanas Yohannan,Siliguri
2564,Anay Zachariah,Jalna
2565,Brijesh Kumar,Visakhapatnam
2566,Rudra Shukla,Durgapur
2567,Eshana Banik,Rohtak
2568,Rachita Iyengar,Madanapalle
2569,Ekantika Sridhar,Ambala
2570,Udyati Andra,Avadi
2571,Abeer Radhakrishnan,Satara
2572,Azaan Sengupta,Bhusawal
2573,Tara Khosla,Meerut
2574,Amol Dhaliwal,Karnal
2575,Kevin Pall,Kadapa
2576,Anya Raval,Bhusawal
2577,Udyati Purohit,Satara
2578,Dayita Dey,Sri Ganganagar
2579,Chandani Madan,Gaya
2580,Yuvraj Saini,Visakhapatnam
2581,Meera Borra,Bhilai
2582,Tanveer Pillay,Berhampore
2583,Faraj Jain,Amroha
2584,Bahadurjit Kohli,Sri Ganganagar
2585,Jatin Mody,Baranagar
2586,Yug Nadig,Varanasi
2587,Fiyaz Brar,Guntur
2588,Bachittar Soman,Mau
2589,Ekiya Rajagopal,Bhimavaram
2590,Manbir Bhatti,Nangloi Jat
2591,Warhi Sawhney,Kottayam
2592,Ira Dugal,Barasat
2593,Hredhaan Devan,Kamarhati
2594,Banjeet Char,Jehanabad
2595,Balendra Madan,Ambarnath
2596,Ekiya Jayaraman,Ongole
2597,Fariq Wable,Haridwar
2598,Champak Majumdar,Thoothukudi
2599,Tanish Badal,Buxar
2600,Vinaya Varkey,Kulti
2601,Odika Sunder,Navi Mumbai
2602,Harini Mishra,Vadodara
2603,Samaksh Lad,Raichur
2604,Qasim Borah,Katihar
2605,Gaurangi Shanker,Kalyan-Dombivli
2606,Yadavi Bahl,Lucknow
2607,Naveen Chokshi,Mathura
2608,Atharv Om,Adoni
2609,Mugdha Bava,Avadi
2610,Arin Gopal,Guwahati
2611,Bhavani Jaggi,Srikakulam
2612,Ekta Pal,Jalandhar
2613,Ria Seth,Kanpur
2614,Neha Chatterjee,Begusarai
2615,Ekansh Grewal,Kozhikode
2616,Nimrat Anand,Bhimavaram
2617,Advaith Goel,Imphal
2618,Gaurav Oommen,Raebareli
2619,Daksh Sheth,Mango
2620,Aadi Keer,Gopalpur
2621,Wriddhish Balay,Rewa
2622,Ikbal Naidu,Mira-Bhayandar
2623,Jeevika Nigam,Motihari
2624,Ranveer Sodhi,Bhilai
2625,Aishani Ramaswamy,Jalna
2626,Theodore Ben,Nashik
2627,Libni Parsa,Bhind
2628,Liam Tripathi,Belgaum
2629,Jagdish Rana,Jammu
2630,Ishita Trivedi,Gorakhpur
2631,Avni Sem,Jabalpur
2632,Zashil Manda,Chapra
2633,Leela Tank,Dhanbad
2634,Akshay Sahni,Bikaner
2635,Neelima Swamy,Rewa
2636,Reyansh Kade,Saharanpur
2637,Jalsa Barad,Noida
2638,Jacob Dar,Ahmednagar
2639,Sneha Talwar,Jorhat
2640,Jalsa Sharaf,Tiruvottiyur
2641,Upma De,Tinsukia
2642,Ekaja Sangha,Panipat
2643,Sneha Deo,Ambala
2644,Henry Sama,Meerut
2645,Bina Sampath,Kottayam
2646,Ladli Bajaj,Mangalore
2647,Luke Rana,Akola
2648,Aadhya Shankar,Shivpuri
2649,Lekha Bawa,Karaikudi
2650,Shivansh Dugar,Surat
2651,Balveer Mallick,Morbi
2652,Advay Lal,Bellary
2653,Ubika Kar,Mathura
2654,Zashil Das,Rampur
2655,Libni Chopra,Dehradun
2656,Lakshit Dash,Kota
2657,Gautam Hegde,Mathura
2658,Vasana Brahmbhatt,Thiruvananthapuram
2659,Advaith Banik,Surendranagar Dudhrej
2660,Manthan Dhingra,Meerut
2661,Bhanumati Mani,Bihar Sharif
2662,Lopa Kalita,Panipat
2663,Yashasvi Mitter,Pali
2664,Rehaan Tailor,Satna
2665,Pratyush Tank,Nangloi Jat
2666,Jeremiah Chowdhury,Kamarhati
2667,Inaya Sem,Secunderabad
2668,Ishanvi Sathe,Bhagalpur
2669,Aarna Dhaliwal,Ahmedabad
2670,Priya Dey,Srikakulam
2671,Yachana Mall,Gwalior
2672,Ekanta Issac,Nellore
2673,Zaitra Deol,Mango
2674,Oviya Khanna,Davanagere
2675,Chakradev Bhatia,Rourkela
2676,Pahal Mane,Nandyal
2677,Qasim Char,Guna
2678,Azad Ganesh,Loni
2679,Ishani Bhasin,Tiruvottiyur
2680,Hemani Bhandari,Vellore
2681,Hredhaan Dhar,Tadepalligudem
2682,Gayathri Ahuja,Yamunanagar
2683,Vivaan Rana,Bilaspur
2684,Chanakya Oak,Bhilai
2685,Sudiksha Natt,Ghaziabad
2686,Ekapad Tara,Chandigarh
2687,Harrison Mani,Korba
2688,Charvi Dada,Berhampur
2689,Yashoda Banerjee,Ahmednagar
2690,Ria Puri,Chapra
2691,Nathaniel Tella,Agartala
2692,Saksham Doshi,Bally
2693,Aachal Dhillon,Hajipur
2694,Rajeshri Bhargava,Sultan Pur Majra
2695,Eiravati Venkataraman,Malegaon
2696,Umang Saxena,Panchkula
2697,Samaksh Wali,Ballia
2698,Harini Shere,Bhagalpur
2699,Veer Munshi,Dehradun
2700,Wahab Wali,Panchkula
2701,Jagdish Patla,Chittoor
2702,Eiravati Narayanan,Bhubaneswar
2703,Anusha Gour,Bhatpara
2704,Wridesh Bail,Shimoga
2705,Madhavi Bassi,Gudivada
2706,Siddharth Shroff,Unnao
2707,Oni D’Alia,Tirupati
2708,Lakshmi Parikh,Deoghar
2709,Reva Virk,Chapra
2710,Anita Pandit,Mysore
2711,Faras Narain,Udaipur
2712,Yashasvi Anand,Hubli–Dharwad
2713,Ansh Brar,Amaravati
2714,Teerth Chowdhury,Suryapet
2715,Abhimanyu Brahmbhatt,Hindupur
2716,Shivani Luthra,Bathinda
2717,Advay Merchant,Aizawl
2718,Chameli Chopra,Srinagar
2719,Daksh Dara,Salem
2720,Harshil Gade,Pimpri-Chinchwad
2721,Harshil Walia,Chittoor
2722,Chameli Minhas,Gulbarga
2723,Deepa Loyal,Chapra
2724,Rishi Dhar,Siliguri
2725,Arunima Brar,Bidhannagar
2726,Raghav Agate,Jaunpur
2727,Fariq Nadig,Bardhaman
2728,Varsha Sane,Khammam
2729,Dhruv Das,Ajmer
2730,Anirudh Bail,Tadepalligudem
2731,Aadi Konda,Aizawl
2732,Sathvik Mander,Ujjain
2733,Janani Ray,Bhavnagar
2734,Atharv Pandya,Dindigul
2735,Jagrati Dara,Anand
2736,Alka Khalsa,Eluru
2737,Thomas Chaudhari,Surendranagar Dudhrej
2738,Advika Behl,Madanapalle
2739,Pratyush Aggarwal,Muzaffarnagar
2740,Nathaniel Char,Bokaro
2741,Yug Behl,Bidar
2742,Nandini Kata,Nagaon
2743,Ethan Jayaraman,Amravati
2744,Lakshmi Borra,Visakhapatnam
2745,Aradhana Bera,Kollam
2746,Ekapad Sandal,Saharsa
2747,Geetika Palla,Jhansi
2748,William Peri,Bhopal
2749,Faras Narayan,Korba
2750,Mohammed Behl,Thoothukudi
2751,Jason Ramaswamy,Udaipur
2752,Aditya Patla,Surendranagar Dudhrej
2753,Karan Ratta,Eluru
2754,Harini Contractor,Pallavaram
2755,Siddharth Mann,Bhilai
2756,Zashil Dhawan,Tirupati
2757,Gauri Raman,Purnia
2758,Jeremiah Iyer,Ludhiana
2759,Lekha Gupta,Gorakhpur
2760,Urmi Palan,Dhule
2761,Yachana Khosla,Madhyamgram
2762,Tanveer Sandal,Bareilly
2763,Siya Tak,Allahabad
2764,Naksh Buch,Pali
2765,Osha Kurian,Mangalore
2766,Samuel Din,Jamshedpur
2767,Rushil Naik,Sagar
2768,George Sarma,Ranchi
2769,Neha Patla,Maheshtala
2770,Bina Bajaj,Surat
2771,Wyatt Rama,Mirzapur
2772,Andrew Bassi,Mau
2773,Oscar Thakur,Ambattur
2774,Advika Nagarajan,Bikaner
2775,Devika Mital,Dewas
2776,Tanveer Koshy,Ichalkaranji
2777,Yutika Som,Katni
2778,Chameli Pall,Ichalkaranji
2779,Abeer Patla,Asansol
2780,Frado Bahri,Thanjavur
2781,Zayan Mistry,Pune
2782,Radha Cherian,Thane
2783,Zinal Bhatnagar,Coimbatore
2784,Samar Sachdev,Nashik
2785,Jeremiah Srinivas,New Delhi
2786,Ikshita Dixit,Bangalore
2787,Forum Narayan,Kolkata
2788,Saksham Nayar,Etawah
2789,Ekaja D’Alia,Yamunanagar
2790,Ryan Jain,Suryapet
2791,Krisha Peri,Rajkot
2792,Jagat Barman,Giridih
2793,Ryan Rajan,Ulhasnagar
2794,Ronith More,Lucknow
2795,Ijaya Swamy,Howrah
2796,Megha Biswas,Jaunpur
2797,Jatin Misra,Mirzapur
2798,Advika Deep,Delhi
2799,Inaya Kala,Khora 
2800,William Pant,Tadepalligudem
2801,Umang Varghese,Karnal
2802,Banjeet Nadig,Nizamabad
2803,Dipta Borra,Raichur
2804,Dalbir Yadav,Shahjahanpur
2805,Ayushman Wali,Ajmer
2806,Darpan Purohit,Chandrapur
2807,Ekta Ray,Kanpur
2808,Anmol Thakkar,Hyderabad
2809,Pallavi Borah,South Dumdum
2810,Jacob Bhasin,New Delhi
2811,Alka Gulati,Dehri
2812,Aarini Palla,Nagercoil
2813,Shravya Koshy,Mau
2814,Faris Chand,Lucknow
2815,Yauvani Sharaf,Nagpur
2816,Yatan Talwar,Chittoor
2817,Chandran Bhattacharyya,Gorakhpur
2818,Sanaya Narula,Proddatur
2819,Qabil Mody,Bijapur
2820,Bhavika Oza,Jaipur
2821,Mekhala Chaudhari,Suryapet
2822,Eshana Kothari,Thrissur
2823,Ganga Deshpande,Satna
2824,Lucky Padmanabhan,Navi Mumbai
2825,Aishani Trivedi,Nellore
2826,Zaid Nagar,Rourkela
2827,Ekalinga Tailor,Mumbai
2828,Edhitha Shetty,Rewa
2829,Jhalak Salvi,Bhusawal
2830,Aditya Krishnan,Gulbarga
2831,Abhimanyu Chatterjee,Kochi
2832,Hitesh Dhar,Khammam
2833,Veda Mander,Tadipatri
2834,Ekiya Nagar,Chinsurah
2835,Ishwar Shan,Rajkot
2836,Faras Anand,Vellore
2837,Indira Manda,Delhi
2838,Farhan Parikh,Gopalpur
2839,Frado Agate,Sasaram
2840,Oliver Yohannan,Shimoga
2841,Vaishnavi Sarna,Ahmedabad
2842,Gaurangi Wadhwa,Anand
2843,Daksh Gour,Ranchi
2844,Dominic Tak,Srinagar
2845,Falan Rau,Sagar
2846,Ekta Raja,Haldia
2847,Vasatika Chopra,Kolhapur
2848,Urvashi Baral,Bhagalpur
2849,Robert Venkataraman,Nandyal
2850,Madhavi Ramaswamy,Ambattur
2851,Bhavini Mannan,Dhanbad
2852,Mitali Sama,Dindigul
2853,Libni Dass,Gorakhpur
2854,Jyoti Murty,Asansol
2855,Jeevika Samra,Ghaziabad
2856,Avni Hegde,Udupi
2857,Falak Aggarwal,Udaipur
2858,Guneet Shan,Proddatur
2859,Qabil Bora,Srikakulam
2860,Wriddhish Joshi,Salem
2861,Oni Barad,Latur
2862,Maanav Shankar,Panchkula
2863,Zaid Naik,North Dumdum
2864,Pallavi Banik,Munger
2865,Saksham Batra,Udupi
2866,Simon Yohannan,Thane
2867,Rajeshri Tandon,Rajahmundry
2868,Abhimanyu Mallick,Durgapur
2869,Fiyaz Doctor,Warangal
2870,Zansi Chaudry,Kochi
2871,William Kapoor,Shimla
2872,Siddharth Bora,Anand
2873,Udyati Sachdev,Jhansi
2874,Viraj Bava,Ramgarh
2875,Vyanjana Halder,Kanpur
2876,Yachana Kalita,Khammam
2877,Max Tripathi,Guwahati
2878,Arya Basu,Phusro
2879,Krishna Das,Madanapalle
2880,Udyati Venkatesh,Bhilwara
2881,Nitara Hayer,Mango
2882,Sara Rastogi,Kozhikode
2883,Hredhaan Sood,North Dumdum
2884,Hemangini Oak,Nangloi Jat
2885,Logan Solanki,Sangli-Miraj & Kupwad
2886,Ekanta Subramaniam,Tezpur
2887,Anmol Kunda,Raiganj
2888,Aarini Narang,Junagadh
2889,Warhi Sem,Ahmednagar
2890,Pooja Agarwal,Burhanpur
2891,Sarthak Kurian,Munger
2892,Zashil Dua,Arrah
2893,Keya Doshi,Jamshedpur
2894,Gautam Barad,Chennai
2895,Osha Kara,Nagpur
2896,Pushti Madan,Farrukhabad
2897,Upma Rau,Hubli–Dharwad
2898,Abhimanyu Virk,Korba
2899,Tanay Joshi,Gulbarga
2900,Avi Thakur,Tirupati
2901,Niharika Sur,Panipat
2902,Parth Saha,Panchkula
2903,Aayush Kala,Ichalkaranji
2904,Anjali Mukherjee,Berhampur
2905,Aarna Lad,Ongole
2906,Radhika Kade,Singrauli
2907,Parth Ratti,Bhalswa Jahangir Pur
2908,Vedant Deep,Uluberia
2909,Ishita Boase,Vasai-Virar
2910,Krisha Minhas,Sangli-Miraj & Kupwad
2911,Forum Sridhar,Sirsa
2912,Sai Malhotra,Dindigul
2913,Upma Pathak,Shimla
2914,Mugdha Kashyap,Srikakulam
2915,Ekbal Walia,Jamnagar
2916,Orinder Ben,Bhilwara
2917,Ranbir Chacko,Panvel
2918,Benjamin Master,Pudukkottai
2919,Finn Bandi,Saharanpur
2920,Upasna Dhar,Delhi
2921,Yashodhara Majumdar,Bulandshahr
2922,Saumya Apte,Rourkela
2923,Bakhshi Naidu,Amritsar
2924,Krishna Bhavsar,Hindupur
2925,Gabriel Sheth,Kolhapur
2926,Anthony Chahal,Ghaziabad
2927,Chaitanya Natt,Gwalior
2928,Onkar Sule,Berhampur
2929,Sanya D’Alia,Hospet
2930,Agastya Singhal,Solapur
2931,Zinal Mall,Indore
2932,Pallavi Divan,Cuttack
2933,Chaitanya Sant,Secunderabad
2934,Imaran Rege,Etawah
2935,Krishna Lal,Sambhal
2936,Balveer Setty,Tadepalligudem
2937,Veer Shan,Arrah
2938,Jonathan Sathe,Bihar Sharif
2939,Netra Shankar,Imphal
2940,Lucky Lala,Ambarnath
2941,Shaurya Chaudhry,Ajmer
2942,Nachiket Goel,Muzaffarpur
2943,Amol Chawla,Warangal
2944,Neha Palan,Ahmednagar
2945,Yashica Kant,Kozhikode
2946,Zinal Seshadri,Bhopal
2947,Charan Bahri,Karimnagar
2948,Yasti Pingle,Ahmedabad
2949,Bina Chahal,Naihati
2950,Omkaar Butala,Kalyan-Dombivli
2951,Anirudh Modi,Durgapur
2952,Rayaan Karpe,Tadepalligudem
2953,Agastya Sachdev,Pallavaram
2954,Yashoda Bahri,Bhusawal
2955,Watika Sani,Udaipur
2956,Raksha Bose,Bhiwandi
2957,Finn Yohannan,Dhanbad
2958,Shivani Viswanathan,Sultan Pur Majra
2959,Zarna Narang,Uluberia
2960,Urmi Narayan,Mira-Bhayandar
2961,Nathaniel Ganesh,Siwan
2962,Janani Khatri,Jalgaon
2963,Vritti Dhar,Ichalkaranji
2964,Urmi Subramanian,Barasat
2965,Azaan Dua,Davanagere
2966,Yuvraj Sule,Sri Ganganagar
2967,Charita Sethi,Tirunelveli
2968,Gautam Anne,Agartala
2969,Dev Hans,Kota
2970,Nandini Nigam,Begusarai
2971,Anvi Natarajan,Khora 
2972,Bishakha Puri,Dehradun
2973,Tara Pathak,Latur
2974,Zaitra Mishra,Karaikudi
2975,Ati Yogi,Imphal
2976,Bhavani Pillay,Vasai-Virar
2977,Samesh Bhavsar,Dehri
2978,Atharv Kadakia,Bhimavaram
2979,Peter Andra,Mehsana
2980,Faras Bawa,Thoothukudi
2981,Anirudh Handa,Pimpri-Chinchwad
2982,Nikita Rege,Korba
2983,Jeet Desai,Phusro
2984,Warhi Jhaveri,Tiruchirappalli
2985,Kiaan Sahota,Saharsa
2986,Liam Sani,Karaikudi
2987,Anya Sengupta,Tezpur
2988,Ayushman Bahl,Faridabad
2989,Reva Ramachandran,Giridih
2990,Jagvi Bora,Satara
2991,Leela Vyas,Raichur
2992,Damini Sandal,Kanpur
2993,Adya Gala,Bhiwandi
2994,Ishaan Ramaswamy,Kurnool
2995,Raghav D’Alia,Mangalore
2996,Advay Bhandari,Sasaram
2997,Raghav Khosla,Bokaro
2998,Ranveer Bhalla,Kurnool
2999,Arin Bala,Jehanabad
3000,Ekiya Savant,Moradabad
3001,Isha Sridhar,Vasai-Virar
3002,Bhavika Varkey,Muzaffarpur
3003,Imaran Kunda,Cuttack
3004,Lakshit Mandal,Ozhukarai
3005,Karan Bal,Tezpur
3006,Samuel Prabhu,Sagar
3007,Aarna Mistry,Nagpur
3008,Nakul Ganesan,Sonipat
3009,Omkaar Barad,Hyderabad
3010,Samarth Chad,Thanjavur
3011,Kala Brar,Shivpuri
3012,Shaurya Mann,Nashik
3013,Dipta Mani,Muzaffarnagar
3014,William Aurora,Firozabad
3015,Charvi Narasimhan,Buxar
3016,Alexander Kumar,Ahmednagar
3017,Samuel Nath,Srikakulam
3018,Azaan Bedi,Dindigul
3019,Gautami Chana,Hubli–Dharwad
3020,William Mangal,Bally
3021,Timothy Bhandari,Ratlam
3022,Ridhi Venkatesh,Nagaon
3023,Hardik Bera,Thoothukudi
3024,Matthew Parsa,Madanapalle
3025,Anusha Tiwari,Parbhani
3026,Ethan Natt,Allahabad
3027,Jeevika Minhas,Srinagar
3028,Triveni Bala,Vellore
3029,Nitesh Chad,Gorakhpur
3030,Aarna Ramakrishnan,Jaunpur
3031,Hemang Gopal,Buxar
3032,Zinal Dasgupta,Panvel
3033,Kashish Oak,Saharsa
3034,Jack Tella,Vijayanagaram
3035,Mason Chaudhari,Thane
3036,Ekaja Pradhan,Hosur
3037,Alexander Rajagopal,Begusarai
3038,Wahab Dani,New Delhi
3039,Gaurangi Kar,Saharanpur
3040,Ojas Khatri,Gopalpur
3041,Benjamin Srinivasan,New Delhi
3042,Odika Dubey,Varanasi
3043,Lohit Rattan,Sikar
3044,Jagdish Rau,Ongole
3045,Sara Ghose,Ramagundam
3046,Christopher Aggarwal,Morbi
3047,Radhika Kala,Satna
3048,Anita Parsa,Cuttack
3049,Ranbir Bajaj,Navi Mumbai
3050,Jairaj Khanna,Jaipur
3051,Chavvi Nair,Indore
3052,Yatin Misra,Mathura
3053,Ikbal Pant,Bihar Sharif
3054,Warda Varughese,Ongole
3055,Tejas Barad,Kolhapur
3056,Dayita Kumer,Bhimavaram
3057,Januja Sandhu,Chapra
3058,Irya Chhabra,Raiganj
3059,Charita Warrior,Miryalaguda
3060,Dalaja Bhatt,Ambala
3061,Shivani Barman,Cuttack
3062,Libni Pau,Shivpuri
3063,Kiaan Nadig,Latur
3064,Keya Guha,Pudukkottai
3065,Xiti Palla,Bhilwara
3066,Wakeeta Chaudhary,Ambala
3067,Lohit Baria,Kochi
3068,Peter Misra,Ballia
3069,Dipta Oommen,Tirunelveli
3070,Divya Ganesh,Udupi
3071,Gaurav Saini,Silchar
3072,Keya Kalla,Kadapa
3073,Meera Palan,Kollam
3074,Abeer Dutt,Jaunpur
3075,Chakrika Sandhu,Tiruppur
3076,Kashish Pau,Dewas
3077,Frederick Din,Thiruvananthapuram
3078,Manan Gokhale,Ajmer
3079,Peter Toor,Vasai-Virar
3080,Pranit Oommen,Deoghar
3081,Anamika Raju,Dhule
3082,Janani Madan,Dhanbad
3083,Anthony Divan,Jehanabad
3084,Charvi Balasubramanian,Nashik
3085,Ishanvi Andra,Madurai
3086,Sai Ahuja,Hapur
3087,Hritik Dasgupta,Bhilai
3088,Akshay Krishnan,Ambattur
3089,Urishilla Venkataraman,Malegaon
3090,Henry Gade,Ichalkaranji
3091,Chasmum Nagi,Pali
3092,Meghana Kamdar,Shivpuri
3093,Daniel Singhal,Loni
3094,Darpan Thaker,Gorakhpur
3095,Dhruv Dutt,Allahabad
3096,Christopher Goel,Medininagar
3097,Luke Sarma,Dehri
3098,Oeshi Sachdev,Medininagar
3099,Yasti Date,Eluru
3100,Dayita Cheema,Thanjavur
3101,Quincy Prashad,Uluberia
3102,Devansh Minhas,Singrauli
3103,Harish Rattan,Thoothukudi
3104,Xalak Bhagat,Jalgaon
3105,Nachiket Biswas,Ujjain
3106,Bahadurjit Sarraf,Ambarnath
3107,Rishi Mani,Nanded
3108,Lekha Koshy,Bidar
3109,Nihal Pathak,Katni
3110,Theodore Merchant,Hubli–Dharwad
3111,Varenya Shan,Ujjain
3112,Chakradev Bhargava,Bhiwandi
3113,Nathan Gole,Bidhannagar
3114,Michael Memon,Patiala
3115,Gaurika Bava,Ludhiana
3116,Harinakshi Rama,Hubli–Dharwad
3117,Owen Manda,Gudivada
3118,Brijesh Narayan,Satna
3119,Aachal Bumb,Mira-Bhayandar
3120,Chanchal Rout,Jamnagar
3121,Noah Chaudhuri,Katihar
3122,Falguni Nazareth,Ramgarh
3123,Isha Wali,Morbi
3124,Triveni Mane,Mangalore
3125,Bimala Devan,Kanpur
3126,Thomas Bakshi,Bihar Sharif
3127,Chatura Rajagopal,Fatehpur
3128,Unni Patla,Pudukkottai
3129,Ikbal Chander,Bhiwandi
3130,Prisha Nagy,Bhavnagar
3131,Yashoda Ramachandran,Thane
3132,Finn Aggarwal,Panvel
3133,Joshua Choudhary,Maheshtala
3134,Chandresh Gandhi,Gaya
3135,Yagnesh Dutt,Purnia
3136,Yatan Hora,Indore
3137,Rudra Chaudhary,Haldia
3138,Jonathan Chadha,Srikakulam
3139,Raagini Borah,Pali
3140,Aashi Singh,Nagpur
3141,Yutika Apte,Nadiad
3142,Bina Barad,Tadipatri
3143,Laban Kunda,Sultan Pur Majra
3144,Fariq Manne,Panihati
3145,Urmi Bobal,Udaipur
3146,Vasana Lala,Ichalkaranji
3147,Jyoti Padmanabhan,Thrissur
3148,Ucchal Bose,Deoghar
3149,Upkaar Kumer,Saharanpur
3150,Kashvi Kapoor,Nagercoil
3151,Madhavi Mistry,Farrukhabad
3152,Amrita Hayre,Jehanabad
3153,Sachi Char,Kakinada
3154,Vedika Majumdar,Baranagar
3155,Damyanti Mall,Siliguri
3156,Wyatt Bala,Rajpur Sonarpur
3157,Ekanta Sehgal,Ludhiana
3158,Chatura Savant,Satara
3159,Udarsh Rege,Madurai
3160,Bhanumati Sinha,Serampore
3161,Yashvi Bava,Thanjavur
3162,Nandini Manda,Ballia
3163,Ucchal Nazareth,Raurkela Industrial Township
3164,Lajita Sidhu,Sonipat
3165,Ansh Magar,Warangal
3166,Yatan Baral,Tumkur
3167,Ethan Aurora,Kavali
3168,Kala Vohra,Patna
3169,Jagat Mutti,Muzaffarpur
3170,Idika Pillay,Suryapet
3171,Lohit Banerjee,Gudivada
3172,Kalpit Singhal,Kumbakonam
3173,Dominic Garg,Guntakal
3174,Balvan Ratta,Aligarh
3175,Faraj Tank,Buxar
3176,Raghav Chahal,Tadepalligudem
3177,Yashodhara Zachariah,Thoothukudi
3178,Yuvraj Padmanabhan,Ambala
3179,Triveni Dewan,Bhiwani
3180,Isaiah Krishna,Amroha
3181,Kritika Kala,Kollam
3182,Anay Bala,Jehanabad
3183,Yashvi Kari,Kota
3184,Chaitaly Narula,Tadepalligudem
3185,Fiyaz Ravel,Bhimavaram
3186,Joshua Ray,Mahbubnagar
3187,Aarav Verma,Bhusawal
3188,Kritika Korpal,Bihar Sharif
3189,Tara Bahri,Ajmer
3190,Laban Koshy,Dehri
3191,Manya Atwal,Mehsana
3192,Bakhshi Nanda,Shahjahanpur
3193,Sudiksha Contractor,Kozhikode
3194,Faraj Uppal,Junagadh
3195,Triveni Chada,Pondicherry
3196,Aradhana Lalla,Shahjahanpur
3197,Chakradev Deo,Munger
3198,Xavier Virk,Shivpuri
3199,Shravya Padmanabhan,Hospet
3200,Nicholas Chokshi,Moradabad
3201,Lopa Deshmukh,Thrissur
3202,Lucky Bahri,Shivpuri
3203,Neel Dalal,New Delhi
3204,Chanakya Chaudhari,Panchkula
3205,Siya Sathe,Narasaraopet
3206,Siya Parikh,Indore
3207,Peter Dash,Gudivada
3208,Champak Tiwari,Gurgaon
3209,Lucky Apte,Ambattur
3210,Ekaraj Sodhi,Ajmer
3211,Daksha Brar,Haridwar
3212,Jatin Natarajan,Miryalaguda
3213,Aarna Ramanathan,Madhyamgram
3214,Jyoti Warrior,Ongole
3215,Nakul Ray,Purnia
3216,Orinder Dasgupta,Kumbakonam
3217,Ijaya Peri,Berhampur
3218,Saksham Nazareth,Gudivada
3219,Sudiksha Bains,Howrah
3220,Triya Wadhwa,Maheshtala
3221,Warinder Varty,Silchar
3222,Onveer Grover,Maheshtala
3223,Gaurangi Sen,Siwan
3224,Charita Manne,Danapur
3225,Waida Prakash,Warangal
3226,Chaaya Batra,Thiruvananthapuram
3227,Unni Sodhi,Hindupur
3228,Robert Prabhu,Junagadh
3229,Nirja Kari,Rajkot
3230,Madhav Natt,Coimbatore
3231,Osha Andra,Baranagar
3232,Tanveer Chhabra,Bhind
3233,Abha Bahri,Madhyamgram
3234,Neel Gole,Tiruppur
3235,Ishita Mitra,Raebareli
3236,Kashish Chada,Panvel
3237,Falan Chana,Raurkela Industrial Township
3238,Nitesh Dara,Gulbarga
3239,Forum Natarajan,Cuttack
3240,Edhitha Atwal,Mumbai
3241,Siddharth Magar,Rourkela
3242,Zarna Vyas,Bihar Sharif
3243,Tejas Raj,Mathura
3244,Ansh Sura,Rajkot
3245,Azaan Khanna,Fatehpur
3246,Harita Kothari,Phusro
3247,Daksh Mitra,Nagpur
3248,Idika Choudhury,Rajkot
3249,Falguni Amble,Raebareli
3250,Kritika Char,Thanjavur
3251,Tanveer Aurora,Raiganj
3252,Samaksh Kanda,Tadipatri
3253,Utkarsh Dutt,Alappuzha
3254,Yochana Ranganathan,Kakinada
3255,Lila Prashad,Ramgarh
3256,Reva Dhar,Srikakulam
3257,Vansha Kalla,Mahbubnagar
3258,Tamanna Bali,Panvel
3259,Jai Kata,Gopalpur
3260,Robert Narang,Baranagar
3261,Amrita Chad,Secunderabad
3262,Prisha Borra,Dibrugarh
3263,Januja Khatri,Kolkata
3264,Lipika Contractor,Siwan
3265,Ojas Gill,Serampore
3266,Falak Bhavsar,Guwahati
3267,Sara Sura,Berhampur
3268,Anjali Char,Bulandshahr
3269,Chandresh Dalal,Hyderabad
3270,Leela Bala,Mango
3271,Omkaar Nagar,Gulbarga
3272,Mason Dass,Pali
3273,Raagini Mohan,Agartala
3274,Jasmit Loke,Pudukkottai
3275,Ekalinga Verma,Ambarnath
3276,Damyanti Baria,Udaipur
3277,Urmi Morar,Siliguri
3278,Eiravati Chaudhry,Thrissur
3279,Dipta Joshi,Panchkula
3280,Nitesh Vasa,Visakhapatnam
3281,Neha Sant,Ambarnath
3282,Turvi Mane,North Dumdum
3283,Vyanjana Lal,Loni
3284,Ati Prabhu,Bulandshahr
3285,Darsh Nayar,Nashik
3286,Rudra Peri,Visakhapatnam
3287,Riya Hari,Giridih
3288,Oliver Cherian,Medininagar
3289,Henry Taneja,Surendranagar Dudhrej
3290,Ranveer Chowdhury,Rourkela
3291,Rohan Varughese,Udupi
3292,Rayaan Dhingra,Rampur
3293,Viraj Ghosh,Vijayanagaram
3294,Zinal Bassi,Bhatpara
3295,Nitara Pal,Davanagere
3296,Siya Dube,Chapra
3297,Chaitaly Kulkarni,Loni
3298,Lipika Das,Vasai-Virar
3299,Adya Parsa,Bhatpara
3300,Girish Handa,Bettiah
3301,Lajita Dada,Bangalore
3302,Adya Datta,Bhusawal
3303,Amara Kar,Parbhani
3304,Aadhya Pingle,Thane
3305,Siddharth Behl,Vasai-Virar
3306,Manan Loke,Akola
3307,Joshua Brahmbhatt,Ambarnath
3308,Gaurang Datta,Motihari
3309,Brinda Talwar,Jalandhar
3310,Ethan Nadkarni,Bhilai
3311,Warhi Viswanathan,Davanagere
3312,Ranbir Doctor,Nagercoil
3313,Gaurang Nagar,Durgapur
3314,Saumya Rana,Kulti
3315,Robert Gopal,Chandigarh
3316,Tanvi Bhasin,Phusro
3317,Nitesh Dar,Hospet
3318,Sarthak Jayaraman,Ballia
3319,Jackson Datta,Patna
3320,Laban Warrior,Aligarh
3321,Theodore Mody,Nanded
3322,Faras Bhandari,Gudivada
3323,Nathaniel Batta,Dehradun
3324,Abeer Dua,Hospet
3325,Kashvi Hora,Bhiwani
3326,Chandran Kapadia,Kota
3327,Jasmit Kothari,Bhind
3328,Tejas Khanna,Kolkata
3329,Indrajit Varty,Morbi
3330,Vansha Dutta,Surat
3331,Ekansh Venkataraman,Kharagpur
3332,Pranit Kalla,Durg
3333,Tanay Iyer,Etawah
3334,Sanya Edwin,Kulti
3335,Ishita Gola,Kolkata
3336,Ekani Narain,Saharanpur
3337,Jairaj Munshi,Chinsurah
3338,Benjamin Chhabra,Kishanganj
3339,Chaaya Gade,Gorakhpur
3340,Meera Wali,Bhilai
3341,Balveer Pingle,Nanded
3342,Bhavya Dube,Davanagere
3343,Bhavika Dada,Hajipur
3344,Veer Chand,Fatehpur
3345,Vasatika Pathak,Chapra
3346,Lekha Natarajan,Amravati
3347,Gavin Gara,Dhule
3348,Thomas Raman,Purnia
3349,Adya Prasad,Patna
3350,Samarth Johal,Berhampur
3351,Wahab Char,Dehradun
3352,Jatin Chander,Latur
3353,Advay Chand,Danapur
3354,Gaurika Hans,Kharagpur
3355,Sara Kant,Jamnagar
3356,Zarna Vohra,Karimnagar
3357,Devika Wable,Vijayawada
3358,Raghav Wali,Ludhiana
3359,Balvan Kadakia,New Delhi
3360,Anthony Kant,Gulbarga
3361,Harshil Mangal,Belgaum
3362,Irya Samra,Bijapur
3363,Wriddhish Tank,Bhimavaram
3364,Triya Jha,Nellore
3365,Urishilla Manne,Udaipur
3366,Urvi Raju,New Delhi
3367,Amruta Butala,North Dumdum
3368,Anita Bal,Alappuzha
3369,Shaurya Agrawal,Davanagere
3370,Vritti Modi,Indore
3371,Urvi Kapadia,Amroha
3372,Edhitha Contractor,Gopalpur
3373,Chaman Nagar,Phagwara
3374,Deepa Soman,Bathinda
3375,Eshana Lala,Varanasi
3376,Mitesh Kunda,Chandigarh
3377,Hiral Raj,Moradabad
3378,Kiaan Dhar,Mirzapur
3379,Benjamin Bhatia,Salem
3380,Fariq Zacharia,Bidhannagar
3381,Ayushman Bhattacharyya,Srikakulam
3382,Bhavna Divan,Imphal
3383,Waida Pall,Panvel
3384,Rachita Dugar,Panipat
3385,Timothy Kurian,Guntur
3386,Netra Gupta,Ajmer
3387,Watika Mane,Amravati
3388,Frado Chandra,Mangalore
3389,Laban Menon,Phusro
3390,Ekanta Puri,Munger
3391,Krishna Sani,Ulhasnagar
3392,Forum Dhillon,Nagaon
3393,Geetika Banerjee,Satna
3394,Qarin Sahni,Bijapur
3395,Aditya Shere,Fatehpur
3396,Vrishti Varghese,Raiganj
3397,Kabir Bath,Kanpur
3398,Timothy Raj,Malda
3399,Kalpit Bala,Kharagpur
3400,Henry Sarma,Nagaon
3401,Netra Chander,Aligarh
3402,Upma Chadha,Srinagar
3403,Fariq Sen,Alwar
3404,George Taneja,Loni
3405,Zinal Narang,Mango
3406,Isaac Mani,Kochi
3407,Barkha Chaudhari,Danapur
3408,Amruta Chaudry,Raurkela Industrial Township
3409,Logan Kumer,Thrissur
3410,Lipika Khurana,Sikar
3411,David Ramanathan,Aurangabad
3412,Madhavi Issac,Ramagundam
3413,Vasana Pillai,Dharmavaram
3414,Samuel Bhakta,Kishanganj
3415,Michael Gandhi,Korba
3416,Widisha Chauhan,Srinagar
3417,Yachana Dash,Chapra
3418,Rachita Sethi,Gopalpur
3419,Eesha Banik,Nizamabad
3420,Ijaya Parekh,Sagar
3421,Mitesh Nazareth,Nadiad
3422,Radha Nadig,Hazaribagh
3423,Lakshmi Gade,Bidhannagar
3424,Orinder Dora,Kirari Suleman Nagar
3425,Neel Shah,Khammam
3426,Ekiya Das,Hazaribagh
3427,Bakhshi Mangal,Latur
3428,Tarak Rout,Shimoga
3429,Hitesh Comar,Udaipur
3430,Daniel Viswanathan,Dibrugarh
3431,Karan Saraf,Uluberia
3432,Timothy Singhal,Vasai-Virar
3433,Ekansh Ganguly,North Dumdum
3434,Warjas Gupta,Bokaro
3435,Finn Varughese,Jalgaon
3436,Chanakya Kadakia,Bhavnagar
3437,Zaid Sankar,Gorakhpur
3438,Yadavi Wali,Rewa
3439,Vasatika Chander,Bhatpara
3440,Vanya Raman,Sri Ganganagar
3441,Anika Krishnamurthy,Tirupati
3442,Gauri Tata,Malegaon
3443,Hardik Ravi,Indore
3444,Amol Bansal,Aurangabad
3445,Arya Hans,Mysore
3446,Nakul Bassi,Kharagpur
3447,Divya Minhas,Katihar
3448,Rohan Karpe,Katihar
3449,Jacob Saraf,Dhule
3450,Yash Mane,Tiruvottiyur
3451,Sai Chaudry,Rajpur Sonarpur
3452,Hema Kashyap,Bhiwani
3453,Jagrati Soni,Thane
3454,Guneet Rattan,Bijapur
3455,Gayathri Mohanty,Tiruchirappalli
3456,Rajata Mishra,Bhilai
3457,Wriddhish Sharaf,Jaipur
3458,Mohini Wason,South Dumdum
3459,Mahika Jain,Mirzapur
3460,Wyatt Bir,Chandrapur
3461,Dhriti Buch,Jhansi
3462,Neel Nadkarni,Vellore
3463,Vedant Raja,Buxar
3464,Jackson Ganesan,Karimnagar
3465,Lila More,Gorakhpur
3466,Aayush Pathak,Rajahmundry
3467,Darika Rajagopalan,Maheshtala
3468,Sneha Nair,Davanagere
3469,Tara Ahuja,Agra
3470,Ati Ratti,Siwan
3471,Adweta Ramanathan,Guntur
3472,Neha Dar,Baranagar
3473,Yashasvi Murty,Kalyan-Dombivli
3474,Keya Wable,Chandigarh
3475,Tamanna Kumer,Kalyan-Dombivli
3476,Reyansh Gola,Malegaon
3477,Dalaja Yogi,Bhiwani
3478,Bahadurjit Bala,Kamarhati
3479,Zehaan Patla,Nagaon
3480,Hiral Vora,Hapur
3481,Riya Tak,Bokaro
3482,Adya Manne,Miryalaguda
3483,Nidhi Taneja,Ranchi
3484,Veer Thaman,Saharanpur
3485,Aadi Srinivasan,Bareilly
3486,Xiti Hora,Durgapur
3487,Frederick Mander,Bathinda
3488,Eta Kota,Hyderabad
3489,Sneha Sehgal,Serampore
3490,Vinaya Dugar,Agra
3491,Bahadurjit Chada,Muzaffarnagar
3492,Vasatika Mangal,Guwahati
3493,Wyatt Chana,Mumbai
3494,Varenya Dewan,Ranchi
3495,Arjun Amble,Gaya
3496,Ekavir Aurora,Gurgaon
3497,Yash Uppal,Hospet
3498,Charan Hora,Agartala
3499,Ekavir Tata,Jamalpur
3500,Vasatika Aggarwal,Salem
3501,Akshay Munshi,Patiala
3502,Amara Modi,Allahabad
3503,Aarna Chatterjee,Jaunpur
3504,Dev Garde,Agartala
3505,Quincy Kapoor,Salem
3506,Om Sama,Bokaro
3507,Raagini Baral,Bhind
3508,Bimala Setty,Nagaon
3509,Qadim Dua,Rajahmundry
3510,Ayushman Merchant,Mira-Bhayandar
3511,Ijaya Bhakta,Shimla
3512,Umang Sabharwal,Deoghar
3513,Harita Sem,Rajpur Sonarpur
3514,Charita Gera,Guna
3515,Yashawini Nori,Gandhidham
3516,Jason Pathak,Ballia
3517,Aditya Bhargava,Saharanpur
3518,Aryan Mohan,Raiganj
3519,Alexander Pant,Kharagpur
3520,Arunima Vohra,Chinsurah
3521,Yatin Thakur,Rourkela
3522,Patrick Goel,Tezpur
3523,Wriddhish Ganesan,Vellore
3524,Janya Kulkarni,New Delhi
3525,Warinder Mangat,Nellore
3526,Gopal Hayer,Sagar
3527,Vansha Koshy,Muzaffarpur
3528,Samesh Merchant,Visakhapatnam
3529,Teerth Nagi,Baranagar
3530,Kavya Nagi,North Dumdum
3531,Reyansh Jaggi,Warangal
3532,Amol Pillay,Rewa
3533,Reyansh Rai,Malda
3534,Eesha Raman,Mumbai
3535,Ishaan Badami,Fatehpur
3536,Upadhriti Barman,Kochi
3537,Reyansh Rajagopalan,Alwar
3538,Gabriel Mand,Kozhikode
3539,George Rout,Vasai-Virar
3540,Lila Sachdeva,Aizawl
3541,Damini Bhardwaj,Chittoor
3542,Hiral Khare,Latur
3543,Xalak Chakrabarti,Farrukhabad
3544,Warjas Jaggi,Rajkot
3545,Anusha Bumb,Thrissur
3546,Mohammed Chaudhuri,Bhagalpur
3547,Januja Dua,Ongole
3548,Ekavir Mangal,Bhiwani
3549,Pushti Datta,Munger
3550,Eesha Swaminathan,South Dumdum
3551,Parth Gour,Berhampur
3552,Dev Bhavsar,Hyderabad
3553,Zinal Bava,Nangloi Jat
3554,Laksh Khosla,Dhule
3555,Zansi Anne,Karimnagar
3556,Maya Narain,Jhansi
3557,Turvi Bandi,Aizawl
3558,Charan Divan,Warangal
3559,Dhruv Parmer,Bally
3560,Harish Cherian,Thane
3561,Tanish Mukhopadhyay,Katihar
3562,Veda Ghosh,Mangalore
3563,Niharika Wali,Anantapur
3564,Vidhi Kala,Panipat
3565,Mitesh Kuruvilla,Bhilwara
3566,Vamakshi Taneja,Morena
3567,Pooja Ravi,Hosur
3568,Ijaya Sagar,Hubli–Dharwad
3569,Timothy Deep,Proddatur
3570,Udyati Sanghvi,Tirunelveli
3571,Chatura Parsa,Ramgarh
3572,Darika Buch,Kharagpur
3573,Tarak Puri,Secunderabad
3574,Reyansh Mand,Pali
3575,Girish Sura,Phusro
3576,Bhavani Khalsa,Sasaram
3577,Vedika Mohan,Dhule
3578,Devansh Sundaram,Firozabad
3579,Madhavi Bhakta,Sultan Pur Majra
3580,Hema Subramanian,Durg
3581,Abhimanyu Bandi,Lucknow
3582,Omaja Cherian,Jorhat
3583,Vanya Lad,Bhopal
3584,Samaksh Dhar,Nizamabad
3585,Forum Merchant,Sangli-Miraj & Kupwad
3586,Indrajit Goyal,Kolhapur
3587,Wakeeta Kala,Baranagar
3588,Oni Goel,Katihar
3589,Vrinda Gulati,Mathura
3590,Yachana Babu,Thrissur
3591,Kamya Gara,Vasai-Virar
3592,Dhruv Agrawal,Buxar
3593,Turvi Khurana,Ranchi
3594,Lila Dua,Narasaraopet
3595,Rishi Walla,Mango
3596,Aishani Bajwa,Pondicherry
3597,Alka Sodhi,Bidar
3598,Gautam Chatterjee,Durg
3599,Orinder Sha,Haldia
3600,Viraj Jani,Etawah
3601,Balendra Morar,Udaipur
3602,Lekha Morar,Vijayanagaram
3603,Kashvi Hans,Raichur
3604,Xalak Mody,Anand
3605,Parth Goda,Kottayam
3606,Ethan Baral,Uluberia
3607,Neelima Keer,Jamnagar
3608,Yauvani Dyal,Akola
3609,Kavya Sen,Latur
3610,Deepa Kakar,Bhind
3611,Hritik Khalsa,Jaipur
3612,Finn Taneja,Erode
3613,Leela Sha,Kottayam
3614,Krishna Prabhakar,Mira-Bhayandar
3615,Wahab Kalla,Aligarh
3616,Anirudh Nori,Tenali
3617,Kamala Narang,Thanjavur
3618,Vasana Nagar,Kumbakonam
3619,Thomas Misra,Noida
3620,Watika Naik,Hubli–Dharwad
3621,Veda Gala,Nagercoil
3622,Triveni Buch,Tirunelveli
3623,Zayan Goyal,Munger
3624,Upma Parikh,Ghaziabad
3625,Aadi Prabhakar,Varanasi
3626,Jyoti Dhaliwal,Ghaziabad
3627,Farhan Reddy,Hyderabad
3628,Atharv Jha,Mumbai
3629,Indrajit Dhar,Lucknow
3630,Xavier Radhakrishnan,Firozabad
3631,Gaurang Ram,Ambattur
3632,Tanvi Swaminathan,Sagar
3633,Agastya Patla,Vijayanagaram
3634,Ikbal Varghese,Ratlam
3635,Chanakya Raval,Hospet
3636,Gautami Puri,Tiruchirappalli
3637,Turvi Varty,Tenali
3638,Maanas Karan,Maheshtala
3639,Theodore Bora,Ambarnath
3640,Darpan Acharya,Davanagere
3641,Ayaan Mallick,Unnao
3642,Warinder Kalita,Kozhikode
3643,Kalpit Misra,Bongaigaon
3644,Bhanumati Edwin,Secunderabad
3645,Idika Shere,Shimoga
3646,Hema Kala,Fatehpur
3647,Praneel Bhasin,Durgapur
3648,Mohammed Iyer,Kavali
3649,Noah Pandya,Akola
3650,Vihaan Dar,Faridabad
3651,Ekalinga Sandal,Ambarnath
3652,Azad Devi,Pimpri-Chinchwad
3653,Vrishti Kota,Nashik
3654,Vidhi Borah,Aurangabad
3655,Megha Parmer,Farrukhabad
3656,Ganga Gour,Silchar
3657,Thomas Sarkar,Kolkata
3658,Hemangini Grewal,Tinsukia
3659,Alexander Bedi,Bongaigaon
3660,Ekaja Hayer,Ludhiana
3661,Vamakshi Behl,Kottayam
3662,Udarsh Thakkar,Morbi
3663,Lucky Johal,Durgapur
3664,Orinder Patla,Shimoga
3665,Divya Manda,Thanjavur
3666,Baghyawati Bandi,Chittoor
3667,Forum Verma,Kolhapur
3668,Vrishti Mallick,Satara
3669,Eshana Dasgupta,Maheshtala
3670,Abhiram Naik,Dewas
3671,Neha Khalsa,Bhiwandi
3672,Kala Verma,Hyderabad
3673,Zansi Chand,Gwalior
3674,Chaitanya Mander,Giridih
3675,Bakhshi Karnik,Karawal Nagar
3676,Unnati Sachar,Ahmednagar
3677,Falak Saini,Mehsana
3678,Janani Rastogi,New Delhi
3679,Zaid Pathak,Ongole
3680,Janaki Gola,Darbhanga
3681,Balhaar Walia,Raipur
3682,Eta Khanna,Panvel
3683,Nikita Babu,Moradabad
3684,Triya Dey,Bhalswa Jahangir Pur
3685,Darpan Hegde,New Delhi
3686,Yachana Krishna,Ambarnath
3687,Ojas Palan,Satna
3688,Falak Ramakrishnan,Tadipatri
3689,Dayamai Gaba,Bettiah
3690,Oviya Sura,Unnao
3691,Maanas Rastogi,Parbhani
3692,Gaurika Mangat,Ambattur
3693,Vasudha Samra,Shivpuri
3694,Jacob Balay,Anantapur
3695,Yash Pal,Bathinda
3696,Daksha Shanker,Nanded
3697,Fariq Mukhopadhyay,Baranagar
3698,Aishani Khalsa,Vellore
3699,Ansh Dube,Bhalswa Jahangir Pur
3700,Baghyawati Vig,Proddatur
3701,Chatura Prabhakar,Pali
3702,William Krishnamurthy,Dharmavaram
3703,Meera Hari,Madurai
3704,Neelima Ben,Kadapa
3705,Oni Narang,Gandhinagar
3706,Jack Mandal,Nagpur
3707,Benjamin Nadkarni,Pali
3708,Yashoda Singhal,Burhanpur
3709,Damini Buch,Panvel
3710,Kavya Gade,Bangalore
3711,Qasim Kanda,Eluru
3712,Yashvi Krish,Chinsurah
3713,Jack Puri,Deoghar
3714,Finn Som,Mumbai
3715,Vaishnavi Rastogi,South Dumdum
3716,Hemal Chander,Naihati
3717,Fiyaz Goswami,Farrukhabad
3718,Samesh Gole,Guna
3719,Leela Ganguly,Rajpur Sonarpur
3720,Kiaan Nagi,Jamshedpur
3721,Hitesh Parekh,Kottayam
3722,Jasmit Banik,Nadiad
3723,Ishani Dalal,Satna
3724,Pushti Bhasin,Madurai
3725,Ekaraj Thakur,Sirsa
3726,Ganga Madan,Jaipur
3727,Edhitha Sampath,Ambattur
3728,Jackson Yohannan,Guntakal
3729,Dakshesh Dada,Tumkur
3730,Oliver Varghese,Nanded
3731,Anita Sule,Berhampore
3732,Nandini Pillai,Bellary
3733,Ishanvi Buch,Bikaner
3734,Tanay Mandal,Agartala
3735,Shivansh Anne,Bhopal
3736,Rachana Doshi,Bally
3737,Dalbir Dayal,Burhanpur
3738,Diya Palan,Pimpri-Chinchwad
3739,Anjali Dass,Panipat
3740,Charan Joshi,Udaipur
3741,Utkarsh Bir,Kadapa
3742,Rachana Anne,Orai
3743,Tristan Sani,Jhansi
3744,Dalaja Bhatnagar,Morbi
3745,Akshay Chander,Bhiwandi
3746,Wridesh Choudhary,Loni
3747,Bachittar Mani,Tadipatri
3748,Faris Sehgal,Lucknow
3749,Gayathri Mangat,Nangloi Jat
3750,Wishi Vig,Ghaziabad
3751,Bishakha Srivastava,Bhind
3752,Hritik Karpe,Ratlam
3753,Arunima Comar,Gandhinagar
3754,Rajata Mand,Sultan Pur Majra
3755,Sara Bahl,Shivpuri
3756,Sudiksha Narasimhan,Karaikudi
3757,Tristan Cherian,Naihati
3758,Ojas Bhargava,Jalgaon
3759,Leela Chauhan,Noida
3760,Victor Salvi,Kota
3761,Harshil Trivedi,Bhalswa Jahangir Pur
3762,Yahvi Lad,Katni
3763,Raagini Gade,Bokaro
3764,Jeet Raj,Kottayam
3765,Anay Agrawal,Belgaum
3766,Ojas Butala,Shahjahanpur
3767,Januja Narayan,Bhalswa Jahangir Pur
3768,Vansha Sampath,Mira-Bhayandar
3769,Sneha Chandran,Aurangabad
3770,Rehaan Zachariah,Gopalpur
3771,Hiral Chakraborty,Satna
3772,Teerth Vohra,Lucknow
3773,Andrew Goda,Amroha
3774,Avi Mann,Ambarnath
3775,Maanas Sidhu,Agartala
3776,Riya Iyer,Ghaziabad
3777,Sachi Ghosh,Dharmavaram
3778,Samar Shenoy,Kamarhati
3779,Fiyaz Patla,Chennai
3780,Azaan Kamdar,North Dumdum
3781,Eesha Dhillon,Ballia
3782,Ucchal Rajagopal,Kota
3783,Adweta Gala,Amaravati
3784,Diya Gaba,Bangalore
3785,Vrinda Kanda,Bathinda
3786,Jeevika Amble,Uluberia
3787,Riya Rajagopal,Bathinda
3788,Maanas Lanka,Gaya
3789,Jai Memon,Tiruchirappalli
3790,Yash Sharma,Kota
3791,Vrishti Ranganathan,Uluberia
3792,Wahab Bhargava,Howrah
3793,Damyanti Oak,Jhansi
3794,Wyatt Kalita,Karaikudi
3795,Patrick Batra,Pune
3796,Veer Mishra,Dibrugarh
3797,Tara Goda,Chinsurah
3798,Unnati Bassi,Suryapet
3799,Madhav Sagar,Munger
3800,Ethan Yadav,Bongaigaon
3801,Dalaja Srivastava,Latur
3802,Yochana Kala,Mira-Bhayandar
3803,Ishita Dayal,Raebareli
3804,Ucchal Rai,Bhind
3805,Megha Pillay,Kochi
3806,Fiyaz Babu,Bharatpur
3807,Omisha Kalita,Tenali
3808,Victor Narasimhan,Danapur
3809,Vritti Kumar,Secunderabad
3810,Patrick Sarraf,Ujjain
3811,Farhan Goel,Nashik
3812,Manthan Iyer,Korba
3813,Sai Mani,Karnal
3814,Ridhi Dara,Farrukhabad
3815,Xalak Rege,Gaya
3816,Urvi Mannan,Kochi
3817,Damyanti Pathak,Saharanpur
3818,Faras Issac,Bongaigaon
3819,Meera Manne,Solapur
3820,Abha Warrior,Sonipat
3821,Varenya Desai,Nandyal
3822,Caleb Bhatia,Vasai-Virar
3823,Nandini Bhardwaj,Fatehpur
3824,Janaki Chandran,Deoghar
3825,Mugdha Kala,Kozhikode
3826,Yoshita Modi,Morena
3827,Vedika Dugar,Haldia
3828,Kamala Mann,Kirari Suleman Nagar
3829,Ati Kale,Bhalswa Jahangir Pur
3830,Riya Shan,Bhind
3831,Tejas Apte,Bulandshahr
3832,Upma Patla,Sambalpur
3833,Bahadurjit Murthy,North Dumdum
3834,Kavya Dutt,Kozhikode
3835,William Bajaj,Bharatpur
3836,Pavani Ravi,Dhanbad
3837,Ekaja Kanda,Gandhidham
3838,Arjun Jha,Anantapuram
3839,Adya Hans,Nellore
3840,Daksh Vasa,Agra
3841,Andrew Kala,Imphal
3842,Waida Merchant,Pali
3843,Vasatika Dube,Bongaigaon
3844,Aishani Muni,Jalgaon
3845,Zaid Bhargava,Hapur
3846,Jeremiah Shroff,Tirunelveli
3847,Kritika Raja,Medininagar
3848,Yashica Halder,Gopalpur
3849,Nakul Hari,Dibrugarh
3850,Qushi Bhandari,Hazaribagh
3851,Laban Dasgupta,Bhiwandi
3852,Jatin Sabharwal,Tiruchirappalli
3853,Udarsh Sachdeva,Warangal
3854,Lucky Khurana,Barasat
3855,Radha Nagy,Thrissur
3856,Urmi Chandran,Aizawl
3857,Patrick Dyal,Warangal
3858,Samaksh Rege,Jamalpur
3859,Manan Sethi,Tinsukia
3860,Bhanumati Gala,Khora 
3861,Aahana Gupta,Noida
3862,Ishani Sen,Suryapet
3863,Pushti Bumb,Nagercoil
3864,Urmi Manne,Phagwara
3865,Zayyan Kapoor,Sangli-Miraj & Kupwad
3866,Samesh Rajan,Imphal
3867,Pavani Dada,Danapur
3868,Ijaya Bhat,Aligarh
3869,Akshay Chopra,Thane
3870,Nirja Ravi,Kirari Suleman Nagar
3871,Vyanjana Mander,Tiruvottiyur
3872,Jeremiah Aurora,Srikakulam
3873,Sathvik Choudhary,Bhagalpur
3874,Aashi Bera,Proddatur
3875,Noah Khanna,Raiganj
3876,Udarsh Nath,Purnia
3877,Yashoda Mall,Giridih
3878,Daksha Gala,Gurgaon
3879,Meera Soman,Haridwar
3880,Qadim Padmanabhan,Yamunanagar
3881,Indrajit Randhawa,Parbhani
3882,Zehaan Ahluwalia,Imphal
3883,Nitara Goel,Hajipur
3884,Anya Khosla,Malda
3885,Kavya Saran,Visakhapatnam
3886,Ucchal Sodhi,Morena
3887,Noah Buch,Pondicherry
3888,Chaaya Narayan,Jaunpur
3889,Veda Hayer,Karaikudi
3890,Kamya Rege,Bidar
3891,Faraj Jayaraman,Firozabad
3892,Chatresh Kaur,Khammam
3893,Udarsh Chawla,Baranagar
3894,Lavanya Prasad,Hosur
3895,Yash Balasubramanian,Kumbakonam
3896,Max Agate,Thane
3897,Urmi Subramanian,Bijapur
3898,Liam Dewan,Kharagpur
3899,Viraj Gandhi,Nandyal
3900,Harita Jain,Sagar
3901,Yahvi Comar,Aizawl
3902,Leena Vaidya,Maheshtala
3903,Aarav Zacharia,Madhyamgram
3904,Onveer Buch,Motihari
3905,Neelima Brahmbhatt,Panvel
3906,Gunbir Baria,Avadi
3907,Sai Lala,Kalyan-Dombivli
3908,Rishi Gulati,Pune
3909,Xalak Behl,Bokaro
3910,Amruta Radhakrishnan,South Dumdum
3911,Saanvi Chokshi,Tinsukia
3912,Ethan Manne,Firozabad
3913,Victor Dash,Khandwa
3914,Arya Chaudhary,Hyderabad
3915,Advik Pathak,Dehri
3916,Riya Vohra,Mumbai
3917,Krishna Sani,Anand
3918,Jackson Hari,Narasaraopet
3919,Kashvi Bath,Guna
3920,William Viswanathan,Dindigul
3921,Jeevika Sem,Durg
3922,Harita Rana,Kurnool
3923,Barkha Amble,Gangtok
3924,Widisha Das,Howrah
3925,Unni Gole,Bhusawal
3926,Netra Subramanian,Machilipatnam
3927,Tristan Ranganathan,Rajkot
3928,Dipta Date,Mahbubnagar
3929,Peter Sawhney,Nadiad
3930,Oni Khanna,Imphal
3931,Hiral Maharaj,Kirari Suleman Nagar
3932,Sai Narang,Thanjavur
3933,Abhiram Saxena,Jalna
3934,Zarna Kamdar,Vijayanagaram
3935,Siya Gupta,Navi Mumbai
3936,Kala Sami,Amroha
3937,Watika Bal,Agartala
3938,Eesha Nagar,Kadapa
3939,Indrajit Maharaj,Darbhanga
3940,Bakhshi Dhingra,Nagaon
3941,Gayathri Sankaran,New Delhi
3942,Harrison Mandal,Jammu
3943,Siddharth Aggarwal,Sangli-Miraj & Kupwad
3944,Kritika Swamy,Sambalpur
3945,Vrishti Chander,Satna
3946,Bahadurjit Bassi,Jammu
3947,Dhruv Gole,Ambala
3948,Harini Deshmukh,Bardhaman
3949,Chaman Pal,Jhansi
3950,Amara Raghavan,Rampur
3951,Falak Merchant,Bijapur
3952,Anusha Chopra,Raipur
3953,Vincent Rajagopalan,Jaunpur
3954,Laban Chowdhury,North Dumdum
3955,Gopal Krishna,Naihati
3956,Jasmit Vohra,Durg
3957,Dayamai Sabharwal,Mahbubnagar
3958,Elijah Radhakrishnan,Farrukhabad
3959,Hardik Chakrabarti,Patiala
3960,Ojasvi Basu,Mirzapur
3961,Owen Cherian,Chittoor
3962,Fariq Gola,North Dumdum
3963,Suhani Kara,Uluberia
3964,Hritik Chacko,Uluberia
3965,Aarnav Choudhary,Hajipur
3966,Osha Tara,Navi Mumbai
3967,Forum Bhattacharyya,Navi Mumbai
3968,Bhavna Rana,Mahbubnagar
3969,Meera Sarkar,Narasaraopet
3970,Zashil Pandit,Kota
3971,Brinda Rout,Tezpur
3972,Guneet Menon,Gulbarga
3973,Janaki Banik,Panchkula
3974,Amaira Kadakia,Mumbai
3975,Bachittar Chaudhari,Vadodara
3976,Om Tripathi,Siliguri
3977,Gaurav Mitra,Sasaram
3978,Chandran Mittal,Kanpur
3979,Bhavna Pandya,Panchkula
3980,Damini Kakar,Bokaro
3981,Azaan Amble,Thoothukudi
3982,Isaac Pandya,Davanagere
3983,Faqid Wable,Sonipat
3984,Pratyush Sandhu,Sonipat
3985,Vansha Gandhi,Tiruppur
3986,Ekani Ahluwalia,Ghaziabad
3987,Madhav Bhatti,Bhilwara
3988,Xiti Raja,Bhopal
3989,Lakshmi Prasad,Malegaon
3990,Eshana Bal,Proddatur
3991,Manthan Nagy,Hospet
3992,Janaki Rajagopalan,Jamnagar
3993,Zayan Ramaswamy,Davanagere
3994,Nitesh Bose,Sasaram
3995,Isha Shroff,Munger
3996,Tanmayi Viswanathan,Aizawl
3997,Jatin Bali,Ghaziabad
3998,Girish Kanda,Salem
3999,Yoshita Rajan,Indore
4000,Mekhala Jhaveri,Phusro
4001,Aradhana Mane,Shahjahanpur
4002,Andrew Srinivasan,Karawal Nagar
4003,Oliver More,Khammam
4004,Hemani Mammen,Tumkur
4005,Hitesh Sankar,Anantapur
4006,Ekaraj Dugar,Haldia
4007,Prisha Sathe,Lucknow
4008,Ekaraj Ghosh,Rohtak
4009,Jeet Pillai,Sagar
4010,Divya Ram,Tumkur
4011,Quincy Dhawan,Gulbarga
4012,Baljiwan Apte,Jalna
4013,Yashawini Manne,Dhule
4014,Urishilla Khare,Jalna
4015,Libni Mittal,Cuttack
4016,Hamsini Ray,Sonipat
4017,Kashvi Nayak,Guwahati
4018,Bahadurjit Golla,Bidhannagar
4019,Jhalak Aggarwal,Malegaon
4020,Frederick Uppal,Kochi
4021,Vedant Golla,Gopalpur
4022,Samarth Char,Raipur
4023,Bhavya Chauhan,Bulandshahr
4024,Darika Ramaswamy,Jamalpur
4025,Yachana Konda,Coimbatore
4026,Chandani Memon,Raichur
4027,Indrajit Vaidya,Malda
4028,Fariq Kakar,Machilipatnam
4029,Nitesh Agate,Davanagere
4030,Ijaya Chana,Ongole
4031,Neelima Bhargava,Patna
4032,Krishna Jani,Gwalior
4033,Sachi Iyengar,Adoni
4034,Falguni Deo,Cuttack
4035,Ojasvi Tak,North Dumdum
4036,Ucchal Nath,Ramagundam
4037,Rachit More,Etawah
4038,Rachita Purohit,Rohtak
4039,Hiral Ratta,Mathura
4040,Varsha Muni,Kulti
4041,Dayamai Rana,Ambarnath
4042,Deepa Bir,Bhiwani
4043,Unni Sami,Alwar
4044,Ati Narayanan,Nagaon
4045,Tara Batta,Rajkot
4046,Lohit Ganesan,Katihar
4047,Yashasvi Bajwa,Unnao
4048,Darika Varty,Noida
4049,Yadavi Sha,Bijapur
4050,Chandresh Bhardwaj,Gangtok
4051,Frederick Menon,Maheshtala
4052,Peter Dora,Durgapur
4053,Barkha D’Alia,Srikakulam
4054,Wriddhish Dua,Bharatpur
4055,Gavin Patla,Ambarnath
4056,Krishna Hayer,Ongole
4057,Ojasvi Gera,Bhubaneswar
4058,Banjeet Yadav,Chinsurah
4059,Nandini Lanka,Raichur
4060,Jacob Kalla,Howrah
4061,Jagvi Chauhan,Udupi
4062,Amrita Padmanabhan,Tiruvottiyur
4063,Faris Ravi,Malegaon
4064,Nitara Palla,Ambala
4065,Jalsa Iyengar,Raichur
4066,Maanas Bansal,Vasai-Virar
4067,Falan Boase,Rourkela
4068,Manthan Sarma,Kollam
4069,Alka Pradhan,Mehsana
4070,Raghav Tata,Bhopal
4071,Nikita Dewan,Kakinada
4072,Benjamin Seth,Shimoga
4073,Yasti Ramaswamy,Ahmednagar
4074,Umang Toor,Raurkela Industrial Township
4075,Zilmil Mukherjee,Gurgaon
4076,Varsha Bassi,Ichalkaranji
4077,Zaitra Bhardwaj,Satara
4078,Watika Saxena,Nizamabad
4079,Noah Guha,Ajmer
4080,Manan Biswas,Guntur
4081,Yagnesh Khare,Mangalore
4082,Vritti Basu,Motihari
4083,Om Dar,Agra
4084,Lucky Mody,Ambattur
4085,Rayaan Sama,Kumbakonam
4086,Dalbir Virk,Bhiwani
4087,Odika Deep,Madurai
4088,Hritik Rastogi,Mahbubnagar
4089,Krishna Bakshi,Korba
4090,Kamya Peri,Allahabad
4091,George Nagarajan,Hyderabad
4092,Neel Issac,Karnal
4093,Anamika Nori,Agra
4094,Balvan Goel,Jamshedpur
4095,Dhriti Dugar,Ujjain
4096,Bhavika Balay,Ratlam
4097,Balhaar Dar,Ghaziabad
4098,Gavin Mital,Jodhpur
4099,Rachana Bora,Bhagalpur
4100,Triya Kata,Medininagar
4101,Udant Munshi,Darbhanga
4102,Varenya Khosla,Jabalpur
4103,Vrishti Keer,Thoothukudi
4104,Eshana Chahal,Sasaram
4105,Adya Subramanian,Suryapet
4106,Vihaan Patla,Dhule
4107,Rudra Vohra,Karimnagar
4108,Zashil Bhalla,Ratlam
4109,Gaurangi Chadha,Dhule
4110,Qasim Gole,Gangtok
4111,Harita Narayanan,Pondicherry
4112,Dalaja Banik,Bidar
4113,Joshua Sidhu,Bhopal
4114,Wishi Kunda,Ramagundam
4115,Atharv Deshmukh,Cuttack
4116,Finn Sridhar,North Dumdum
4117,Rehaan Hans,Sangli-Miraj & Kupwad
4118,Tanveer Mohanty,Guntakal
4119,Faqid Parsa,Narasaraopet
4120,Bhavani Patla,Chittoor
4121,Vinaya Khanna,Warangal
4122,Shaurya Bose,Mahbubnagar
4123,Balendra Jani,Naihati
4124,Advaith Trivedi,Ramagundam
4125,Yashvi Bora,Malegaon
4126,Neel Ahluwalia,Bhind
4127,Ishita Tata,Navi Mumbai
4128,Vasatika Prakash,Amaravati
4129,Upasna Shan,Bhilwara
4130,Chandani Oommen,Gangtok
4131,Sachi Dora,Bharatpur
4132,Unnati Master,Jodhpur
4133,Keya Puri,Bahraich
4134,Robert Nadkarni,Sambalpur
4135,Yashasvi Dani,Rohtak
4136,Irya Sami,Tinsukia
4137,Ekani Radhakrishnan,Aizawl
4138,Amruta Zacharia,Chinsurah
4139,Amaira Kunda,Tadepalligudem
4140,Ekalinga Balay,Kurnool
4141,Gauri Narang,Tirupati
4142,Praneel Natarajan,Nagercoil
4143,Mitali Nagy,Jhansi
4144,Falan Biswas,Bareilly
4145,Gaurangi Dewan,Shimla
4146,Warinder Nanda,Etawah
4147,Brijesh Devan,Bellary
4148,Jatin Mutti,Madanapalle
4149,Rachana Devi,Machilipatnam
4150,Anika Gera,Katihar
4151,Triya Dasgupta,Warangal
4152,Falguni Sagar,Satna
4153,Hema Wason,Motihari
4154,Patrick Rege,Gorakhpur
4155,Odika Buch,Burhanpur
4156,Eshana Mitter,Panvel
4157,Manbir Chad,Chinsurah
4158,Ikshita Gara,Karawal Nagar
4159,Mekhala Chand,Srinagar
4160,Chakradev Munshi,Rajkot
4161,Pranit Lala,Mathura
4162,Girindra Saraf,Begusarai
4163,Oeshi Joshi,Avadi
4164,Kritika Sachdeva,Burhanpur
4165,Leena Salvi,Chapra
4166,Yashoda Gopal,Narasaraopet
4167,Vedhika Mohanty,Bhagalpur
4168,Fiyaz Boase,Dehri
4169,Janani Deep,Eluru
4170,Urvi Chana,Mira-Bhayandar
4171,Rohan Talwar,Muzaffarnagar
4172,Gautam Deol,Ahmednagar
4173,Raksha Andra,Aligarh
4174,Osha Batra,Tirupati
4175,Aarna Aggarwal,Saharsa
4176,Balveer Das,Aurangabad
4177,Kabir Pandya,Vasai-Virar
4178,Timothy Memon,Amroha
4179,Farhan Apte,Coimbatore
4180,Vedant Prasad,Siliguri
4181,Akshay Chana,Kurnool
4182,Oeshi Krishnan,Motihari
4183,Devika Chanda,North Dumdum
4184,Vrishti Sathe,Coimbatore
4185,Ganga Nair,Cuttack
4186,Brinda Upadhyay,Begusarai
4187,Tanay Mittal,Sangli-Miraj & Kupwad
4188,Anirudh Dyal,Morbi
4189,Oscar Chokshi,Rohtak
4190,Abha Bumb,Kharagpur
4191,Ati Kata,Bijapur
4192,Yutika Majumdar,Secunderabad
4193,Aadi Parsa,Shimla
4194,Harrison Anne,Surat
4195,David Parikh,Nagercoil
4196,Ishani Kalla,Madhyamgram
4197,Rudra Gara,Malda
4198,Hemani Thaman,Kolkata
4199,Bishakha Muni,Varanasi
4200,Wakeeta Kala,Bhusawal
4201,Yasti Rao,Sasaram
4202,Dhruv Patla,Tiruppur
4203,Alexander Ganguly,Junagadh
4204,Jagrati Lad,Ratlam
4205,Peter Sarkar,Gandhidham
4206,Isha Bahri,Bhubaneswar
4207,Hema Karan,Erode
4208,Ati Mukherjee,Begusarai
4209,Anjali Vasa,Varanasi
4210,Manya Shere,Hubli–Dharwad
4211,Bishakha Bala,Buxar
4212,Lohit Hayer,Bangalore
4213,Ethan Buch,Siliguri
4214,Darika Das,Raichur
4215,Brinda Patla,Bidhannagar
4216,Gaurangi Saraf,Chapra
4217,Mugdha Shukla,Gopalpur
4218,Gaurangi Reddy,Nandyal
4219,Chakrika Balay,Baranagar
4220,Chaaya Purohit,Mangalore
4221,Faqid De,Muzaffarpur
4222,Ekiya Salvi,Gurgaon
4223,Niharika Modi,Adoni
4224,Logan Shenoy,Delhi
4225,Azad Walia,Sri Ganganagar
4226,Dayamai Prasad,Bhavnagar
4227,Anjali Chana,Pallavaram
4228,Aarush Murty,Bidar
4229,Chatresh Amble,Hosur
4230,Anya Bail,Nandyal
4231,Aishani Bala,Ozhukarai
4232,Timothy Bose,Dewas
4233,Aashi Bala,Adoni
4234,Pooja Dutta,Munger
4235,Gaurang Nagi,Barasat
4236,Yashoda Anand,Bhatpara
4237,Zaitra Chada,Tadipatri
4238,Logan Bir,Amravati
4239,Elijah Parsa,Bhilai
4240,Zaid Dhar,Khammam
4241,Ryan Sha,Pondicherry
4242,Radhika Jayaraman,Pondicherry
4243,Tanay Behl,Jammu
4244,Gaurang Bhagat,Parbhani
4245,Dipta Din,Moradabad
4246,Damini Aggarwal,Thrissur
4247,Vanya Kaur,Madhyamgram
4248,Harish Batta,Satna
4249,Jasmit Bose,Pudukkottai
4250,Chakradhar Khurana,Chittoor
4251,Geetika Gulati,Sangli-Miraj & Kupwad
4252,Yadavi Mandal,Amroha
4253,Gagan Jaggi,Avadi
4254,Kiaan Savant,Noida
4255,Hamsini Aurora,Erode
4256,Wyatt Raghavan,Bareilly
4257,Irya Bhat,Bahraich
4258,Chaaya Buch,Patna
4259,Jagat Mahal,Phagwara
4260,Dhruv Ben,Solapur
4261,Azaan Gulati,Bikaner
4262,Ayush Toor,Pudukkottai
4263,Aashi Sani,Singrauli
4264,Jagvi Chopra,Begusarai
4265,Watika Kannan,Muzaffarnagar
4266,Yug Kakar,Miryalaguda
4267,Ira Ratta,Jehanabad
4268,Mahika Narayanan,Mumbai
4269,Anay Barman,Rajahmundry
4270,Idika Rege,Dehri
4271,Neelima Murthy,Hapur
4272,Jasmit Sem,Jalandhar
4273,Meghana Chatterjee,Hazaribagh
4274,Arin Johal,Muzaffarpur
4275,Joshua Shankar,Gopalpur
4276,Maanav Kara,Malegaon
4277,Zarna Sankaran,Rajpur Sonarpur
4278,Sanaya Rai,Saharanpur
4279,Imaran Goda,Begusarai
4280,Mohini Nagi,Katihar
4281,Umang Sane,Khandwa
4282,Manthan Solanki,Navi Mumbai
4283,Liam Patel,Surendranagar Dudhrej
4284,Gagan Ramakrishnan,Nagaon
4285,Dalbir Om,Ambarnath
4286,Balhaar Sachar,Nagaon
4287,Idika Som,Sambhal
4288,Gopal Choudhry,Nanded
4289,Guneet Bala,Anantapuram
4290,Xavier Konda,Raipur
4291,Devansh Dhaliwal,Eluru
4292,Xavier Muni,Shimoga
4293,Nilima Pandit,Tenali
4294,Eesha Gera,Eluru
4295,Ranbir Issac,Sambalpur
4296,Saanvi Grewal,Mehsana
4297,Pooja Arya,Mirzapur
4298,Ryan Nagarajan,Shimla
4299,Viraj Khanna,Rampur
4300,Isha Biswas,Sikar
4301,Akshay Pau,Unnao
4302,Janya Dalal,Ambala
4303,Ishwar Raman,Satna
4304,Shivansh Pandey,Satna
4305,Sachi Swaminathan,Patiala
4306,Ridhi Randhawa,Ajmer
4307,Om Agrawal,Ranchi
4308,Shravya Dave,Panvel
4309,Oni Sane,Mango
4310,Aarnav Jha,Adoni
4311,Shaurya Kale,Chandigarh
4312,Bhavani Varkey,Kottayam
4313,Michael Goyal,Anantapuram
4314,Yashodhara Prabhakar,Amaravati
4315,Daksha Gulati,Aurangabad
4316,Mugdha Mani,Mirzapur
4317,Garima Sur,Rourkela
4318,Hiral Memon,Aligarh
4319,Upadhriti Deshpande,Kirari Suleman Nagar
4320,Odika Lad,Raebareli
4321,Hritik Mallick,Bardhaman
4322,Gayathri Sanghvi,Bikaner
4323,Arunima Prabhakar,Chandigarh
4324,Ayushman Raj,Gangtok
4325,Tanay Rastogi,Dharmavaram
4326,Logan Som,Bhavnagar
4327,Samaksh Kannan,Khammam
4328,Kiaan Raval,Motihari
4329,Ayushman Morar,Ahmednagar
4330,William Chada,Bikaner
4331,Bhavya Tella,Erode
4332,George Behl,Ahmednagar
4333,Pahal Morar,Bokaro
4334,Charita Kant,Nagercoil
4335,Radhika Suresh,Bareilly
4336,Charita Dhaliwal,Buxar
4337,Madhavi Vyas,Pali
4338,Yatin Kala,Thoothukudi
4339,Charan Murthy,Bhubaneswar
4340,Lavanya Sawhney,Ichalkaranji
4341,Zaitra Varughese,Anand
4342,Lohit Banik,Bardhaman
4343,Manthan Ahluwalia,Dindigul
4344,Ladli Rama,Rampur
4345,Eta Bhasin,Jamnagar
4346,Eiravati Sandhu,Ramgarh
4347,Krisha Ramachandran,Bhubaneswar
4348,Chaaya Sampath,Bellary
4349,Chaaya Reddy,Morbi
4350,Darika Patel,Tenali
4351,Darika Vala,Nagercoil
4352,Unnati Talwar,South Dumdum
4353,Urvi Tandon,Tiruvottiyur
4354,Ekansh Agrawal,Jhansi
4355,Liam Dar,Jorhat
4356,Anjali Malhotra,Tezpur
4357,Luke Kulkarni,Purnia
4358,Harrison Gandhi,Bhilai
4359,Samar Babu,Sikar
4360,Shravya Madan,Jabalpur
4361,Ayushman Som,Nagaon
4362,Amaira Shetty,Kanpur
4363,Yashodhara Gandhi,Kadapa
4364,Raksha Cheema,Tadepalligudem
4365,Mason Barad,Buxar
4366,Baljiwan Gade,Nandyal
4367,Max Narula,Aurangabad
4368,Owen Dey,Kurnool
4369,Forum Johal,Kavali
4370,Om Goyal,Rajkot
4371,Omkaar Raman,Kavali
4372,Shivani Issac,Ramagundam
4373,Tarak Baria,Navi Mumbai
4374,Libni Saraf,Thane
4375,Dalaja Kapoor,Arrah
4376,Irya Iyer,Bhopal
4377,Lila Banik,Bidhannagar
4378,Devika Parikh,Thanjavur
4379,Gaurangi Prabhakar,Agartala
4380,Ekbal Vora,Shahjahanpur
4381,Ekiya Kothari,Agra
4382,Ishita Reddy,Mathura
4383,Lavanya Khosla,Mehsana
4384,Hiral Bir,Udaipur
4385,Sudiksha Chaudhuri,Munger
4386,Patrick Jain,Patiala
4387,Gaurangi Bajaj,Vasai-Virar
4388,Raghav Sane,Suryapet
4389,Oscar Prasad,Adoni
4390,Yashoda Mane,Burhanpur
4391,Reyansh Gole,Kanpur
4392,Aadhya Mane,Bhagalpur
4393,Aradhana Shanker,Dhule
4394,Thomas Talwar,Rajpur Sonarpur
4395,Barkha Chana,Anantapuram
4396,Thomas Sheth,Ghaziabad
4397,Rachit Roy,Parbhani
4398,Barkha Ghose,Faridabad
4399,Harshil Wable,Etawah
4400,Krisha Doctor,Amritsar
4401,Hemang Zachariah,New Delhi
4402,Manbir Cheema,Bhimavaram
4403,Krisha Subramaniam,Proddatur
4404,Oviya Doshi,Hapur
4405,Raagini Dass,Medininagar
4406,Yatan Sinha,Jalandhar
4407,Krishna Singhal,Rohtak
4408,Unni Devi,Jaunpur
4409,Farhan Shan,Nizamabad
4410,Lakshit Soni,Karaikudi
4411,Rayaan Om,Ambarnath
4412,Benjamin Parsa,Jalandhar
4413,Widisha Kar,Gudivada
4414,Janaki Agrawal,Mehsana
4415,Umang Varty,Thane
4416,Samar Mital,Dibrugarh
4417,Praneel Soni,Amravati
4418,Divya Kadakia,Shivpuri
4419,Ekaja Sarkar,Morena
4420,Jeremiah Ghose,Kollam
4421,Neelima Issac,Jalandhar
4422,Henry Bajwa,Karnal
4423,Faraj Pandya,Varanasi
4424,Meera Balakrishnan,Dharmavaram
4425,Jeet Basak,Singrauli
4426,Wahab Mallick,Raebareli
4427,Gopal Sarkar,Aurangabad
4428,Azaan Gade,Malda
4429,Deepa Mohan,Hindupur
4430,Varenya Kapur,Alwar
4431,Jasmit Shere,Proddatur
4432,Balendra Datta,Dewas
4433,Forum Zachariah,Yamunanagar
4434,Adweta Dubey,Sagar
4435,Bhavna Khanna,Jabalpur
4436,Ishita Lad,Machilipatnam
4437,Rajata Ray,Purnia
4438,Tanish Sama,Vellore
4439,Aarush Kapur,Tirupati
4440,Mahika Agarwal,Udaipur
4441,Lavanya Badami,Katni
4442,Kamala Patel,Chennai
4443,Devansh Patel,Solapur
4444,Hemangini Doctor,Indore
4445,Anika Gopal,Thiruvananthapuram
4446,Amol Prakash,Hindupur
4447,Forum Walla,Sasaram
4448,Diya Goswami,Mahbubnagar
4449,Shivani Bava,Raebareli
4450,Ranveer Dewan,Jodhpur
4451,Sarthak Bir,Burhanpur
4452,Ishita Parikh,Tadipatri
4453,Chandresh Ramaswamy,Naihati
4454,Pallavi Manne,Vellore
4455,Abeer Rana,Firozabad
4456,Udant Vig,Faridabad
4457,Ekalinga Sarraf,Thoothukudi
4458,Laksh Patla,Srinagar
4459,Ladli Verma,Tenali
4460,Gautam Mitra,Nangloi Jat
4461,Harshil Bandi,Sonipat
4462,Ekanta Parekh,Dhanbad
4463,Isha Trivedi,Ajmer
4464,Qushi Dewan,Jorhat
4465,Ishwar Desai,Tadipatri
4466,Ladli Acharya,Hyderabad
4467,Neha Chakrabarti,Bijapur
4468,Anthony Bhattacharyya,Shimla
4469,Dalbir Reddy,Barasat
4470,Tarak Bali,Yamunanagar
4471,Forum Divan,Kharagpur
4472,Ekaja Dhar,Sonipat
4473,Rehaan Sandal,Panipat
4474,Jacob Sule,Sagar
4475,Urmi Mallick,Jalna
4476,Indrajit Vasa,Mira-Bhayandar
4477,Benjamin Nigam,Arrah
4478,Mahika Ramesh,Satara
4479,Yagnesh Mody,Gurgaon
4480,Qasim Chakraborty,Dhule
4481,Owen Amble,Surat
4482,Widisha Banerjee,Jaipur
4483,Brinda Nagar,Kadapa
4484,Arin Krishnamurthy,Siliguri
4485,Ronith Dani,Ballia
4486,Vrinda Iyengar,Bhimavaram
4487,Wridesh Malhotra,Tirunelveli
4488,Urvashi Saraf,Mumbai
4489,Girik Sathe,Karimnagar
4490,Girindra Ravi,Pali
4491,Aarna Sahni,Suryapet
4492,Saanvi Gola,Dewas
4493,Bhavika Shroff,Phusro
4494,Idika Kade,Satna
4495,Udyati Sahota,Singrauli
4496,Tamanna Lala,Siwan
4497,Mohini Kapadia,Parbhani
4498,Mitali Aurora,Sambhal
4499,Darsh Varty,Kollam
4500,Yug Mall,Raipur
4501,Ranveer Prasad,Burhanpur
4502,Yauvani Bumb,Malda
4503,Kamya Khurana,Vasai-Virar
4504,Naveen Sandal,Visakhapatnam
4505,Samaksh Hari,Nizamabad
4506,Guneet Hans,Jalandhar
4507,Vrishti Bahri,Unnao
4508,George De,Bhatpara
4509,Ansh Devan,Narasaraopet
4510,Ranbir Ram,Tiruppur
4511,Girish Devan,Gaya
4512,Rachit Subramanian,Patna
4513,Ishani Rastogi,Tumkur
4514,Zayan Tak,Begusarai
4515,Orinder Sethi,Chandrapur
4516,Ridhi Handa,North Dumdum
4517,Saumya Choudhury,Thiruvananthapuram
4518,Mitesh Rai,Gangtok
4519,Tejas Sen,Ongole
4520,Januja Naidu,Bikaner
4521,Harshil Lanka,Guna
4522,Arunima Chokshi,Begusarai
4523,Vasudha Kapadia,Amaravati
4524,Nisha Biswas,Kamarhati
4525,Samar Sunder,Durgapur
4526,Osha Thakkar,Mau
4527,Irya Raman,Anantapur
4528,Meera Narayanan,Kanpur
4529,Vasana Madan,Buxar
4530,Kai Nath,Gandhinagar
4531,Nathan Soni,Gandhidham
4532,Omaja More,Warangal
4533,Mekhala Parekh,Saharanpur
4534,Avi Mitter,Jehanabad
4535,Harrison Kalita,Sambhal
4536,Harinakshi Sem,Tenali
4537,Aarush Wali,Jamnagar
4538,Shivani Mall,Warangal
4539,Liam Borra,Mahbubnagar
4540,Kala Saha,Serampore
4541,Anthony Malhotra,Pudukkottai
4542,Tamanna Gala,Nangloi Jat
4543,Pahal Modi,Raiganj
4544,Timothy Chaudhari,Vellore
4545,Lopa Shanker,Sasaram
4546,Wyatt Goyal,Aizawl
4547,Madhav Raghavan,Orai
4548,Chanakya Rana,Pondicherry
4549,Nitara Rajan,Raiganj
4550,Bhavani Pandey,Bhind
4551,Chavvi Parikh,New Delhi
4552,Irya Patla,Ahmedabad
4553,Hema Lad,Berhampur
4554,Indrajit Patel,Eluru
4555,Varenya Dada,Gudivada
4556,Qushi Parikh,Unnao
4557,George Shah,Guntur
4558,Ati Anand,Ujjain
4559,Waida Nanda,Vijayawada
4560,Dayita De,Tiruppur
4561,Chavvi Nanda,Jalgaon
4562,Chatresh Mody,Rajpur Sonarpur
4563,Liam Pandya,Bareilly
4564,Aachal Narayan,Kumbakonam
4565,Wridesh Bir,Unnao
4566,Nitara Bansal,Dhule
4567,Varsha Pillay,Panvel
4568,Mahika Borra,Ghaziabad
4569,Deepa Grewal,Udupi
4570,Ishita Nagarajan,Morena
4571,Elijah Gulati,Raipur
4572,Hitesh Puri,Srinagar
4573,Anmol Chaudhari,Patiala
4574,Varenya Sinha,Gurgaon
4575,Christopher Ramachandran,Gandhinagar
4576,Anjali Parikh,Jalgaon
4577,Vritti Sura,Katihar
4578,Dipta Hari,Jalandhar
4579,Dhriti Nath,Howrah
4580,Hemal Gaba,Motihari
4581,Chakradev Wali,Phusro
4582,Zehaan Pai,Jodhpur
4583,Anamika Kurian,Nadiad
4584,Michael Kohli,Mathura
4585,Yamini Pillai,Bettiah
4586,Janaki Gulati,Kurnool
4587,Harita Karnik,Silchar
4588,Irya Desai,Nagaon
4589,Arya Date,Burhanpur
4590,Zayyan Rout,Bardhaman
4591,Balhaar Nori,Amritsar
4592,Pushti Yadav,Saharsa
4593,Jagrati Gour,Karimnagar
4594,Samesh Ganguly,Siwan
4595,Neha Reddy,Sangli-Miraj & Kupwad
4596,Ethan Dixit,Bardhaman
4597,Andrew Babu,Muzaffarnagar
4598,Gavin Iyer,Deoghar
4599,Ronith Behl,Tiruppur
4600,Nachiket Issac,Belgaum
4601,Siya Hegde,Shivpuri
4602,Dominic Shukla,Karawal Nagar
4603,Harini Sura,Warangal
4604,Raksha Dutta,Jehanabad
4605,Indira Hegde,Ranchi
4606,Shivansh Bhakta,Dharmavaram
4607,Nilima Deo,Bhatpara
4608,Omya Chaudhry,Panchkula
4609,Turvi Kunda,Dehradun
4610,Kalpit Lal,Hindupur
4611,Zehaan Pai,Bhiwandi
4612,David Sastry,Surendranagar Dudhrej
4613,Logan Bera,Haldia
4614,Manan Srinivas,Gwalior
4615,Darsh Acharya,Silchar
4616,Urmi Merchant,Suryapet
4617,Ekaraj Dutta,Morena
4618,Lajita Tara,Korba
4619,Zilmil Gill,Howrah
4620,Yashodhara Kaur,Latur
4621,Sai Shukla,Kavali
4622,Warhi Rajagopal,Thrissur
4623,Pushti Bera,Bathinda
4624,Peter Madan,Karaikudi
4625,Bhavna Solanki,Vijayanagaram
4626,Amrita Chada,Kirari Suleman Nagar
4627,Tripti Nori,Kurnool
4628,Triveni Kant,Katni
4629,Unnati Pai,Solapur
4630,Amaira Parekh,Kolhapur
4631,Raagini Bhardwaj,Phusro
4632,Nakul Jhaveri,Shimla
4633,Urmi Radhakrishnan,Dhule
4634,Suhani Kunda,Erode
4635,Gauri Kulkarni,Rourkela
4636,Nakul Salvi,Bhatpara
4637,Veda Nagi,Bardhaman
4638,Ojas Sandhu,Udupi
4639,Priya D’Alia,Meerut
4640,Dhriti Kala,Satna
4641,Daksh Swaminathan,Unnao
4642,Amruta Mittal,Rampur
4643,Radha Kadakia,Ajmer
4644,Mugdha Jaggi,Udaipur
4645,Advay Master,Mumbai
4646,Radhika Gokhale,Moradabad
4647,Kritika Iyengar,Varanasi
4648,Sara Ray,Indore
4649,Zinal Palan,Jehanabad
4650,Hardik Ben,North Dumdum
4651,Pushti Manne,Rajkot
4652,Bishakha Sekhon,Imphal
4653,Yochana Mand,Raipur
4654,Jagdish Menon,Ambattur
4655,Gavin Wason,Karimnagar
4656,Sai Munshi,Erode
4657,Meghana Oak,Jorhat
4658,Thomas Chanda,Gandhinagar
4659,Nitara Kothari,Jehanabad
4660,Kamala Lal,Motihari
4661,Ranveer Rout,Sultan Pur Majra
4662,Vedant Purohit,Morbi
4663,Orinder Borde,Ambarnath
4664,Akshay Nigam,Satara
4665,Charvi Barad,Bongaigaon
4666,Aishani Rai,Kalyan-Dombivli
4667,Alexander Butala,Miryalaguda
4668,Hitesh Pai,Kochi
4669,Upkaar Sant,Kollam
4670,Yahvi Chaudhry,Bangalore
4671,Edhitha Salvi,Gorakhpur
4672,Waida Chand,Nangloi Jat
4673,Umang Sinha,Bhind
4674,Samuel Raval,Sambhal
4675,Jatin Oommen,Ghaziabad
4676,Hemangini Kalita,Rajkot
4677,Jairaj Pillai,Thrissur
4678,Guneet Madan,Buxar
4679,Jeevika Mann,Yamunanagar
4680,Gagan Narang,Belgaum
4681,Dayamai Murthy,Fatehpur
4682,Jeremiah Kade,Jammu
4683,Dhriti Halder,Patna
4684,Widisha Amble,Mumbai
4685,Kashvi Kohli,Indore
4686,Ria Lall,Varanasi
4687,Zehaan Natt,Shimoga
4688,Wahab Lalla,Ghaziabad
4689,Anamika Nayar,Alappuzha
4690,Eta Sanghvi,Bilaspur
4691,Laksh Peri,Raiganj
4692,Arjun Wagle,Karnal
4693,Naksh Goel,Uluberia
4694,Abeer Divan,Parbhani
4695,Nicholas Karan,Sri Ganganagar
4696,Tanish Brahmbhatt,Orai
4697,Shaurya Johal,Kulti
4698,Yatan Trivedi,Hindupur
4699,Urvi Shetty,Khandwa
4700,Hema Sabharwal,Karimnagar
4701,Priya Sehgal,Ambarnath
4702,Dakshesh Bath,Vellore
4703,Fitan Narayan,Kulti
4704,Urvashi Hari,Coimbatore
4705,Saksham Zacharia,Jamshedpur
4706,Maanav Basak,Pune
4707,Xavier Korpal,Jamalpur
4708,Ganga Chopra,Karimnagar
4709,Rachana Srinivas,Raichur
4710,Odika Kakar,Kalyan-Dombivli
4711,Radhika Varty,Danapur
4712,Anmol Sankar,Jabalpur
4713,Imaran Agrawal,Pimpri-Chinchwad
4714,Laksh Barad,Karaikudi
4715,Rudra Balay,Kulti
4716,Manbir Chaudhuri,Nadiad
4717,Aarav Deo,Mau
4718,Darsh Panchal,Bhiwandi
4719,Hemani Tak,Tirunelveli
4720,Priya Sidhu,Thane
4721,Faqid Bera,Deoghar
4722,Onveer Oza,Kochi
4723,Chanakya Vig,Hubli–Dharwad
4724,Yatan Ahuja,Pondicherry
4725,Bhavani Pandit,Jamalpur
4726,Hemangini Sanghvi,Gulbarga
4727,Alka Savant,Raurkela Industrial Township
4728,Aryan Seshadri,Bareilly
4729,Timothy Handa,Guna
4730,Aashi Bhardwaj,Amaravati
4731,Madhavi Loyal,Loni
4732,Chandresh Bahl,Nadiad
4733,Dev Sethi,Pimpri-Chinchwad
4734,Atharv Yogi,Jalna
4735,Sanya Randhawa,Anantapuram
4736,Xavier Baria,Farrukhabad
4737,Shivansh Sem,Pimpri-Chinchwad
4738,Ansh Venkataraman,Ratlam
4739,Riya Sarkar,Dehri
4740,Anita Chander,Jalandhar
4741,Wridesh Radhakrishnan,Nadiad
4742,Harrison Upadhyay,Jorhat
4743,Charan Sabharwal,Ujjain
4744,Jagrati Panchal,Bhiwandi
4745,Aarnav Swamy,Karnal
4746,Neel Pandey,Mehsana
4747,Timothy Divan,Faridabad
4748,Lopa Narain,Panchkula
4749,Naksh Deep,Udaipur
4750,Anmol Johal,Hospet
4751,Yoshita Ramaswamy,Ujjain
4752,Zashil Nanda,Kirari Suleman Nagar
4753,Saanvi Singh,Katihar
4754,Jagrati Sastry,Chapra
4755,Gautami Nagi,Nellore
4756,Gabriel Dash,Eluru
4757,Balvan Dayal,Maheshtala
4758,Yashasvi Dixit,Mahbubnagar
4759,Deepa Kunda,Rajahmundry
4760,Lakshit Nath,Kavali
4761,Sneha Kakar,Mangalore
4762,Rohan Kale,Moradabad
4763,Nitesh Devi,Pallavaram
4764,Vyanjana Mane,Darbhanga
4765,Sanaya Bajwa,Hapur
4766,Logan Menon,Bellary
4767,Chasmum Taneja,Ramgarh
4768,Ishani Hayre,Amritsar
4769,Idika Bhatt,Gopalpur
4770,Fitan Kanda,Surendranagar Dudhrej
4771,Jyoti Chander,Bhilai
4772,Aradhana Nadig,Raipur
4773,Ria Kala,Gaya
4774,Hemani Basu,Kanpur
4775,Hemal Dube,Thrissur
4776,Arunima Lata,Chennai
4777,Netra Nanda,Korba
4778,Brinda Samra,Bardhaman
4779,Jackson Sinha,Mehsana
4780,Megha Bose,Nellore
4781,Mitali Handa,Bangalore
4782,Vritti Iyer,Udaipur
4783,Hitesh Vyas,Surendranagar Dudhrej
4784,Aachal Cheema,Amaravati
4785,Bachittar Misra,Adoni
4786,Qushi Ganesh,Ambattur
4787,Orinder Apte,Tumkur
4788,Mohini Sunder,Ludhiana
4789,Saanvi Sankar,Surendranagar Dudhrej
4790,Oviya Gandhi,Cuttack
4791,Netra Acharya,Patiala
4792,Yashasvi Jha,Tirupati
4793,Netra Borde,Khandwa
4794,Imaran Memon,Patiala
4795,Aryan Bobal,Rewa
4796,Faris Palan,Delhi
4797,Aashi Narang,Agartala
4798,Vansha Randhawa,Muzaffarnagar
4799,Leela Thakkar,Sambalpur
4800,Aayush Dash,Ulhasnagar
4801,Ethan Luthra,Kamarhati
4802,Advik Dhillon,Vellore
4803,Yahvi Konda,Kavali
4804,Meghana Kannan,Sangli-Miraj & Kupwad
4805,Manan Barman,Dindigul
4806,Wahab Dar,Thanjavur
4807,Yauvani Edwin,Jamshedpur
4808,Ekanta Kohli,Solapur
4809,Yashodhara Purohit,Ahmednagar
4810,Patrick Thaker,Dibrugarh
4811,Darsh Kanda,Kolkata
4812,Bhavna Natt,Panvel
4813,Girik Aurora,Srinagar
4814,Azad Sagar,Rajpur Sonarpur
4815,Bhanumati Rau,Bathinda
4816,Simon Mukhopadhyay,Amritsar
4817,Vanya Edwin,Navi Mumbai
4818,Dhriti Issac,Berhampore
4819,Chavvi Deo,Siwan
4820,Aarush Dhingra,Gwalior
4821,Samuel Loyal,Phusro
4822,Parth Majumdar,Kumbakonam
4823,Sai Vaidya,Bulandshahr
4824,Rajata Narayanan,Hindupur
4825,Krishna Iyengar,Nandyal
4826,Orinder Bandi,Ozhukarai
4827,Isha Sarin,Moradabad
4828,Mason Hegde,Dibrugarh
4829,Victor Chaudhari,Bahraich
4830,Ranveer Sahota,Sonipat
4831,Karan Ramachandran,Pudukkottai
4832,Luke Pandey,Khandwa
4833,Neha Memon,Solapur
4834,Chaitanya Mistry,Bokaro
4835,Benjamin Anand,Gaya
4836,Ikbal Chakrabarti,North Dumdum
4837,Bhavna Vasa,Dindigul
4838,Gaurang Mittal,Avadi
4839,Damyanti Minhas,Patiala
4840,Vanya Doshi,Katihar
4841,Darika Virk,Mirzapur
4842,Tanveer Kalita,Anand
4843,Nidra Khatri,Mirzapur
4844,Chakrika Mane,Erode
4845,Ati Chakraborty,Serampore
4846,Neelima Shere,Arrah
4847,Unni Bajaj,Gudivada
4848,Lakshit Dixit,Malda
4849,Zaitra Mangal,Gandhinagar
4850,Damini Gulati,Pali
4851,Michael Dara,Allahabad
4852,Shravya Nagy,Dhule
4853,Oni Bal,Hospet
4854,Sai Shetty,Miryalaguda
4855,Sai Dora,Arrah
4856,Chandran Khosla,Nellore
4857,Wyatt Pillay,Khammam
4858,Henry Gill,Faridabad
4859,Unnati Pau,Ahmednagar
4860,Ekalinga Sahota,Tirunelveli
4861,Charvi Mann,Jorhat
4862,Upma Jaggi,Deoghar
4863,Harsh Chad,Panipat
4864,Ekta Dixit,Serampore
4865,Pratyush Upadhyay,Ramagundam
4866,Gaurika Bir,Delhi
4867,Jacob Rau,Bhusawal
4868,Dominic Choudhary,Ballia
4869,Liam Bora,Baranagar
4870,Chatura Johal,Udupi
4871,Champak Barman,Vijayawada
4872,Anya Dave,Chittoor
4873,Jasmit Halder,Panipat
4874,Onveer Biswas,Kadapa
4875,Ucchal Zacharia,Kottayam
4876,Manya Virk,Mira-Bhayandar
4877,Wridesh Murthy,Bhiwandi
4878,Omkaar Nath,Panvel
4879,Chasmum Pant,Vadodara
4880,Vritti Goyal,Maheshtala
4881,Veer Padmanabhan,Bally
4882,Praneel Peri,Maheshtala
4883,Jyoti Prakash,Jamshedpur
4884,Teerth Merchant,Tirunelveli
4885,Harini Kibe,Madhyamgram
4886,Agastya Radhakrishnan,Hindupur
4887,Bakhshi Kalita,Indore
4888,Chanakya Babu,Ambattur
4889,Aadhya Dani,Dindigul
4890,Ridhi Keer,Bhilwara
4891,Harsh Gala,Maheshtala
4892,Alexander Ratti,Kadapa
4893,Advay Sangha,Unnao
4894,Isaiah Bakshi,Warangal
4895,Vihaan Bobal,Tinsukia
4896,Jeremiah Malhotra,Darbhanga
4897,Anita Sandhu,Tenali
4898,Chandani Lata,Tadipatri
4899,Laksh Dhingra,Pudukkottai
4900,Agastya Devan,Delhi
4901,Aditya Chowdhury,Dehri
4902,Samar Kothari,Latur
4903,Vritti Choudhury,Moradabad
4904,Kevin Prasad,Tadepalligudem
4905,Riya Bhat,Buxar
4906,Frederick Jaggi,Chittoor
4907,Aarna Dara,Bulandshahr
4908,Wridesh Som,Ghaziabad
4909,Ridhi Munshi,Durgapur
4910,Bimala Minhas,Siliguri
4911,Gopal Choudhry,Uluberia
4912,Urvi Sawhney,Hospet
4913,Krisha Sengupta,Thrissur
4914,Hardik Bava,Patna
4915,Tanmayi Ratti,Kolhapur
4916,Qushi Gopal,Erode
4917,Jasmit Venkatesh,Sirsa
4918,Jacob Puri,Hazaribagh
4919,Indira Loke,Korba
4920,Harinakshi Narayanan,Mahbubnagar
4921,Anirudh Narayanan,Munger
4922,Yamini Bath,Nadiad
4923,Chaaya Gera,Siliguri
4924,Divya Ranganathan,Tezpur
4925,Fitan Magar,Korba
4926,Yashoda Parekh,Noida
4927,Riya Goel,Naihati
4928,Meera Maharaj,Orai
4929,Balendra Jayaraman,Bhopal
4930,Raksha Mahal,Anand
4931,Warhi Manda,Tirunelveli
4932,Aishani Ganesh,Gorakhpur
4933,Chakradev Shanker,Surat
4934,Xavier Parmar,Karimnagar
4935,Ansh Ramanathan,Chinsurah
4936,Frederick Thakur,Chandrapur
4937,Imaran Biswas,Satna
4938,Luke Sheth,Anantapur
4939,Azaan Palla,Navi Mumbai
4940,Lucky Dey,Baranagar
4941,Yutika Roy,Davanagere
4942,Abhiram Pillay,Sikar
4943,Jasmit Yohannan,Gaya
4944,Falguni Mander,Unnao
4945,Faras Wagle,Jaipur
4946,Nirja Hans,Hyderabad
4947,Idika Dora,Pimpri-Chinchwad
4948,Rajata Baria,Guntakal
4949,Kamala Kulkarni,Meerut
4950,Nilima Mangal,Durg
4951,Ishita Sahni,Mahbubnagar
4952,Gautami Jha,Nangloi Jat
4953,Gunbir Pau,Burhanpur
4954,Suhani Datta,Bharatpur
4955,Aadi Lall,Anand
4956,Yasti Muni,Singrauli
4957,William Chakrabarti,Shimla
4958,Balveer Chauhan,Durgapur
4959,Pahal Taneja,Guwahati
4960,Forum Ratti,Bhusawal
4961,Isaiah Sane,Vadodara
4962,Kala Mukhopadhyay,Aurangabad
4963,Saumya Bhagat,Asansol
4964,Tanmayi Kale,Delhi
4965,Diya Hans,Chandrapur
4966,Rachit Goel,Durgapur
4967,Falguni Sidhu,Gandhidham
4968,Frederick Purohit,Meerut
4969,Naksh Chaudhari,Jamshedpur
4970,Siddharth Chaudhuri,Maheshtala
4971,Vasana Dua,Bally
4972,Abeer Dua,Ambattur
4973,Quincy Sachar,Muzaffarnagar
4974,Tanvi Desai,Bijapur
4975,Girindra Bal,Adoni
4976,Sudiksha Ray,Surat
4977,Omaja Jayaraman,Meerut
4978,Triveni Wable,Jorhat
4979,Siya Virk,Rewa
4980,Harsh Dass,Bharatpur
4981,Shaurya Ganguly,Farrukhabad
4982,Ekaraj Shankar,Dehradun
4983,Oni Bail,Jammu
4984,Arjun Arya,Sagar
4985,Patrick Pal,Faridabad
4986,Falguni Bhatia,Farrukhabad
4987,Zayyan Mandal,Tezpur
4988,Chavvi Biswas,Alwar
4989,Madhavi Behl,Khora 
4990,Dev Jaggi,Buxar
4991,Jeevika Roy,North Dumdum
4992,Teerth Kannan,Firozabad
4993,Neel Goda,Kottayam
4994,Parth Contractor,Mathura
4995,Arjun Sama,Durgapur
4996,Ria Misra,Raurkela Industrial Township
4997,Abeer Pillay,Varanasi
4998,Chandran Bora,Bokaro
4999,Yadavi Nagarajan,Serampore
5000,Jeevika Kaur,Kumbakonam
5001,Ranveer Dayal,Tadepalligudem
5002,Onkar Chhabra,Bharatpur
5003,Tristan Rout,Khora 
5004,Christopher Saha,Gwalior
5005,Chanchal Gopal,Mathura
5006,Nisha Rout,Gulbarga
5007,Zaid Chakrabarti,Ajmer
5008,Vrishti Patla,Serampore
5009,Chaman Dass,Panipat
5010,Eta Sundaram,Machilipatnam
5011,Jeevika Pandit,Indore
5012,Abeer Sampath,Kakinada
5013,Gopal Dar,Thanjavur
5014,Dayita Sama,Hajipur
5015,Janya Sami,Firozabad
5016,Jhalak Parsa,Ludhiana
5017,Qarin Bassi,Gorakhpur
5018,Ronith Manda,New Delhi
5019,Chavvi Agrawal,Aurangabad
5020,Charan Bera,Darbhanga
5021,Ojas Patla,Kurnool
5022,Rishi More,Bangalore
5023,Riya Parmer,Salem
5024,Logan Manne,Visakhapatnam
5025,Kashvi Shankar,Bangalore
5026,Hardik Raval,Mehsana
5027,Abha Kari,Nadiad
5028,Arjun Chander,Jamshedpur
5029,Arya Konda,Tirupati
5030,Kevin Oommen,Tirunelveli
5031,Devika Srivastava,Navi Mumbai
5032,Dalaja Ganesan,Bhagalpur
5033,Yahvi Sachdev,Amravati
5034,Wakeeta Dugar,Tadepalligudem
5035,Jhalak Naidu,Kollam
5036,Guneet Konda,Hosur
5037,Januja Nigam,Surat
5038,Jyoti Talwar,Aizawl
5039,Upkaar Bal,Karawal Nagar
5040,Omya Dara,Lucknow
5041,Siya Deol,Hubli–Dharwad
5042,Jhalak Vasa,Satna
5043,Fiyaz Loyal,Bhusawal
5044,Luke Randhawa,Farrukhabad
5045,Sara Balan,Kurnool
5046,Warda Sibal,Nashik
5047,Manthan Kohli,Satna
5048,Yochana Deol,Haldia
5049,Aahana Vora,Indore
5050,Vedant Agate,Guna
5051,Omya Palla,Mirzapur
5052,Aarav Jayaraman,Kakinada
5053,Anmol Randhawa,Farrukhabad
5054,Arjun Sem,Warangal
5055,Vrinda Mangat,Motihari
5056,Zaid Vyas,Nagaon
5057,Harrison Garde,Maheshtala
5058,Fiyaz Andra,Rajkot
5059,Yash Sami,Bongaigaon
5060,Urmi Warrior,Parbhani
5061,Janaki Gola,Muzaffarpur
5062,Warjas Babu,Khandwa
5063,Amol Tiwari,Nashik
5064,Ekani Randhawa,Dhanbad
5065,Gautami Oak,Nagercoil
5066,Kevin Oza,Satara
5067,Patrick Dar,Ghaziabad
5068,Tanmayi Jain,Thiruvananthapuram
5069,Maanas Bhatti,Vellore
5070,Kai Kumer,Burhanpur
5071,Lipika Arora,Mumbai
5072,Pranit Khosla,Shivpuri
5073,Chasmum Sabharwal,Amroha
5074,Gunbir Tara,Kakinada
5075,Faris Kaul,Bokaro
5076,Akshay Saxena,Deoghar
5077,Fariq Tara,Agra
5078,Hema Sagar,Dhule
5079,Inaya Tara,Bally
5080,Ishani Maharaj,Tiruvottiyur
5081,Faqid Sami,Ballia
5082,Hredhaan Shan,Ahmednagar
5083,Tamanna Varty,Amaravati
5084,Udyati Hans,Tiruppur
5085,Ekavir Sawhney,Mirzapur
5086,Aarini Garg,Kochi
5087,Samarth Som,Udupi
5088,Vidhi Bora,Mango
5089,Meghana Srinivas,Gudivada
5090,Imaran Varughese,Nangloi Jat
5091,Zilmil Bail,Saharsa
5092,Ishani Singhal,Purnia
5093,Vansha Sachar,Bijapur
5094,Elijah Agrawal,Warangal
5095,Saanvi Sampath,Kollam
5096,Jeremiah Kibe,Malda
5097,Rishi Kashyap,Sambalpur
5098,Isaac Loke,Amaravati
5099,Yamini Bose,Warangal
5100,Vaishnavi Venkataraman,Bangalore
5101,Megha Rastogi,Allahabad
5102,Ronith Chandran,Eluru
5103,Omisha Upadhyay,Arrah
5104,Baljiwan Sule,Udupi
5105,Yasti Tank,Shivpuri
5106,Mohammed Koshy,Ongole
5107,Akshay Doshi,Dehradun
5108,Falan Krishnamurthy,Aurangabad
5109,Luke Goswami,Kota
5110,Timothy Sathe,Kamarhati
5111,Christopher Deol,Pali
5112,Ladli Sharma,Chandigarh
5113,Yashica Deshmukh,Akola
5114,Simon Sami,Jehanabad
5115,Om Kalita,Aurangabad
5116,William Pradhan,Nadiad
5117,Sara Natt,Sambalpur
5118,Chaitaly Srinivas,Tadipatri
5119,Aadhya Menon,Mau
5120,Shivansh Madan,Jalgaon
5121,Mugdha Nagy,Ahmednagar
5122,Diya Malhotra,Chapra
5123,Inaya Nanda,Berhampur
5124,Anirudh Sant,Nagercoil
5125,Samarth Dugar,Amravati
5126,Manthan Kamdar,Naihati
5127,Ayushman Kaur,Medininagar
5128,Bhavna Hegde,Sambalpur
5129,Jackson Malhotra,Mysore
5130,Nisha Bhavsar,Bhiwani
5131,Abhiram Mitra,Gopalpur
5132,Gopal Bajwa,Madanapalle
5133,Yuvraj Borra,Dhule
5134,Banjeet Ram,Guwahati
5135,Samaksh Gour,Bulandshahr
5136,Raksha Kothari,Suryapet
5137,Udant Lal,Rourkela
5138,Faras Hans,Panipat
5139,Zinal Madan,Gangtok
5140,Unni Barad,Guntakal
5141,Ishanvi Ram,Ozhukarai
5142,Maya Kapoor,New Delhi
5143,Advika Panchal,Kharagpur
5144,Balveer Maharaj,Raichur
5145,Peter Doctor,Deoghar
5146,Bahadurjit Virk,Haridwar
5147,Radhika Chaudhary,Barasat
5148,Hema Chowdhury,Cuttack
5149,Vaishnavi Khurana,Eluru
5150,Isaiah Sarna,Nagaon
5151,Qabil Chaudhari,Raurkela Industrial Township
5152,Barkha Boase,Rourkela
5153,Bhanumati Verma,Bhilwara
5154,Noah Narula,Maheshtala
5155,Nitesh Patel,Deoghar
5156,Anay Kuruvilla,Kanpur
5157,Baljiwan Mitra,Bellary
5158,Kalpit Chanda,Rourkela
5159,Ucchal Nanda,Srinagar
5160,Anusha Sama,Amravati
5161,Zilmil Purohit,Dehradun
5162,Akshay Doshi,Aizawl
5163,Mekhala Gade,Thane
5164,Balendra Vala,Morena
5165,Krish Yogi,Salem
5166,Azad Yogi,Amravati
5167,Frederick Lad,Warangal
5168,Gabriel Mukhopadhyay,Jammu
5169,Krishna Gole,Nadiad
5170,Yashodhara Dugal,Kakinada
5171,Chaman Dutta,Bijapur
5172,Odika Mani,Sasaram
5173,Aradhana Badami,Anantapur
5174,Balhaar Goyal,Ratlam
5175,Alexander Dara,Rohtak
5176,Gautami Viswanathan,Nagpur
5177,Ubika Butala,Phusro
5178,Alka Vaidya,Tiruchirappalli
5179,Dipta Kara,Asansol
5180,Edhitha Dhar,Anand
5181,Bhavani Venkatesh,Bhalswa Jahangir Pur
5182,Gabriel Parikh,Shimla
5183,Jai Kade,Aurangabad
5184,Nihal Mohanty,Sasaram
5185,Yochana Boase,Bareilly
5186,Kala Dyal,Suryapet
5187,Hardik Randhawa,Udaipur
5188,Bhavini Gupta,Orai
5189,Aryan Kaur,Bidar
5190,Ronith Luthra,Suryapet
5191,Amrita Bandi,Narasaraopet
5192,Abhiram Devi,Guntakal
5193,Netra Bala,Danapur
5194,Ishani Bava,Haridwar
5195,Mahika Bora,Dhanbad
5196,Jeevika Gade,Morbi
5197,Riya Mallick,Siliguri
5198,Pavani Sarraf,Pudukkottai
5199,Oviya Madan,Durgapur
5200,Neelima Shetty,Alappuzha
5201,Agastya Parikh,Gorakhpur
5202,Diya Bansal,Ambarnath
5203,Manthan Chana,Ballia
5204,Aahana Reddy,Pimpri-Chinchwad
5205,Jhalak Purohit,Morbi
5206,Keya Palla,Mahbubnagar
5207,Farhan Batta,Bettiah
5208,Ryan Swamy,Vellore
5209,Vanya Nori,Vasai-Virar
5210,Bhanumati Koshy,Raichur
5211,Pranit Sarma,Ajmer
5212,Lohit Nayak,Kurnool
5213,Netra Chana,Phagwara
5214,Neha Rao,Jamnagar
5215,Saanvi Mani,Bhatpara
5216,Abdul Tara,Nandyal
5217,Andrew Deshmukh,Solapur
5218,Oliver Jha,Raipur
5219,Anita Chaudry,Indore
5220,Simon Atwal,Rajkot
5221,Urishilla Bajwa,Guntakal
5222,Nachiket Kota,Jhansi
5223,Garima Pillai,Anantapur
5224,Udyati Wali,Guntur
5225,Samarth Nair,Mango
5226,Balveer Chakrabarti,Sasaram
5227,Timothy Varghese,Rourkela
5228,Veda Naidu,Bellary
5229,Anmol Toor,Pudukkottai
5230,Advika Kar,Vadodara
5231,Wahab Saran,Silchar
5232,Vritti Nazareth,Thrissur
5233,Chandani Andra,Jodhpur
5234,Kamya Taneja,Satara
5235,Kashish Soman,Surat
5236,Jagat Ben,Bahraich
5237,Ijaya Majumdar,Bally
5238,Vrinda Mitter,Suryapet
5239,Ryan Mital,Dehradun
5240,Wridesh Doshi,Bhusawal
5241,Vasudha Mahajan,Narasaraopet
5242,Vansha Khurana,Rohtak
5243,Vyanjana Krish,Hajipur
5244,Pahal Patla,Maheshtala
5245,Anika Pillai,Siwan
5246,Devansh Kaur,Navi Mumbai
5247,Jeremiah Manne,Mumbai
5248,Aarini Natarajan,Amravati
5249,Wishi Kothari,Delhi
5250,Shivansh Cherian,Pimpri-Chinchwad
5251,Amaira Sant,Bongaigaon
5252,Hemal Sami,Sirsa
5253,Unnati Mallick,Bidhannagar
5254,Garima Bassi,Gaya
5255,Anjali Tara,Thane
5256,Manya Dalal,Ambarnath
5257,Adweta Handa,Bidhannagar
5258,Oviya Dalal,Asansol
5259,Divya Savant,Salem
5260,Kiaan Lala,Bokaro
5261,George Butala,Pudukkottai
5262,Chandani Menon,Chinsurah
5263,Tara Butala,Hospet
5264,Saumya Padmanabhan,Hospet
5265,Oni Borah,Bikaner
5266,Oscar Palan,Nandyal
5267,Ucchal Kari,Raiganj
5268,Advik Narula,Madurai
5269,Zaitra Ratta,Anantapur
5270,Bimala Dey,Sonipat
5271,Peter Tank,Ghaziabad
5272,Reyansh Shan,Ambattur
5273,Nidhi Mitra,Jehanabad
5274,Falguni Varty,Karnal
5275,Advaith Warrior,Vijayawada
5276,Januja Sur,Udupi
5277,Quincy Toor,Jaipur
5278,Matthew Agate,North Dumdum
5279,Urvi Grover,Eluru
5280,Darsh Mane,Bhalswa Jahangir Pur
5281,Priya Dara,Warangal
5282,Divya Narula,Warangal
5283,Lopa Natt,Burhanpur
5284,Ronith Sawhney,Tezpur
5285,Alka Sidhu,Navi Mumbai
5286,Nathaniel Nazareth,Pudukkottai
5287,Simon Hans,Phusro
5288,Gunbir Bala,Sasaram
5289,Unni Sehgal,Karawal Nagar
5290,Nisha Palla,Lucknow
5291,Unni Prakash,Raebareli
5292,Anita Barad,Salem
5293,Maya Oza,Bokaro
5294,Lohit Soni,Ambattur
5295,Nakul Wadhwa,Ambattur
5296,Adya Mukhopadhyay,Ghaziabad
5297,Shravya Parmer,Amravati
5298,Darsh Vasa,Kochi
5299,Mohini Dass,Etawah
5300,Jackson Kothari,Salem
5301,Dominic Oommen,Purnia
5302,Janaki Raval,Cuttack
5303,Ranbir Mukhopadhyay,Panihati
5304,Gaurangi Dhingra,Ujjain
5305,Netra Wadhwa,Ahmedabad
5306,Nitara Anand,Dindigul
5307,Azad Vasa,Jamshedpur
5308,Adweta Shenoy,Ghaziabad
5309,Abhimanyu Kamdar,Medininagar
5310,Baljiwan Bhatti,Sikar
5311,Gabriel Sundaram,Jamshedpur
5312,Jagat Kakar,Burhanpur
5313,Oliver Solanki,Pondicherry
5314,Anusha Sachdeva,Ambarnath
5315,Udyati Ramachandran,Bidar
5316,Vedant Randhawa,Rajahmundry
5317,Upma Parmer,Tinsukia
5318,Dhriti Patla,Hubli–Dharwad
5319,Arin Bhattacharyya,Dharmavaram
5320,Avi Wali,Aizawl
5321,Chakradev Bhavsar,Udupi
5322,Charita Ray,Agra
5323,Yagnesh Ratta,Thrissur
5324,Gautam Jhaveri,Bareilly
5325,Lakshit Bava,Patna
5326,Zashil Mane,Bhind
5327,Ayaan Madan,Ramagundam
5328,Advaith Kaur,Raiganj
5329,Qadim Sheth,Gurgaon
5330,Praneel Mangal,Thrissur
5331,Peter Raj,Rajahmundry
5332,Omisha Balakrishnan,Jorhat
5333,Harsh Sekhon,Sri Ganganagar
5334,Maanas Som,Madhyamgram
5335,Januja Sathe,Noida
5336,Frederick Zachariah,Kota
5337,Ekapad Saini,Sambalpur
5338,Zayyan Andra,Gopalpur
5339,Avni Iyer,Akola
5340,Ayaan Bansal,Thoothukudi
5341,Mitesh Sani,Panihati
5342,Fariq Vasa,Bilaspur
5343,Ati Nagarajan,Srinagar
5344,Viraj Thakkar,Davanagere
5345,Turvi Chaudhari,Akola
5346,Shivansh Karnik,Jaunpur
5347,Hitesh Saraf,Navi Mumbai
5348,Jagrati Barman,Rewa
5349,Widisha Kadakia,Hindupur
5350,Hiral Acharya,Adoni
5351,Deepa Chahal,Gulbarga
5352,Pratyush Sampath,Ulhasnagar
5353,Yatin Johal,Ramagundam
5354,Isaiah Rajagopal,Chittoor
5355,Eiravati Bains,Parbhani
5356,Darika Panchal,Srinagar
5357,Avni Patil,Karaikudi
5358,Nandini Suri,Dewas
5359,Nathan Kunda,Bidhannagar
5360,Lajita Ratta,Guna
5361,Jatin Choudhury,Gorakhpur
5362,Eesha Bava,Karnal
5363,Yash Ray,Bellary
5364,Qushi Varughese,Tenali
5365,Sanaya Bumb,Aligarh
5366,Krishna Chander,Mirzapur
5367,Zehaan Patil,Gulbarga
5368,Jeevika Yadav,Berhampur
5369,Shravya Deep,Gopalpur
5370,Darika Sarraf,Bidhannagar
5371,Tanveer Sant,Guna
5372,Aditya Ganesan,Thrissur
5373,Watika Thaker,Gudivada
5374,Pallavi Dass,Unnao
5375,Balvan Edwin,Durg
5376,Gaurika Hayer,Nagaon
5377,Zehaan Kohli,Sambhal
5378,Manbir Vohra,Jamshedpur
5379,Leela Chana,Aurangabad
5380,Eshana Padmanabhan,Dehri
5381,Dalaja Kala,Bilaspur
5382,Ishwar Dube,Morena
5383,Anay Kota,Davanagere
5384,Champak Tella,Bellary
5385,Praneel Srinivasan,Thoothukudi
5386,Advaith Bhatnagar,Miryalaguda
5387,Omaja Nazareth,Mirzapur
5388,Guneet Varma,Khammam
5389,Hardik Sagar,Tirupati
5390,Kala Sibal,Junagadh
5391,Ekbal Balay,Bidhannagar
5392,Kalpit Choudhury,Srinagar
5393,Tejas Bora,Kulti
5394,Nakul Naidu,Bongaigaon
5395,Shivani Chaudhry,Kishanganj
5396,Unnati Vig,Bathinda
5397,Sanaya Master,Tenali
5398,Inaya Sha,Anand
5399,Ria Sahota,Kurnool
5400,Falak Dey,Darbhanga
5401,Arunima Sehgal,Jaipur
5402,Idika Mahajan,Khandwa
5403,Damyanti Mander,Tezpur
5404,Qushi Pant,Ratlam
5405,Oscar Vaidya,Jamshedpur
5406,Jagat Vala,Howrah
5407,Nisha Kant,Cuttack
5408,Zashil Raval,Purnia
5409,Arya Pau,Bahraich
5410,Zehaan Banik,Gorakhpur
5411,Vamakshi Kohli,Hyderabad
5412,Michael Parmer,Kamarhati
5413,Vyanjana Sahota,Malegaon
5414,Isaiah Apte,Jorhat
5415,Balendra Seshadri,Dindigul
5416,Nidra Sangha,Dhule
5417,Chasmum Viswanathan,Malegaon
5418,Rachita Shenoy,Avadi
5419,Jackson Dara,Jorhat
5420,Eiravati Sangha,Bhagalpur
5421,Vedant Dhillon,Jodhpur
5422,Mohini Dass,Amroha
5423,Mitali Dey,Secunderabad
5424,Pushti Ahuja,Hapur
5425,Jackson Kaur,Belgaum
5426,Nidhi Shenoy,Chittoor
5427,Bhavini Pandey,Kozhikode
5428,Ikbal Bahl,Udupi
5429,Caleb Parmer,Ramagundam
5430,Udant Wagle,Kota
5431,Omaja Bora,Bhatpara
5432,Radhika Varughese,Aizawl
5433,Raksha Bandi,Gopalpur
5434,Robert Sur,Sagar
5435,Aachal Taneja,Uluberia
5436,Banjeet Balasubramanian,Pallavaram
5437,Wridesh Gole,Tirunelveli
5438,Tanmayi Agarwal,Karimnagar
5439,Imaran Hegde,Raichur
5440,Brijesh Dubey,Kulti
5441,Pavani Menon,Patna
5442,Vihaan Sangha,Aurangabad
5443,Gaurangi Kumer,Jodhpur
5444,Charvi Sane,Muzaffarnagar
5445,Bimala Hora,Sultan Pur Majra
5446,Saumya Menon,Imphal
5447,Sanaya Sabharwal,Gurgaon
5448,Joshua Wason,Phusro
5449,Aadi Sane,Bangalore
5450,Gagan Bali,Mumbai
5451,Michael Rao,Sagar
5452,Ubika Upadhyay,Tirupati
5453,Falak Keer,Coimbatore
5454,Anay Chada,Mirzapur
5455,Abeer Iyer,Rewa
5456,Vritti Borra,Guwahati
5457,Raagini Handa,Darbhanga
5458,Nisha Golla,Bhiwani
5459,Ekaja Biswas,Kharagpur
5460,Nirja Balakrishnan,Jabalpur
5461,Zaitra Viswanathan,Ramgarh
5462,Yauvani Ganesh,Bihar Sharif
5463,Ekansh Vaidya,Mathura
5464,Anika Basu,Patna
5465,Onkar Mane,Begusarai
5466,Ishita Soman,Udaipur
5467,Advika Sunder,Shimoga
5468,Omya Ghose,Amroha
5469,Guneet Ramesh,Pondicherry
5470,Pranit Shah,Mysore
5471,Alka Singh,Haridwar
5472,Vaishnavi Sami,Panvel
5473,Isaiah Tara,Medininagar
5474,Kamya Dhar,Hindupur
5475,Krishna Thaker,Vasai-Virar
5476,Yashica Mandal,Ghaziabad
5477,Atharv Doctor,Navi Mumbai
5478,Nirja Borde,Saharsa
5479,Nakul Dara,Karimnagar
5480,Chatresh Anand,Phusro
5481,Vamakshi Som,Tirunelveli
5482,Pushti Konda,Bettiah
5483,Faqid Batra,Haldia
5484,Maanav Mand,Mira-Bhayandar
5485,Elijah Karan,Katni
5486,Prisha Kapur,Haridwar
5487,Jagrati Vyas,Avadi
5488,Ranveer Sangha,New Delhi
5489,Harita Prabhakar,Kadapa
5490,Fiyaz Tiwari,Miryalaguda
5491,Girik Varma,Pallavaram
5492,Manya Chaudhry,Varanasi
5493,Vidhi Sagar,Shivpuri
5494,Chatura Kala,Ahmedabad
5495,Teerth Sandhu,Tiruvottiyur
5496,Lopa Khosla,Aurangabad
5497,Netra Biswas,Secunderabad
5498,Banjeet Chaudhari,Vijayanagaram
5499,Azaan Ganesan,Durgapur
5500,Zehaan Mittal,Kamarhati
5501,Sai Gokhale,Jalandhar
5502,Harish Nath,Khandwa
5503,Devansh Parsa,Phagwara
5504,Gabriel Prashad,Kota
5505,Chakradhar Khurana,Raurkela Industrial Township
5506,Watika Bhatia,Ulhasnagar
5507,Harrison Gour,Unnao
5508,Nimrat Khare,Tirupati
5509,Isha Deshmukh,Nadiad
5510,Yoshita Bose,Pallavaram
5511,Amol Pandit,Orai
5512,Oviya Gill,Sasaram
5513,Aayush Varty,Aligarh
5514,Aadhya Das,Parbhani
5515,Nidra Bassi,Raurkela Industrial Township
5516,Vamakshi Ahuja,Nellore
5517,Rudra Bal,Motihari
5518,Yutika Babu,Thane
5519,Raghav Mody,Navi Mumbai
5520,Indira Sura,Pondicherry
5521,Yasti Sridhar,Durg
5522,Qarin Narang,Ongole
5523,Radhika Sidhu,Gopalpur
5524,Mitesh Gole,Thoothukudi
5525,Kai Pandit,Karnal
5526,Daksha Sur,Latur
5527,Dayita Sethi,Malda
5528,Jalsa Bir,Satna
5529,Libni Kale,Ongole
5530,Diya Patel,Ramgarh
5531,Arya Datta,Rajahmundry
5532,Ikshita More,Nandyal
5533,Ekantika Parsa,Jabalpur
5534,Qasim Johal,Karawal Nagar
5535,Aarnav Jain,Buxar
5536,Gagan Ahuja,Bhind
5537,Nikita Nair,Begusarai
5538,Damyanti Om,Chennai
5539,Rushil Kamdar,Hospet
5540,Frederick Nayak,Imphal
5541,Simon Sane,Bharatpur
5542,Theodore Oak,Allahabad
5543,Wakeeta Varkey,Howrah
5544,Forum Bahri,Tirupati
5545,Dipta Sura,Machilipatnam
5546,Balvan Mandal,Cuttack
5547,Jeremiah Bandi,Gaya
5548,Ojasvi Chatterjee,Gorakhpur
5549,Ranbir Bandi,Aurangabad
5550,Krishna Thakkar,Shahjahanpur
5551,Wriddhish Sarraf,Moradabad
5552,Aditya Badal,Muzaffarpur
5553,Balhaar Butala,Shivpuri
5554,Aarini Gaba,Thiruvananthapuram
5555,Darika Bhatia,Ballia
5556,Upkaar Sura,Orai
5557,Eesha Maharaj,Jaipur
5558,Ishanvi Arora,Jalandhar
5559,Brinda Sarma,Hindupur
5560,Eta Iyengar,Karimnagar
5561,Ati Lall,Thanjavur
5562,Vansha Mander,Kishanganj
5563,Ekavir Hayer,Raiganj
5564,Yashasvi Sem,Karawal Nagar
5565,Bhanumati Hayre,Uluberia
5566,Qarin Rattan,Katihar
5567,Vrishti Sangha,Mangalore
5568,Azaan Saran,Pune
5569,Yashodhara Andra,Nellore
5570,Arya Raj,Ramgarh
5571,Devika Banik,Agra
5572,Elijah Bala,Ranchi
5573,Kalpit Deo,Srikakulam
5574,Rachit Chand,Ichalkaranji
5575,Anirudh Cherian,Kulti
5576,Damini Gola,Purnia
5577,Indali Ramaswamy,Muzaffarpur
5578,Chakradhar Butala,Imphal
5579,Harita Roy,Bongaigaon
5580,Chatresh Mammen,Mangalore
5581,Gagan Kar,Kumbakonam
5582,Kala Buch,Deoghar
5583,Shaurya Badal,Surendranagar Dudhrej
5584,Ekaja Verma,Siliguri
5585,Anvi Bera,Deoghar
5586,Aishani Mani,Durg
5587,Faraj Sandal,Davanagere
5588,Onveer Balay,Kharagpur
5589,Yasti Edwin,Arrah
5590,Brinda Batra,Madurai
5591,Anjali Banerjee,Asansol
5592,Udant Rastogi,Pimpri-Chinchwad
5593,Ishanvi Sibal,Khandwa
5594,Geetika Mandal,Cuttack
5595,Chakrika Mital,Pali
5596,Karan Naidu,Vadodara
5597,Janya Ray,Agra
5598,Bishakha Yogi,Guntur
5599,Ria Kale,Dewas
5600,Omya Sethi,Nashik
5601,Chakrika Rout,Jorhat
5602,Raagini Mody,Gulbarga
5603,Robert Chaudhry,Gorakhpur
5604,Saksham Jayaraman,Jehanabad
5605,Dayamai Sha,Muzaffarnagar
5606,Samarth Swamy,Kamarhati
5607,Qabil Walla,Jamalpur
5608,Advaith Chacko,Amaravati
5609,Utkarsh Gupta,Kolkata
5610,Gaurangi Bains,Vasai-Virar
5611,Sachi Deshpande,Bathinda
5612,Oni Pingle,Sangli-Miraj & Kupwad
5613,Jagdish Patil,Anand
5614,Chanakya Buch,Satna
5615,Jagvi Gopal,Cuttack
5616,Parth Palla,Morbi
5617,Vaishnavi Jha,Raiganj
5618,Ayaan Mukhopadhyay,Nizamabad
5619,Faqid Chaudry,Coimbatore
5620,Jasmit Bir,South Dumdum
5621,Laban Sunder,Sangli-Miraj & Kupwad
5622,Jalsa Brahmbhatt,Gudivada
5623,Kritika Handa,Asansol
5624,Omya Saraf,Varanasi
5625,Balveer Bhasin,Siliguri
5626,Sneha Talwar,Aizawl
5627,Ishwar Bhardwaj,Bardhaman
5628,Oliver Shroff,Proddatur
5629,Gagan Shere,Nanded
5630,Yashoda Bhagat,Phusro
5631,Hardik Loyal,Bikaner
5632,Wriddhish Chhabra,Mirzapur
5633,Yashasvi Krishnamurthy,Panvel
5634,Brinda Agrawal,Vadodara
5635,Saksham Mohan,Firozabad
5636,Vihaan Sane,Amravati
5637,Eshana Chowdhury,Chinsurah
5638,Rajata Hora,Satara
5639,Ekbal Narayan,Bharatpur
5640,Kai Walia,Varanasi
5641,Victor Dugar,Jammu
5642,Aachal Tandon,Vellore
5643,Inaya Bawa,Ajmer
5644,Kalpit Pau,Bhubaneswar
5645,Qabil Bhat,Satara
5646,Luke Purohit,Ambarnath
5647,Hemal Hari,Thoothukudi
5648,Tripti Barman,Eluru
5649,Bimala Gill,Hindupur
5650,Pratyush Goswami,Tiruchirappalli
5651,Arya Sekhon,Dhanbad
5652,Ethan Thaman,Tadepalligudem
5653,Rachita Hayre,Machilipatnam
5654,Raagini Kale,Akola
5655,Veda Sangha,Mira-Bhayandar
5656,Matthew Bhat,Berhampur
5657,Ekalinga Sarma,Cuttack
5658,Qasim Upadhyay,Nagercoil
5659,Anjali Warrior,Latur
5660,Atharv Thakkar,Raiganj
5661,Amara Bawa,Miryalaguda
5662,Ekaja Yadav,Mathura
5663,Baljiwan Natarajan,Gopalpur
5664,Dayita Bhargava,Bhalswa Jahangir Pur
5665,Yashoda Karpe,Farrukhabad
5666,Watika Sur,Sambhal
5667,Manbir Bahri,Pune
5668,Amrita Sagar,Dhanbad
5669,Alka Bains,Hubli–Dharwad
5670,Viraj Ravi,Serampore
5671,Omisha Ganguly,Ahmedabad
5672,Atharv Kibe,Bahraich
5673,Barkha Raman,Haldia
5674,Onkar Sane,Siwan
5675,Rehaan Goswami,Nagpur
5676,Aradhana Kanda,Ramagundam
5677,Akshay Jayaraman,Hosur
5678,Kritika Narain,Panipat
5679,Megha Yogi,Firozabad
5680,Mekhala Baria,Surat
5681,Ikbal Sagar,Morena
5682,Henry Om,Rampur
5683,Devika Balan,Rourkela
5684,Samarth Chada,Tenali
5685,Amol Char,Ramagundam
5686,Adya Samra,Lucknow
5687,Saanvi Varghese,Imphal
5688,Warda Bora,Jodhpur
5689,Neha Bedi,Bhiwandi
5690,Indrajit Tella,Nagaon
5691,Jairaj Sachar,Ahmednagar
5692,Saumya Butala,Tadipatri
5693,Janaki Chawla,Mehsana
5694,Nathan Lata,Delhi
5695,Widisha Bora,Gurgaon
5696,Deepa Samra,Hyderabad
5697,Patrick Kurian,Phusro
5698,Anita Brar,Tadepalligudem
5699,Kevin Sarraf,Jamnagar
5700,Jyoti Wable,Bijapur
5701,Chameli Bose,Machilipatnam
5702,Kabir Bir,Singrauli
5703,Anamika Ganesan,Ozhukarai
5704,Urvashi Pandey,Sasaram
5705,Balendra Natt,Thrissur
5706,Adya Mital,Gurgaon
5707,Oni Kara,Bijapur
5708,Gautami Chada,Siwan
5709,Jeet Cheema,Imphal
5710,Ria Prabhakar,Bihar Sharif
5711,Frado Naik,Rajahmundry
5712,Ryan Mody,Bongaigaon
5713,Yadavi Basu,Katihar
5714,Omaja Parsa,Adoni
5715,Chakradev Tara,Bhilwara
5716,Dalbir Nagi,Bhopal
5717,Bhavya Suri,Avadi
5718,Warinder Oommen,Nagercoil
5719,Januja Dube,Karaikudi
5720,Hemangini Pant,Erode
5721,Quincy Babu,Gwalior
5722,Manan Ratta,Dhule
5723,Anay Parikh,Narasaraopet
5724,Daksha Sehgal,Baranagar
5725,Maanav Puri,Karaikudi
5726,Benjamin Bera,Khora 
5727,Banjeet Agarwal,Sonipat
5728,Yoshita Kant,Parbhani
5729,Isha Mistry,North Dumdum
5730,Gautam Kapur,Jaipur
5731,Laban Misra,Korba
5732,Saanvi Sule,Pallavaram
5733,Janani Dhar,Imphal
5734,Prisha Dube,Raichur
5735,Charvi Uppal,Aizawl
5736,Xavier Rajagopal,Bangalore
5737,Charles Sule,Sagar
5738,Nicholas Chand,Junagadh
5739,Varenya Chowdhury,Kolhapur
5740,Dayamai Raja,Anantapuram
5741,Vyanjana Karpe,Panvel
5742,Ekanta Sibal,Gandhidham
5743,Faraj Batra,Aizawl
5744,Arin Cheema,Narasaraopet
5745,Teerth Virk,Berhampur
5746,Varenya Chauhan,Korba
5747,Wahab Balay,Shahjahanpur
5748,Advaith Om,Dibrugarh
5749,Chandresh Shukla,Agra
5750,Frederick Chowdhury,Satna
5751,Yachana Pathak,Jalgaon
5752,Joshua Sridhar,Gandhidham
5753,Lekha Dyal,Naihati
5754,Ayush Bir,Belgaum
5755,Warinder Garde,Salem
5756,Arya Nagarajan,Sonipat
5757,Tara Anand,Anand
5758,Sara Lata,Nandyal
5759,Faqid Yadav,Aurangabad
5760,Tristan Mand,Parbhani
5761,Rachit Roy,Tirupati
5762,Dhriti Dua,Ambala
5763,Daksh Naik,Gudivada
5764,Urvashi Iyengar,Jodhpur
5765,Varsha Kala,Hosur
5766,Daksha Bhalla,Guna
5767,Zansi Kannan,Ghaziabad
5768,Mason Hari,Howrah
5769,Samarth Manne,Berhampur
5770,Neelima Nazareth,Kollam
5771,Urmi Misra,Kota
5772,Ishaan Prashad,Fatehpur
5773,Nihal Nori,Bahraich
5774,Ikshita Parmar,Khammam
5775,Arunima Sankaran,Firozabad
5776,Shravya Bhattacharyya,Anand
5777,Ayush Memon,Jamalpur
5778,Indira Kanda,Bhatpara
5779,Vyanjana Chaudhry,Mira-Bhayandar
5780,Shaurya Seshadri,Loni
5781,Harini Gara,Jehanabad
5782,Tanay Pall,Bongaigaon
5783,Avni Goyal,Kakinada
5784,Faris Kade,Kozhikode
5785,Radha Krish,North Dumdum
5786,Mohammed Bumb,Bally
5787,Chameli Dhawan,Pune
5788,Yasti Shroff,New Delhi
5789,Luke Sur,Nadiad
5790,Raagini Bansal,Ballia
5791,Sai Raja,Bhatpara
5792,Vivaan Chauhan,Warangal
5793,Yadavi Narula,Asansol
5794,Rayaan Date,Kochi
5795,Theodore Madan,Proddatur
5796,Arin Mall,Bangalore
5797,Ati Patil,Tirunelveli
5798,Nathaniel Kar,Ambarnath
5799,Manya Varughese,Ongole
5800,Gabriel Lad,Gudivada
5801,Vasudha Venkatesh,Bathinda
5802,Lucky Mitter,Gaya
5803,Damyanti Dubey,Katihar
5804,Yahvi Modi,Bilaspur
5805,Ikshita Ravel,Khandwa
5806,Nandini Tiwari,Nellore
5807,Warda Shere,Sultan Pur Majra
5808,Sai Kibe,Ujjain
5809,Omkaar Khare,Varanasi
5810,Girindra Bir,Srikakulam
5811,Yatin Dyal,Delhi
5812,Ayaan Merchant,Khora 
5813,Kala Banik,Saharanpur
5814,Logan Char,Burhanpur
5815,Frado Jani,Arrah
5816,Mason Hora,Kurnool
5817,Ayush Muni,Panihati
5818,Keya Halder,Durg
5819,Dakshesh Kapur,Bhatpara
5820,Balhaar Ghose,Ajmer
5821,Bhavani Mohanty,Dhanbad
5822,Vivaan Karan,Bhimavaram
5823,Alka Ramesh,Phagwara
5824,Warinder Gala,Amaravati
5825,Yoshita Basak,Vasai-Virar
5826,Jonathan Chadha,Singrauli
5827,Ranbir Thakur,Morbi
5828,Caleb Talwar,Pondicherry
5829,Onkar Shere,Bally
5830,Jatin Pingle,Dindigul
5831,Naveen Kaul,Dewas
5832,Panini Dugar,Davanagere
5833,Agastya Issac,Kottayam
5834,Gautami Puri,Ballia
5835,Unni Borah,Aizawl
5836,Ladli Babu,Vijayawada
5837,Osha Ganguly,Narasaraopet
5838,Ekbal Borde,Udaipur
5839,Hemangini Varughese,Munger
5840,Michael Sen,Kota
5841,Sarthak Rai,Proddatur
5842,Niharika Agate,Moradabad
5843,Sara Setty,Hapur
5844,Vidhi Shroff,Gaya
5845,Yutika Warrior,Ujjain
5846,Zashil Karnik,Barasat
5847,Nisha Nayak,Vellore
5848,Ishanvi Tara,Thrissur
5849,Pranav Nath,Kollam
5850,Aryan Aggarwal,Surendranagar Dudhrej
5851,Janya Palla,Korba
5852,Pavani Kibe,Delhi
5853,Nilima Seshadri,Ramgarh
5854,Dalbir Bera,Ratlam
5855,Libni Saha,Machilipatnam
5856,Imaran Batta,Ambattur
5857,Siya Gopal,Satara
5858,Champak Cheema,Coimbatore
5859,Azaan Chowdhury,Asansol
5860,Leela Amble,Jodhpur
5861,Rohan Mani,Vijayawada
5862,Ekantika Basu,Dehri
5863,Rachit Boase,Jalgaon
5864,Simon Nath,Ajmer
5865,Kashvi Rattan,Farrukhabad
5866,Indali Dasgupta,Ballia
5867,Frado Patil,Patna
5868,Sudiksha Mishra,Nanded
5869,Daksha Bedi,Khandwa
5870,Manbir Acharya,Belgaum
5871,Vasudha Chatterjee,Yamunanagar
5872,Vamakshi Thakur,Ulhasnagar
5873,Neha Sachdev,Sonipat
5874,Raghav Sanghvi,Thoothukudi
5875,Barkha Dayal,Davanagere
5876,Wyatt Karan,Ajmer
5877,Jeevika Handa,Mangalore
5878,Divya Raj,Srinagar
5879,Ryan Chad,Hindupur
5880,David Varughese,Ambattur
5881,Ishanvi Suri,Patna
5882,Bhavini Babu,Tiruvottiyur
5883,Waida Gandhi,Bathinda
5884,Warhi Prashad,Satna
5885,Samaksh Tara,Gandhinagar
5886,Gayathri Randhawa,Guwahati
5887,Aarush Chanda,Bangalore
5888,Jyoti Bhakta,Rajpur Sonarpur
5889,Brijesh Bhatti,Anantapur
5890,Balvan Borah,Saharanpur
5891,Dhriti Nagy,Visakhapatnam
5892,Yahvi Seth,Kulti
5893,Ekta Badami,Morena
5894,Radha Loyal,Navi Mumbai
5895,Balhaar Pandit,Giridih
5896,Ekani Gade,Aligarh
5897,Fitan Boase,Kozhikode
5898,Krishna Banerjee,Hosur
5899,Anya Sharma,Jalna
5900,Brijesh Khatri,Mirzapur
5901,Nilima Kalla,Gwalior
5902,Avni Andra,Mangalore
5903,Omisha Venkatesh,Bhusawal
5904,Ridhi Vyas,Kollam
5905,Pahal Jaggi,Saharsa
5906,Aarini Butala,Guntur
5907,Bhavini Chaudhry,Tadipatri
5908,Frado Balay,Nagaon
5909,Isaiah Sundaram,Ahmedabad
5910,Xavier Sastry,Maheshtala
5911,Suhani Gara,Rajpur Sonarpur
5912,Manan Sur,Fatehpur
5913,Qushi Barad,Khora 
5914,Jatin Lalla,Sasaram
5915,Eesha Sant,Jalandhar
5916,Tamanna Balasubramanian,Vadodara
5917,Bakhshi Chaudry,Vasai-Virar
5918,Daksh Nagar,Ambarnath
5919,Gaurangi Bera,Patiala
5920,Chandresh Balasubramanian,Allahabad
5921,Amol Banerjee,Ichalkaranji
5922,Gauri Sundaram,Bikaner
5923,Oni Halder,Vasai-Virar
5924,Abha Sankaran,Agra
5925,Frado Ghosh,Jalgaon
5926,Fariq Bhatnagar,Kishanganj
5927,Lekha Ratta,Bally
5928,Michael Char,Firozabad
5929,Ridhi Kunda,Ujjain
5930,Jeremiah Manda,Ahmednagar
5931,Guneet Munshi,Phagwara
5932,Fiyaz Mutti,Purnia
5933,Nandini Morar,Panvel
5934,Kabir Mandal,Jalna
5935,Nisha Brar,Patiala
5936,Balveer Vyas,Ballia
5937,Vrinda Sami,Srikakulam
5938,George Sankaran,Karnal
5939,Rudra Mander,Tiruvottiyur
5940,Dayita Sandal,Durg
5941,Kritika Dhaliwal,Jammu
5942,Anusha Palla,Kakinada
5943,Simon Bhatnagar,Jalgaon
5944,Oeshi Atwal,Gangtok
5945,Abdul Ravi,Hosur
5946,Nihal Narasimhan,Khandwa
5947,Diya Kapur,Ludhiana
5948,Devika Varghese,Shimla
5949,Hiral Bobal,Bharatpur
5950,Imaran Bava,Jorhat
5951,Michael Goda,Guna
5952,Max Master,Jammu
5953,Madhavi Lall,Sonipat
5954,Rachit Kashyap,Purnia
5955,Ucchal Wagle,Aligarh
5956,Yachana Kulkarni,Bhilwara
5957,Bhavini Sharaf,Belgaum
5958,Adweta Palla,Bidar
5959,Advay Bose,Agartala
5960,Amara Anand,Uluberia
5961,Jack Dhawan,Sangli-Miraj & Kupwad
5962,Adya Rai,Durgapur
5963,Praneel Sunder,Salem
5964,Varenya Ramachandran,Aurangabad
5965,Vedant Nayak,Ahmedabad
5966,Saanvi Srinivas,Bihar Sharif
5967,Hema Raja,Kozhikode
5968,Advaith Choudhry,Madhyamgram
5969,Ishita Mahajan,Jodhpur
5970,Damyanti Varty,Rajpur Sonarpur
5971,Charles Bali,Nandyal
5972,Ria Raj,Dhule
5973,Oliver Bhargava,Nashik
5974,Upkaar Wali,Narasaraopet
5975,Qushi Varty,Shivpuri
5976,Manya Khurana,Vellore
5977,Tanish Contractor,Thanjavur
5978,Parth Behl,Danapur
5979,Manthan Sharma,Guntakal
5980,Vansha Manne,Suryapet
5981,Tamanna Chahal,Tirupati
5982,Hamsini Pall,Kurnool
5983,Oni Mukhopadhyay,Shimoga
5984,Theodore Brar,Proddatur
5985,Netra Lanka,Jhansi
5986,Charvi Chatterjee,Akola
5987,Naveen Sen,Katni
5988,Sathvik Agrawal,Nadiad
5989,Arjun Gour,Mehsana
5990,Sai Raju,Erode
5991,Umang Ahuja,Muzaffarnagar
5992,Triya Hayer,Kamarhati
5993,Aradhana Krishnamurthy,Tadepalligudem
5994,Vrishti Sen,Tirupati
5995,Inaya Tara,Bhilwara
5996,Janaki Walla,Shivpuri
5997,Oscar Badami,Aurangabad
5998,Aashi Vora,Pallavaram
5999,Anjali Kaur,Siwan
6000,Watika Srinivas,Jorhat
6001,Thomas Devan,Karaikudi
6002,Om Maharaj,Bulandshahr
6003,Orinder Parmer,Ratlam
6004,Udant Sama,Ambarnath
6005,Abdul Mane,Bahraich
6006,Yashodhara Boase,Jhansi
6007,Indrajit Choudhary,Kamarhati
6008,Qadim Murthy,Madurai
6009,Yutika Bakshi,Thiruvananthapuram
6010,Abhiram Cheema,Jamalpur
6011,Yash Srinivasan,Bulandshahr
6012,Samarth Jha,Ramagundam
6013,Darsh Chauhan,Nandyal
6014,Aarnav Chhabra,Bally
6015,Hemal Konda,Avadi
6016,Rishi Jayaraman,Bangalore
6017,Veer Rastogi,Hindupur
6018,Sarthak Chadha,Guna
6019,Christopher Sanghvi,Bhind
6020,Baghyawati Gole,Raurkela Industrial Township
6021,Lakshmi Iyengar,Erode
6022,Rushil Virk,Meerut
6023,Darika Khare,Purnia
6024,Baghyawati Keer,Nellore
6025,Wridesh Apte,Delhi
6026,Ekaraj Vala,Sagar
6027,David Bahl,Aurangabad
6028,Yatin Randhawa,Purnia
6029,Avni Misra,Ozhukarai
6030,Timothy Devi,Suryapet
6031,Mahika Dhingra,Machilipatnam
6032,Kai Mand,Rajahmundry
6033,Chatura Rajagopalan,Ludhiana
6034,Harita Natt,Patiala
6035,Geetika Kala,Vadodara
6036,Osha Sem,Guntur
6037,Amol Vig,Durg
6038,Advik Singh,Kozhikode
6039,Bhavini Kata,Kolhapur
6040,Damini Bakshi,Hindupur
6041,Zayan Rattan,Rajahmundry
6042,Ekanta Chatterjee,Bardhaman
6043,Udyati Krishnamurthy,Madanapalle
6044,Robert Dada,Serampore
6045,Hema Deshmukh,Mehsana
6046,Zarna Bala,Shivpuri
6047,Nimrat Issac,Hosur
6048,Chatura Mani,Kozhikode
6049,Udarsh Deo,Naihati
6050,Shravya Tank,Satna
6051,Warda Ramesh,Ambattur
6052,Ekansh Master,Salem
6053,Elijah Sampath,Tirunelveli
6054,Anmol Devi,Thrissur
6055,Ansh Kibe,Rourkela
6056,Zehaan Narasimhan,Malegaon
6057,Libni Chopra,Gorakhpur
6058,Kamala Gola,Bulandshahr
6059,Ekaja Pandya,Nizamabad
6060,Siddharth Korpal,Warangal
6061,Jagdish Aggarwal,Belgaum
6062,Yug Thaman,Guna
6063,Fitan Oza,Bhubaneswar
6064,Parth Muni,Kakinada
6065,Vaishnavi Minhas,Bettiah
6066,Eesha Naidu,Raipur
6067,Hredhaan Parmer,Jamalpur
6068,Charita Krishnamurthy,Motihari
6069,Tanveer Mistry,Solapur
6070,Tamanna Kapur,Sri Ganganagar
6071,Dakshesh Das,Junagadh
6072,Hiral Garde,Kishanganj
6073,Sudiksha Soni,Raipur
6074,Daksha Dar,Varanasi
6075,Ekaja Kadakia,Guntur
6076,Ranveer Mann,Thrissur
6077,Tarak Balay,Mira-Bhayandar
6078,Jackson Bhardwaj,Rajahmundry
6079,Anthony Chana,Dewas
6080,Rajeshri Bhagat,Kakinada
6081,Abha Krishnan,Imphal
6082,Vritti Pillay,Patiala
6083,Daksha Pandey,Jamalpur
6084,Jagvi Iyengar,Buxar
6085,Upma Balay,Hapur
6086,Yasti Magar,Hazaribagh
6087,Pavani D’Alia,Hosur
6088,Ranbir Parekh,Barasat
6089,Pranav Madan,Faridabad
6090,Yashica Dhar,Bongaigaon
6091,Qadim Agarwal,Etawah
6092,Darsh Rajagopalan,Panchkula
6093,Gaurang Prabhakar,Kota
6094,Chaitanya Bali,Chittoor
6095,Qarin Wali,Sikar
6096,Oscar Sachar,Bikaner
6097,Prisha Bhat,Khora 
6098,Hitesh Kade,Nanded
6099,Jackson Kalla,Bhiwani
6100,Alka Padmanabhan,Haldia
6101,Vedika Konda,Aligarh
6102,Nidhi Bhardwaj,Panihati
6103,Anya Gupta,Thrissur
6104,Simon Choudhry,Nizamabad
6105,Mason Batra,Buxar
6106,Adya Dhawan,Chandigarh
6107,Bishakha Thaker,Bhiwani
6108,Andrew Swamy,Bhatpara
6109,Devika Kapoor,Meerut
6110,Bhavini Chopra,Raichur
6111,Yatin Behl,Vijayawada
6112,Ucchal Prakash,Jamalpur
6113,Dalbir Karan,Kolhapur
6114,Aayush Subramaniam,Hindupur
6115,Faqid Sengupta,Gopalpur
6116,Tripti Konda,Phusro
6117,Unni Varma,Deoghar
6118,Damyanti Pradhan,Karaikudi
6119,Kai Brahmbhatt,Rajahmundry
6120,Jalsa Butala,Durg
6121,Nimrat Grewal,Ramgarh
6122,Alexander Kuruvilla,Dewas
6123,Finn Amble,Gudivada
6124,Jonathan Kala,Mumbai
6125,Aarush Sachar,Dibrugarh
6126,Jagat Soman,Tezpur
6127,Jagat Yadav,Bhilai
6128,Widisha Gill,Jamnagar
6129,Manbir Desai,Sonipat
6130,Widisha Bhatti,Nangloi Jat
6131,Aarnav Iyengar,Panchkula
6132,Neha Dani,Bihar Sharif
6133,Nathan Dayal,Haridwar
6134,Anjali Doctor,Srikakulam
6135,Damyanti Atwal,Nagercoil
6136,Omya Desai,Thrissur
6137,Mahika Kibe,Pimpri-Chinchwad
6138,Warda Jain,Gurgaon
6139,Watika Mitter,Hosur
6140,Yauvani Patil,Hosur
6141,Ranbir Palan,Siwan
6142,Widisha Om,Mira-Bhayandar
6143,Jeevika Lad,Vadodara
6144,Yochana Dewan,Kozhikode
6145,Samuel Chakraborty,Mirzapur
6146,Kavya Johal,Mirzapur
6147,Chandani Nadkarni,Ongole
6148,Nihal Sawhney,Ghaziabad
6149,Gautami Thakkar,Bhavnagar
6150,Pushti Bahri,Gulbarga
6151,Teerth Lata,Jammu
6152,Abhimanyu Jain,Berhampore
6153,Chanakya Kaur,Sirsa
6154,Chakrika Badami,Dehri
6155,Girik Gandhi,Gaya
6156,Isaac Lad,Secunderabad
6157,Faras Trivedi,Bidar
6158,Yamini Subramaniam,Raiganj
6159,Odika Mohan,Muzaffarnagar
6160,Agastya Gour,Kavali
6161,Vasana Nadig,Bally
6162,Kashvi Bobal,Pali
6163,Vaishnavi Saini,Saharanpur
6164,Faraj Nadkarni,Pimpri-Chinchwad
6165,Niharika Dasgupta,Karaikudi
6166,Oliver Gaba,Aizawl
6167,Aditya Kothari,Arrah
6168,Jeet Wagle,Raurkela Industrial Township
6169,Meghana Goda,Vellore
6170,Ojas Lala,Nizamabad
6171,Tristan Madan,Bokaro
6172,Ekavir Shenoy,Gaya
6173,Pavani Chowdhury,Bijapur
6174,Oliver Ben,Barasat
6175,Jagat Sandhu,Mirzapur
6176,Leela Mohanty,Tumkur
6177,Nachiket Raghavan,Miryalaguda
6178,Radhika Sood,Nagaon
6179,Unnati Vora,Morbi
6180,Upadhriti Sangha,Bihar Sharif
6181,Zaitra Barad,Naihati
6182,Krishna Dhaliwal,Amravati
6183,Adweta Krish,Jabalpur
6184,Jagat Tripathi,Jaunpur
6185,Quincy Bhatt,Delhi
6186,Harish Mahal,Bathinda
6187,Diya Patil,Erode
6188,Nathaniel Chawla,Vijayawada
6189,Bhavani Rajagopalan,Panihati
6190,Bina Chand,Raurkela Industrial Township
6191,Advika Soman,Kishanganj
6192,Lohit Dhillon,Kirari Suleman Nagar
6193,Shivani Minhas,Khammam
6194,Abhimanyu Soman,Jalandhar
6195,Riya Kanda,Alappuzha
6196,Nathaniel Bir,Karnal
6197,Leena Lala,Jorhat
6198,Libni Konda,Chandigarh
6199,Andrew Dave,Aurangabad
6200,Bhavya Srinivasan,Bhatpara
6201,Vrishti Mangat,Davanagere
6202,Hredhaan Malhotra,Hosur
6203,Daniel Kapur,Kanpur
6204,Unnati Khare,Pimpri-Chinchwad
6205,Jairaj Joshi,Kolhapur
6206,Manbir Dyal,Uluberia
6207,Vidhi Kapoor,Dibrugarh
6208,Oeshi Chaudry,Panvel
6209,Rudra Virk,Sirsa
6210,Girish Munshi,Jammu
6211,Parth Vora,Jabalpur
6212,Nidhi Andra,Motihari
6213,Ayushman Hari,Suryapet
6214,Theodore Aurora,Bhopal
6215,Neelima Upadhyay,Chinsurah
6216,Panini Gulati,Jabalpur
6217,Veda Palla,Tezpur
6218,Lekha Nayak,Dehri
6219,Leena Sem,Burhanpur
6220,Aahana Kapur,Bardhaman
6221,Gaurika Kaur,Karawal Nagar
6222,Lakshmi Patla,Nagercoil
6223,Aahana Kapur,Raichur
6224,Sachi Bajaj,Raiganj
6225,Vrishti Chatterjee,Medininagar
6226,Samarth Butala,Bhimavaram
6227,Wishi Srinivasan,Kirari Suleman Nagar
6228,Gauri Pau,Bhiwani
6229,Leela Yohannan,Jalgaon
6230,Imaran Sahni,Bongaigaon
6231,Bakhshi Ramesh,Berhampur
6232,Xiti Shan,Tinsukia
6233,Jasmit Doctor,Rajkot
6234,Ekavir Sagar,Haridwar
6235,Kavya Borra,Pallavaram
6236,Arin Bir,Phagwara
6237,Aarnav Ganesh,Delhi
6238,Hritik Balay,Kollam
6239,Zilmil Sankaran,Giridih
6240,Bachittar Banerjee,Gudivada
6241,Yutika Solanki,Akola
6242,Girik Kapoor,Guntur
6243,Jasmit Sandal,Silchar
6244,Baghyawati Dar,Pondicherry
6245,Meghana Aurora,Saharsa
6246,Samarth Sant,Sonipat
6247,Sudiksha Sinha,Phusro
6248,Simon Chaudhry,Jaunpur
6249,Kritika Iyer,Bhubaneswar
6250,Oscar Datta,Tiruchirappalli
6251,Ucchal Tak,Panihati
6252,Jyoti Vig,Bhiwani
6253,Gautam Saha,Malda
6254,Tanvi Rana,Salem
6255,Jagvi Lal,Davanagere
6256,Eiravati Mohanty,Raichur
6257,Urvashi Swamy,Ongole
6258,Rishi Mand,Malegaon
6259,Frado Salvi,Bokaro
6260,Ridhi Chand,Miryalaguda
6261,Meera Sandal,Mau
6262,Zarna Wagle,Raichur
6263,Vansha Jani,Visakhapatnam
6264,Yug Jani,Berhampore
6265,Theodore Dhingra,Alwar
6266,Mekhala Chaudhary,Morbi
6267,Nachiket Gole,Mumbai
6268,Girik Baral,Amaravati
6269,Lekha Wason,Tinsukia
6270,Meghana Virk,Ratlam
6271,Garima Dua,Begusarai
6272,Baljiwan Tara,Madanapalle
6273,Bhanumati Vyas,Phusro
6274,Inaya Prasad,Vijayawada
6275,Jeet Kadakia,Pimpri-Chinchwad
6276,Udarsh Sur,Navi Mumbai
6277,Faris Prasad,Panvel
6278,Yamini Issac,Patiala
6279,Chatura Nayak,Kirari Suleman Nagar
6280,Faras Gala,Indore
6281,Abeer Kar,Solapur
6282,Siya Walia,Jaunpur
6283,Riya Gill,Kozhikode
6284,Guneet Konda,Gudivada
6285,Praneel Rana,Ratlam
6286,Oeshi Chad,Karnal
6287,Harshil Agate,Thrissur
6288,Urmi Mane,Chennai
6289,Vrishti Rao,Giridih
6290,Vasatika Mukhopadhyay,Khammam
6291,Lila Sen,Karimnagar
6292,Anika Chauhan,Phusro
6293,Vyanjana Raj,Bhusawal
6294,Anamika Mody,Guwahati
6295,Dominic Patla,Mahbubnagar
6296,Nisha Apte,Durg
6297,Hardik Gola,Faridabad
6298,Krisha Radhakrishnan,Proddatur
6299,Om Oommen,Khandwa
6300,Max Garde,Chinsurah
6301,Rachana Chahal,Panvel
6302,Pranav Bail,Vadodara
6303,Samesh Palla,Suryapet
6304,Xiti Pandit,Ludhiana
6305,Priya Bal,Ghaziabad
6306,Elijah Halder,Jhansi
6307,Om Rau,Jamshedpur
6308,Alexander Dhar,Bathinda
6309,Indrajit Gera,Aizawl
6310,Ekansh Jhaveri,Indore
6311,Aradhana Kuruvilla,Imphal
6312,Samar Bora,Munger
6313,Triveni Sachdev,Srinagar
6314,Aditya Chanda,Bilaspur
6315,Tara Nayak,Warangal
6316,Wakeeta Sathe,Anantapur
6317,Nisha Seth,Kamarhati
6318,Anvi Issac,Kavali
6319,Krishna Varkey,Motihari
6320,Aarini Divan,Ajmer
6321,Warhi Nigam,Raichur
6322,Samuel Sachdev,Aizawl
6323,Yamini Sawhney,Panchkula
6324,Advay Sabharwal,Bhagalpur
6325,Hardik Mital,Madurai
6326,Rohan Guha,Kavali
6327,Maanav Kakar,Aligarh
6328,Azaan Goyal,Khandwa
6329,Ubika Bose,Ballia
6330,Qasim Patla,Nagaon
6331,Inaya Choudhry,Bettiah
6332,Chavvi Hayer,Ulhasnagar
6333,Manbir Palla,Bilaspur
6334,Unnati Krishnan,Alwar
6335,Falak Prabhu,Chapra
6336,Ekalinga Rattan,Coimbatore
6337,Mitesh Salvi,Bhubaneswar
6338,Ayaan Padmanabhan,Madurai
6339,Anusha Kar,Ozhukarai
6340,Aashi Wali,Naihati
6341,Aadi Toor,Rohtak
6342,Aryan Bajaj,Sultan Pur Majra
6343,Nimrat Sundaram,Kakinada
6344,Daniel Bobal,Bhalswa Jahangir Pur
6345,Triya Buch,South Dumdum
6346,Kamala Patla,Karimnagar
6347,Krishna Sampath,Bellary
6348,Manthan Deo,Bhagalpur
6349,Priya Kapur,Haldia
6350,Kiaan Swamy,Jodhpur
6351,Charles Madan,Bhatpara
6352,Oeshi Yohannan,Tezpur
6353,Ikbal Kar,Berhampore
6354,Bhavna Purohit,Avadi
6355,Fiyaz Venkatesh,Chapra
6356,Niharika Narain,Berhampur
6357,Yutika Mandal,Panvel
6358,Vidhi Palla,Rourkela
6359,Zaid Doshi,Amaravati
6360,Eesha Oommen,Mira-Bhayandar
6361,Janaki Sidhu,Surat
6362,Simon Ram,Madurai
6363,Ayushman Talwar,Tinsukia
6364,Upadhriti Uppal,Tenali
6365,Girindra Nagy,Madhyamgram
6366,Yashawini Gulati,Jalgaon
6367,Neha Reddy,Muzaffarpur
6368,Chakradev Kapadia,Pondicherry
6369,Watika Keer,Sagar
6370,Balhaar Dara,Raurkela Industrial Township
6371,Nikita Shah,Munger
6372,Harish Tara,Bally
6373,Bhavani Wason,Imphal
6374,Samuel Morar,Parbhani
6375,Chakrika Divan,Coimbatore
6376,Raksha Memon,Suryapet
6377,Gauri Dhar,Chittoor
6378,Ati Goda,Ambattur
6379,Ekani Mani,Mumbai
6380,Saksham Shroff,Gurgaon
6381,George Goswami,Nagpur
6382,Abeer Mitter,Bhiwani
6383,Arunima Saxena,Guntur
6384,Arjun Basak,Darbhanga
6385,Warda Mallick,Shimla
6386,Qadim Chauhan,Asansol
6387,Samesh Kaur,Ghaziabad
6388,Oscar Suresh,Phagwara
6389,Odika Bumb,Rajpur Sonarpur
6390,Janya Ram,Chittoor
6391,Henry Sinha,Aizawl
6392,Dayamai Sachar,Ozhukarai
6393,Tejas Goda,Hazaribagh
6394,Abhimanyu Garde,Hazaribagh
6395,Rudra Varty,Darbhanga
6396,Yashodhara Walla,Akola
6397,Vasudha Raja,Akola
6398,Anvi Badal,Sambalpur
6399,Ira Joshi,Firozabad
6400,Praneel Brar,Vijayawada
6401,Yachana Bala,Hindupur
6402,Pranav Keer,Tirunelveli
6403,Bhanumati Manda,Bardhaman
6404,Ikshita Dugar,Morena
6405,Isaiah Sachdeva,Aligarh
6406,Kiaan Yohannan,Vellore
6407,Bhavya Batta,Lucknow
6408,Chaman Pau,Anantapur
6409,Umang Ganesh,Morena
6410,Imaran Amble,Davanagere
6411,Xavier Suresh,Giridih
6412,Meera Dar,Vijayanagaram
6413,Faris Borra,Patiala
6414,Fiyaz Doshi,Jalna
6415,Qasim Bhatt,Gandhidham
6416,Wahab Dhingra,Hazaribagh
6417,Oni Barad,Kumbakonam
6418,Meghana Nair,Patna
6419,Zinal Wadhwa,Kadapa
6420,Owen Datta,Mahbubnagar
6421,Xavier Borra,Bhind
6422,Qabil Banerjee,Kadapa
6423,Jairaj Gokhale,Sri Ganganagar
6424,Rohan Bajwa,Dibrugarh
6425,Wahab Sodhi,Miryalaguda
6426,Atharv Amble,Gwalior
6427,Xiti Sundaram,Bally
6428,Gautami Raval,Pudukkottai
6429,Nachiket Sekhon,Morena
6430,Edhitha Sanghvi,Baranagar
6431,Siddharth Pillai,Khandwa
6432,Kritika Nayar,Sangli-Miraj & Kupwad
6433,Zilmil Khalsa,Nandyal
6434,Dalaja Hans,Durgapur
6435,Aarini Deol,Kalyan-Dombivli
6436,Ranveer Sant,Bhagalpur
6437,Damini Walla,Mango
6438,Dakshesh Panchal,Vijayanagaram
6439,Bhavna Sharaf,Baranagar
6440,Chakradhar Sabharwal,Morbi
6441,Charan Savant,Raurkela Industrial Township
6442,Neelima Kala,Bally
6443,Dayamai Ravel,Kochi
6444,Eshana Chacko,Davanagere
6445,Barkha Palla,Amroha
6446,Amaira Deep,Kottayam
6447,Dayamai Bawa,Gulbarga
6448,Ridhi Mandal,Pune
6449,Atharv Sarin,Allahabad
6450,Pratyush Dube,Raiganj
6451,Zayan Din,Vellore
6452,Harini Khare,Ujjain
6453,Zarna Bora,Farrukhabad
6454,Keya Sengupta,Panchkula
6455,Yochana Subramanian,Ulhasnagar
6456,Zashil Hayer,Shahjahanpur
6457,Mitali Oak,Korba
6458,Vihaan Dar,North Dumdum
6459,Ikbal Chad,Bhalswa Jahangir Pur
6460,Matthew Gole,Danapur
6461,Mitesh Bobal,Gangtok
6462,Triveni Taneja,Uluberia
6463,Kritika Dugal,Raebareli
6464,Kai Suri,Bhiwandi
6465,Nilima Mital,Mehsana
6466,Megha Sahni,Sultan Pur Majra
6467,Ikbal Ratti,Lucknow
6468,Krishna Rama,Mysore
6469,Nicholas Samra,Sambalpur
6470,Xavier Kanda,Loni
6471,Aarav Dara,Aizawl
6472,Reva Dutta,Mahbubnagar
6473,Arunima Pillai,Maheshtala
6474,Ekantika Mittal,Kolhapur
6475,Nirja Dewan,Solapur
6476,Harita Chopra,Phusro
6477,Tarak Trivedi,Ongole
6478,Anay Chopra,Bhusawal
6479,Aditya Krishna,Amravati
6480,Tejas Hegde,Ulhasnagar
6481,Saumya Nagar,Etawah
6482,Saanvi Chaudhuri,Kulti
6483,Hemang Oak,Gaya
6484,Chaitaly Dora,Surendranagar Dudhrej
6485,Anthony Trivedi,Chandigarh
6486,Anita Mukherjee,Hazaribagh
6487,Aarna Vasa,Bihar Sharif
6488,Zaitra Peri,Ramagundam
6489,Jagrati Nori,Kolhapur
6490,Pavani Saran,Orai
6491,Urvashi Sem,Latur
6492,Krishna Mannan,Kalyan-Dombivli
6493,Orinder Jayaraman,Ludhiana
6494,Chakradev Srinivas,Kulti
6495,Osha Morar,Machilipatnam
6496,Amrita Sidhu,Alwar
6497,Yashvi Sharaf,Morena
6498,Avi Bala,Amaravati
6499,Raksha Goswami,Bhiwani
6500,Shivani Barad,Amroha
6501,Timothy Bora,Hyderabad
6502,Aditya Atwal,Sonipat
6503,Tanveer Andra,Vijayawada
6504,Daniel Hayre,Anand
6505,Jairaj Kuruvilla,Avadi
6506,Udarsh Pant,Saharanpur
6507,Warda Narayanan,Aizawl
6508,Harini Jhaveri,Coimbatore
6509,Madhavi Ravel,Baranagar
6510,Oscar Gupta,Bulandshahr
6511,Lopa Guha,Solapur
6512,Praneel Choudhary,Agartala
6513,Gopal Bobal,Ratlam
6514,Nandini Barman,Buxar
6515,Chatura Padmanabhan,Tezpur
6516,Wahab Dugar,Bhilwara
6517,Vamakshi Deo,Agra
6518,Manan Grewal,Davanagere
6519,Lakshmi Kannan,Haridwar
6520,Lila Kibe,Jorhat
6521,Gabriel Goswami,Karaikudi
6522,Samar Pillai,Anantapuram
6523,Kamala Saha,Sasaram
6524,Kashish Bhalla,Bathinda
6525,Gagan Dara,Nangloi Jat
6526,Lila Prasad,Giridih
6527,Zaitra Hegde,Korba
6528,Upma Choudhury,Thrissur
6529,Upma Mistry,Secunderabad
6530,Mugdha Nayar,Ahmednagar
6531,Radha Bandi,Saharanpur
6532,Nihal Rege,Ahmedabad
6533,Orinder Kala,Tiruvottiyur
6534,Chandran Gokhale,Pallavaram
6535,Jacob Mani,Mirzapur
6536,Jeevika Devan,Morbi
6537,Chandresh Sarraf,Kishanganj
6538,Ikbal Bath,Surendranagar Dudhrej
6539,Ekaja Cheema,Saharsa
6540,Nitesh Apte,Madanapalle
6541,Yashica Doctor,Mirzapur
6542,Yashoda Kothari,Fatehpur
6543,George Mohan,Nagaon
6544,Jeevika Dave,Jhansi
6545,Pushti Rajagopal,Khora 
6546,Aditya Gopal,Amravati
6547,Krishna Roy,Pune
6548,Jeet Barad,Bilaspur
6549,Sneha Ramanathan,Gorakhpur
6550,Robert Dhawan,Rohtak
6551,Qarin Narula,Panihati
6552,Hemani Bobal,Kadapa
6553,Wyatt Solanki,Vadodara
6554,Aarush Venkataraman,Bettiah
6555,Upasna Bala,Mangalore
6556,Hemang Dubey,Mirzapur
6557,Dev Bhalla,Vijayanagaram
6558,Aachal Koshy,Ranchi
6559,Janani Ramakrishnan,Kochi
6560,Xavier Iyengar,Aizawl
6561,Dayamai Comar,Amaravati
6562,Vidhi Chahal,Katni
6563,Anika Naik,Bihar Sharif
6564,Fiyaz Ahluwalia,Berhampore
6565,Chandani Mane,Thrissur
6566,Yoshita Narasimhan,Nandyal
6567,Anita Mand,Surendranagar Dudhrej
6568,Xavier Kaul,Sambalpur
6569,Sanya Lad,Tirupati
6570,Ishani Manda,Pondicherry
6571,Ridhi Rajan,Delhi
6572,Laksh Majumdar,Dharmavaram
6573,Faris Sangha,Thane
6574,Ryan Bhat,Parbhani
6575,Tarak Palan,Guntakal
6576,Jeevika Bhat,Panihati
6577,Amruta Ghose,Kanpur
6578,Qadim Mutti,Kochi
6579,Joshua Saran,Vijayawada
6580,Riya Patel,Mahbubnagar
6581,Yauvani Vora,Meerut
6582,Sneha More,Amaravati
6583,Daniel Wagle,Gandhidham
6584,Yatan Nadkarni,Solapur
6585,Rayaan Barad,Agra
6586,Bishakha Suri,Dehri
6587,Jatin Uppal,Alwar
6588,Balveer Shah,Shimla
6589,Dayita Dass,Thane
6590,Anthony Natarajan,Gaya
6591,Indali Mody,Karnal
6592,Manya Tata,Aizawl
6593,Ubika Narayan,Jaipur
6594,Nathaniel Mutti,Meerut
6595,Widisha Mitra,Shimla
6596,Ganga Mukherjee,Raichur
6597,Yashica Buch,Faridabad
6598,Ranveer Mand,Khammam
6599,Advik Roy,Khora 
6600,Maya Dave,Warangal
6601,Charles Nath,Thoothukudi
6602,Udant Barad,Danapur
6603,Banjeet Deep,Medininagar
6604,Rajeshri Mitra,Mangalore
6605,Dayamai Bassi,Bathinda
6606,Gaurangi Gala,Ahmedabad
6607,Baghyawati Hayer,Pudukkottai
6608,Maanas Rajagopalan,Junagadh
6609,Omya More,Gudivada
6610,Harshil Ratti,Orai
6611,Arya Suresh,Anand
6612,Samuel Dayal,Aurangabad
6613,Vedhika Bhakta,Kamarhati
6614,Pushti Korpal,Satna
6615,Lipika Dugar,Kozhikode
6616,Advik Nazareth,Sambalpur
6617,Thomas Bal,Orai
6618,Dipta Bath,Udaipur
6619,Maanav Deshpande,Guna
6620,Ekavir Dhar,Ballia
6621,Nicholas Agate,Dewas
6622,Dhruv Kala,Udupi
6623,Neelima Patel,Gangtok
6624,Lohit Basu,Udupi
6625,Nisha Kumer,Dehradun
6626,Jhalak Shankar,Shahjahanpur
6627,Faris Venkatesh,Agartala
6628,Jyoti Morar,Erode
6629,Liam Krishna,Haridwar
6630,Ijaya Sami,Ghaziabad
6631,Chasmum Srivastava,Orai
6632,Faris Cherian,Kochi
6633,Bishakha Narayan,Purnia
6634,Falak Shankar,Nagpur
6635,Gayathri Prabhakar,Tirupati
6636,Ojas Mital,Thiruvananthapuram
6637,Vedika Choudhary,Phusro
6638,Atharv Sharaf,Giridih
6639,Mugdha Kadakia,Nagpur
6640,Vasana Sarma,Ozhukarai
6641,Anthony Patil,Karawal Nagar
6642,Ishanvi Mukhopadhyay,South Dumdum
6643,Yochana Varma,Pondicherry
6644,Anay Bobal,Ghaziabad
6645,Ansh Srinivasan,Lucknow
6646,Ikshita Dasgupta,New Delhi
6647,Nirja Ramesh,Hospet
6648,Qadim Bhakta,Rajkot
6649,Wishi Lalla,Karnal
6650,Widisha Patla,Thane
6651,Aryan Mahajan,Jabalpur
6652,Riya Natarajan,Bhagalpur
6653,Viraj Pal,Miryalaguda
6654,Teerth Sur,Unnao
6655,Leena Balakrishnan,Siwan
6656,Shaurya Sane,Latur
6657,Jhalak Dar,Bhiwani
6658,Agastya Dada,Dehradun
6659,Manan Rana,Bangalore
6660,Alexander Bandi,Mehsana
6661,Harinakshi Handa,Panihati
6662,Gautam Dugar,Sasaram
6663,Chandran Pant,Guwahati
6664,Benjamin Ramakrishnan,Latur
6665,Indira Iyengar,Burhanpur
6666,Krisha Agate,Gulbarga
6667,Baljiwan Rout,Solapur
6668,Rachit Sahni,Kolkata
6669,Yatin Date,Patna
6670,Udyati Gole,Shahjahanpur
6671,Irya Narasimhan,Sultan Pur Majra
6672,Yug Parekh,Medininagar
6673,Ira Agarwal,Kanpur
6674,Daksha Panchal,Orai
6675,Kai Kale,Bharatpur
6676,Wriddhish Doshi,Darbhanga
6677,Reva Babu,Ozhukarai
6678,Yashodhara Cheema,Rajahmundry
6679,Aahana Prashad,Malegaon
6680,Samar Gandhi,Kalyan-Dombivli
6681,Garima Sinha,Jaipur
6682,Aayush Kalla,Nangloi Jat
6683,Jacob Nagarajan,Durgapur
6684,Samaksh Johal,Sultan Pur Majra
6685,Kavya Goyal,Rourkela
6686,Jeet Golla,Bhatpara
6687,Hritik Kaul,Jabalpur
6688,Mason Narayanan,Solapur
6689,Wahab Chander,Jalgaon
6690,Janya Sharma,Howrah
6691,Vivaan Krishna,Noida
6692,Rishi Bose,Jehanabad
6693,Raksha Palan,Karawal Nagar
6694,Damini Lall,Sultan Pur Majra
6695,Fiyaz Arora,Ahmednagar
6696,Viraj Krishnamurthy,Gopalpur
6697,Dipta Balakrishnan,Baranagar
6698,Rudra De,Deoghar
6699,Zehaan Ratta,Thiruvananthapuram
6700,Pavani Savant,Junagadh
6701,Vedant Ramachandran,Nashik
6702,Radhika Jhaveri,Howrah
6703,Aashi Modi,Miryalaguda
6704,Sudiksha Tata,Howrah
6705,Nikita Dave,Medininagar
6706,Urvashi Bumb,Imphal
6707,Alexander Chaudhry,Jhansi
6708,Xalak Divan,Visakhapatnam
6709,Dhruv Tandon,Danapur
6710,Omisha Mahajan,Machilipatnam
6711,Hitesh Mutti,Jehanabad
6712,Max Mittal,Kishanganj
6713,Sanaya Chawla,Sultan Pur Majra
6714,Harish Sethi,Raipur
6715,Ayushman Bains,Kochi
6716,Daniel Shetty,Hospet
6717,Ekbal Chokshi,Bellary
6718,Quincy Batta,Bilaspur
6719,Vamakshi Ahuja,Sangli-Miraj & Kupwad
6720,Yochana Kala,Shahjahanpur
6721,Ekavir Mitter,Alwar
6722,Mitali Bhalla,Berhampore
6723,Wyatt Chopra,Kottayam
6724,Azad Deol,Katni
6725,Manthan Deshmukh,Mumbai
6726,Dayamai Munshi,Erode
6727,Ranbir Mander,Chennai
6728,Naveen Badami,Dehri
6729,Pushti Oak,Gurgaon
6730,Ladli Deshmukh,Shahjahanpur
6731,Ishwar Comar,Srinagar
6732,Unnati Sampath,Deoghar
6733,Hema Thakkar,Khammam
6734,Bina Kata,Malegaon
6735,Nitesh Sangha,Jamshedpur
6736,Nachiket Mitra,Ambattur
6737,Pallavi Krishna,Guna
6738,Yatan Khurana,Haldia
6739,Sara Viswanathan,Madanapalle
6740,Luke Raval,Bhimavaram
6741,Vasudha Jhaveri,Jaipur
6742,Eshana Barad,Bhagalpur
6743,Ladli Issac,Tiruppur
6744,Megha Shenoy,Nagercoil
6745,Kevin Bakshi,Nandyal
6746,Reyansh Oommen,Kozhikode
6747,Xavier Malhotra,Eluru
6748,Veda Sunder,Satna
6749,Imaran Chopra,Pondicherry
6750,Chaitaly Kaur,Lucknow
6751,Wriddhish Setty,Rourkela
6752,Girik Bahl,Sultan Pur Majra
6753,Aarav Vora,Cuttack
6754,Yashawini Sahota,Medininagar
6755,Omaja Thakkar,Jalgaon
6756,Isaac Gandhi,Haridwar
6757,Fariq Banerjee,Rampur
6758,Tamanna Chaudhary,Bikaner
6759,Idika Dubey,Mysore
6760,Naksh Chopra,Bhiwandi
6761,Faras Sama,Mysore
6762,Advik Tella,Darbhanga
6763,Madhav Tak,Amritsar
6764,Veda Ghose,Ongole
6765,Reva Bhat,Jaipur
6766,Chaman Sampath,Miryalaguda
6767,Nidra Sibal,Nellore
6768,Avni Mann,Sikar
6769,Pahal Baria,Chandigarh
6770,Barkha Pillai,Sonipat
6771,Inaya Zacharia,Thrissur
6772,Anya Brar,Tezpur
6773,Neel Mital,Nizamabad
6774,Xiti Bassi,Gandhidham
6775,Manya Din,Indore
6776,Brijesh Sahni,Ambala
6777,Shivansh Mahajan,Tadipatri
6778,Aashi Padmanabhan,Allahabad
6779,Yachana Varghese,Agartala
6780,Timothy Patla,Gurgaon
6781,Gunbir Dara,Suryapet
6782,Damini Gandhi,Nagpur
6783,Triya Shetty,Nangloi Jat
6784,Upasna Bajwa,Malda
6785,Adya Kumar,Bhavnagar
6786,Harini Shah,Darbhanga
6787,Abhimanyu Lalla,Hosur
6788,Radhika Lall,Ongole
6789,Indira Mohan,Bhagalpur
6790,Indali Nagi,Thanjavur
6791,Om Kapadia,Rohtak
6792,Netra Chanda,Bulandshahr
6793,Chaman Sood,Junagadh
6794,Hritik Khurana,Bangalore
6795,Waida Chada,Jamshedpur
6796,Yashawini Bhalla,Thiruvananthapuram
6797,Hemangini Cheema,Lucknow
6798,Kalpit Dhaliwal,Patna
6799,Vasatika Garde,Ulhasnagar
6800,Qasim Pandya,Secunderabad
6801,Hiral Vyas,Barasat
6802,Amrita Kalita,Nandyal
6803,Omaja Vig,Bhubaneswar
6804,Indrajit Amble,Vijayanagaram
6805,Priya Desai,Baranagar
6806,Eshana Vig,Kollam
6807,Ekavir Karan,Narasaraopet
6808,Manthan Barman,Chandrapur
6809,Agastya Choudhry,Baranagar
6810,Devika Palan,Rampur
6811,Gabriel Bose,Giridih
6812,Ekavir Chacko,Alwar
6813,Ryan Hayer,Kumbakonam
6814,Odika Korpal,Purnia
6815,Tristan Vohra,Mumbai
6816,Mahika Doctor,Pudukkottai
6817,Omaja Goswami,Mathura
6818,Ayush Bose,Proddatur
6819,Upkaar Deshmukh,Nangloi Jat
6820,Jacob Dhillon,Gangtok
6821,Maanav Varma,Alwar
6822,Hema Chandran,Junagadh
6823,Chanchal Gara,Burhanpur
6824,Jatin Ram,Kulti
6825,Kashvi Vala,Bulandshahr
6826,Krisha Suri,Bhilwara
6827,Avi Tripathi,Bharatpur
6828,Wriddhish Krishnan,Alwar
6829,Sudiksha Uppal,Durgapur
6830,Suhani Lad,Rohtak
6831,Barkha Bhagat,Thoothukudi
6832,Riya Sahota,Sangli-Miraj & Kupwad
6833,Ekansh Raj,Bilaspur
6834,Om Sundaram,Jammu
6835,Manya Jayaraman,Katihar
6836,Indali Sahni,Karawal Nagar
6837,Udyati Mukhopadhyay,Muzaffarpur
6838,Bimala Lad,Bhalswa Jahangir Pur
6839,Yatin Mangal,Kurnool
6840,Maanas Gole,Sirsa
6841,Jairaj Kant,Siliguri
6842,Ria Prabhu,Chennai
6843,Benjamin Mallick,Mira-Bhayandar
6844,Widisha Palan,Mathura
6845,Samar Bera,Kavali
6846,Charan Gokhale,Bhind
6847,Priya Dube,Silchar
6848,Ubika Andra,Machilipatnam
6849,Idika Bera,Panchkula
6850,Krisha Yogi,Morena
6851,Hiral Cherian,Thrissur
6852,Champak Nagy,Munger
6853,Azaan Ahuja,Mirzapur
6854,Bimala Misra,Chandigarh
6855,Wahab Kadakia,Kurnool
6856,Nilima Chaudhry,Dindigul
6857,Divya Gera,Chapra
6858,Anita Thaman,Warangal
6859,Tarak Shah,Sambhal
6860,Parth Kamdar,Morena
6861,Nidhi Badal,Shahjahanpur
6862,Aishani Deol,Moradabad
6863,Idika Kata,Cuttack
6864,Nihal Wason,Mehsana
6865,Nandini Sehgal,Bilaspur
6866,Elijah Sangha,Mehsana
6867,Lila Mane,Bihar Sharif
6868,Samar Narayan,Davanagere
6869,Vidhi Bhandari,Panihati
6870,Ijaya Chhabra,Katihar
6871,Ekapad Chakrabarti,Coimbatore
6872,Udant Dugal,Bikaner
6873,Balendra Patla,Darbhanga
6874,Ranbir Swaminathan,Chandigarh
6875,Megha Behl,Tiruvottiyur
6876,Abhiram Sunder,Khora 
6877,Ekani Jayaraman,Jalna
6878,Meera Baria,Chennai
6879,Banjeet Bajaj,Shivpuri
6880,Luke Narula,Ambala
6881,Falguni Tandon,Kavali
6882,Yashawini Chakrabarti,Kozhikode
6883,Gopal Kannan,Hapur
6884,Karan Grover,Raipur
6885,Yamini More,Pudukkottai
6886,Wakeeta Rajagopalan,Adoni
6887,Gabriel Issac,Bhubaneswar
6888,Dayita Rao,Saharsa
6889,Tanveer Amble,Bihar Sharif
6890,Jagdish Pant,Vijayanagaram
6891,Veer Iyengar,Katihar
6892,Ekansh Bhandari,Dindigul
6893,Diya Dutt,Gopalpur
6894,Girish Parikh,Kishanganj
6895,Zashil Ramesh,Chittoor
6896,Avi Sabharwal,Haldia
6897,Darika Jha,Srikakulam
6898,Pranav Sahni,Jamshedpur
6899,Eiravati Agrawal,Aligarh
6900,Janya Pillai,Motihari
6901,Elijah Chaudhary,Kozhikode
6902,Chatura Chadha,Alwar
6903,Upasna Raju,Phagwara
6904,Ekalinga Setty,Howrah
6905,Tanmayi Patil,Danapur
6906,Meera Madan,Agra
6907,Krishna Khalsa,Hazaribagh
6908,Victor Mahal,Giridih
6909,Ayaan Vasa,Amritsar
6910,Liam Jain,Faridabad
6911,Devika Kibe,Mangalore
6912,Divya Raman,Hubli–Dharwad
6913,Upadhriti Gill,Danapur
6914,Januja Vaidya,Raebareli
6915,Tara Grover,Raipur
6916,Qasim Issac,Jalna
6917,Arjun Ratti,Karnal
6918,Triya Sha,South Dumdum
6919,Liam Rajan,Rourkela
6920,Zaitra Bhakta,Sri Ganganagar
6921,Lucky Yohannan,Karimnagar
6922,Zansi Chatterjee,Bharatpur
6923,Priya Krish,Bhusawal
6924,Janaki Basak,Dibrugarh
6925,Manbir Basak,Howrah
6926,Fariq Sanghvi,Khandwa
6927,Jacob Ranganathan,Madurai
6928,Maya Kohli,Tinsukia
6929,Xalak Sarna,Bokaro
6930,Leena Doshi,Amravati
6931,Rohan Bandi,Thrissur
6932,Amaira Zacharia,Tezpur
6933,Aadi Nori,Giridih
6934,Ranveer Dara,Bettiah
6935,Irya Reddy,Jhansi
6936,Aarav Reddy,Sultan Pur Majra
6937,Chavvi Shankar,Avadi
6938,Vrishti Kar,Rajkot
6939,Udyati Dar,Bhiwandi
6940,Balendra Subramanian,Kota
6941,Balvan Kalla,Sikar
6942,Yatin Thaman,Mumbai
6943,Rajata Chand,Ujjain
6944,Rachana Parekh,Berhampore
6945,Udyati Chand,Satara
6946,Caleb Bakshi,Saharanpur
6947,Anjali Bedi,Kota
6948,Eesha Kohli,Ongole
6949,Jackson Subramanian,Muzaffarnagar
6950,Caleb Kurian,Surendranagar Dudhrej
6951,Ranbir Nayak,Bally
6952,Nicholas Chahal,Ozhukarai
6953,Baghyawati Bir,Gudivada
6954,Ekiya Tandon,Madhyamgram
6955,Sneha Prabhakar,Guna
6956,Mekhala Dhaliwal,Visakhapatnam
6957,Rayaan Manne,Bangalore
6958,Harish Mital,Chandrapur
6959,Ojasvi Chakraborty,Jamalpur
6960,Amrita Mutti,Kadapa
6961,Lavanya Mutti,Singrauli
6962,Hemal Kari,Latur
6963,Chakrika Narayan,Sambhal
6964,Ekaraj Ahluwalia,Unnao
6965,Bhavani Chauhan,Dehradun
6966,Abhiram Varty,Khora 
6967,Chatresh Agrawal,Bharatpur
6968,Falan Oommen,Mehsana
6969,Ganga Rana,Hindupur
6970,Balveer Bawa,Nashik
6971,Ayush Yadav,Guntur
6972,Harish Dyal,Ozhukarai
6973,Triya Vaidya,Junagadh
6974,Falguni Kaul,Lucknow
6975,Kamala Behl,Nagercoil
6976,Alka Tank,Mangalore
6977,Varsha Raj,Morbi
6978,Tara Mall,Shahjahanpur
6979,Anvi Ranganathan,Rewa
6980,Kabir More,Faridabad
6981,Qadim Chawla,Bhusawal
6982,Gunbir Upadhyay,Saharanpur
6983,Baljiwan Bali,Machilipatnam
6984,Bhavini Bhandari,Pudukkottai
6985,Tara Kade,Mehsana
6986,Rohan Ratta,Nanded
6987,Urvi Gade,Kochi
6988,Ridhi Badami,Bangalore
6989,Kashish Krishna,Tiruvottiyur
6990,Anirudh Gokhale,Warangal
6991,Yashica Chowdhury,Tumkur
6992,Lekha Bhatti,Visakhapatnam
6993,Om Badal,Mathura
6994,Aarav Cheema,Ballia
6995,Udarsh Kulkarni,Siwan
6996,Waida Apte,Satna
6997,Urvashi Nayar,Chandigarh
6998,Panini Reddy,Gaya
6999,Pratyush Narula,Ajmer
7000,Hitesh Karan,Davanagere
7001,Mohini Khare,Chandrapur
7002,Aashi Basak,Purnia
7003,Janaki Gole,Vasai-Virar
7004,Urishilla Yogi,Sultan Pur Majra
7005,Atharv Tara,Guwahati
7006,Arin Bhakta,Mau
7007,Vedika Bhardwaj,Anantapur
7008,Vasana Soni,Chandrapur
7009,Aditya Oza,Mau
7010,Pranav Vyas,Bally
7011,Parth Singhal,Sultan Pur Majra
7012,Dipta Sarma,Siliguri
7013,Krish Shere,Thiruvananthapuram
7014,Michael Bal,Anand
7015,Turvi Prakash,Jaunpur
7016,Osha Narasimhan,Kakinada
7017,Kevin Ravel,Kishanganj
7018,Urmi Contractor,Ujjain
7019,Gaurangi Chaudhari,Bhubaneswar
7020,Brinda Samra,Latur
7021,Girik Dey,Amaravati
7022,Chanchal Natarajan,Junagadh
7023,Aarnav Borra,Kamarhati
7024,Hemal Ray,Hapur
7025,Tanish Brar,Jamshedpur
7026,Ojas Sarna,Aurangabad
7027,Tarak Padmanabhan,Chandrapur
7028,Keya Vasa,Allahabad
7029,Vihaan Parekh,Ajmer
7030,Eesha Dash,Dibrugarh
7031,Vasana Dutt,Silchar
7032,Chasmum Kalla,Madhyamgram
7033,Yadavi Goswami,Bhusawal
7034,Ekalinga Lata,Anantapur
7035,Joshua Kale,Jehanabad
7036,Warhi Dhar,Gulbarga
7037,Lohit Shankar,Farrukhabad
7038,Tarak Morar,Tenali
7039,Charvi Parekh,Durgapur
7040,Naveen Oza,Muzaffarnagar
7041,Darika Nath,Mirzapur
7042,Qadim Sandal,Kolkata
7043,Nitesh Borah,Rohtak
7044,Yutika Kanda,Avadi
7045,Ekanta Sahota,Ahmedabad
7046,Yauvani Char,Bulandshahr
7047,Sanya Shankar,Kolhapur
7048,Atharv Butala,Berhampore
7049,Sara Rai,Ghaziabad
7050,Nihal Sarkar,Jhansi
7051,Abdul Swaminathan,Bardhaman
7052,Anthony Comar,Chandrapur
7053,Ekantika Koshy,Ahmednagar
7054,Yadavi Doctor,Ramagundam
7055,Omya Barad,Ozhukarai
7056,Jeremiah Hayer,Faridabad
7057,Yashawini Thaker,Madanapalle
7058,Abhiram Mitra,Surendranagar Dudhrej
7059,Anvi Das,Siliguri
7060,Mugdha Sahota,Bhilwara
7061,Onveer Batra,Raipur
7062,Gaurang Bail,Karawal Nagar
7063,Omya Oommen,Pudukkottai
7064,Tanveer Kara,Nellore
7065,Michael Tata,Katihar
7066,Vritti Rajagopalan,Gopalpur
7067,Robert Din,Ranchi
7068,Ayaan Batta,Bijapur
7069,Mitali Borah,Bhiwandi
7070,Prisha Aggarwal,Berhampur
7071,Arjun Shukla,Dindigul
7072,Hardik Halder,Korba
7073,Bhanumati Oommen,Machilipatnam
7074,Jatin Badami,Bahraich
7075,Eta Sen,Bangalore
7076,Jacob Nagi,Maheshtala
7077,Rachita Murty,Yamunanagar
7078,Ekapad Kar,Bongaigaon
7079,Siddharth Magar,Tadipatri
7080,Vyanjana Kari,Malda
7081,Lavanya Madan,Bikaner
7082,Harita Lalla,Jorhat
7083,Shravya Badami,Tenali
7084,Yug Mohan,Ongole
7085,Dhriti Balakrishnan,Rajahmundry
7086,Abdul Lata,Bhind
7087,Baljiwan Kara,Karimnagar
7088,Rayaan Tiwari,Jehanabad
7089,Omya Bajaj,Guna
7090,Mohini Sridhar,Anantapuram
7091,Girik Shere,Kakinada
7092,Yagnesh Ramanathan,Nandyal
7093,Arya Choudhry,Barasat
7094,Aditya Radhakrishnan,Karnal
7095,Vasudha Seth,Burhanpur
7096,Dipta Keer,Dindigul
7097,Forum Krishnan,Sambalpur
7098,Nidhi Vyas,Mangalore
7099,Fiyaz Panchal,Bongaigaon
7100,Ganga Banik,Satara
7101,Zayan Date,Gaya
7102,Siddharth Banerjee,Srikakulam
7103,Bhavya Kaul,Chennai
7104,Fitan Panchal,Bardhaman
7105,Harish Naik,Raebareli
7106,Aditya Devi,Guwahati
7107,Tamanna Aurora,Jhansi
7108,Isaiah Dalal,Kalyan-Dombivli
7109,Qarin Oommen,Thanjavur
7110,Eshana Talwar,Tenali
7111,Girik Jani,Indore
7112,Veer Shere,Ludhiana
7113,Faqid Kari,Siliguri
7114,Ryan Murthy,Raiganj
7115,Veer Virk,Hubli–Dharwad
7116,Inaya Randhawa,Mathura
7117,Isha Pandya,Berhampur
7118,Qasim Sharma,Chittoor
7119,Damyanti Swaminathan,Rajkot
7120,Tanmayi Ramachandran,Sagar
7121,Teerth Rajagopal,Firozabad
7122,Daksh Kalita,Ambala
7123,Urishilla Peri,Panipat
7124,Nitesh Joshi,Barasat
7125,Sanya Arora,Ballia
7126,Ijaya Prakash,Suryapet
7127,Ekapad Grover,Motihari
7128,Dalbir Barman,Vijayawada
7129,Umang Goel,Phusro
7130,Frado Prashad,Hosur
7131,Hardik Murthy,Kollam
7132,Qarin Goel,Tadepalligudem
7133,Baghyawati Dugar,Bhopal
7134,Ikbal Chand,Nagercoil
7135,Oscar Murty,Muzaffarnagar
7136,Simon Garg,Darbhanga
7137,Ekantika Bhandari,Thiruvananthapuram
7138,Triya Dhawan,Thiruvananthapuram
7139,Arin Issac,Jehanabad
7140,Upma Sane,Etawah
7141,Mekhala Dar,Dibrugarh
7142,Varsha Patla,Ahmedabad
7143,Aishani Chad,Jalna
7144,Vansha Savant,Gandhidham
7145,Faras Sethi,Ulhasnagar
7146,Shivansh Din,Siliguri
7147,Eesha Vala,Coimbatore
7148,Aishani Maharaj,Durg
7149,Libni Khurana,Howrah
7150,Triya Ahuja,Ahmedabad
7151,Farhan Sen,Moradabad
7152,Chavvi Loke,Tadipatri
7153,Ikshita Khosla,Gorakhpur
7154,Bhavya Mammen,Cuttack
7155,Jackson Sane,Gorakhpur
7156,Sara Choudhry,Morbi
7157,Naksh Choudhary,Howrah
7158,Qarin Joshi,Medininagar
7159,Liam Sastry,Ramagundam
7160,Chaitanya Jain,Haldia
7161,Dayita Dar,Bhilai
7162,Oeshi Datta,Ahmedabad
7163,Gayathri Kuruvilla,Kottayam
7164,Aryan Toor,Sultan Pur Majra
7165,Ishita Balakrishnan,Jhansi
7166,Sai Mangal,Jabalpur
7167,Rudra Agrawal,Dehradun
7168,Reyansh Atwal,Ratlam
7169,Zilmil Sehgal,Khandwa
7170,Ranbir Dara,Amaravati
7171,Chakradev Buch,Salem
7172,Farhan Savant,Amaravati
7173,Omya Kothari,Korba
7174,Harita Ravel,Karimnagar
7175,Isha Deo,Barasat
7176,Varenya Sood,Dibrugarh
7177,Niharika Chandra,Mangalore
7178,Xavier Hayre,Orai
7179,Lakshit Goswami,Navi Mumbai
7180,Jai Sengupta,Rajkot
7181,Viraj Mitra,Dindigul
7182,Ranveer Chand,Bhiwani
7183,Omkaar Warrior,Bhopal
7184,Qasim Kuruvilla,Kamarhati
7185,Bhanumati Nanda,Raebareli
7186,Timothy Brar,Ongole
7187,Timothy Chatterjee,Tadipatri
7188,Chameli Narain,Sri Ganganagar
7189,Chanchal Bhatt,Berhampur
7190,Diya Yohannan,Tiruchirappalli
7191,Yasti Bir,Pondicherry
7192,Chatura Char,Danapur
7193,Balhaar Chahal,Kochi
7194,Vrinda Prashad,Saharsa
7195,Upasna Master,Madhyamgram
7196,Naveen Sheth,Ichalkaranji
7197,Yachana Kapadia,Loni
7198,Leela Narain,Saharanpur
7199,Tripti Nadig,Panchkula
7200,Qarin Sarkar,Avadi
7201,Jack Kapur,Ramagundam
7202,Nirja Sethi,Gopalpur
7203,Ijaya Yogi,Farrukhabad
7204,Arya Narula,Satna
7205,Lekha Saraf,Raebareli
7206,Leela Mall,Jhansi
7207,Faras Dugal,Udaipur
7208,Hemang Dayal,Rajpur Sonarpur
7209,Lipika Puri,Mathura
7210,Jasmit Khatri,Mirzapur
7211,Abdul Deshpande,Kolkata
7212,Thomas Gulati,Jammu
7213,Geetika Nanda,Ozhukarai
7214,Caleb Bakshi,Haldia
7215,Vasatika Thakur,Saharanpur
7216,Anita Balay,Aurangabad
7217,Charles Trivedi,Thanjavur
7218,Patrick Kurian,Tiruppur
7219,Nathan Kaul,Darbhanga
7220,Wyatt Puri,Rajahmundry
7221,Kashish Bala,Bidhannagar
7222,Manbir Johal,Arrah
7223,Ethan Sabharwal,Aligarh
7224,Ekansh Mutti,Anantapuram
7225,Azaan Uppal,Satara
7226,Vaishnavi Thaman,Allahabad
7227,Girindra Behl,Danapur
7228,Zarna Solanki,Vellore
7229,Darsh Subramaniam,Madurai
7230,Karan Bumb,Ghaziabad
7231,Ranbir Bora,Malegaon
7232,Yug Nath,Solapur
7233,Harinakshi Bal,Panvel
7234,Advik Sangha,Gudivada
7235,Chatresh Memon,Srinagar
7236,Lucky Radhakrishnan,Erode
7237,Chaaya Dutta,Faridabad
7238,Sai Kalla,Jhansi
7239,Ranbir Patel,Karawal Nagar
7240,Gaurav Dani,Buxar
7241,Dalbir Dutt,Purnia
7242,Omisha Barman,Phagwara
7243,Tanveer Dixit,Miryalaguda
7244,Indrajit Misra,Machilipatnam
7245,Brinda Dube,Kadapa
7246,Gunbir Dora,Rajpur Sonarpur
7247,Darpan Salvi,Katihar
7248,Neha Mahal,Jamalpur
7249,Wyatt Ghosh,Raichur
7250,Rohan Kapur,Chandigarh
7251,Saanvi Patla,Jalgaon
7252,Januja Sen,Durgapur
7253,Owen Sandal,Jalgaon
7254,Kala Kapoor,Mirzapur
7255,Arya Patla,Rajahmundry
7256,Pooja Sankar,Chinsurah
7257,Jagrati Badami,Tumkur
7258,Akshay Khalsa,Ratlam
7259,Mason Tata,Panchkula
7260,Ishani Pathak,Solapur
7261,Janaki Lad,Lucknow
7262,Samesh Gokhale,Kolhapur
7263,Girik Tandon,Ghaziabad
7264,Chanakya Nadkarni,Nadiad
7265,Lipika Nagar,Phusro
7266,Chameli Pall,Coimbatore
7267,Chanchal Nayar,Pallavaram
7268,Tanmayi Joshi,Chittoor
7269,Amol Dhar,Howrah
7270,Yauvani Chaudhari,Jodhpur
7271,Idika Zachariah,Erode
7272,Vritti Yadav,Baranagar
7273,Yoshita Oza,Pune
7274,Hemang Saxena,Sultan Pur Majra
7275,Nathan Lala,Korba
7276,Bachittar Thakur,Asansol
7277,Harshil Sawhney,Panihati
7278,Ekapad Krishnan,Shimoga
7279,Pranav Chadha,Mumbai
7280,Yash Bal,Danapur
7281,Chandani Kala,Kavali
7282,Saksham Thaker,Tumkur
7283,Kritika Chandra,Barasat
7284,Eesha Modi,Thane
7285,Jairaj Khanna,Dehri
7286,Peter Deshmukh,Tiruchirappalli
7287,Brinda Minhas,Raipur
7288,Mahika Memon,Begusarai
7289,Xalak Comar,Haldia
7290,Keya Contractor,Ballia
7291,Hardik Bansal,Tenali
7292,Nilima Pau,Dharmavaram
7293,Chavvi Parmar,Bikaner
7294,Jairaj Oommen,Mysore
7295,Unnati Radhakrishnan,Satna
7296,Yashawini Magar,Vijayanagaram
7297,Urvashi Subramanian,Siwan
7298,Jagvi Shan,Jalgaon
7299,Tanay Deshpande,Ghaziabad
7300,Ranbir Mani,Warangal
7301,Isaiah Minhas,Ambattur
7302,Mohini Bandi,Bhusawal
7303,Ethan Sethi,Patiala
7304,Gavin Kakar,Jodhpur
7305,Chandani Sodhi,Shivpuri
7306,Benjamin Swamy,Panvel
7307,Charles Nayak,Dewas
7308,Nidhi Keer,Faridabad
7309,Jyoti Jani,Khammam
7310,Tara Goel,Bareilly
7311,Forum Arora,Ghaziabad
7312,Ganga Balasubramanian,Sambhal
7313,Suhani Tata,Machilipatnam
7314,Veer Sura,Karnal
7315,Naveen Chandran,Dehradun
7316,Kabir Barman,Katni
7317,Aarna Sankar,Raipur
7318,Nitara Manne,Sikar
7319,Indira Mital,Adoni
7320,Chandran Karpe,Bidhannagar
7321,Raagini Varghese,Meerut
7322,Jacob Deep,Ulhasnagar
7323,Orinder Sanghvi,Berhampur
7324,Harini Tripathi,Nanded
7325,Qadim Devi,Madhyamgram
7326,Ethan Madan,Khandwa
7327,Utkarsh Andra,Bhiwandi
7328,Raksha Salvi,Tinsukia
7329,Arya Kuruvilla,Patiala
7330,Warhi Sha,Nangloi Jat
7331,Veer Bhavsar,Naihati
7332,Wahab Shenoy,Guna
7333,Harini Varma,Howrah
7334,Yasti Prasad,Adoni
7335,Faraj Tank,Davanagere
7336,Rajeshri Prabhakar,Kumbakonam
7337,Watika Patel,Madanapalle
7338,Bhavini Nagy,Hapur
7339,Robert Nadkarni,Dehri
7340,Wishi Balasubramanian,Chittoor
7341,Daksha Choudhary,Guna
7342,Abeer Vala,Anand
7343,Chaaya Raman,Srinagar
7344,Yash Pandya,Erode
7345,Kabir Subramanian,Miryalaguda
7346,Rachana Dugar,Vijayawada
7347,Hemal Lalla,Agartala
7348,Turvi Dar,Kirari Suleman Nagar
7349,Diya Upadhyay,Pudukkottai
7350,Maya Lad,Bhilai
7351,Amara Dash,Danapur
7352,Zansi Suresh,Nagaon
7353,Faras Babu,Asansol
7354,Bhavna Pandey,Phagwara
7355,Jeet Thaman,Vijayanagaram
7356,Siya Prabhakar,Vellore
7357,Shaurya Bansal,Tirupati
7358,Nakul Dubey,Visakhapatnam
7359,Girish Dass,Jalandhar
7360,Forum Soman,Raiganj
7361,Alexander Pingle,Hazaribagh
7362,Dhriti Sridhar,Avadi
7363,William Sagar,Etawah
7364,Anthony Devan,Deoghar
7365,David Sagar,Sikar
7366,Ladli Bassi,Karaikudi
7367,Zarna Dasgupta,Tiruppur
7368,Ishani Nagy,Nagaon
7369,Nidra Tara,Aurangabad
7370,Sanaya Raval,Bhilwara
7371,Zayyan Master,Bongaigaon
7372,Faras Sidhu,Bellary
7373,Mitesh Garg,Katni
7374,Anamika D’Alia,Raebareli
7375,Bhavya Palla,Gaya
7376,Jagat Madan,Parbhani
7377,Lajita Pant,Orai
7378,Triveni Sastry,Nadiad
7379,Max Batra,Nagercoil
7380,Maya Gour,Rourkela
7381,Aarav Ahluwalia,Lucknow
7382,Wyatt Hayer,Jodhpur
7383,Hemani Brahmbhatt,Proddatur
7384,Ganga Dani,Guntur
7385,Oliver Thakur,Noida
7386,Mugdha Setty,Aurangabad
7387,Tarak Patil,Phagwara
7388,Inaya Cheema,Dehri
7389,Vrinda Sur,Bettiah
7390,Aditya Doshi,Jodhpur
7391,Ikshita Reddy,Bhavnagar
7392,Kashish Rege,Kulti
7393,Ucchal Comar,Howrah
7394,Ekaja Lanka,Thane
7395,Rachit Babu,Kharagpur
7396,Shivani Grewal,South Dumdum
7397,Aadi Choudhury,Gopalpur
7398,Ekanta Grover,Shimla
7399,Unnati Luthra,Gwalior
7400,Mitali Parmer,Ozhukarai
7401,Quincy Guha,Medininagar
7402,Gunbir Roy,Thane
7403,Yuvraj Rama,Howrah
7404,Chaitaly Kari,Mango
7405,Pranav Bajaj,Nandyal
7406,Vivaan Swaminathan,Motihari
7407,Rachita Khurana,Katni
7408,Damini Pandey,Burhanpur
7409,Eiravati Dewan,Nanded
7410,Gopal Bose,Patna
7411,Guneet Walia,Tiruchirappalli
7412,Osha Bhandari,Vasai-Virar
7413,Harini Bala,Phusro
7414,Amrita Sane,Thrissur
7415,Saanvi Wagle,Shimoga
7416,Hiral Patla,Tirupati
7417,Naksh Tank,Kochi
7418,Dalaja Mutti,Alappuzha
7419,Amruta Sangha,Howrah
7420,Udant Sundaram,Berhampore
7421,Eiravati Bhasin,Asansol
7422,Meera Singh,Tadipatri
7423,Wakeeta Chhabra,Silchar
7424,Utkarsh Mann,Jamnagar
7425,Chandresh Bora,Maheshtala
7426,Hemang Ganesh,Thoothukudi
7427,Nakul Hari,Bidhannagar
7428,David Ratti,South Dumdum
7429,Hema Ganguly,Dibrugarh
7430,Darika Lad,Naihati
7431,Urmi Purohit,Tiruppur
7432,Frado Walla,Srinagar
7433,Kevin Sahni,Purnia
7434,Avni Lanka,Fatehpur
7435,Triya Savant,Panihati
7436,Upasna Chad,Nanded
7437,Urvi Soman,Bhavnagar
7438,Yash Nadig,Rohtak
7439,Balvan Nair,Bidhannagar
7440,Kabir Gola,Dharmavaram
7441,Charles Nazareth,Navi Mumbai
7442,Nisha Sodhi,Bareilly
7443,Osha Mitter,Ichalkaranji
7444,Gaurika Kalita,Latur
7445,Yashvi Nanda,Patna
7446,Pahal Patla,Raichur
7447,Ekantika Rajagopal,Madhyamgram
7448,Kamala Bahl,Bulandshahr
7449,Kabir Thakkar,Bardhaman
7450,Qabil Kant,Purnia
7451,Nathan Chaudhry,Bikaner
7452,Rachita Pillay,Bhilai
7453,Madhavi Bera,Siwan
7454,Harish Joshi,Kanpur
7455,Gopal Mangat,Madanapalle
7456,Nathan Narang,Howrah
7457,Nidra Kala,Nashik
7458,Sara Balasubramanian,Pudukkottai
7459,Gayathri Uppal,Shivpuri
7460,Chakrika Sawhney,South Dumdum
7461,Brinda Bobal,Jammu
7462,Zayan Wali,Satna
7463,Kritika Thakur,Bijapur
7464,Faraj Agarwal,Udupi
7465,Aarnav Madan,Bettiah
7466,Shaurya Cheema,Kolkata
7467,Zarna Chokshi,Gwalior
7468,Januja Karan,Bellary
7469,Panini Thakkar,Guntakal
7470,Charvi Pai,Danapur
7471,Aarush Patel,Jabalpur
7472,Rushil Mann,Danapur
7473,Siya Lata,Bharatpur
7474,Gunbir Guha,Sambhal
7475,Janaki Nigam,Muzaffarnagar
7476,Bhavini Chaudhry,Noida
7477,Christopher Thakur,Nanded
7478,Praneel Chawla,Sonipat
7479,Veer Rajagopal,Jammu
7480,Ishita Raj,Srinagar
7481,Mason Samra,Kanpur
7482,Xiti Chadha,Mau
7483,Waida Solanki,Kulti
7484,Imaran Kapur,Baranagar
7485,Urvashi Zacharia,Ambarnath
7486,Nitesh Mand,Serampore
7487,Pranit Suri,Pimpri-Chinchwad
7488,Vaishnavi Saha,Latur
7489,Raagini Bail,Miryalaguda
7490,Ladli Gara,Buxar
7491,Faris Dayal,Amaravati
7492,Fariq Kumer,Imphal
7493,Hritik Jain,Dibrugarh
7494,Aahana Mahajan,Kadapa
7495,Shravya Kalita,Dhanbad
7496,Tarak Chokshi,Pallavaram
7497,Yashasvi Sibal,Alappuzha
7498,Amara Ranganathan,Sri Ganganagar
7499,Arya Dey,Danapur
7500,Theodore Mammen,Ghaziabad
7501,Rishi Saran,Dehradun
7502,Vivaan D’Alia,Bally
7503,Daksha Sarin,Jodhpur
7504,Ekalinga Dalal,Suryapet
7505,Laban Palan,Maheshtala
7506,Oliver Yogi,Hubli–Dharwad
7507,Zaitra Mittal,Bulandshahr
7508,Jagat Ravi,Sikar
7509,Arjun Batra,Ichalkaranji
7510,Yashasvi Tank,Kalyan-Dombivli
7511,Saanvi Karan,Jamalpur
7512,Charita Kakar,Gwalior
7513,Hemal Mishra,Kalyan-Dombivli
7514,Bishakha Patla,Bhusawal
7515,Manthan Saxena,Junagadh
7516,Parth Kamdar,Madhyamgram
7517,Vedant Sunder,Begusarai
7518,Faqid Goda,Chandigarh
7519,Chavvi Chandra,Muzaffarnagar
7520,Warinder Bhatti,Gorakhpur
7521,Jagdish Natt,Jorhat
7522,Teerth Arora,Salem
7523,Vrishti Dada,Sagar
7524,Tamanna Gala,Hubli–Dharwad
7525,Faqid Pant,Madhyamgram
7526,Ladli Balan,Srikakulam
7527,Kashvi Mistry,Jamalpur
7528,Isaiah Kant,Jhansi
7529,Aashi Lad,Gandhinagar
7530,Harsh Gandhi,Dewas
7531,Bishakha Ghose,Jamnagar
7532,Avi Viswanathan,Bhopal
7533,Rachit Malhotra,Mahbubnagar
7534,Qushi Sane,Sagar
7535,Siya Ganguly,Ramagundam
7536,Nathan Hans,Dehradun
7537,Jalsa Grewal,Salem
7538,Kalpit Bhandari,Jalgaon
7539,Madhav Madan,Hyderabad
7540,Akshay Tank,Bharatpur
7541,Arunima Palla,Tadipatri
7542,Keya Doshi,Ambattur
7543,Ishwar Balakrishnan,Tadepalligudem
7544,Bachittar Gupta,Narasaraopet
7545,Krishna Kapur,Hazaribagh
7546,Sachi Lata,Pondicherry
7547,Netra Pillay,Satara
7548,Chaitaly Talwar,Khandwa
7549,Wazir Atwal,Mirzapur
7550,Bachittar Dash,Saharsa
7551,Siya Mall,Hindupur
7552,Fiyaz Lanka,Hazaribagh
7553,Darsh Bir,Pimpri-Chinchwad
7554,Naveen Sandhu,Rohtak
7555,Fiyaz Karnik,Bettiah
7556,Adya Mangat,Surendranagar Dudhrej
7557,Jagat Kadakia,Serampore
7558,Bhavna Puri,Gopalpur
7559,Ekapad Chahal,Eluru
7560,Mohammed Soni,Madurai
7561,Sai Palla,Giridih
7562,Januja Kari,Ghaziabad
7563,Kalpit Raj,Jalandhar
7564,Luke Ram,Solapur
7565,Charles Jhaveri,Hosur
7566,Liam Chokshi,Rajahmundry
7567,Pooja Chahal,Bidar
7568,Faras Virk,Sasaram
7569,Lajita Mohanty,Ballia
7570,Ganga Mukhopadhyay,Raipur
7571,Ekapad Sethi,Avadi
7572,Fariq Setty,Nanded
7573,Waida Mahal,Gudivada
7574,Ekaraj Borra,Rajahmundry
7575,Tanay Sarraf,Suryapet
7576,Shravya Madan,Khandwa
7577,Sudiksha Varty,Jalna
7578,Dayita Oommen,Begusarai
7579,Januja Batta,Muzaffarpur
7580,Agastya Basak,Jaunpur
7581,Darika Kala,Guntakal
7582,Shravya Barad,Khammam
7583,Siya Sangha,Rajahmundry
7584,Baljiwan Barad,Saharanpur
7585,Keya Borde,Tezpur
7586,Nathaniel Kunda,Delhi
7587,Chandresh Walla,Guntur
7588,Forum Bandi,Kolkata
7589,Priya Konda,Bhiwani
7590,Charles Date,Sikar
7591,Chandran Thakkar,Aligarh
7592,Falan Rajagopalan,Tadepalligudem
7593,Chatresh Kurian,Indore
7594,Kabir Lad,Silchar
7595,Chatresh Biswas,Bikaner
7596,Amruta Pathak,Rajkot
7597,Reva Sehgal,Tiruchirappalli
7598,Faras Baral,Khandwa
7599,Ria Bajaj,Yamunanagar
7600,Vritti Sane,Cuttack
7601,Jai Dhar,Uluberia
7602,Irya Yogi,Coimbatore
7603,Widisha Garde,Danapur
7604,Aayush Devi,Ranchi
7605,Ekiya Jain,Surendranagar Dudhrej
7606,Tamanna Babu,Hazaribagh
7607,Tanveer Sangha,Vellore
7608,Yagnesh Sani,Panipat
7609,Shravya Das,Jabalpur
7610,Sachi Pillay,Thanjavur
7611,Thomas Ganesan,Hubli–Dharwad
7612,Pranav Karpe,Surat
7613,Amruta Choudhury,Amravati
7614,Hiral Kala,Varanasi
7615,Samarth Loke,Jorhat
7616,Rohan Barman,Madhyamgram
7617,Jagvi Acharya,Bhopal
7618,Neelima Butala,Gandhidham
7619,Chaman Kannan,Jamshedpur
7620,Ekaraj Date,Bidhannagar
7621,Ayush Kamdar,Nagercoil
7622,Dipta Bansal,Motihari
7623,Noah Chadha,Narasaraopet
7624,Zehaan Halder,Tadepalligudem
7625,Ubika Solanki,Ujjain
7626,Unnati Dass,Noida
7627,Bahadurjit Rai,Bhalswa Jahangir Pur
7628,Leela Basak,Karimnagar
7629,Gaurav Borde,Ballia
7630,Hemangini Lalla,Mangalore
7631,Caleb Nagi,Ghaziabad
7632,Charvi Kohli,Shimla
7633,Prisha Mandal,Kochi
7634,Ethan Bahl,Eluru
7635,Shravya Gade,Singrauli
7636,Chaman Dewan,Faridabad
7637,Timothy Mutti,Bathinda
7638,Leela Kale,Kollam
7639,Abha Varghese,Phagwara
7640,Yamini Bajaj,Hazaribagh
7641,Samuel Koshy,Gulbarga
7642,Bina Joshi,Jodhpur
7643,Prisha Mody,Giridih
7644,Manya Menon,Bangalore
7645,Yashoda Minhas,Maheshtala
7646,Sai Mitra,Jorhat
7647,Samar Minhas,Baranagar
7648,Vivaan Bawa,Surat
7649,Niharika Sachdeva,Orai
7650,Simon Sagar,Tiruvottiyur
7651,Zilmil Chakrabarti,Belgaum
7652,Yochana Gokhale,Siliguri
7653,Raghav Mani,Udaipur
7654,Vasudha Ahuja,Berhampur
7655,Vedhika Chadha,Mahbubnagar
7656,Qabil Upadhyay,Bikaner
7657,Charles Gade,Ghaziabad
7658,Ridhi Pingle,Bhopal
7659,Lekha Shenoy,Mango
7660,Deepa Loyal,Nagercoil
7661,Saanvi Lanka,Visakhapatnam
7662,Brijesh Shroff,Bhusawal
7663,Samaksh Mammen,Khammam
7664,Ladli Singh,Bhind
7665,Oscar Dutta,Tenali
7666,Raghav Vyas,Kadapa
7667,Nitesh Raj,Kirari Suleman Nagar
7668,Lajita Jayaraman,Sirsa
7669,Hitesh Palan,Bhopal
7670,Raksha Pillai,Vasai-Virar
7671,Rudra Pant,Noida
7672,Ria Pall,Sikar
7673,Zaitra Goel,Bally
7674,Meghana Rout,Kottayam
7675,Veda Ravi,Ghaziabad
7676,Yauvani Gole,Jodhpur
7677,Jeet Narayanan,Bidar
7678,Guneet Comar,Tiruppur
7679,Nitesh Mukhopadhyay,Kochi
7680,Qarin Deo,Bhiwandi
7681,Edhitha Tiwari,Guwahati
7682,Odika Bhakta,Alappuzha
7683,Rachita Bhakta,Buxar
7684,Aahana Rout,Vellore
7685,Janya Kata,Ulhasnagar
7686,Eiravati Kumar,Uluberia
7687,Ojasvi Korpal,Nadiad
7688,Fiyaz Choudhury,Yamunanagar
7689,Nachiket Doctor,Patiala
7690,Pahal Walia,Aligarh
7691,Darpan Zachariah,Shimla
7692,Upkaar Varma,Thiruvananthapuram
7693,Sanya Goswami,Bhavnagar
7694,Kritika Kashyap,Bangalore
7695,Dayita Bir,Kadapa
7696,Lipika De,Machilipatnam
7697,Ganga Nath,Kulti
7698,Jack Subramanian,Alappuzha
7699,Keya Sahni,Bahraich
7700,Ladli Iyer,Sasaram
7701,Ryan Varghese,Mysore
7702,Yuvraj Varty,Guna
7703,Om Sangha,Kurnool
7704,Arunima Hayre,Warangal
7705,Upadhriti Bava,Eluru
7706,Divya Mannan,Uluberia
7707,Aarna Behl,Nagercoil
7708,Lakshit Rajagopal,Arrah
7709,Theodore Sabharwal,Jalna
7710,Chanchal Magar,Aurangabad
7711,Wridesh Soman,Kirari Suleman Nagar
7712,Yashasvi Kurian,Rohtak
7713,Gaurangi Mallick,Katihar
7714,Chakradev Dugar,Jaunpur
7715,Dhriti Khosla,Narasaraopet
7716,Kamya Agarwal,Khora 
7717,Nandini Tara,Guntakal
7718,Vivaan Chandran,Mau
7719,Neelima Chaudhari,Saharanpur
7720,Arya Nanda,Dhule
7721,Mahika Purohit,Chittoor
7722,Irya Varty,Bhopal
7723,Neha Hora,Aizawl
7724,Samar Chada,Raurkela Industrial Township
7725,Neha Agrawal,Thane
7726,Reyansh Sura,Jammu
7727,Shaurya Ram,Bhalswa Jahangir Pur
7728,Elijah Roy,Adoni
7729,Shravya Pradhan,Durg
7730,Mason Shetty,Kottayam
7731,Widisha Pillai,Bhopal
7732,Panini Pall,Jalandhar
7733,Nikita Aurora,Mahbubnagar
7734,Jairaj Dash,Pondicherry
7735,Upma Sahni,Kollam
7736,Ekani Bobal,Bettiah
7737,Rachit Bansal,Pune
7738,Vasudha Bakshi,Tiruchirappalli
7739,Utkarsh Ramaswamy,Durg
7740,Daksh Boase,Ichalkaranji
7741,Waida Tandon,Noida
7742,Hemani Dasgupta,Gurgaon
7743,Noah Kala,Pali
7744,Anthony Soman,Karaikudi
7745,Jasmit Narayan,Cuttack
7746,Lila Deol,Rewa
7747,Ekanta Seth,Cuttack
7748,Upadhriti Radhakrishnan,Bardhaman
7749,Christopher Sengupta,South Dumdum
7750,Frado Grewal,Kumbakonam
7751,Deepa Chokshi,Dehradun
7752,Luke Murty,Bathinda
7753,Pooja Goda,Jamalpur
7754,Omaja Narang,Mau
7755,Adweta Dalal,Pondicherry
7756,Aishani Patil,Amravati
7757,Simon Datta,Kulti
7758,Harrison Loke,Amravati
7759,Waida Soni,Guntakal
7760,Anay Upadhyay,Jalna
7761,Benjamin Koshy,Panihati
7762,Fitan Thaker,Bhilwara
7763,Vedhika Konda,Ambala
7764,Jacob Natt,Faridabad
7765,Anamika Subramaniam,Vijayanagaram
7766,Amol Taneja,Kumbakonam
7767,Hema Ramakrishnan,Davanagere
7768,Noah Dani,Varanasi
7769,Kai Gara,Gaya
7770,Madhavi Tiwari,Gopalpur
7771,Rudra Suri,Pimpri-Chinchwad
7772,Christopher Dixit,Delhi
7773,Robert Arora,Bhiwani
7774,Girindra Merchant,Vasai-Virar
7775,Qadim Divan,Agra
7776,Dalaja Sawhney,Vijayawada
7777,Benjamin Issac,Tezpur
7778,Arya Karan,Jalgaon
7779,Qadim Keer,Satara
7780,Sanaya Sem,Kamarhati
7781,Urishilla Palla,Kolkata
7782,Brijesh Bandi,Muzaffarnagar
7783,Lavanya Bhandari,Motihari
7784,Falguni Yogi,Mau
7785,Chakradhar Choudhry,Tiruchirappalli
7786,Triveni Ramachandran,Ahmednagar
7787,Upkaar Yohannan,Panvel
7788,Manya Patla,Dehri
7789,Jatin Balasubramanian,Junagadh
7790,Lekha Nazareth,Phusro
7791,Nilima Toor,Bangalore
7792,Gauri Gokhale,Phagwara
7793,Ekavir Ramachandran,Raurkela Industrial Township
7794,Hredhaan Nigam,Ballia
7795,Daniel Chaudhry,Ajmer
7796,Kabir Vasa,Proddatur
7797,Warjas Varkey,Kanpur
7798,Hemal Iyer,Kishanganj
7799,Urvashi Anand,Bongaigaon
7800,Peter Raman,Bokaro
7801,Gauri Bhasin,Durg
7802,Bhavya Tank,Mathura
7803,Gunbir Bhagat,Kirari Suleman Nagar
7804,Siya Handa,Ozhukarai
7805,Ekapad Ravel,Bhind
7806,Keya Thakur,Mira-Bhayandar
7807,Arunima Jaggi,Jabalpur
7808,Yachana Kadakia,Khandwa
7809,Bhanumati Manne,Dhanbad
7810,Riya Behl,Nandyal
7811,Dakshesh Verma,Siwan
7812,Banjeet Dada,Katni
7813,Ira Batra,Avadi
7814,Nirja Keer,Shimoga
7815,Indrajit Gala,Bareilly
7816,Neha Goel,Unnao
7817,Teerth Kashyap,Erode
7818,Kavya Kari,Bhind
7819,Omkaar Dalal,Kochi
7820,Ojas Pillai,Bathinda
7821,Pranav Swaminathan,Jalandhar
7822,Kamya Solanki,Coimbatore
7823,Manthan Arya,Meerut
7824,Kabir Nadkarni,Berhampur
7825,Ojas Deol,Chandigarh
7826,Omisha Trivedi,Kumbakonam
7827,Vyanjana Krishnan,Kulti
7828,Ikbal Nanda,Varanasi
7829,Ayaan Sahota,Jammu
7830,Noah Sandhu,Khandwa
7831,Vrinda Trivedi,Kirari Suleman Nagar
7832,Madhavi Chandran,Fatehpur
7833,Wyatt Bora,Bareilly
7834,Adweta Tripathi,Bongaigaon
7835,Hemangini Mammen,Allahabad
7836,Om Kamdar,Ghaziabad
7837,Yatin Warrior,Surat
7838,Farhan Kaur,Noida
7839,Tamanna Agrawal,Udaipur
7840,Samarth Tata,Tezpur
7841,Onkar Garg,Alwar
7842,Bimala Chaudhary,Kulti
7843,Balhaar Johal,Raiganj
7844,Meera Lal,Alappuzha
7845,Darika Mani,Aurangabad
7846,Devansh Narula,Siwan
7847,Falak Thaker,Dindigul
7848,Liam Saraf,Vijayanagaram
7849,Oviya Badami,Shimla
7850,Pavani Sandhu,Jodhpur
7851,Bakhshi Chandran,Gudivada
7852,Kritika Raju,Dehri
7853,Lipika Gala,Begusarai
7854,Jairaj Mahal,Malegaon
7855,Ishaan Gola,Bhilwara
7856,Neel Narang,Vasai-Virar
7857,Joshua Gade,Saharsa
7858,Sanaya Chana,Alappuzha
7859,Nihal Chaudhuri,Siwan
7860,Ladli Mohan,Motihari
7861,Kavya Modi,Sasaram
7862,Yatan Kapur,Siliguri
7863,Jason Bumb,Cuttack
7864,Kalpit Arora,Bathinda
7865,Anmol Chanda,Muzaffarnagar
7866,Patrick Bumb,Orai
7867,Shravya Keer,Thane
7868,Damyanti Buch,Sambhal
7869,Daksha Khatri,Tirunelveli
7870,Pranav Dubey,Hosur
7871,Yuvraj Pillai,Rewa
7872,Sathvik Bala,New Delhi
7873,Ekani Gole,Pudukkottai
7874,Omaja Kala,Kishanganj
7875,Zinal Sankar,Purnia
7876,Kabir Om,Mysore
7877,Varenya Korpal,Mirzapur
7878,Charan Borra,Vadodara
7879,Sara Nair,Surat
7880,Qarin Comar,Surat
7881,Noah Lalla,Salem
7882,Vrinda Sarma,Bhagalpur
7883,Rachita Borah,Burhanpur
7884,Pratyush Kumer,Maheshtala
7885,Leela Virk,Bhubaneswar
7886,Neelima Din,Bhagalpur
7887,Pushti Vasa,Morbi
7888,Anita Narang,Udaipur
7889,Pooja Gaba,Surendranagar Dudhrej
7890,Ekavir Joshi,Ambala
7891,Gabriel Jayaraman,Farrukhabad
7892,Ekiya Mallick,Medininagar
7893,Netra Balakrishnan,Kurnool
7894,Eesha Deshmukh,Bikaner
7895,Hritik Mishra,Udaipur
7896,Aahana Pandey,Jabalpur
7897,Falak Balan,Warangal
7898,Krishna Butala,Bhind
7899,Shivani Murthy,Kalyan-Dombivli
7900,Balvan Palla,Machilipatnam
7901,Yashvi Sawhney,Navi Mumbai
7902,Simon Bassi,Bokaro
7903,Keya Sant,Shimoga
7904,Veer Sanghvi,Sangli-Miraj & Kupwad
7905,Gagan Karpe,Parbhani
7906,Manya Bakshi,Ghaziabad
7907,Saanvi Dugar,Karawal Nagar
7908,Omaja Andra,Maheshtala
7909,Brinda Sunder,Durg
7910,Ekalinga Lad,Anantapur
7911,Ojas Mital,Silchar
7912,Abdul Shanker,Mahbubnagar
7913,Hemangini Bora,Satna
7914,Chasmum Korpal,Guntakal
7915,Ekaja Deshpande,Jabalpur
7916,Sara Badal,Dehradun
7917,Gautami Sahota,Durg
7918,Yash Choudhry,Anantapuram
7919,Pushti Sabharwal,Saharanpur
7920,Deepa Contractor,Gurgaon
7921,Januja Golla,North Dumdum
7922,Logan Acharya,Siwan
7923,Samuel Lalla,Sonipat
7924,Yug Dugar,Panchkula
7925,Nitara Bora,Sasaram
7926,Azad Shanker,Ghaziabad
7927,Xalak Raval,Karawal Nagar
7928,Vrinda Ray,Ozhukarai
7929,Chatura Gade,Chennai
7930,Girindra Chauhan,Aizawl
7931,Janaki Vig,Surendranagar Dudhrej
7932,Jonathan Ahluwalia,Proddatur
7933,Daksh Rajagopalan,North Dumdum
7934,Triveni Badal,Gwalior
7935,Umang Vohra,Ambala
7936,Devansh Pingle,Madurai
7937,Joshua Jha,Tirunelveli
7938,Chanakya Khalsa,Guntur
7939,Manbir Khatri,Jodhpur
7940,Aadi Mohan,Tiruchirappalli
7941,Aradhana Sathe,Guntur
7942,Hemangini Wadhwa,Fatehpur
7943,Lucky Bhat,Guwahati
7944,Quincy Kara,Nashik
7945,Theodore Sha,Guntur
7946,Ekani Mutti,Thane
7947,Meghana Purohit,Adoni
7948,Janya Banik,Surat
7949,Chandran Raju,Srikakulam
7950,Charan Batra,Ahmedabad
7951,Falan Lata,Udupi
7952,Reyansh Rao,Amritsar
7953,Yagnesh Chopra,Sikar
7954,Lucky Hegde,Saharsa
7955,Tarak Tak,Ambarnath
7956,Jeet Narang,Kakinada
7957,Arjun Palla,Kolhapur
7958,Rishi Johal,Nashik
7959,Darpan Mitter,Bhusawal
7960,Nathaniel Shere,Ambattur
7961,Odika Khosla,Parbhani
7962,Rachita Parekh,Bhimavaram
7963,Veer Borah,Amravati
7964,Baljiwan Narayan,Srikakulam
7965,Parth Hans,Satara
7966,Mugdha Rau,Etawah
7967,Mason Dixit,Phusro
7968,Gaurangi Dubey,Tirunelveli
7969,Rehaan Issac,Jorhat
7970,Harish Gala,Rajahmundry
7971,Damyanti Bahl,Chinsurah
7972,Forum Tank,Ajmer
7973,Jhalak Nori,Unnao
7974,Lakshit Dasgupta,Kirari Suleman Nagar
7975,Tanveer Singh,Haldia
7976,Kiaan Dugar,Kalyan-Dombivli
7977,Krishna Patla,Imphal
7978,Yahvi Kashyap,Bhind
7979,Gabriel Buch,Danapur
7980,Hemang Mittal,Gorakhpur
7981,Watika Kapadia,Salem
7982,Chanchal Biswas,Ahmednagar
7983,Pallavi Nori,Vellore
7984,Kamya Dewan,Amroha
7985,Ranbir Rege,Orai
7986,Januja Bhavsar,Bidhannagar
7987,Anay Das,Chittoor
7988,Imaran Ramanathan,Bathinda
7989,Upadhriti Rao,Begusarai
7990,Chandresh Jayaraman,Anand
7991,Vedant Jayaraman,Sagar
7992,Bhavika Venkatesh,Khammam
7993,Hitesh Balakrishnan,Ujjain
7994,Mekhala Palla,Nadiad
7995,Caleb Kata,Gopalpur
7996,Kalpit Iyer,Vijayanagaram
7997,Max Mittal,Nizamabad
7998,Kevin Dar,Dindigul
7999,Janani Ghosh,Jalgaon
8000,Lucky Sane,Sasaram
8001,Edhitha Gole,Bardhaman
8002,Max Talwar,Saharanpur
8003,Yashodhara Barman,Jalgaon
8004,Chameli Sha,Rajahmundry
8005,Anmol Kala,Mathura
8006,Nihal Sachdeva,Ongole
8007,Xalak Dhar,Erode
8008,Ijaya Barman,Ranchi
8009,Aadhya Nigam,Khammam
8010,Zayyan Bala,Berhampore
8011,Sathvik Behl,Gurgaon
8012,Jyoti Pal,Agartala
8013,Lekha Vora,Bikaner
8014,Fiyaz Rajagopal,Uluberia
8015,Aarnav Sani,Tumkur
8016,Dakshesh Gandhi,Ichalkaranji
8017,Saanvi Nanda,Tenali
8018,Nicholas Iyer,North Dumdum
8019,Andrew Cherian,Sasaram
8020,Aditya Vaidya,Tenali
8021,Lakshmi Nagar,Kota
8022,Aayush Wali,Mira-Bhayandar
8023,Pavani Kuruvilla,Secunderabad
8024,Zilmil Kade,Vellore
8025,Ishanvi Grover,Danapur
8026,Varsha Bava,Begusarai
8027,Bachittar Loyal,New Delhi
8028,Jason Loyal,Udupi
8029,Krisha Taneja,Hospet
8030,Quincy Khatri,Khandwa
8031,Janya Nadig,Tiruvottiyur
8032,Jacob Ram,Kolhapur
8033,Leela Saxena,Dehri
8034,Harini Nagar,Ramagundam
8035,Balvan Singhal,Medininagar
8036,Rachit Shukla,Suryapet
8037,Mekhala Setty,Nandyal
8038,Chandresh Mukherjee,Shimoga
8039,Chasmum Bajaj,Asansol
8040,Odika Gala,Durgapur
8041,Niharika Dave,Raiganj
8042,Pranav Chowdhury,Kozhikode
8043,Bhavani Kaul,Mehsana
8044,Michael Ramesh,Dhule
8045,Rachit Gola,Shimla
8046,Joshua Raja,Tirupati
8047,Aarav Gulati,Ghaziabad
8048,Ekanta Pau,Rajkot
8049,Yashvi Mallick,Hyderabad
8050,Eiravati Ahuja,Ranchi
8051,Jasmit Ratti,Nadiad
8052,Gayathri Solanki,Naihati
8053,Inaya Majumdar,Rourkela
8054,Wyatt Krishnamurthy,Thiruvananthapuram
8055,Vyanjana Koshy,Katihar
8056,Hema Kant,Morbi
8057,Yashoda Andra,Udaipur
8058,Ucchal Patla,Haldia
8059,Frederick Tara,Etawah
8060,Sanya Malhotra,Dehradun
8061,Farhan Sandal,Aurangabad
8062,Zilmil Som,Ludhiana
8063,Ishwar Saraf,Ghaziabad
8064,Gaurang Jhaveri,Dewas
8065,Zansi Choudhury,Guntur
8066,Riya Sahni,Bhatpara
8067,Yatan Mane,Hyderabad
8068,Harinakshi Zacharia,Thiruvananthapuram
8069,Chameli Kothari,Madurai
8070,Nisha Nazareth,Tezpur
8071,Faqid Ratta,Nangloi Jat
8072,Neelima Shanker,Nandyal
8073,Gagan Balakrishnan,Saharsa
8074,Deepa Thaman,Cuttack
8075,Vihaan Sha,Ajmer
8076,Omya Jain,Srinagar
8077,Baljiwan Dube,Pallavaram
8078,Radhika Sundaram,Karnal
8079,Kamala Dada,Karnal
8080,Dipta Bakshi,Karawal Nagar
8081,Vidhi Bath,Machilipatnam
8082,Netra Hegde,Uluberia
8083,Rachita Kapur,Orai
8084,Falan Garde,Jabalpur
8085,Janya Choudhry,Dewas
8086,Xiti Dara,Vijayawada
8087,Vivaan Pathak,Gangtok
8088,Indira Buch,New Delhi
8089,Barkha Ratti,Avadi
8090,Pushti Wagle,Parbhani
8091,Jonathan Mukherjee,Muzaffarnagar
8092,Bachittar Prabhakar,Avadi
8093,Gabriel Sunder,Arrah
8094,Januja Din,Madhyamgram
8095,Abeer Samra,Nellore
8096,Madhav Ramaswamy,Rajahmundry
8097,Jhalak Bhavsar,Davanagere
8098,Teerth Khare,Deoghar
8099,Sanya Mistry,Muzaffarnagar
8100,Udarsh Dhaliwal,Kalyan-Dombivli
8101,Xavier Chakrabarti,Gudivada
8102,Teerth Nair,Karawal Nagar
8103,Krishna Srinivas,Madhyamgram
8104,Jatin Bala,Raebareli
8105,Sai Bandi,Vijayanagaram
8106,Laban Buch,Mangalore
8107,Balendra Devi,Bhiwani
8108,Lila Pai,Muzaffarnagar
8109,Mekhala Chand,Ongole
8110,Chaitaly Agate,Bihar Sharif
8111,Krishna Bir,Kadapa
8112,Vasudha Som,Ghaziabad
8113,Eta Varty,Kirari Suleman Nagar
8114,Gaurang Madan,Fatehpur
8115,Ojas Bera,Anantapuram
8116,Viraj Chacko,Solapur
8117,Daniel Jani,Dhanbad
8118,Ati Saha,Ongole
8119,Warinder Grover,Firozabad
8120,Tejas Pal,Bhind
8121,Wyatt Gopal,Surat
8122,Zinal Mannan,Dindigul
8123,Kalpit Oommen,Bardhaman
8124,Wakeeta Gulati,Muzaffarpur
8125,Januja Dara,Bareilly
8126,Janani Mitra,Jodhpur
8127,Ishanvi Khatri,Salem
8128,Tarak Uppal,Tiruppur
8129,Oeshi Bhagat,Erode
8130,Riya Amble,Chandrapur
8131,Lipika Bhardwaj,Rourkela
8132,Saanvi Subramanian,Jhansi
8133,Warinder Gala,Gopalpur
8134,Darika Contractor,Sangli-Miraj & Kupwad
8135,Victor Date,Dhule
8136,Robert Kaul,Madhyamgram
8137,Yashodhara Kaur,Srinagar
8138,Parth Parekh,Burhanpur
8139,Yuvraj Zacharia,Bhusawal
8140,Chaitanya Pillay,Panchkula
8141,Vaishnavi Dugar,Ballia
8142,Dalaja Khatri,Agra
8143,Yashawini Loke,Tumkur
8144,Andrew Merchant,Khora 
8145,Yash Prakash,Rohtak
8146,Nimrat Bhardwaj,Munger
8147,Ekalinga Oak,Deoghar
8148,Geetika Sethi,Panchkula
8149,Nitesh Chauhan,Kumbakonam
8150,Vansha Brahmbhatt,Ozhukarai
8151,Warjas Sha,Ludhiana
8152,Lekha Chhabra,Bellary
8153,Aachal Bains,Rajpur Sonarpur
8154,Udant Dhaliwal,Pudukkottai
8155,Anvi Date,Phagwara
8156,Eshana Bandi,Pali
8157,Damini Bhat,Rajkot
8158,Avni Prashad,Rajkot
8159,Rudra Sha,Hyderabad
8160,Joshua Varghese,Karawal Nagar
8161,Faras Zachariah,Kumbakonam
8162,Jagvi Loke,Nagercoil
8163,Laksh Kata,Thrissur
8164,Baghyawati Prabhakar,Jaipur
8165,Timothy Rana,Raipur
8166,Ekansh Sekhon,Buxar
8167,Charles Ramaswamy,Gangtok
8168,Triya Acharya,Guna
8169,Hiral Karan,Alappuzha
8170,Harish Bhargava,Kishanganj
8171,Aditya Chatterjee,Farrukhabad
8172,Rayaan Ramakrishnan,Hazaribagh
8173,Devika Jaggi,Bilaspur
8174,Quincy Kata,Sikar
8175,Manan Gade,Jhansi
8176,Inaya Raghavan,Bidar
8177,Raagini Kulkarni,Singrauli
8178,Rachit Badal,Kumbakonam
8179,Simon Vaidya,Sangli-Miraj & Kupwad
8180,Vidhi Gupta,Jaunpur
8181,Tara Nagi,Tiruvottiyur
8182,Yash Arora,Udaipur
8183,Chaitanya Kanda,Thiruvananthapuram
8184,Siddharth Chakrabarti,Jabalpur
8185,Arunima Mohan,Bhatpara
8186,Yuvraj Subramanian,Shahjahanpur
8187,Saumya Patel,Gandhidham
8188,Brijesh Wadhwa,Varanasi
8189,Indrajit Brahmbhatt,Jalgaon
8190,Aarini Khalsa,Srikakulam
8191,Abhimanyu Chakraborty,Mirzapur
8192,Fariq Nayar,Panipat
8193,Abhimanyu Rao,Thoothukudi
8194,Xavier Aggarwal,Yamunanagar
8195,Shravya Dave,Bongaigaon
8196,Shivani Sagar,Bongaigaon
8197,Ishanvi Biswas,Kurnool
8198,Mitali Hayer,Jamnagar
8199,Abhiram Kumar,Kalyan-Dombivli
8200,Rayaan Kunda,Siliguri
8201,Maya Dugal,Deoghar
8202,Watika Sankaran,Karaikudi
8203,Gaurangi Pau,Secunderabad
8204,Azad Chaudhari,Sasaram
8205,Pratyush Nair,Katihar
8206,Nicholas Tak,Warangal
8207,Isaiah Sem,Jalgaon
8208,Tarak Krish,Rewa
8209,Nitara Bhakta,Jalandhar
8210,Laksh Deep,Gangtok
8211,Ira Subramaniam,Kakinada
8212,Gaurangi Lad,Mirzapur
8213,Fariq Sangha,Darbhanga
8214,Benjamin Dugar,Ambala
8215,Ekantika Chanda,Gudivada
8216,Watika Srinivasan,Nandyal
8217,Inaya Bath,Latur
8218,Nakul Batra,Kolkata
8219,Mohini Rajagopal,Sikar
8220,Anvi Grewal,Ichalkaranji
8221,Neha Agrawal,Rampur
8222,Janaki Sharma,Jodhpur
8223,Falguni Chandran,Sultan Pur Majra
8224,Sanya Garg,Mira-Bhayandar
8225,Timothy Dey,Ongole
8226,Isha Hans,Chinsurah
8227,Karan Sridhar,Guwahati
8228,Utkarsh Oommen,Agartala
8229,Charita Chand,Danapur
8230,Zayyan Sridhar,Bhavnagar
8231,Eesha Jani,Junagadh
8232,Suhani Khalsa,Barasat
8233,Peter Butala,Nashik
8234,Yachana Dhaliwal,Indore
8235,Tanmayi Acharya,Dehradun
8236,Wriddhish Bhatnagar,Jehanabad
8237,Vinaya Anne,Tiruvottiyur
8238,Dominic Amble,Ratlam
8239,Varsha Puri,Tirunelveli
8240,Sai Virk,Udupi
8241,Triya Nori,Indore
8242,Yashodhara Krishnamurthy,Jaunpur
8243,Reyansh Ram,Kamarhati
8244,Yuvraj Hayre,Katni
8245,Bakhshi Iyer,Bongaigaon
8246,Jyoti Solanki,Bhiwandi
8247,Faraj Barad,Mau
8248,Hritik Hari,Chinsurah
8249,Ryan Cherian,Rewa
8250,Teerth Sant,Muzaffarpur
8251,Udarsh Bal,Kumbakonam
8252,Elijah Sama,Vellore
8253,Omaja Dhar,Mumbai
8254,Sai Cherian,Gandhinagar
8255,Jai Khare,Bhalswa Jahangir Pur
8256,Bachittar Prasad,Mirzapur
8257,Omya Date,Proddatur
8258,Anita Datta,Coimbatore
8259,Kalpit Vig,Davanagere
8260,Wishi Cherian,Madhyamgram
8261,Varenya Sawhney,Delhi
8262,Unni Bose,Sagar
8263,Viraj Sarna,Gandhinagar
8264,Jack Vig,Khandwa
8265,Jonathan Chanda,Kottayam
8266,Vihaan Gupta,Moradabad
8267,Kiaan Tak,Dhule
8268,Reyansh Saxena,Chapra
8269,Xalak Gill,Ujjain
8270,Chaitaly Warrior,Tinsukia
8271,George Kothari,Bhind
8272,Gauri Garde,Raiganj
8273,Daksha Mitter,Raiganj
8274,Kevin Seth,Siwan
8275,Maanav Dada,Bidar
8276,Urishilla Bhavsar,Phusro
8277,Ekaja Ganesan,Maheshtala
8278,Nathan Manda,Barasat
8279,Xavier Balakrishnan,Kumbakonam
8280,Mahika Srivastava,Bidhannagar
8281,Pranav Wali,Bellary
8282,Zarna Parmer,Jamshedpur
8283,Dhriti Guha,Belgaum
8284,Manthan Nigam,Jamshedpur
8285,Ojasvi Brahmbhatt,Pune
8286,Ladli Solanki,Asansol
8287,Abeer Mand,Yamunanagar
8288,Chavvi Rajagopal,Dibrugarh
8289,Darsh Ratti,Proddatur
8290,Saumya Iyer,Deoghar
8291,Gautami Krishna,Bhind
8292,Faris Lata,Kishanganj
8293,Inaya Bassi,Shimla
8294,Ekalinga Nadkarni,Lucknow
8295,Radhika Pant,Bhusawal
8296,Idika Bains,Bidar
8297,Bachittar Mody,Warangal
8298,Vasudha Bhasin,Begusarai
8299,Joshua Sheth,Jorhat
8300,Pallavi Sangha,Tirupati
8301,Rajeshri Oak,Buxar
8302,Ishani Maharaj,Mangalore
8303,Nitara Setty,Chittoor
8304,Faqid Narayan,Varanasi
8305,Nicholas Shere,Saharsa
8306,Banjeet Iyengar,Firozabad
8307,Tanveer Sehgal,Satara
8308,Gauri Parmar,Bidar
8309,Ojasvi Sharma,Anantapuram
8310,Elijah Kibe,Thanjavur
8311,Fiyaz Mitra,Jamalpur
8312,Warjas Taneja,Bhavnagar
8313,Damini Boase,Morena
8314,Onkar Pradhan,Kishanganj
8315,Manthan Mistry,Kolkata
8316,Maya Chowdhury,Jamshedpur
8317,Frederick Sarma,Tenali
8318,Pallavi Basu,Kolhapur
8319,Avni Dugar,Bhubaneswar
8320,Chakrika Khare,Thanjavur
8321,Pranav Rana,Bhubaneswar
8322,William Pau,Alappuzha
8323,Tripti Nanda,Shivpuri
8324,Ranveer Barad,Burhanpur
8325,Mitali Karpe,Erode
8326,Yashica Merchant,Panihati
8327,Rishi Kar,Sonipat
8328,Charan Kumer,Vijayawada
8329,Jagdish Chaudhry,Nagercoil
8330,Triya Ratti,Bijapur
8331,Bina Mital,Jamnagar
8332,Jalsa Hans,Belgaum
8333,Gaurang Kothari,Tadepalligudem
8334,Devansh Ganesan,Gwalior
8335,Osha Sankaran,Hajipur
8336,Warhi Majumdar,Vijayawada
8337,Jacob Memon,New Delhi
8338,Simon Bobal,Sasaram
8339,Bhavna Jha,Jaipur
8340,Veda Chanda,Thrissur
8341,Yash Bir,Ozhukarai
8342,Bhavna Dixit,Dehri
8343,Radha Nanda,Tirupati
8344,Jeremiah Rau,Guntakal
8345,Radha Garg,Varanasi
8346,Utkarsh Uppal,Udaipur
8347,Bahadurjit Bhatt,Kishanganj
8348,Chanchal Jhaveri,Sasaram
8349,Chaitanya Chanda,Aligarh
8350,Zaitra Sinha,Delhi
8351,Isaiah Kumer,Jammu
8352,Raghav Vyas,Maheshtala
8353,Omisha Kunda,Kozhikode
8354,Madhav Saini,Nadiad
8355,Chaitanya Banerjee,Darbhanga
8356,Ikbal Zacharia,Asansol
8357,Aashi Ranganathan,Begusarai
8358,Devika Bora,Bikaner
8359,Balendra Chadha,Ballia
8360,Ekantika Wali,Malda
8361,Zansi Natarajan,Warangal
8362,Vasana Oak,Thiruvananthapuram
8363,Nilima Rai,Kolkata
8364,Oviya Gera,Sambalpur
8365,Irya Parmar,Ratlam
8366,Nidhi Patla,Tezpur
8367,Netra Bera,Tiruchirappalli
8368,Chavvi Gill,Gudivada
8369,Vivaan D’Alia,Kadapa
8370,Alexander Dhar,Haridwar
8371,Turvi Boase,Kolkata
8372,Maanas Nayak,Bellary
8373,Ekantika Deshpande,Ajmer
8374,Gaurangi Srinivas,Begusarai
8375,Vyanjana Luthra,Srikakulam
8376,Anirudh Puri,Jaipur
8377,Zinal Tank,Jalna
8378,Bhavna Mukhopadhyay,Gulbarga
8379,Darika Balakrishnan,Alwar
8380,Tripti Munshi,Chapra
8381,Tanmayi Raghavan,Hindupur
8382,Shivani Bali,Narasaraopet
8383,Vinaya Kalla,Madurai
8384,Bimala Om,Proddatur
8385,Ekansh Chanda,Dharmavaram
8386,Omisha Sridhar,Chinsurah
8387,Leena Agate,Fatehpur
8388,Rachana Sami,Khora 
8389,Samuel Zacharia,Miryalaguda
8390,Dayamai Jayaraman,Aizawl
8391,Ira Acharya,Surat
8392,Ikbal Sachar,Bilaspur
8393,Naveen Date,Nanded
8394,Tara Kala,Dewas
8395,Bhavya Deshmukh,Hapur
8396,Luke Yogi,Bikaner
8397,Tara Kari,Karimnagar
8398,Gauri Patel,Faridabad
8399,Lopa Ahuja,Nadiad
8400,Aachal Nadig,Kollam
8401,Ronith Chauhan,Begusarai
8402,Harsh Chada,Nizamabad
8403,Sudiksha Agate,Nadiad
8404,Faris Bal,Visakhapatnam
8405,Aadhya Kapur,Kharagpur
8406,Azaan Tiwari,Srinagar
8407,Divya Mann,Mehsana
8408,Udyati Jain,Aizawl
8409,Gaurika Gaba,Saharanpur
8410,Divya Lall,Dhule
8411,Neelima Morar,Giridih
8412,Lakshmi Mistry,Durgapur
8413,Barkha Ravi,Bangalore
8414,Harrison Walla,Kota
8415,Yasti Palla,Darbhanga
8416,Harsh Swamy,Haridwar
8417,Faqid Mangat,Salem
8418,Ria Patel,Bellary
8419,Ansh Palla,Katihar
8420,Advika Taneja,Patna
8421,Anay Koshy,Sagar
8422,Pranit Reddy,Rajpur Sonarpur
8423,Lakshit Venkatesh,Sirsa
8424,Hemani Goyal,Nanded
8425,Ishwar Natarajan,Karawal Nagar
8426,Anthony Bora,Hajipur
8427,Chanakya Sachdev,Chittoor
8428,Harita Varkey,Ozhukarai
8429,Baghyawati Saxena,Amroha
8430,Riya Kaur,Warangal
8431,Neha Mahajan,Hubli–Dharwad
8432,Chanakya Bahri,Bhatpara
8433,Ekapad Mall,Uluberia
8434,Viraj Joshi,Gudivada
8435,Widisha Dixit,Madurai
8436,Damini Jaggi,Bhind
8437,Neel Raj,Shahjahanpur
8438,Mohini Pai,Khandwa
8439,Xiti Chaudhari,Bardhaman
8440,Yahvi Suri,Bijapur
8441,Vrishti Goyal,Dharmavaram
8442,Chaitaly Sundaram,Anantapuram
8443,Ayush Dara,Shimoga
8444,Vrishti Shanker,Adoni
8445,Laksh Vohra,Jehanabad
8446,Aadhya Setty,Alwar
8447,Kala Bawa,Mau
8448,Azaan Soman,Firozabad
8449,Nimrat Sawhney,Bongaigaon
8450,Nitara Dubey,Rewa
8451,Upma Verma,Bihar Sharif
8452,Lopa Sastry,Ambarnath
8453,Jagrati Lalla,Gwalior
8454,Irya Grewal,Navi Mumbai
8455,Bhavya Sunder,Proddatur
8456,Meghana Prasad,Agartala
8457,Barkha Bhat,Aizawl
8458,Caleb Kari,Hazaribagh
8459,Ronith Dar,Bharatpur
8460,Dakshesh Walla,Pallavaram
8461,Harita Nadig,Ambattur
8462,Michael Bandi,Bhagalpur
8463,Hemangini Parekh,Patna
8464,Azaan Chana,Etawah
8465,Urishilla Sura,Rewa
8466,Maanas Kapadia,Kurnool
8467,Charita Hari,Yamunanagar
8468,Banjeet Bandi,Ahmednagar
8469,Ganga Parsa,Noida
8470,Azaan Sinha,Cuttack
8471,Brinda Menon,Rajahmundry
8472,Kashish Anand,Kurnool
8473,Vasana Shroff,Bhiwani
8474,Dhriti Master,Jehanabad
8475,Maanav Gera,Akola
8476,Kalpit Gulati,Chapra
8477,Vamakshi Chahal,Guntakal
8478,Riya Pau,Nizamabad
8479,Mohammed Dugar,Surat
8480,Samarth Panchal,Bijapur
8481,Abeer Shan,Katihar
8482,Lakshit Dhar,Nanded
8483,Rajata Bera,Gudivada
8484,Vritti Shankar,Burhanpur
8485,Victor Saraf,Nagpur
8486,Tara Srivastava,Mau
8487,Vivaan Andra,Kurnool
8488,Thomas Parmer,Solapur
8489,Anthony Merchant,Gulbarga
8490,Charita Mittal,Kishanganj
8491,Jasmit Bali,Amaravati
8492,Amaira Natarajan,Tinsukia
8493,Pahal Seth,Yamunanagar
8494,Kashvi Nadkarni,Berhampur
8495,Bhavya Aggarwal,Madanapalle
8496,Chanchal Mani,Surendranagar Dudhrej
8497,Veer Vaidya,Tadepalligudem
8498,Aarush Bhatt,Varanasi
8499,Gaurav Parekh,Motihari
8500,Imaran Kumar,Karawal Nagar
8501,Qasim Pandit,Nagaon
8502,Ekiya Prashad,Karimnagar
8503,Isaiah Borah,Mahbubnagar
8504,Rachit Venkataraman,Jehanabad
8505,Girindra Pandya,Bidhannagar
8506,Yochana Ram,Gopalpur
8507,Tristan Gopal,Buxar
8508,Gautami Ghosh,Tadipatri
8509,Garima Parekh,Srinagar
8510,Tanvi Singhal,Udupi
8511,Matthew Madan,Dibrugarh
8512,Ikbal Sood,Dehradun
8513,Charles Venkatesh,Kolhapur
8514,Chakrika Jayaraman,Imphal
8515,Omisha Ramesh,Proddatur
8516,Jonathan Tella,Surendranagar Dudhrej
8517,William Bera,Silchar
8518,Elijah Mutti,Udupi
8519,Mekhala Rattan,Ulhasnagar
8520,Vihaan Acharya,Raurkela Industrial Township
8521,Tripti Mangat,Dindigul
8522,Ira Balakrishnan,Nangloi Jat
8523,Shaurya Jani,Sonipat
8524,Naveen Mangal,Ichalkaranji
8525,Ishani Pathak,Kozhikode
8526,Ekapad Kala,Pune
8527,Vivaan Rege,Kavali
8528,Mohini Bhat,Muzaffarpur
8529,Gautami Deol,Alwar
8530,Kavya Thakkar,Mysore
8531,Devansh Kumer,Satna
8532,Mitali Shroff,Imphal
8533,Yochana Oak,Singrauli
8534,Joshua Oza,Loni
8535,Lohit Dube,Dharmavaram
8536,Unni Sur,Tirunelveli
8537,Neelima Mann,Jalna
8538,Ekapad Brar,Allahabad
8539,Frederick Kata,Ongole
8540,Jackson Ahluwalia,Anantapuram
8541,Nakul Iyengar,Sambalpur
8542,Ira Mistry,Sri Ganganagar
8543,Fariq Sankaran,Rajahmundry
8544,Arunima Barad,Rajahmundry
8545,Ekantika Sodhi,Rewa
8546,Jairaj Bhalla,Begusarai
8547,Girik Baral,Mehsana
8548,Xiti Raghavan,Pudukkottai
8549,Aadi Dutta,Thanjavur
8550,Charvi Sankar,Ludhiana
8551,Geetika Rai,Mirzapur
8552,Vedhika Shanker,Ratlam
8553,Ekanta Parmar,Kolhapur
8554,Pooja Borah,Amravati
8555,Mekhala Dugar,Kulti
8556,Vedika Vora,Bharatpur
8557,Janani Dugar,Sonipat
8558,Yamini Ravel,Jamalpur
8559,Devansh Koshy,Bellary
8560,Ucchal Rana,Tiruvottiyur
8561,Anthony Seth,Guntakal
8562,Lakshmi Mani,Howrah
8563,Ansh Contractor,Kirari Suleman Nagar
8564,Oscar Jaggi,Kota
8565,Veer Gill,Madurai
8566,Waida Chopra,Siwan
8567,Charita Shroff,Bongaigaon
8568,Henry Dixit,Raurkela Industrial Township
8569,Damyanti Pandey,Hosur
8570,Yochana Taneja,Amroha
8571,Nidhi Mann,Ujjain
8572,Upkaar Krishna,Bahraich
8573,Teerth Dayal,Gwalior
8574,Yoshita Gour,Saharsa
8575,Amruta Dugal,Miryalaguda
8576,Krishna Roy,Mango
8577,Chakrika Ranganathan,Guna
8578,Nirja Raghavan,Asansol
8579,Ikbal Rao,Raichur
8580,Gavin Kota,Jorhat
8581,Zashil Sur,Imphal
8582,Liam Dhillon,Naihati
8583,Owen Yohannan,Kulti
8584,Hitesh Walia,Kolhapur
8585,Parth Agarwal,Mirzapur
8586,Banjeet Prashad,Shahjahanpur
8587,Thomas Bhandari,Bhagalpur
8588,Vasudha Baria,Bardhaman
8589,Aditya Dey,Thrissur
8590,Chameli Nori,Agra
8591,Hredhaan Bassi,Burhanpur
8592,Ekalinga Sachdeva,Tirunelveli
8593,Zashil Bose,Jalgaon
8594,Pranav Kara,Panihati
8595,Bhavna Kapadia,Malegaon
8596,Mohini Ratta,Jorhat
8597,Hitesh Hayre,Ahmednagar
8598,Tristan Dugal,Siliguri
8599,Daksh Sankar,Pimpri-Chinchwad
8600,Ucchal Mitter,Madhyamgram
8601,Urvi Bawa,Agra
8602,Odika Dugar,Phusro
8603,Yashasvi Tak,Ballia
8604,Kritika Toor,Bangalore
8605,Ridhi Patil,Serampore
8606,Kalpit Verma,Haridwar
8607,Odika Mitter,Avadi
8608,Ubika Kara,Naihati
8609,Elijah Bala,Bhiwandi
8610,Anika Viswanathan,Parbhani
8611,Abdul Buch,Belgaum
8612,Xiti Mannan,Madanapalle
8613,Neha Nadig,Surat
8614,Chakradhar Krishnan,Warangal
8615,Varsha Bala,Bahraich
8616,Saanvi Chawla,Kadapa
8617,Sai Brar,Singrauli
8618,Arin Sharma,Guwahati
8619,Ekavir Bahri,Srikakulam
8620,Devika Tak,Bhiwani
8621,Laban Bawa,Nangloi Jat
8622,Mugdha Singh,Ramgarh
8623,Prisha Saha,Korba
8624,Joshua Venkataraman,Agartala
8625,Jonathan Shroff,Pali
8626,Parth Khare,Thane
8627,Jeet Mody,Berhampur
8628,Ekta Thakkar,Ghaziabad
8629,Riya Minhas,Karnal
8630,Kritika Mani,Bhilwara
8631,Damini Vaidya,Gopalpur
8632,Eesha Ahuja,Bally
8633,Ranbir Zacharia,Bally
8634,Charvi Chaudhary,Panvel
8635,Lajita Bail,Satna
8636,Saksham Nath,Gangtok
8637,Zayan Padmanabhan,Kochi
8638,Wriddhish Ganguly,Hosur
8639,Nihal Murthy,Bihar Sharif
8640,Daksh Keer,Mirzapur
8641,Manan Sandhu,Unnao
8642,Dominic Chawla,Satara
8643,Nathan Bumb,Bhiwani
8644,Yashvi Bala,Buxar
8645,Amol Sinha,Gaya
8646,Zansi Bose,Khammam
8647,Peter Bandi,Ghaziabad
8648,Yadavi Tailor,Sagar
8649,Damyanti Mishra,Siwan
8650,Radhika Shetty,Kharagpur
8651,Faqid Suri,Berhampore
8652,Manya Bhavsar,Khandwa
8653,Advik Warrior,Dhanbad
8654,Vasudha Sur,Firozabad
8655,Chaitanya Kurian,Singrauli
8656,Oscar Karnik,Buxar
8657,Udarsh Chacko,Nanded
8658,Watika Shere,Surendranagar Dudhrej
8659,Nicholas Misra,Dhule
8660,Pahal Vyas,Jabalpur
8661,Rohan Dhillon,Saharanpur
8662,Veer Goel,Naihati
8663,Diya Palla,Bareilly
8664,Kashish Luthra,Varanasi
8665,Dhruv Ganesan,Korba
8666,Urvi Chand,Anantapur
8667,Vrishti Halder,Ambattur
8668,Oeshi Zacharia,Jamnagar
8669,Gayathri Pau,Mumbai
8670,Nidhi Naik,Adoni
8671,Yutika Sahota,Gaya
8672,Pooja Raghavan,Cuttack
8673,Sanya Ram,Jaipur
8674,Chaitanya Sarna,Mirzapur
8675,Vamakshi Gulati,Kalyan-Dombivli
8676,Dalbir Murty,Imphal
8677,Chameli Ranganathan,Panipat
8678,Sai Balan,Kolkata
8679,Advaith Dubey,Thoothukudi
8680,Omkaar Arya,Jalna
8681,Upma Vig,Bulandshahr
8682,Kamya Tata,Surat
8683,Utkarsh Palla,Mango
8684,Omya Kuruvilla,Coimbatore
8685,Yoshita Agarwal,Ramgarh
8686,Neha Ramanathan,Machilipatnam
8687,Noah Ramanathan,Bhimavaram
8688,Megha Mohan,Panchkula
8689,Mugdha Wali,Indore
8690,Harita Narayanan,Bharatpur
8691,Widisha Goyal,Bikaner
8692,Vamakshi Dyal,Akola
8693,Tara Lad,Srikakulam
8694,Ekanta Butala,Pune
8695,Hitesh Varughese,Khandwa
8696,Veer Bahri,Bareilly
8697,Daksha Nagarajan,Varanasi
8698,Rehaan Lad,Kurnool
8699,Ekaraj Rout,Gaya
8700,Oni Ganesan,Nandyal
8701,Dominic Mall,Aizawl
8702,Farhan Chauhan,Deoghar
8703,Wishi Dutt,Ambattur
8704,Ikbal Patla,Sasaram
8705,Osha Banik,Nagercoil
8706,Sathvik Chaudhari,Bellary
8707,Vedant Shankar,Kharagpur
8708,Banjeet Mangal,Vijayawada
8709,Hemal Brahmbhatt,Muzaffarnagar
8710,Gabriel Anand,Kottayam
8711,Yatin Manda,Ramagundam
8712,Sneha Kota,Shivpuri
8713,Joshua Kade,Farrukhabad
8714,Yashoda Arora,Vellore
8715,Dhriti Saran,Berhampur
8716,Jagrati Balasubramanian,Shivpuri
8717,Omisha Jha,Saharsa
8718,Joshua Walla,Farrukhabad
8719,Faraj Sarraf,Durgapur
8720,Laksh Rajagopal,Bhubaneswar
8721,Chaitaly Ratti,Jamnagar
8722,Rishi D’Alia,Bhopal
8723,Faqid Mittal,Dindigul
8724,Jairaj Rao,Bongaigaon
8725,Gaurika Bir,Mirzapur
8726,Neelima Banerjee,Latur
8727,Chandresh Cheema,Nanded
8728,Victor Rau,Satara
8729,Unnati Sinha,Kolkata
8730,Chasmum Kade,Purnia
8731,Kiaan Borra,Ajmer
8732,Nakul Borde,Jorhat
8733,Tanvi Bhatti,Ujjain
8734,Pushti Chaudhry,Mau
8735,Urmi Krishna,Junagadh
8736,Vrinda Dalal,Panchkula
8737,Ranbir Thaker,Bhimavaram
8738,Udarsh Dubey,Mangalore
8739,Balendra Pandit,Rajkot
8740,Peter Dora,Hajipur
8741,Harshil Varghese,Gulbarga
8742,Darsh Lanka,Bhiwandi
8743,Pranit Parikh,Thanjavur
8744,Yahvi Wali,Nangloi Jat
8745,Panini Kapadia,Ambattur
8746,Ijaya Gera,Farrukhabad
8747,Udyati Chahal,Vasai-Virar
8748,Krishna Sama,Satara
8749,Kala Gala,Anantapur
8750,Vyanjana Rai,Mathura
8751,Ekanta Ahuja,Fatehpur
8752,Mugdha Dash,Gwalior
8753,Bahadurjit Bedi,Ghaziabad
8754,Peter Maharaj,Saharanpur
8755,Aryan Gupta,Indore
8756,Upadhriti Natt,Ambattur
8757,Indira Atwal,Navi Mumbai
8758,Wakeeta Raju,Nagercoil
8759,Mugdha Ramakrishnan,Ludhiana
8760,Liam Rajagopalan,Srinagar
8761,Bina Kumar,Bareilly
8762,Ansh Mutti,Raurkela Industrial Township
8763,Rehaan Kannan,Guna
8764,Nitara Thakur,Bidhannagar
8765,Dalbir Kapoor,Ongole
8766,Tanish Chopra,Chittoor
8767,Zarna Borah,Bulandshahr
8768,Leena Savant,Yamunanagar
8769,Sathvik Tata,Dibrugarh
8770,Azaan Trivedi,Tenali
8771,Zehaan Bhatti,Jhansi
8772,Yuvraj Wadhwa,Aurangabad
8773,Sathvik Raja,Jamalpur
8774,Niharika Ramachandran,Kolhapur
8775,Chanakya Srinivasan,Dewas
8776,Nisha Golla,Bettiah
8777,Oviya Gole,Salem
8778,Guneet Bhat,Naihati
8779,Raghav Prabhakar,Purnia
8780,Varsha Agate,Deoghar
8781,Gaurav Srivastava,Anantapur
8782,Jackson Pillay,Karnal
8783,Edhitha Jhaveri,Alwar
8784,Farhan Bera,Guna
8785,Neha Biswas,Karnal
8786,Edhitha Varkey,Kavali
8787,Nicholas Jhaveri,Shivpuri
8788,Alexander Chakrabarti,Malegaon
8789,Lucky Ray,Guntur
8790,Indali Edwin,Mysore
8791,Tanvi Chand,Pali
8792,Theodore Nori,Ambattur
8793,Reva Reddy,Kota
8794,Ishanvi Date,Latur
8795,Rehaan Wable,Bhiwani
8796,Pavani Kumar,Bongaigaon
8797,Unnati Raman,Bilaspur
8798,Sudiksha Naik,Nangloi Jat
8799,Vivaan Halder,Bhubaneswar
8800,Widisha Tata,Sambhal
8801,Arin Gill,Patna
8802,Orinder Mahal,Burhanpur
8803,Aahana Goswami,Durg
8804,Darsh Vig,Machilipatnam
8805,Rohan Dugar,Raichur
8806,Yadavi Dube,Bhusawal
8807,Keya Rattan,Srikakulam
8808,Gaurangi Sehgal,Coimbatore
8809,Janya Shukla,Vasai-Virar
8810,Arunima Raman,Imphal
8811,Shivani Dada,Mysore
8812,Yuvraj Narain,Panipat
8813,Harrison Batra,Bettiah
8814,Dipta Shah,Bhubaneswar
8815,Zehaan Naidu,Secunderabad
8816,Hema Shan,Imphal
8817,Netra Dayal,Bilaspur
8818,Wazir Mammen,Pallavaram
8819,Chakradev Roy,Pudukkottai
8820,Ucchal Acharya,Davanagere
8821,Dominic Pant,Navi Mumbai
8822,Vincent Bir,Bhavnagar
8823,Yash Menon,Indore
8824,Wridesh Mahajan,Noida
8825,Forum Kalla,Haridwar
8826,Timothy Dhawan,Mango
8827,Brinda Palla,Gopalpur
8828,Kavya Ganguly,Bardhaman
8829,Udarsh Bhandari,Bareilly
8830,Anthony Gill,Erode
8831,Devansh Kar,Nandyal
8832,Krisha Sehgal,Tadipatri
8833,Aditya Sha,Barasat
8834,Chatura Pillay,Pune
8835,Upasna Chana,Bharatpur
8836,Chaman Gade,Vijayanagaram
8837,Vincent Ratta,Kolkata
8838,Zaitra Vyas,Asansol
8839,Ucchal Subramanian,Bilaspur
8840,Ijaya Atwal,Nashik
8841,Aarush Sant,Maheshtala
8842,Raksha Pandya,Ichalkaranji
8843,Harita Mall,Shahjahanpur
8844,Kalpit Sura,Bongaigaon
8845,Henry Subramanian,Ichalkaranji
8846,Yatan Sant,Tadipatri
8847,Nidra Pandya,Bhusawal
8848,Vaishnavi Dora,Mangalore
8849,Hardik Bora,Raurkela Industrial Township
8850,Jack Purohit,Amravati
8851,Maanas Divan,Nizamabad
8852,Yashica Kara,Pudukkottai
8853,Ria Suresh,Chandigarh
8854,Osha Bajaj,Alappuzha
8855,Baljiwan Venkataraman,Sagar
8856,Gavin Sheth,Haldia
8857,Indrajit Bhatti,Munger
8858,Aashi Bahl,Jhansi
8859,Tejas Sarna,Chandrapur
8860,Hitesh Dhingra,Bhavnagar
8861,Ishani Manne,Pimpri-Chinchwad
8862,Mason Badal,Ujjain
8863,Oliver Thakkar,Chinsurah
8864,Ishani Lall,Sultan Pur Majra
8865,Yachana Thaman,Thane
8866,Yamini Rege,Madanapalle
8867,Suhani Bora,Erode
8868,Nitara Ganesh,Bardhaman
8869,Saumya Arora,Anantapuram
8870,Vedika Chakraborty,Delhi
8871,Widisha Desai,Uluberia
8872,Ria Nanda,Deoghar
8873,Bhanumati Nair,Ajmer
8874,Zilmil Khanna,South Dumdum
8875,Gunbir Pai,Nangloi Jat
8876,Teerth Butala,Faridabad
8877,Matthew Halder,Mira-Bhayandar
8878,Qasim Sandal,Sikar
8879,Yashasvi Kala,Khora 
8880,Siddharth Konda,Hyderabad
8881,Wishi Khanna,Khandwa
8882,Mahika Apte,Kirari Suleman Nagar
8883,Udyati Yogi,Kavali
8884,Indrajit Raju,Gaya
8885,Ekbal Lad,Bongaigaon
8886,Gautami Char,Gwalior
8887,Eshana Bhagat,Bhiwani
8888,Vasana Srinivas,Raiganj
8889,Varenya Swaminathan,Surendranagar Dudhrej
8890,Vasatika Sehgal,Morena
8891,Abeer Devi,Kumbakonam
8892,Balhaar Issac,Moradabad
8893,Gaurangi Magar,Raebareli
8894,Samaksh Dhar,Purnia
8895,Widisha Venkataraman,Coimbatore
8896,Aarnav Bala,Bellary
8897,Charan Rau,Panihati
8898,Wriddhish Salvi,Darbhanga
8899,Lavanya Pradhan,Yamunanagar
8900,Mohini Brar,Panipat
8901,Sachi Ganesh,Amroha
8902,Riya Soman,Kishanganj
8903,Avni Tak,Lucknow
8904,Chasmum Sani,Alwar
8905,Bhavani Krishnan,Hapur
8906,Jagvi Subramaniam,Kulti
8907,Aryan Chokshi,Hyderabad
8908,Amruta Bhavsar,Bhusawal
8909,Orinder Chana,Dibrugarh
8910,Chandran Samra,Mango
8911,Krisha Sur,Pimpri-Chinchwad
8912,Dakshesh Gole,Bulandshahr
8913,Ekapad Behl,Avadi
8914,Jeremiah Tripathi,Patna
8915,Upasna Sachar,Ballia
8916,Amara Toor,Sasaram
8917,Aashi Rau,Tiruvottiyur
8918,Januja Amble,Coimbatore
8919,Harrison Shah,Khammam
8920,Tarak Nagy,Bhind
8921,Amol Wali,Thanjavur
8922,Orinder Krishna,Ambarnath
8923,Balendra Mani,Bhiwandi
8924,Vaishnavi Randhawa,Giridih
8925,Liam Chaudhuri,Yamunanagar
8926,Joshua Mannan,Parbhani
8927,Adweta Palla,Srinagar
8928,Idika Manda,Alappuzha
8929,Bhanumati Pai,Kottayam
8930,William Dhaliwal,Tadipatri
8931,Nandini Oza,Nanded
8932,Yashasvi Taneja,Patna
8933,Jacob Narain,Srikakulam
8934,Gayathri Andra,Pallavaram
8935,Chaaya Natt,Nagaon
8936,Bahadurjit Anne,Hajipur
8937,Hiral Bhakta,Singrauli
8938,Bimala More,Thrissur
8939,Aishani Bakshi,Solapur
8940,Rushil Gara,Aurangabad
8941,Shivansh Doshi,Buxar
8942,Rayaan Dixit,Tenali
8943,Falguni Soman,Ongole
8944,Urvashi Pandit,Bhopal
8945,Thomas Upadhyay,Hospet
8946,Yug Khatri,Raichur
8947,Turvi Krishna,Ambala
8948,Manbir Manda,Gandhinagar
8949,Yashoda Gokhale,Nellore
8950,Henry Jaggi,Akola
8951,Yashawini Patil,Bhalswa Jahangir Pur
8952,Gopal Soman,Raurkela Industrial Township
8953,Leela Gera,Sirsa
8954,Zashil Arya,Dharmavaram
8955,Jackson Chhabra,Singrauli
8956,Reyansh Natarajan,Shivpuri
8957,Yutika Chaudhary,Chapra
8958,Ranbir Bobal,Kakinada
8959,Chaman Bhattacharyya,Parbhani
8960,Ijaya Mohanty,Jabalpur
8961,Avni Thaker,Muzaffarnagar
8962,Vanya Bala,Kottayam
8963,Urvi Gola,Chennai
8964,Kiaan Sharma,Aurangabad
8965,Kalpit Karpe,Hospet
8966,Bhavani Upadhyay,Aurangabad
8967,Zashil Mammen,Sirsa
8968,Lavanya Sarna,Allahabad
8969,Widisha Doctor,Unnao
8970,Christopher Gole,Thanjavur
8971,Indrajit Narayanan,Sagar
8972,Udant Rastogi,Bharatpur
8973,Lila Saini,Naihati
8974,Shaurya Gole,Rajahmundry
8975,Aarnav Mitra,Avadi
8976,Kavya Banerjee,Rajpur Sonarpur
8977,Aryan Nath,Amritsar
8978,Viraj Goel,Khammam
8979,Gaurika Nadkarni,Muzaffarpur
8980,Advik Datta,Sangli-Miraj & Kupwad
8981,Qabil Dar,Eluru
8982,Faras Nadig,Nagpur
8983,Odika Wagle,Kakinada
8984,Anthony Ramakrishnan,Yamunanagar
8985,Harrison Rai,Agra
8986,Tristan Kapur,Thoothukudi
8987,Kritika Aurora,Bhimavaram
8988,Indira Taneja,Farrukhabad
8989,Yasti Gupta,Akola
8990,Mitesh Nanda,Bhiwandi
8991,Jhalak Kohli,Bihar Sharif
8992,Xiti Nagy,Moradabad
8993,Chandran Saraf,Faridabad
8994,Falak Buch,Kadapa
8995,Unni Kohli,Jalgaon
8996,Kamala Sanghvi,Bongaigaon
8997,Kashvi Nagy,Ghaziabad
8998,Champak Krish,Jaunpur
8999,Neelima Palan,Chandrapur
9000,Jeet Rattan,Nandyal
9001,Vinaya Bhakta,Bhatpara
9002,Simon Guha,Ichalkaranji
9003,Arya Nagarajan,Suryapet
9004,Yoshita Shenoy,Rajkot
9005,Teerth Nagar,Nanded
9006,Vamakshi Bhatia,Kollam
9007,Vritti Ghose,Amravati
9008,Omya Sane,Bharatpur
9009,Gaurang Sarraf,Kurnool
9010,Lucky Chand,Thane
9011,Dev Hayre,Khora 
9012,Vasana Issac,Tumkur
9013,Nandini Kothari,Vadodara
9014,Yutika Pall,Kamarhati
9015,Yashodhara Dar,Bangalore
9016,Guneet Sankar,Karaikudi
9017,Arya Chander,Thane
9018,Yutika Garde,Durgapur
9019,Hemangini Chawla,Durg
9020,Vihaan Ratta,Mahbubnagar
9021,Bakhshi Saini,Bhimavaram
9022,Manthan Karnik,Secunderabad
9023,Jyoti Agarwal,Naihati
9024,Kalpit Mahal,Nadiad
9025,Widisha Devi,Rajkot
9026,Ishaan Iyengar,Aizawl
9027,Udant Pingle,Amritsar
9028,Vincent Ghose,Dehradun
9029,Triveni Prasad,Gandhinagar
9030,Anthony Sood,Ichalkaranji
9031,Ira Basak,Silchar
9032,Gayathri Chakrabarti,Hapur
9033,Harini Sekhon,Madhyamgram
9034,Omya Das,Hyderabad
9035,Imaran Madan,Allahabad
9036,Dakshesh Narayanan,Satna
9037,Tejas Kala,Darbhanga
9038,Widisha Bassi,Rajpur Sonarpur
9039,Deepa Kapoor,Firozabad
9040,Ekaja Brahmbhatt,Bulandshahr
9041,Arjun Bora,Bathinda
9042,Hritik Misra,Panihati
9043,Gavin Chander,Bareilly
9044,Alka Kala,Rampur
9045,Neelima Gour,Anantapur
9046,Jagrati Krishnamurthy,Orai
9047,Vrishti Seth,Bikaner
9048,Kala Chhabra,Alappuzha
9049,Bhavna Nagy,Adoni
9050,Shivansh Raj,Katihar
9051,Jonathan Sha,Ajmer
9052,Jhalak Ramachandran,Narasaraopet
9053,Zayan Dixit,Ambarnath
9054,Kabir Rege,Bhavnagar
9055,Caleb Bakshi,Aurangabad
9056,Anika Parekh,Raipur
9057,Thomas Yohannan,Gopalpur
9058,Nilima Grewal,Katni
9059,Gaurav Goyal,Vijayawada
9060,Rajata Dhar,Nadiad
9061,Yochana Vyas,Jamshedpur
9062,Tanmayi Sethi,Ambala
9063,Abeer Saxena,Kirari Suleman Nagar
9064,Gaurav Parikh,Madhyamgram
9065,Sneha Kaur,Jalandhar
9066,Anita Narasimhan,Cuttack
9067,Siya Sekhon,Jaipur
9068,Triveni Gopal,Mathura
9069,Maanas Choudhury,Shivpuri
9070,Darpan Ahuja,Sri Ganganagar
9071,Wridesh Butala,Ajmer
9072,Karan Baria,Dhule
9073,Owen Ranganathan,Bharatpur
9074,Ubika Varghese,Davanagere
9075,Amol Jani,Bettiah
9076,Urvi Rama,Kollam
9077,Lakshmi Pai,Sonipat
9078,Abeer Chaudhuri,Raurkela Industrial Township
9079,Chandran Mand,Bhilai
9080,Arya Dayal,Danapur
9081,Warhi Narayanan,Unnao
9082,Arin Srivastava,Madurai
9083,Falguni Walia,Guna
9084,Vedika Dani,Raichur
9085,Oeshi Chaudry,Sultan Pur Majra
9086,Abeer Chokshi,Bhilwara
9087,Upma Sani,Hyderabad
9088,Oliver Bobal,Ahmednagar
9089,Urvi Bava,Thrissur
9090,Nihal Thaker,Etawah
9091,Ati Madan,Ahmedabad
9092,Oliver Sen,Latur
9093,Chandresh Kalita,Kolkata
9094,Pahal Shah,Gurgaon
9095,Amruta Barman,Rourkela
9096,Faras Agarwal,Machilipatnam
9097,Neel Misra,Panihati
9098,Pranav Ben,Visakhapatnam
9099,Quincy Buch,Raipur
9100,Harrison Sinha,Saharanpur
9101,Falan Sarraf,Bettiah
9102,Laban Rajan,Dhule
9103,Aishani Badami,Karnal
9104,Harinakshi Kale,Tadipatri
9105,Jonathan Varughese,Durg
9106,Maanav Saxena,Bidar
9107,Vedhika Handa,Hubli–Dharwad
9108,Chandresh Grewal,Panvel
9109,Odika Karnik,Korba
9110,Faras Bobal,Belgaum
9111,Kalpit Bhatti,Bareilly
9112,Gautami Chand,Bangalore
9113,Mekhala Mody,Bongaigaon
9114,Vincent Balan,Vellore
9115,Zaid Balay,Hazaribagh
9116,Falan Cherian,Kadapa
9117,Aahana Dhaliwal,Narasaraopet
9118,Ekapad Mittal,Kamarhati
9119,Indira Nayar,Adoni
9120,Lucky Bansal,Malegaon
9121,Gabriel Bir,Bilaspur
9122,Amruta Bhatia,Anantapuram
9123,Nitara Char,Kavali
9124,Krish Khosla,Aligarh
9125,Baljiwan Shanker,Satara
9126,Quincy Bala,Jamshedpur
9127,Indrajit Maharaj,Ballia
9128,Lucky Mistry,Bhilwara
9129,Indira Das,Madurai
9130,Shravya Loyal,Shimoga
9131,Gopal Desai,Bhagalpur
9132,Naveen Saraf,Shivpuri
9133,Lucky Sule,Miryalaguda
9134,Yadavi Narang,Guna
9135,Ishanvi Bir,Bellary
9136,Barkha Mani,Thanjavur
9137,Aayush Rattan,Noida
9138,Vrishti Varughese,Farrukhabad
9139,Yutika Lad,Davanagere
9140,Shivani Swaminathan,Bellary
9141,Ryan Jain,Gudivada
9142,Sneha Krishnan,Loni
9143,Wazir Bir,Latur
9144,Anamika Sachdeva,Jalandhar
9145,Sachi Hora,Sangli-Miraj & Kupwad
9146,Dhriti Dhaliwal,Madhyamgram
9147,Lekha Pandey,Anantapur
9148,Zaitra Setty,Salem
9149,Advaith Dubey,Panihati
9150,Nilima Viswanathan,Madurai
9151,Shivani Dua,Mirzapur
9152,Aarnav Bawa,Chandigarh
9153,Jagdish Suresh,Chittoor
9154,Upkaar Chahal,Jorhat
9155,Varsha Bahri,Rampur
9156,Jacob Wagle,Khandwa
9157,Atharv Dar,Aurangabad
9158,Lohit Vala,Raichur
9159,Nidra Manda,Nanded
9160,Wishi Sharaf,Vasai-Virar
9161,Gaurang Sidhu,Asansol
9162,Luke Suresh,Nagpur
9163,Jalsa Suri,Agartala
9164,Bishakha Prabhakar,Mahbubnagar
9165,Gayathri Krishnamurthy,Nashik
9166,Balveer Sandhu,Satara
9167,Daksh Bala,Adoni
9168,Lakshmi Vohra,Patiala
9169,Megha Dewan,Jalandhar
9170,Urmi Sami,Belgaum
9171,Faqid Walla,Aurangabad
9172,Krisha Chawla,Hajipur
9173,Tamanna Taneja,Raichur
9174,Nimrat Majumdar,Morbi
9175,Eta Narain,Asansol
9176,Pallavi Loyal,Udaipur
9177,Arjun Saxena,Bhind
9178,Harish Krishnan,Mathura
9179,Sanya Agrawal,Kumbakonam
9180,Wriddhish Sani,Surendranagar Dudhrej
9181,Aarush Kanda,Arrah
9182,Anamika Mishra,Raurkela Industrial Township
9183,Bimala Nori,Bijapur
9184,Wyatt Issac,Bellary
9185,Aditya Wadhwa,Karawal Nagar
9186,Aashi Hegde,Tadipatri
9187,Sudiksha Toor,Singrauli
9188,Unnati Shan,Jodhpur
9189,Qadim Chawla,Davanagere
9190,Victor Merchant,Karnal
9191,Ishwar Venkataraman,Bhubaneswar
9192,Ekalinga Behl,Thanjavur
9193,Kevin Shanker,Sambalpur
9194,Ishita Ganguly,Bhiwani
9195,Ekaraj Mital,Surat
9196,Wazir Deep,Nellore
9197,Xalak Bansal,Davanagere
9198,Siddharth Saran,Shahjahanpur
9199,Anvi Lal,Thanjavur
9200,Riya Kapur,Haridwar
9201,Umang Agarwal,Dewas
9202,Yuvraj Chand,Sasaram
9203,Nimrat Pingle,Jaunpur
9204,Qadim Raja,Bareilly
9205,Dhriti Wali,Panvel
9206,Keya Chana,Bhind
9207,Aradhana Arora,Mango
9208,Abdul Sagar,Hosur
9209,Lopa Kaur,Ramagundam
9210,Pooja Seshadri,Danapur
9211,Gayathri Vohra,Gurgaon
9212,Bakhshi Bhandari,Rajkot
9213,Dayamai Sibal,Pali
9214,Pratyush Varughese,Maheshtala
9215,Mekhala Chanda,Kavali
9216,Vansha Datta,Srinagar
9217,Joshua Badal,Bhimavaram
9218,Pranit Amble,Shimoga
9219,Megha Kara,Singrauli
9220,Adya Balakrishnan,Vadodara
9221,Kiaan Guha,Ghaziabad
9222,Gagan Kota,Kulti
9223,Girik Manne,Vijayanagaram
9224,Rachit Ahuja,Kottayam
9225,Elijah Krishnamurthy,New Delhi
9226,Ganga Karnik,Farrukhabad
9227,Noah Biswas,Dehri
9228,Ojas Bhasin,Nagercoil
9229,Yash Magar,Ozhukarai
9230,Saksham Borah,Bhiwandi
9231,Oni Warrior,Udaipur
9232,Teerth Dyal,Amravati
9233,Victor Chandran,Bilaspur
9234,Pahal Pai,Sirsa
9235,Jairaj Deshpande,Gandhidham
9236,Balvan Garg,Chinsurah
9237,Jagrati Amble,Sirsa
9238,Saanvi Agarwal,Bidhannagar
9239,Anita Pandey,Barasat
9240,Viraj Kamdar,Jodhpur
9241,Yug Zachariah,Chittoor
9242,Advika Barad,Bidhannagar
9243,Jackson Kamdar,Sikar
9244,Mitali Pathak,Korba
9245,Anmol Devan,Bhubaneswar
9246,Ishita Bakshi,Muzaffarpur
9247,Anjali Zacharia,Bhavnagar
9248,Ranveer Sandal,Danapur
9249,Ekani Raval,Guntur
9250,Tarak Mody,Ahmedabad
9251,Indrajit Bail,Sambhal
9252,Hemal Pandya,Imphal
9253,Upma Gara,Bathinda
9254,Suhani Khosla,Ranchi
9255,Ronith Kamdar,Kolhapur
9256,Abhiram Natt,Ahmednagar
9257,Samuel Krish,Dehradun
9258,Sai Nagar,Sangli-Miraj & Kupwad
9259,Parth Bhagat,Ramagundam
9260,Rajata Bhattacharyya,Begusarai
9261,Gagan Bhavsar,Delhi
9262,Veda Dugal,Uluberia
9263,Diya Mand,Bhatpara
9264,Tejas Shankar,Ichalkaranji
9265,Jagat Vohra,Bongaigaon
9266,Qabil Gala,Bhalswa Jahangir Pur
9267,Dipta Narula,Guwahati
9268,Shivani Wali,Chennai
9269,Advik Panchal,Kollam
9270,Jhalak Hayer,Gaya
9271,Edhitha Shan,Bhatpara
9272,Indali Goda,Amaravati
9273,Ryan Bhatt,Deoghar
9274,Omya Krish,Jorhat
9275,Zashil Bakshi,Saharanpur
9276,Brinda Tella,Srikakulam
9277,Pahal Johal,Orai
9278,Krishna Dubey,Surat
9279,Saanvi Palla,Mehsana
9280,Nachiket Badami,Adoni
9281,Oliver Cherian,Eluru
9282,Yashasvi Kannan,Bilaspur
9283,Faras Chand,Begusarai
9284,Rudra Chadha,Naihati
9285,Nitesh Rajagopal,Deoghar
9286,Urmi Bala,Kurnool
9287,Aditya Wagle,Eluru
9288,Imaran Ramesh,Muzaffarpur
9289,Gaurav Choudhury,Bhusawal
9290,Amol Dugar,Bongaigaon
9291,Aarush Sankar,Chandigarh
9292,Krish Som,Kozhikode
9293,Aarini Mukhopadhyay,Sasaram
9294,Aashi Kant,Bangalore
9295,Benjamin Deep,Kozhikode
9296,Eshana Kakar,Munger
9297,Gaurika Thaman,Panchkula
9298,Arjun Goyal,Nagpur
9299,Abdul Lalla,Kirari Suleman Nagar
9300,Aahana Karpe,Sultan Pur Majra
9301,Tamanna Dalal,Phusro
9302,Ishanvi Kumer,Bhagalpur
9303,Inaya Varty,Gudivada
9304,Onveer Singh,Guna
9305,Triveni Edwin,Thane
9306,Niharika Dutta,Hosur
9307,Noah Sani,Gopalpur
9308,Zayan Kakar,Noida
9309,Andrew Sachdev,Pudukkottai
9310,Idika Sanghvi,Gwalior
9311,Advik Karan,Hospet
9312,Wriddhish Subramanian,Bally
9313,Kala Kalla,South Dumdum
9314,Tanay Virk,Durgapur
9315,Brijesh Dutta,Ramgarh
9316,Kiaan Gokhale,Pondicherry
9317,Omisha Reddy,Morena
9318,Manya Kala,Rourkela
9319,Naksh Kapur,Rohtak
9320,Upadhriti Sachar,Mira-Bhayandar
9321,Ikshita Kaur,Sasaram
9322,Oscar Ratti,Muzaffarnagar
9323,Rachit Sibal,Jehanabad
9324,Riya Swamy,Khandwa
9325,Baljiwan Anand,Secunderabad
9326,Kavya Aggarwal,Bareilly
9327,Jacob Chaudhuri,Nagercoil
9328,Faras Kothari,Giridih
9329,Zaitra Baria,Jamalpur
9330,Hamsini Gala,Mira-Bhayandar
9331,Aarav Sengupta,Nanded
9332,Dayamai Bhatt,Bally
9333,Jagvi Naik,Mango
9334,Lakshit Samra,Ramgarh
9335,Arin Uppal,Srikakulam
9336,Qabil Sura,Noida
9337,Vansha Karan,Tirupati
9338,Ekaraj Subramanian,Ratlam
9339,Mohammed Bora,Dhule
9340,Ganga Mukherjee,Ambarnath
9341,Amaira Ranganathan,Haldia
9342,Falguni Yogi,Bhilwara
9343,Rachita Bhavsar,Pimpri-Chinchwad
9344,Robert Barad,Raiganj
9345,Daniel Tailor,Tiruppur
9346,Falguni Walla,Tinsukia
9347,Bishakha Mallick,Sangli-Miraj & Kupwad
9348,Bina Amble,Bally
9349,Ekiya Babu,Delhi
9350,Isha Amble,Bhind
9351,Ridhi Apte,Guwahati
9352,Qabil Bora,Bhagalpur
9353,Simon Master,Bidar
9354,Lakshit Ravel,Moradabad
9355,Faqid Bala,Pondicherry
9356,Chaman Sinha,Panvel
9357,Pranav Mahajan,Ramagundam
9358,Prisha Mane,Pimpri-Chinchwad
9359,Kalpit Raju,Indore
9360,Falguni Vig,Bangalore
9361,Adweta Patil,Gandhinagar
9362,Rajata Yadav,Surendranagar Dudhrej
9363,Advaith Maharaj,Kavali
9364,Azad Madan,Ramagundam
9365,Vansha Nair,Satara
9366,Imaran Hayer,Katihar
9367,Hema Rajagopal,Uluberia
9368,Akshay Prabhakar,Kharagpur
9369,Samesh Sem,North Dumdum
9370,Anita Uppal,Bettiah
9371,Frado Kumar,Deoghar
9372,Hiral Shukla,Gaya
9373,Gopal Kamdar,Mathura
9374,Finn Ram,Karaikudi
9375,Anmol Khalsa,Khora 
9376,Yoshita Amble,Kamarhati
9377,Anya Menon,Bhavnagar
9378,Gayathri Bhagat,Tiruchirappalli
9379,Girik Kakar,Dehri
9380,Peter Shetty,Srinagar
9381,Niharika Tripathi,Karawal Nagar
9382,Agastya Shetty,Navi Mumbai
9383,Patrick Choudhry,Arrah
9384,Yauvani Sachar,Raiganj
9385,Jai Gandhi,Hapur
9386,Irya Sinha,Kishanganj
9387,Keya D’Alia,Jammu
9388,Ojas Nair,Madanapalle
9389,Jagat Pall,Guwahati
9390,Anita Walia,Secunderabad
9391,Falguni Borde,Vellore
9392,Chatresh Ramaswamy,Parbhani
9393,Vihaan Kamdar,Indore
9394,Faqid Bobal,Srinagar
9395,Vedika Chhabra,Durg
9396,Rachana Bera,Jaipur
9397,Faraj Kapur,Chandrapur
9398,Laban Shetty,Jalgaon
9399,Adya Zacharia,Warangal
9400,Qarin Wali,Kozhikode
9401,Yatan Kala,Durg
9402,Januja Apte,Dhanbad
9403,Indira Srinivasan,Anand
9404,Jagvi Narayanan,Malegaon
9405,Odika Dora,Ballia
9406,Leena Deshpande,Asansol
9407,Nirja Rao,Lucknow
9408,Aachal Dixit,Bellary
9409,Chanchal Shroff,Firozabad
9410,Yashodhara Vasa,Sirsa
9411,Pranit Yadav,Panihati
9412,Aachal Batra,Kavali
9413,Brinda Nagy,Nashik
9414,Nitesh Wali,Amroha
9415,Hema Raman,Nangloi Jat
9416,Chandresh Gupta,Burhanpur
9417,Indali Soni,Purnia
9418,Eiravati Suri,Bahraich
9419,Girish Om,Chittoor
9420,Hemani Khosla,Parbhani
9421,Rushil Chaudhuri,Erode
9422,Gaurang Vaidya,Kalyan-Dombivli
9423,Sarthak Prabhakar,Varanasi
9424,Rachit Kakar,Udaipur
9425,George Patla,Bhalswa Jahangir Pur
9426,Anjali Gupta,Kamarhati
9427,Nidhi Krishna,Junagadh
9428,Charan Bose,Warangal
9429,Teerth Bhagat,Raurkela Industrial Township
9430,Omkaar Varty,Hindupur
9431,Kabir Lanka,Shahjahanpur
9432,Janaki Parikh,Gandhidham
9433,Charvi Sridhar,Hosur
9434,Joshua Butala,Fatehpur
9435,Arin Deshmukh,Dewas
9436,Irya Zacharia,Morbi
9437,Falak Mohanty,Thoothukudi
9438,Naveen Sahni,Saharsa
9439,Tanvi Karnik,Dindigul
9440,Eiravati Radhakrishnan,Guna
9441,Zansi Dalal,Amaravati
9442,Ayushman Deo,Guna
9443,Kritika Bains,Bardhaman
9444,Urishilla Acharya,Orai
9445,Teerth Jani,Bhubaneswar
9446,David Sha,Pallavaram
9447,Mugdha Nanda,Mangalore
9448,Hemani Din,Bhilai
9449,Mugdha Handa,Pallavaram
9450,Dayamai Chander,Srikakulam
9451,Dalbir Vohra,Mau
9452,Veda Sawhney,Srinagar
9453,Yutika Balan,Naihati
9454,Pooja Bhatt,Satara
9455,Max Oza,Jabalpur
9456,Chasmum Saha,Bhagalpur
9457,Ubika Choudhury,Singrauli
9458,Aachal Kaul,Raichur
9459,Ayush Goda,Muzaffarnagar
9460,Chaaya Dara,Latur
9461,Sathvik Kothari,Bellary
9462,Siya Srivastava,Raebareli
9463,Samarth Contractor,Kharagpur
9464,Advika Zachariah,Kurnool
9465,Aradhana Dey,Vellore
9466,Max Thaker,Raurkela Industrial Township
9467,Mitesh Choudhury,Nizamabad
9468,Krisha Dhingra,Firozabad
9469,Charita Badal,Kamarhati
9470,Naksh Acharya,Sagar
9471,Adya Behl,Shivpuri
9472,Abdul Samra,Kanpur
9473,Anjali Kala,Phagwara
9474,Darika Thakur,New Delhi
9475,Avi Chahal,Raiganj
9476,Netra Bhatt,Adoni
9477,Anmol Khurana,Mumbai
9478,Vihaan Chowdhury,Kottayam
9479,Ekbal Chaudhari,Kochi
9480,Priya Mall,South Dumdum
9481,Mason Dugar,Burhanpur
9482,Anika Butala,Sultan Pur Majra
9483,Yadavi Padmanabhan,Hindupur
9484,Champak Dhawan,Hazaribagh
9485,Anjali Edwin,Durg
9486,Aarna Sampath,Asansol
9487,Daksh Dash,Gangtok
9488,Yatan Bail,Davanagere
9489,Faraj Saran,Thoothukudi
9490,Amrita Dar,Rourkela
9491,Triya Thaman,Panchkula
9492,Harinakshi Sinha,Eluru
9493,Patrick Prabhakar,Ulhasnagar
9494,Yagnesh Ram,Silchar
9495,Jacob Ratta,Bettiah
9496,Maanav Balay,Satara
9497,Andrew Kade,Ratlam
9498,Faqid Mohan,Jalandhar
9499,Triveni Bhatia,Satna
9500,Vasatika Banik,Khora 
9501,Gautam Pandit,Bongaigaon
9502,Widisha Keer,Kolhapur
9503,Gaurav Majumdar,Sri Ganganagar
9504,Sanaya Varughese,Gwalior
9505,Sai Sarin,Saharanpur
9506,Vamakshi Chander,Noida
9507,Oscar Mander,Sri Ganganagar
9508,Diya Suri,Maheshtala
9509,Neel Hora,Munger
9510,Onkar Anand,Jammu
9511,Laban Ramakrishnan,New Delhi
9512,Ekapad Aurora,Kishanganj
9513,Amrita Agate,Raiganj
9514,Urvashi Krishnan,Ujjain
9515,Qadim Atwal,Bijapur
9516,Riya Basak,Indore
9517,Vedant Soni,Tumkur
9518,Abeer Ganguly,Tiruvottiyur
9519,Azaan Kalita,Junagadh
9520,Praneel Ranganathan,Kollam
9521,Jackson Brahmbhatt,Motihari
9522,Divya Bumb,Deoghar
9523,Nathaniel Bhat,Ozhukarai
9524,Amruta Barad,Kurnool
9525,Christopher Dutta,South Dumdum
9526,Vaishnavi Prakash,Visakhapatnam
9527,Benjamin Bains,Purnia
9528,Tristan Hans,Bharatpur
9529,Harshil Patil,Sangli-Miraj & Kupwad
9530,Nathaniel Sodhi,Warangal
9531,Yagnesh Om,Pali
9532,Nidhi Chaudhry,Hyderabad
9533,Dhruv Krishnan,Malegaon
9534,Falguni Gill,Katihar
9535,Siddharth Ray,Bidhannagar
9536,Chakradhar Yogi,Kochi
9537,Gautami Sehgal,Bhiwandi
9538,Yash Ramachandran,Guna
9539,Rishi Bava,Buxar
9540,Zashil Saxena,Kirari Suleman Nagar
9541,Jagrati Dutt,Gulbarga
9542,Neha Mangat,Jalna
9543,Barkha Khare,Nagpur
9544,Fariq Zacharia,Lucknow
9545,Rachita Batta,Karaikudi
9546,Chaitanya Magar,Panihati
9547,Geetika Choudhary,Ratlam
9548,Warda Singhal,Adoni
9549,Leena Krishnamurthy,Mau
9550,Imaran Bhatti,Dindigul
9551,Bina Contractor,Yamunanagar
9552,Amol Nagi,Aurangabad
9553,Laban Konda,Ongole
9554,Mahika Wadhwa,Bettiah
9555,Azaan Andra,Bardhaman
9556,Fariq Seth,Erode
9557,Amrita Chokshi,Anantapur
9558,Neelima Doctor,Bhind
9559,Veer Vohra,Rohtak
9560,Yashodhara Kunda,Ajmer
9561,Balveer Karnik,Jaunpur
9562,Wazir Sahota,Ratlam
9563,Urmi Shanker,Ajmer
9564,Anusha Saha,Ballia
9565,Idika Bandi,Mumbai
9566,Ganga Dora,Haridwar
9567,Eesha Dugar,Satna
9568,Falguni Buch,Shimla
9569,Janaki Sharma,Pallavaram
9570,Jagdish Sastry,Jaunpur
9571,Harsh Dayal,Malegaon
9572,Maya Kakar,Gandhidham
9573,Brijesh Kalita,Howrah
9574,Chanakya Rout,South Dumdum
9575,Shivani Modi,Ramagundam
9576,Barkha Hans,Cuttack
9577,Ekiya Krishnan,Bhilai
9578,Ronith Lala,Avadi
9579,Anita Wali,Shimoga
9580,Dominic Vaidya,Thiruvananthapuram
9581,Zansi Palla,Bharatpur
9582,Ishwar Saha,Panihati
9583,Madhav Ravel,Yamunanagar
9584,Zaid Oommen,Mysore
9585,Leena Parekh,Panvel
9586,Panini Halder,Nagaon
9587,Chameli Sehgal,Tirupati
9588,Jhalak Warrior,Satara
9589,Krishna Dave,Ranchi
9590,Isaac Bala,Siliguri
9591,Meera Loke,Jabalpur
9592,Bhavna Khurana,Nellore
9593,Aditya Madan,Sonipat
9594,Omkaar Kadakia,Thane
9595,Mekhala Parmer,Kharagpur
9596,Tristan Kala,Noida
9597,Wahab Bains,Kumbakonam
9598,Anusha Saini,Shahjahanpur
9599,Dhruv Tailor,Faridabad
9600,Joshua Rai,Amaravati
9601,Kamala Toor,Nangloi Jat
9602,Leena D’Alia,Chinsurah
9603,Omaja Kale,Bihar Sharif
9604,Bhavini Ganesan,Silchar
9605,Advay Dua,Hazaribagh
9606,Vihaan Bhatnagar,Nagercoil
9607,Upma Varma,Berhampore
9608,Neelima Chaudhari,Kumbakonam
9609,Parth Loyal,Kamarhati
9610,Warda Sawhney,Motihari
9611,Shivani Dada,Vadodara
9612,Peter Radhakrishnan,Panvel
9613,Nidra Seth,Ambarnath
9614,Tanveer Kanda,Jorhat
9615,Gabriel Gala,Thane
9616,Harini Oak,Dewas
9617,Rohan Raju,Udupi
9618,Vedant Rattan,Chapra
9619,Geetika Ram,Avadi
9620,Charles Sama,Bardhaman
9621,Raghav Ganguly,Bhilai
9622,Bhanumati Krish,Sagar
9623,Anmol Srivastava,Bettiah
9624,Onveer Modi,Amaravati
9625,Netra Rama,Kottayam
9626,Nidra Gala,Chinsurah
9627,Urishilla Bhagat,Kishanganj
9628,Samuel Doctor,Ulhasnagar
9629,Upasna Narain,Berhampur
9630,Shaurya Shankar,Singrauli
9631,Xavier Sastry,Gwalior
9632,Manbir Sarna,Karawal Nagar
9633,Madhavi Narasimhan,Sikar
9634,Omaja Tank,Vijayanagaram
9635,Harshil Chopra,Dehradun
9636,Karan More,Loni
9637,Watika Khare,Nagpur
9638,Bachittar Menon,Srikakulam
9639,Yatan Vohra,Pudukkottai
9640,Chavvi Manda,Begusarai
9641,Tanish Pillay,Sonipat
9642,Anirudh Mohan,Bathinda
9643,Sai Kala,Gandhinagar
9644,Dhruv Bakshi,Latur
9645,Vidhi Dutt,Ramagundam
9646,Jackson Dua,Kalyan-Dombivli
9647,Rajata Rajan,Narasaraopet
9648,Amruta Bhat,Bongaigaon
9649,Chameli Hari,Ramagundam
9650,Bimala Wadhwa,Bhimavaram
9651,Diya Salvi,Kamarhati
9652,Yutika Kashyap,Hapur
9653,Dayita Warrior,Ranchi
9654,Baljiwan Konda,Agartala
9655,Ikshita Panchal,Panipat
9656,Christopher Gulati,Jhansi
9657,Turvi Walla,Dibrugarh
9658,Tanmayi Chad,Jalandhar
9659,Siddharth Ratta,Kozhikode
9660,Meera Apte,Guntakal
9661,Geetika Thaker,Noida
9662,Damyanti Keer,Phagwara
9663,Kabir Kala,Nagercoil
9664,Nisha Magar,Imphal
9665,Rayaan Gade,Motihari
9666,Rohan Verma,Kota
9667,Karan Batta,Kurnool
9668,Neha Kar,Kadapa
9669,Aadi Borra,Pallavaram
9670,Gayathri Chanda,North Dumdum
9671,Karan Shah,Ongole
9672,Niharika Oza,Srikakulam
9673,Aarna Prabhu,Tiruvottiyur
9674,Tanvi Nazareth,Hapur
9675,Aarna Sangha,Bhiwandi
9676,Zayan Natt,Ludhiana
9677,Lekha Tiwari,Dewas
9678,Laban Goyal,Amroha
9679,Edhitha Balan,Amritsar
9680,Om Shenoy,Shimoga
9681,Advik Maharaj,Bhilwara
9682,Veer Jain,Mau
9683,Falak Sandhu,Bhimavaram
9684,Widisha Gill,Vasai-Virar
9685,Zaitra Sarna,Bathinda
9686,Chavvi Kapur,Mau
9687,Yashvi Vora,Baranagar
9688,Siya Garde,Satara
9689,Bhavika Subramaniam,Malegaon
9690,Tamanna Padmanabhan,Ramagundam
9691,Jeet Mall,Dhule
9692,Samar Bhardwaj,Thoothukudi
9693,Ansh Sant,Chapra
9694,Isaac Mand,South Dumdum
9695,Faras Shankar,Mirzapur
9696,Agastya Bedi,Barasat
9697,Aashi Seshadri,Guna
9698,Lajita Dasgupta,Bellary
9699,Sudiksha Bose,Singrauli
9700,William Chahal,Nadiad
9701,Rajeshri Wason,Jalgaon
9702,Fiyaz Savant,Gorakhpur
9703,Ekavir Agrawal,Sonipat
9704,Priya Agate,Saharanpur
9705,Chasmum Handa,Varanasi
9706,Kavya Hayer,Rewa
9707,Vedika Batta,Kumbakonam
9708,Kritika Rattan,Munger
9709,Girish Varughese,Bihar Sharif
9710,Xalak Shenoy,Jammu
9711,Rachit Khatri,Hubli–Dharwad
9712,Ishanvi Chauhan,Hapur
9713,Xalak Mammen,Munger
9714,Chandresh Sundaram,Amritsar
9715,Saksham Nayar,Aurangabad
9716,Dakshesh Borde,Parbhani
9717,Teerth Patla,Mahbubnagar
9718,William Bhatia,Chennai
9719,Samuel Naidu,Mahbubnagar
9720,Laban Palla,Tirunelveli
9721,Ronith Wagle,Kollam
9722,Udant Mutti,Naihati
9723,Jagat Tella,Ahmednagar
9724,Xalak Thaman,Kolkata
9725,Anusha Badami,Thoothukudi
9726,Damini Raval,Visakhapatnam
9727,Sanaya Parmar,Jaipur
9728,Chameli Toor,Gudivada
9729,Ryan Bansal,Kozhikode
9730,Hritik Sarma,Bardhaman
9731,Rohan Vyas,Buxar
9732,Tanvi Karan,Pallavaram
9733,Bakhshi Sagar,Asansol
9734,Sathvik Vyas,Kadapa
9735,Wakeeta Nanda,Junagadh
9736,Amrita Anand,Secunderabad
9737,Zayyan Konda,Visakhapatnam
9738,Omya Sagar,Cuttack
9739,Amara Kohli,Chandigarh
9740,Hemang Dixit,Yamunanagar
9741,Anmol Biswas,Pallavaram
9742,Shivansh Kashyap,Imphal
9743,Ethan Seth,Etawah
9744,Nachiket Mane,Deoghar
9745,Quincy Manne,Latur
9746,Qarin Naik,Bhatpara
9747,Oscar Chand,Tiruppur
9748,Jyoti Mitter,Gorakhpur
9749,Sai Saraf,Meerut
9750,Lavanya Vyas,Haldia
9751,Siya Gour,Mau
9752,Rachana Jayaraman,Bijapur
9753,Onkar Choudhury,Bettiah
9754,Wazir Walia,Jammu
9755,Teerth Bhatia,Giridih
9756,Laksh Kothari,Bongaigaon
9757,Harinakshi Jaggi,Junagadh
9758,Owen Aurora,Muzaffarpur
9759,Ridhi Nagar,Miryalaguda
9760,Lakshmi Bhat,Tinsukia
9761,Yutika Rana,Alappuzha
9762,Anika Kashyap,Eluru
9763,Dhruv Gara,Adoni
9764,Sneha Rao,Shivpuri
9765,Advik Mander,Serampore
9766,Aditya Dhar,Mehsana
9767,Netra Savant,Anand
9768,Vedhika Lanka,Dhule
9769,Warinder Tak,Muzaffarpur
9770,Libni Ghosh,Saharsa
9771,Chameli Talwar,Miryalaguda
9772,Anita Singh,Tadipatri
9773,Chakradhar Purohit,Tadepalligudem
9774,Aayush Nagarajan,Vasai-Virar
9775,Gayathri Sethi,Khandwa
9776,Yatan Devi,Thoothukudi
9777,Kashvi Peri,Nizamabad
9778,Ekaja Palla,Shimoga
9779,Bahadurjit Desai,Junagadh
9780,Riya Babu,Ramgarh
9781,Ojas Kota,Davanagere
9782,Ubika Grewal,Nadiad
9783,Aishani Sahni,North Dumdum
9784,Vritti Srivastava,Bardhaman
9785,Avi Borah,Arrah
9786,Azaan Puri,Khammam
9787,Sanaya Kothari,Berhampur
9788,Bhavya Sharaf,Ghaziabad
9789,Urvi Mangat,Patiala
9790,Elijah Bhatt,Amritsar
9791,Nihal Bains,Thrissur
9792,Ethan Thakkar,Ghaziabad
9793,Xavier Pant,Machilipatnam
9794,Mitali Ganesh,Rampur
9795,Chavvi Kanda,Nagaon
9796,Vrishti Rana,Bhagalpur
9797,Triya Singh,Jorhat
9798,Ranbir Pau,Baranagar
9799,Gabriel Chowdhury,Nanded
9800,Tanmayi Dutta,Howrah
9801,Utkarsh Mand,Fatehpur
9802,Garima Din,Pudukkottai
9803,Maanas Hora,Jammu
9804,Arunima Sagar,Shimoga
9805,Kashvi Salvi,Katni
9806,Logan Panchal,Moradabad
9807,Lohit Grewal,Barasat
9808,Ishani Pal,Gandhidham
9809,Yagnesh Gara,Srinagar
9810,Vinaya Wable,Tirupati
9811,Hardik Sachdev,Srikakulam
9812,Chaitaly Luthra,Sasaram
9813,Hredhaan Wali,Ghaziabad
9814,Dev Sankar,Rajpur Sonarpur
9815,Dipta Sankaran,Khammam
9816,Vritti Sidhu,Bikaner
9817,Aarini Karan,Mango
9818,Chakradhar Bhagat,Kulti
9819,Yatan Radhakrishnan,Satara
9820,Urishilla Sarna,Bihar Sharif
9821,Unni Saha,Hindupur
9822,Edhitha Goswami,Khandwa
9823,Mitesh Choudhary,Bhilwara
9824,Eshana Rao,Tiruvottiyur
9825,Yashica Das,Kolhapur
9826,Hardik Bahri,Karimnagar
9827,Unnati Bawa,Malegaon
9828,Gopal Peri,Dibrugarh
9829,Kavya Bhandari,Rajpur Sonarpur
9830,Vaishnavi Sem,Khora 
9831,George Bhalla,Faridabad
9832,Fiyaz Chatterjee,Hazaribagh
9833,Wakeeta Ramesh,Thoothukudi
9834,Ridhi Vig,Dhule
9835,Nakul Wagle,Pondicherry
9836,Banjeet Koshy,Vijayawada
9837,Indali Ray,Kolhapur
9838,Pallavi Ravi,Davanagere
9839,Bakhshi Chaudhary,Silchar
9840,Nimrat Khurana,New Delhi
9841,Brijesh Madan,Kavali
9842,Jonathan Zachariah,Asansol
9843,Baghyawati Minhas,Mango
9844,Thomas Kakar,Begusarai
9845,Kabir Bali,Ratlam
9846,Geetika Chauhan,Bhavnagar
9847,Netra Bhardwaj,Firozabad
9848,Indrajit Rao,Secunderabad
9849,Balendra Saha,Secunderabad
9850,Anvi Kumar,Yamunanagar
9851,William Issac,Dehri
9852,Raksha Sant,Raebareli
9853,Vrishti Kashyap,Mira-Bhayandar
9854,Yuvraj Randhawa,Bhubaneswar
9855,Imaran Sethi,Jammu
9856,Ekansh Gandhi,Mangalore
9857,Nirja Batta,Aurangabad
9858,Dhruv Kothari,Latur
9859,Pahal Pandit,Kolkata
9860,Abeer Nori,Tadepalligudem
9861,Rachita Sankaran,Dindigul
9862,Manthan Borah,Rajkot
9863,Madhav Thakur,Phagwara
9864,Amol Kalla,Raebareli
9865,Hemal Kibe,Purnia
9866,Bhavika Verma,Kolhapur
9867,Mason Chaudhuri,Madurai
9868,Rishi Thakur,Kakinada
9869,Udant Shanker,Shivpuri
9870,Champak Borah,Bally
9871,Balhaar Narang,Tinsukia
9872,Warjas Goda,Danapur
9873,Geetika Mitter,Kakinada
9874,Idika Deshpande,South Dumdum
9875,Patrick Naidu,Dewas
9876,Adweta Choudhury,Bhimavaram
9877,Bachittar Shanker,Burhanpur
9878,Widisha Ramaswamy,Bettiah
9879,Udant Peri,Ludhiana
9880,Girindra Kale,Khandwa
9881,Pooja Dube,Mau
9882,Omkaar Patil,Guntur
9883,Rayaan Sethi,Asansol
9884,Chandran Naik,Rampur
9885,Mohini Cheema,Anantapuram
9886,Bhavani Kapur,Chapra
9887,Ishwar Sanghvi,Bhind
9888,Maanav Batra,Hajipur
9889,Faris Dubey,Nagercoil
9890,Tejas Savant,Buxar
9891,Widisha More,Dindigul
9892,Reyansh Guha,Mahbubnagar
9893,Oviya Lad,Panihati
9894,Umang Shere,Hyderabad
9895,Chaaya Purohit,Raebareli
9896,Dayamai Basu,Navi Mumbai
9897,Ronith Sarma,Vijayanagaram
9898,Patrick Suri,Bhatpara
9899,Jagrati Palla,Bellary
9900,Yatin Sane,Anantapuram
9901,Jagvi Ramanathan,Erode
9902,Chakradev Jain,Hubli–Dharwad
9903,Niharika Sawhney,Bharatpur
9904,Aarna Bera,Ambarnath
9905,Rishi Gola,New Delhi
9906,Brijesh Nadig,Bhalswa Jahangir Pur
9907,Pahal Khalsa,Pali
9908,Zayan Date,Orai
9909,Bhavika Chadha,Erode
9910,Krishna Walia,Silchar
9911,Alka Gopal,Pudukkottai
9912,Sai Sampath,Alappuzha
9913,Oliver Narayan,Ambala
9914,Radhika Kata,Panipat
9915,Chandran Dada,Siliguri
9916,Bhavya Guha,Begusarai
9917,Manbir Yadav,Panihati
9918,Kashvi Suri,Thanjavur
9919,Balvan Baral,Karimnagar
9920,Ayush Sandhu,Sri Ganganagar
9921,Ekaja Upadhyay,Rajpur Sonarpur
9922,Jalsa Issac,Hindupur
9923,Aarna Bumb,Jhansi
9924,Urvi Bhatia,Tumkur
9925,Sarthak Kibe,Khandwa
9926,Reva Sabharwal,Thanjavur
9927,Arin Sami,Delhi
9928,Shravya Sankar,Udupi
9929,Hitesh Mandal,Gulbarga
9930,Pushti Sarna,Danapur
9931,Jack Kannan,Shivpuri
9932,Yatan Madan,Karawal Nagar
9933,Daksha Maharaj,Bhalswa Jahangir Pur
9934,Balvan Bhalla,Ahmedabad
9935,Shravya Minhas,Mirzapur
9936,Pushti Pau,Jammu
9937,Kamala Jha,Ichalkaranji
9938,Rachit Johal,Hazaribagh
9939,Dev Jhaveri,Chandigarh
9940,Xalak Patil,Jammu
9941,Henry Varghese,Anantapuram
9942,Thomas Hayre,Malda
9943,Nitesh Samra,Mathura
9944,Rayaan Muni,Danapur
9945,Gaurangi Wali,Yamunanagar
9946,Patrick Sandhu,Hindupur
9947,Sai Badal,Maheshtala
9948,Bahadurjit Kara,Akola
9949,Dhriti Raju,Kottayam
9950,Urvashi Sodhi,Durgapur
9951,Ekanta Kapadia,Vasai-Virar
9952,Unni Manda,Deoghar
9953,Shaurya Butala,Mumbai
9954,Faras Upadhyay,Bidar
9955,Dhriti Kala,Nagercoil
9956,Divya More,Danapur
9957,Daksha Viswanathan,Saharanpur
9958,Bhanumati Ghose,Secunderabad
9959,Oni Iyer,Guna
9960,Frado Patel,Warangal
9961,Charvi Pant,Ongole
9962,Abha Zacharia,Bathinda
9963,Vanya Joshi,Unnao
9964,Chanchal Shroff,Rajkot
9965,Jeet Murthy,Nashik
9966,Onveer Oza,Rourkela
9967,Unnati Nigam,Loni
9968,Zaid Bhatti,Hindupur
9969,Aahana Jain,Khora 
9970,Abhimanyu Choudhury,Jabalpur
9971,Vritti Bali,Bhubaneswar
9972,Nakul Chawla,Jalandhar
9973,Manan Bala,Lucknow
9974,Mohammed Dass,Bally
9975,Hardik Bahri,Kadapa
9976,Oscar Rau,Tirupati
9977,Varsha Jani,Gangtok
9978,Logan Sehgal,New Delhi
9979,Chavvi Mangal,Kurnool
9980,David Bhakta,Hajipur
9981,Mekhala Kannan,Begusarai
9982,Gaurangi Gandhi,Bhagalpur
9983,Tejas Shetty,Dewas
9984,Libni Kapadia,Bhubaneswar
9985,Abhiram Talwar,Indore
9986,Aarna Aurora,Hazaribagh
9987,Arunima Dhillon,Ghaziabad
9988,Aadi Badami,Dibrugarh
9989,Rehaan Sama,Ahmednagar
9990,Henry Murty,Allahabad
9991,Radhika Gole,Bhimavaram
9992,Adweta Hayre,Bhavnagar
9993,Logan Bhatti,Sonipat
9994,Panini Bir,Durgapur
9995,Anamika Pau,Ghaziabad
9996,Simon Choudhry,Munger
9997,Joshua Mitra,Sri Ganganagar
9998,Manan Lall,Junagadh
9999,Xiti Chowdhury,Aurangabad
10000,Yashodhara Chhabra,Vijayawada
