customer_id,name,total_balance,total_interest,account_count
2,Vedant Chawla,619209.0,9357.27,3
3,Pushti Khalsa,789195.0,22862.370000000003,2
8,Wriddhish Pandey,1048992.0,29424.72,5
9,Harish Mammen,1552065.0,62082.600000000006,4
10,Devansh Pau,661831.0,26473.24,3
11,Urishilla Bhargava,821113.0,9695.05,3
12,Lavanya Bhat,1728466.0,21750.28,6
16,Vinaya Khanna,523064.0,14114.6,2
18,David Verma,523239.0,13634.79,2
20,Ekaraj Banik,727374.0,10222.53,4
21,Janaki Khurana,603983.0,6039.83,2
26,Bahadurjit Ghose,787688.0,31507.52,2
28,Oliver More,1113245.0,30404.63,3
30,Geetika Mandal,819666.0,32786.64,2
31,Chanchal Tiwari,863654.0,17666.27,4
32,Vansha Chahal,541045.0,21641.800000000003,2
38,Warjas Kurian,783494.0,21235.43,3
46,Omaja Gour,1005668.0,25924.04,3
51,Patrick Verma,628336.0,14866.99,3
54,Wridesh Khanna,711684.0,28467.36,2
66,Simon Singhal,869925.0,34797.0,4
69,Tejas Kara,838549.0,26677.42,3
72,Balendra Dash,841982.0,21244.309999999998,3
76,Chanchal Kalla,1281160.0,38626.18,4
83,Advik Gour,612750.0,6127.5,2
87,Sanya Kumar,521627.0,16903.73,2
91,Vaishnavi Gera,784443.0,31377.72,3
92,Rudra Borra,637499.0,12052.34,2
94,Harsh Ramachandran,915844.0,32540.41,4
98,Wridesh Varty,1120091.0,40689.44,4
103,Yash Palan,1118683.0,16418.56,3
104,Rohan Madan,754348.0,30173.92,3
106,Harish Sampath,685825.0,27433.0,2
107,Wishi Mitra,903009.0,28092.48,4
111,Eesha Natarajan,1180102.0,20649.97,3
112,Triveni Raman,708120.0,18600.600000000002,2
117,Eiravati Chaudry,842131.0,20537.83,3
121,Tara Chaudhary,798370.0,19326.88,2
123,Ucchal Dubey,1182123.0,21341.85,4
124,Viraj Pillay,874975.0,21353.41,2
126,Jyoti Andra,789942.0,23476.23,3
132,Jeet Kota,552532.0,5525.32,2
137,Yatin Nori,643364.0,24827.15,3
140,Nikita Sami,932386.0,20915.23,3
144,Raghav Sankar,1012909.0,18984.879999999997,3
146,Yashodhara Yogi,1362743.0,33005.48,4
150,Arjun Ganguly,1170835.0,31893.070000000003,3
152,Girish Chander,825692.0,11033.33,3
160,Yutika Gaba,917277.0,23000.73,3
163,Champak Sinha,513047.0,5130.47,2
164,Manbir Majumdar,848014.0,23169.31,2
167,Urvi Chaudhari,517208.0,17093.239999999998,3
169,Kiaan Seth,905965.0,18365.2,3
171,Kalpit Natt,566761.0,14983.060000000001,2
183,Rajeshri Ghosh,985197.0,9851.970000000001,2
184,Anusha Chana,578999.0,14193.32,2
194,Omisha Chand,934147.0,29573.26,4
200,Karan Talwar,649757.0,25990.28,2
201,Geetika Raval,1176146.0,33160.94,4
203,Thomas Jani,561998.0,16509.5,3
207,Jhalak Thaker,607507.0,24300.28,3
209,Ijaya Gaba,1600261.0,39308.47,5
212,Qadim Majumdar,789611.0,7896.11,2
213,Janya Vasa,505776.0,20231.04,2
216,Osha Kurian,645829.0,6458.29,2
218,Mitali Ravel,1298840.0,22657.550000000003,4
219,Sanaya Khurana,530839.0,10054.720000000001,2
220,Leena Kadakia,850076.0,16484.63,3
222,Divya Wason,637404.0,18067.5,2
224,Yashoda Kamdar,614151.0,15133.380000000001,2
225,Omkaar Dua,914242.0,22869.940000000002,3
227,Urvashi Dar,632211.0,18161.460000000003,4
228,Vinaya Saini,853163.0,8531.630000000001,2
232,Robert Cherian,558095.0,12032.51,2
235,Bimala Nayak,657717.0,16341.810000000001,2
238,Falak Thakur,618423.0,24736.92,3
240,Mohini Bhatnagar,904442.0,22118.84,3
242,Pranav Kade,579639.0,5796.39,3
249,Chanchal Jani,638850.0,25554.0,4
251,Libni Dalal,677629.0,12184.42,2
258,Nachiket Patil,655440.0,6554.4,2
259,Yadavi Mohanty,1368706.0,32974.42,6
266,Farhan Bir,778138.0,20059.63,2
271,Umang Badal,973139.0,24712.370000000003,4
272,Agastya Chaudhari,507752.0,16833.350000000002,2
274,Girish Salvi,1197453.0,24691.08,3
275,Nitara Saran,784889.0,31395.559999999998,3
277,Kai Hora,1406638.0,29689.39,4
278,Om Raghavan,537749.0,21509.96,2
280,Anmol Kaul,891518.0,16954.61,3
281,Pallavi Ray,1116663.0,44666.52,4
284,Yatin Shetty,717145.0,28685.8,2
290,Aarav Gokhale,711535.0,21722.95,2
295,Ekalinga Mane,792888.0,19222.260000000002,2
300,Anita Acharya,801459.0,17219.22,4
305,Nakul Nori,1268036.0,26974.52,4
307,Tara Kalla,773226.0,30929.04,2
314,Ira Narayanan,569482.0,5694.82,2
322,Maanav Bala,956983.0,24228.1,2
324,Lakshmi Iyengar,849976.0,33999.04,2
330,Yochana Gera,817347.0,19611.36,3
333,Urmi Dyal,533968.0,11888.650000000001,2
334,Sanya Chaudhari,850051.0,20855.86,2
343,Damyanti Sane,834844.0,31225.210000000003,3
345,Inaya Bahl,666694.0,10535.29,4
350,Lucky Kumer,713056.0,26210.559999999998,3
352,Vedhika Varughese,871356.0,23821.230000000003,3
358,Ganga Rau,889075.0,8890.75,2
363,Azaan Gara,525254.0,17778.410000000003,3
376,Ubika Swamy,661760.0,26470.4,4
377,Harini Khanna,1110886.0,34107.37,3
381,Chaitanya Prabhu,859324.0,20080.06,2
391,Meera Puri,533932.0,15457.45,3
395,Yuvraj Nath,600099.0,24003.96,2
396,Abeer Viswanathan,686279.0,21403.64,2
401,Pranav Seshadri,1318731.0,35008.439999999995,4
403,Samesh Magar,937677.0,19176.57,3
410,Damini Mukhopadhyay,1259309.0,29959.97,4
411,Pranit Gala,1064471.0,11425.4,4
413,Ikbal Bajwa,1145815.0,11458.150000000001,4
422,Shravya Memon,851331.0,23693.100000000002,4
425,Aarnav Bhagat,659962.0,14998.210000000001,2
426,Darpan Gandhi,566940.0,13704.060000000001,2
429,Mugdha Ghosh,1393675.0,27651.4,4
435,Megha Rajagopalan,736984.0,9743.5,3
436,Krish Gupta,713324.0,7133.24,2
438,Ekiya Grover,1069896.0,20314.95,5
439,Balveer Trivedi,965171.0,38606.840000000004,4
442,Nihal Sengupta,1096212.0,31473.39,4
446,Nathan Singhal,555423.0,5554.23,3
458,Laban Sankar,698702.0,6987.02,2
462,Zilmil Dyal,1218366.0,35970.630000000005,3
465,Omisha Radhakrishnan,690706.0,17780.260000000002,2
468,Nirja Nanda,633617.0,19381.399999999998,2
469,Aarnav Koshy,1325131.0,33450.85,4
473,Vihaan Parmar,549853.0,21994.12,2
475,Bhavika Ray,1006700.0,30858.53,3
476,Arjun Dyal,999973.0,16096.24,4
478,Aarna Verma,956245.0,32734.629999999997,3
488,Jason Tripathi,856522.0,21442.09,3
489,Amaira Aggarwal,641153.0,18774.170000000002,2
491,Baghyawati Sridhar,576193.0,13371.460000000001,2
492,Vincent Mander,604339.0,14735.56,2
495,Thomas Cheema,591426.0,23657.04,2
496,Tanish Dhillon,973676.0,16376.75,3
504,Aarna Bahl,657681.0,14615.01,2
506,Ekanta Bobal,514802.0,20592.08,2
507,George Malhotra,513431.0,20537.239999999998,2
508,Bakhshi Sankar,646853.0,14088.23,2
509,Laksh Ram,797406.0,18525.87,2
510,Indira Rana,1035233.0,24275.45,3
513,Tripti Roy,776363.0,31054.52,3
515,Pushti Rajagopalan,540245.0,5402.450000000001,2
517,Falan Dixit,500436.0,19663.83,3
518,Harinakshi Mane,950393.0,22034.33,3
524,Devansh Chandran,543075.0,5430.75,2
527,Timothy Lalla,639082.0,19096.660000000003,3
529,Bishakha Mani,689688.0,21666.300000000003,3
530,Oeshi Divan,852204.0,23173.710000000003,2
535,Zaitra Nagar,592998.0,9879.93,4
537,Isaiah Yohannan,666836.0,26673.440000000002,2
540,Yashvi Mani,711037.0,15290.89,2
544,Farhan Venkatesh,801249.0,8012.490000000001,2
552,Laksh Kakar,541263.0,11469.45,2
553,Simon Vohra,731263.0,14360.56,2
554,Karan Yogi,1033983.0,23323.35,3
563,Eesha Chana,1003528.0,13866.52,3
564,Triveni Chand,595086.0,5950.860000000001,2
569,Manthan Sarkar,572065.0,22882.6,2
575,Tarak Chokshi,906486.0,21597.660000000003,2
577,Champak Sarraf,672855.0,26914.2,2
580,Balvan Comar,868229.0,8682.29,3
583,Karan Pandey,525258.0,19625.789999999997,2
598,Chakradhar Shere,684485.0,6844.85,2
600,Abha Narayanan,770512.0,9327.37,3
601,Jatin Hora,703741.0,28149.64,2
607,Netra Ramesh,1285860.0,36927.03,4
612,Pallavi Sengupta,618769.0,24750.760000000002,2
614,Reyansh Chowdhury,607819.0,13001.77,2
616,Falguni Sarma,943185.0,30824.13,3
620,Chasmum Prabhu,526400.0,6706.58,2
624,Suhani Sampath,710743.0,7107.43,2
625,Isaac Banik,562274.0,18984.530000000002,2
627,Alka Roy,1013280.0,27277.56,4
632,Anay Sekhon,1142621.0,22430.390000000003,4
634,Sanya Srinivasan,700135.0,7001.35,2
635,Jasmit Morar,940988.0,17130.35,4
636,Kamala Parmar,609737.0,6097.370000000001,2
638,Ronith Swamy,508717.0,9496.84,2
641,Janya Kata,864260.0,8642.6,2
642,Pushti Virk,876382.0,35055.28,2
645,Bachittar Rout,981972.0,13390.05,4
651,Veer Boase,629317.0,25172.68,2
656,Lucky Nath,1236468.0,33546.18,4
659,Nitara Rege,982943.0,34760.420000000006,3
661,Lekha Ramesh,982596.0,31435.14,3
663,Advika Dutt,539216.0,15087.59,2
664,Wahab Mangal,895417.0,21677.65,2
668,Theodore Patla,1164984.0,27381.09,4
677,Yashasvi Chadha,644197.0,20324.29,2
678,Nidhi Majumdar,979408.0,21416.559999999998,3
681,Vanya Nagy,689256.0,6892.56,2
683,Yashica Swaminathan,739062.0,15987.960000000001,2
689,Samuel Lalla,595188.0,19485.690000000002,2
690,Chaaya Kota,910088.0,36403.520000000004,2
696,Praneel Srinivas,910192.0,9101.92,2
700,Jagdish Mahajan,1844692.0,50277.43,7
704,Rohan Radhakrishnan,595552.0,17079.85,2
706,Bahadurjit Sharaf,706925.0,28277.0,2
708,Leena Sant,797000.0,31880.0,2
711,Prisha Walla,1017330.0,39775.56,3
712,Manthan Deshmukh,891302.0,21661.64,3
714,Meghana Nagi,691609.0,21155.35,2
717,Anthony Barman,1017418.0,26249.2,4
721,Janaki Chakraborty,813229.0,12309.970000000001,3
737,Lakshit Datta,522196.0,15951.34,3
738,William Sarkar,898755.0,35950.2,3
739,Yash Puri,656193.0,11733.240000000002,3
740,Qadim Kaul,1279819.0,41257.39,3
743,Anirudh Date,585760.0,23430.4,2
745,Jalsa Kakar,1296162.0,12961.619999999999,3
747,Nikita Subramanian,656963.0,13028.150000000001,2
752,Saumya Rastogi,501332.0,8760.89,2
754,Warhi Dora,619570.0,11320.36,2
755,William De,671778.0,7274.1900000000005,3
762,Wriddhish Balasubramanian,1068664.0,35617.18,4
765,Christopher Sha,958185.0,38327.4,2
777,Rajata Varma,1137824.0,35698.4,3
782,Ekiya Ramaswamy,717621.0,10995.060000000001,3
790,Radhika Kulkarni,670781.0,11856.89,2
792,Varsha Bahl,751684.0,30067.36,2
794,Zarna Karnik,820190.0,32807.600000000006,2
795,Charan Dar,540819.0,16172.220000000001,4
806,Dhruv Ganesan,1040517.0,18362.55,3
809,Veda Kurian,656446.0,16347.220000000001,2
811,Aadi Cherian,581815.0,5818.150000000001,2
814,Anay Dhawan,838987.0,33559.48,2
815,Riya Ram,826761.0,8267.61,4
816,Bina Kalita,734665.0,16124.71,3
817,Samarth Edwin,754542.0,7545.42,3
818,Caleb Reddy,1431258.0,30204.12,6
819,Banjeet Shetty,507284.0,20291.36,2
825,Sneha Lata,735494.0,7354.9400000000005,3
826,Maanav Parmer,800196.0,19063.620000000003,2
827,Gautami Mishra,583081.0,23323.239999999998,2
828,Rushil Rajagopalan,759173.0,18910.43,2
830,Ishwar Kothari,673668.0,26946.72,4
834,Megha Rai,524933.0,7688.780000000001,2
835,Ekiya Choudhury,1162462.0,40132.69,4
839,Wriddhish Doctor,937467.0,33485.67,3
840,Udarsh Cherian,1136893.0,18881.620000000003,4
843,Theodore Parmer,578576.0,19490.719999999998,2
848,Thomas Yohannan,864882.0,22571.190000000002,3
859,Wakeeta Sem,717395.0,14032.970000000001,2
862,Amrita Tata,639009.0,25560.36,2
866,Nitesh Goyal,1059464.0,21342.74,4
870,Hardik Soni,763687.0,18178.21,2
872,Chaitaly Sastry,670473.0,6704.73,3
878,Wridesh Garg,958285.0,9582.85,3
883,Sai Mandal,582806.0,15566.09,2
885,Bahadurjit Narasimhan,1164362.0,22905.410000000003,4
887,Gabriel Kata,643662.0,6436.620000000001,2
895,Anusha Natarajan,517052.0,6114.380000000001,2
896,Nirja Bhavsar,689202.0,15807.689999999999,2
899,Onkar Rajagopal,628824.0,6288.24,3
904,Anika Andra,546396.0,16182.03,2
905,Yamini Sampath,568020.0,14386.05,3
908,Isha Barman,771367.0,7713.67,2
910,Yashica Bassi,909577.0,16299.91,3
912,Avni Mangal,775893.0,17576.61,2
913,Eesha Solanki,877352.0,14385.68,4
916,Naksh Chad,600124.0,20586.16,2
917,Ekiya Sarma,1131276.0,24767.190000000002,3
923,Charles Parsa,721610.0,15952.19,2
931,Vyanjana Kuruvilla,696351.0,16345.44,2
932,Darika Sahota,668830.0,15494.2,3
935,Bishakha Kapur,1056648.0,34063.14,3
937,Rishi Nagar,782246.0,7822.46,2
945,Lucky Karnik,552984.0,11233.86,2
947,Dhriti Samra,834552.0,21230.010000000002,3
955,Varenya Deshpande,1152657.0,46106.28,4
956,Radha Chaudry,517857.0,5178.57,3
963,Nilima Chauhan,552069.0,21358.08,3
965,Chandran Deshpande,531876.0,13931.55,2
966,Max Manda,942021.0,37680.840000000004,3
971,Warda Patla,1520929.0,56657.32,5
975,Leela Agarwal,759509.0,30380.36,2
976,Girindra Batra,856613.0,8566.130000000001,2
979,Dalbir Kala,576620.0,8297.69,2
984,Amrita Bandi,1211529.0,34455.270000000004,3
991,Pahal Prakash,736626.0,24265.86,3
993,Darpan Narasimhan,745371.0,19710.870000000003,3
995,Vedika Rai,1307198.0,39493.490000000005,4
998,Alexander Bahri,1299992.0,21529.04,6
1007,Amruta Das,1332724.0,42638.560000000005,5
1008,Chatura Devi,719757.0,28790.28,2
1019,Kiaan Varughese,959666.0,22560.440000000002,3
1022,Vasana Sangha,1398753.0,44749.74,6
1025,Yashasvi Rattan,622214.0,13040.99,3
1039,Gabriel Sani,990153.0,39606.12,3
1040,Vansha Tank,1089074.0,10890.740000000002,4
1042,Idika Dutta,580487.0,23219.480000000003,2
1043,Xalak Korpal,774662.0,16491.8,3
1044,Mugdha Sura,1084169.0,25295.87,4
1046,Ekiya Bains,652034.0,26081.36,2
1051,Divya Chaudry,791913.0,11365.83,3
1052,Sai Kala,779789.0,19180.4,3
1053,Aryan Rout,930987.0,9309.87,3
1056,Hemal Pant,684954.0,18821.4,2
1058,Vrinda Wali,571440.0,22857.6,2
1059,Chaman Chakraborty,720709.0,12236.68,4
1061,Ranveer Ravel,941566.0,14826.55,3
1063,Ekiya Sampath,924175.0,20324.11,3
1064,Lakshmi Kanda,595483.0,5954.83,3
1065,Ekani Ramanathan,682519.0,22451.47,3
1067,Wishi Hegde,1276785.0,37171.47,3
1076,Ishita Natt,2396750.0,56016.770000000004,6
1079,Tanay Samra,543682.0,21747.28,2
1086,Yashawini Chana,804461.0,21254.63,3
1088,Saumya Vyas,537649.0,16163.68,3
1089,Jagdish Hegde,600632.0,6006.32,2
1098,Chatresh Jaggi,998970.0,9989.7,3
1101,Nirja Agarwal,1416920.0,36854.99,6
1102,Vasatika Ramaswamy,712927.0,28517.08,2
1105,Warjas Sem,807866.0,19921.22,4
1107,Nitara Sampath,666925.0,20009.71,3
1109,Aishani Pathak,880192.0,8801.92,3
1113,Urvashi Desai,713763.0,7137.63,2
1117,Alka Jaggi,653542.0,6535.42,2
1121,Janani Nagarajan,967784.0,15516.92,4
1122,Bhavika Das,728513.0,24573.86,3
1129,Darsh Prabhakar,1065123.0,22031.79,4
1130,Gayathri Sidhu,514941.0,10460.46,4
1132,Akshay Bhargava,583335.0,14856.6,2
1137,Irya Datta,775592.0,19178.45,2
1138,Widisha Kumer,758897.0,15506.21,2
1141,Ayush Saxena,882195.0,19408.53,3
1143,Eesha Ganesh,1593445.0,39790.270000000004,6
1147,Garima Dugar,694678.0,20046.489999999998,2
1152,Yashodhara Sampath,532498.0,17840.44,2
1153,Ekanta Walia,719691.0,7196.91,3
1155,Upadhriti Subramaniam,696221.0,6962.21,2
1157,Dhruv Sathe,705632.0,28225.28,3
1158,Chatresh Kara,930299.0,23690.57,2
1159,Avi Saha,682145.0,6821.450000000001,2
1160,Rishi Subramanian,1282101.0,18336.48,5
1163,Ekanta Bhasin,1132737.0,27438.48,4
1166,Nakul Srinivas,551498.0,5514.98,3
1174,Nachiket Singhal,1093029.0,43721.16,3
1175,Samuel Uppal,799421.0,18279.74,4
1177,Arya Babu,708060.0,15934.529999999999,3
1181,Tanish Puri,676340.0,8758.58,3
1187,Amol Dewan,959977.0,29240.920000000002,3
1188,Maya Balay,506931.0,12387.57,2
1190,Alexander Pandya,713359.0,28534.36,4
1196,Janaki Kumar,970117.0,9701.17,2
1197,Avni Bains,680809.0,20890.510000000002,2
1198,Odika Mall,540841.0,21633.64,2
1202,Dev Dhawan,1112394.0,38003.850000000006,4
1204,Qabil Sanghvi,504990.0,8517.45,2
1206,Sneha Nanda,835114.0,33404.56,3
1214,Rachita Ratti,992694.0,36049.53,4
1215,Hiral Oza,1097832.0,23152.050000000003,3
1218,Sudiksha Om,1178492.0,32724.83,5
1220,Wahab Sankar,677797.0,24596.23,3
1223,Oni Bobal,777462.0,20161.35,4
1224,Hemani Setty,1910154.0,63043.83,5
1227,Ucchal Acharya,634124.0,24733.37,3
1228,Zinal Narasimhan,968315.0,30825.379999999997,4
1232,Ishani Jani,532003.0,21280.120000000003,2
1236,Shravya Nath,547073.0,11644.82,3
1238,Rayaan Sharma,806856.0,8068.56,2
1240,Warhi Goel,524148.0,5241.48,2
1244,Yashica Das,1151855.0,37954.37,3
1256,Nakul Lall,912854.0,20660.78,3
1257,Jagvi Gola,902445.0,36097.8,4
1260,Gaurangi Jani,1062497.0,25363.94,3
1262,Aahana Suri,635542.0,17928.85,3
1263,Lipika Chokshi,1262429.0,46823.12,6
1264,Hredhaan Merchant,703884.0,14913.990000000002,3
1273,Hamsini Bhatt,1038752.0,19826.120000000003,3
1276,Vaishnavi Lalla,817754.0,17745.8,2
1278,Chaman Som,976598.0,16344.71,4
1279,Ethan Cheema,817280.0,32691.2,3
1284,Nirja Kurian,728215.0,19522.6,4
1285,Ijaya Garde,700867.0,28034.68,3
1286,Hemani Ramaswamy,699307.0,8425.33,3
1287,Hemani Sundaram,793466.0,31738.64,2
1288,Ishwar Sarin,688559.0,11894.48,3
1297,Arunima Sastry,726204.0,17877.420000000002,3
1298,Bachittar Keer,857713.0,21565.36,2
1299,Raagini Chaudhary,1443949.0,41437.72,6
1300,Dayamai Dewan,852780.0,8527.8,2
1301,Gaurangi Taneja,1003588.0,12619.3,5
1304,Geetika Shanker,529520.0,16170.29,2
1306,Wahab Varghese,799717.0,7997.17,3
1309,Kai Rama,652964.0,21311.63,3
1311,Yutika Patel,579910.0,5799.1,2
1312,Matthew Loke,1063973.0,28463.0,3
1314,Lakshit Mahal,913046.0,36521.84,2
1315,Nicholas Majumdar,531418.0,5314.18,2
1318,Mitali Bhatia,542187.0,10948.2,2
1319,Lopa Dalal,657396.0,26295.84,3
1326,Dalaja Pai,544468.0,21778.72,2
1339,Vasana Som,626682.0,6266.82,2
1340,Aadi Dhaliwal,722158.0,17883.309999999998,2
1344,Amaira Lal,801525.0,21494.25,2
1352,Nikita Bahl,862286.0,23043.89,2
1355,Harish Batra,843030.0,33721.2,2
1356,Upadhriti Bhardwaj,811621.0,21835.45,3
1362,Utkarsh Gill,610712.0,6107.12,2
1372,Veer Ganesh,1338138.0,13381.380000000001,3
1374,Wazir Sabharwal,1425340.0,18885.52,4
1380,Farhan Chada,1450650.0,43329.51,4
1385,Abdul Raghavan,817658.0,29766.739999999998,3
1392,Irya Hayre,530674.0,5306.74,2
1393,Shaurya Chahal,908840.0,10358.57,3
1397,Wakeeta Nadig,683446.0,15620.08,2
1406,Henry Bhagat,977715.0,24000.48,3
1407,Chaman Bhatnagar,807698.0,32307.920000000002,3
1409,Lakshit Dhillon,724737.0,28989.48,2
1412,Samar Cherian,599826.0,16717.92,3
1414,Pallavi Kamdar,567064.0,18627.190000000002,2
1415,Dhriti Rai,724925.0,7249.25,2
1418,Yamini Sahni,695956.0,16466.11,2
1427,Isaac Sarna,527459.0,5274.59,2
1429,Girish Karnik,672258.0,17517.3,4
1436,Abdul Aggarwal,741679.0,17734.3,3
1446,Sanya Butala,538513.0,5385.13,3
1449,Lakshmi Chokshi,575465.0,13018.85,3
1450,Jai Golla,639295.0,6392.950000000001,3
1451,Jeevika Saini,525239.0,11636.18,2
1463,Shravya Majumdar,1002143.0,29868.14,3
1467,Aryan Seshadri,652417.0,16818.07,2
1470,Rachita Madan,778149.0,20640.0,2
1472,Abeer Banik,536366.0,11468.300000000001,2
1473,Samesh Oak,572708.0,7922.36,2
1474,Wakeeta Nazareth,565189.0,5651.889999999999,2
1480,Falguni Gill,511693.0,8243.68,3
1489,Rayaan Chakraborty,509244.0,20369.760000000002,2
1494,Balendra Ramesh,1039386.0,24955.199999999997,3
1498,Yatin Bassi,1190278.0,33244.42,4
1501,Yug Manne,710459.0,19180.7,4
1502,Brinda Kashyap,886255.0,35450.200000000004,3
1504,Kalpit Deshpande,755993.0,22379.300000000003,4
1505,Yochana Dixit,819164.0,32766.559999999998,2
1506,Ekaja Basu,1185374.0,19544.57,3
1512,Tejas Uppal,615480.0,6154.8,2
1516,Widisha Bora,786404.0,17476.73,2
1518,Ishaan Choudhry,864306.0,21357.84,2
1527,Noah Muni,897314.0,27392.210000000003,3
1528,Kai Warrior,1158179.0,23444.690000000002,3
1529,Ansh Bail,574293.0,22971.72,2
1531,Krishna Atwal,558645.0,22345.8,2
1535,Yug Lala,557372.0,5573.72,2
1536,Anthony Garg,543909.0,21756.36,3
1538,Yashica Wali,867543.0,12540.15,3
1541,Azaan Narayanan,508321.0,5083.210000000001,2
1548,Forum Sura,755273.0,7552.73,2
1552,Bahadurjit Sengupta,1028878.0,41155.119999999995,3
1553,Maanas Deshmukh,921147.0,22946.31,4
1554,Nidra Sood,776007.0,20308.14,3
1558,Fariq Dewan,667881.0,21013.14,3
1560,Sanaya Kaul,1074908.0,40195.91,4
1561,Yahvi Shetty,820914.0,32836.56,2
1562,Bishakha Sarna,931733.0,23372.78,4
1563,Ikbal Morar,713249.0,21084.38,3
1564,Om Brar,2152519.0,47871.909999999996,5
1566,Ira De,839619.0,33584.76,2
1567,Bhavani Rajagopal,1233929.0,44007.32,4
1569,Azaan Dora,1054402.0,21546.04,4
1573,Nathan Shroff,759085.0,24860.62,3
1577,Yash Gulati,1024994.0,32287.34,3
1578,Aarnav Munshi,537534.0,10668.66,2
1580,Gaurangi Vasa,770176.0,13587.580000000002,5
1583,Hamsini Kumar,757371.0,21415.47,3
1587,Darpan Kar,1587277.0,36215.29,5
1591,Ojas Mahajan,1338470.0,19209.35,4
1595,Hredhaan Sangha,510281.0,16990.25,2
1604,Jeevika Kata,965075.0,38603.0,2
1607,Ishani Kothari,601297.0,6012.97,2
1614,Saksham Nazareth,646674.0,15556.650000000001,2
1616,Tristan Sule,840929.0,22442.42,2
1618,Varsha Shetty,1316472.0,35389.89,4
1627,Hredhaan Chakrabarti,524679.0,14838.570000000002,2
1629,Advaith Chakrabarti,797265.0,7972.65,2
1636,Rehaan Chaudry,1273621.0,26521.51,5
1637,Nitara Bahri,883243.0,8832.43,2
1641,Lipika Goyal,549465.0,7869.48,2
1644,Maya Seth,660808.0,21486.97,2
1645,Quincy Nagar,995844.0,35740.29000000001,3
1649,Vedant Krishnan,864953.0,29794.49,4
1653,Devansh Thaman,740963.0,29638.520000000004,3
1654,Mahika Bose,586388.0,5863.88,2
1655,Garima Khosla,1174792.0,11747.92,3
1658,Osha Arora,686812.0,19678.449999999997,2
1659,Laban Bhat,1082248.0,29513.86,5
1661,Nihal Sandhu,710770.0,28430.8,2
1665,Udyati Deo,831132.0,19350.66,2
1670,Geetika Vyas,1027527.0,17631.9,3
1673,Janaki Murthy,631769.0,24322.489999999998,3
1677,Omya Babu,861472.0,25207.21,3
1692,Qadim Nazareth,605782.0,19704.91,2
1693,Vyanjana Buch,614929.0,17449.06,4
1696,Laksh Mital,616062.0,6160.620000000001,2
1699,Ronith Kara,696137.0,21033.079999999998,3
1704,Christopher Jhaveri,591456.0,8868.57,3
1705,Mohini Chatterjee,874576.0,31759.36,3
1706,Owen Rattan,640994.0,13200.410000000002,3
1710,Aachal Tiwari,764014.0,30560.56,2
1725,Nisha Khatri,1156831.0,32461.18,3
1729,Amrita Gaba,850671.0,17162.100000000002,4
1732,Victor Kara,787645.0,19298.71,2
1733,Kamala Ganguly,1395519.0,36694.05,4
1741,Yochana Ganesan,501825.0,7555.950000000001,2
1743,Sai Balakrishnan,604571.0,24182.840000000004,2
1744,Chandresh Goswami,658243.0,6582.43,2
1748,Vidhi Dhar,872949.0,20455.17,2
1752,Fariq Sengupta,755630.0,17583.53,2
1754,Chanchal Pai,658469.0,7218.26,3
1756,Anita Naik,544278.0,21771.120000000003,3
1759,Vasatika Kurian,526050.0,12173.25,3
1762,Jhalak Narula,1258433.0,15217.16,5
1765,Dhruv Sandhu,900872.0,36034.880000000005,2
1766,Eesha Kade,751785.0,15797.4,2
1768,Dayita Ganesh,759493.0,25672.15,3
1773,Abha Krishnamurthy,536821.0,15764.17,2
1780,Kamya Brahmbhatt,1728924.0,42833.01,6
1786,Abha Sama,897879.0,35335.83,3
1790,Zashil Dugar,775785.0,12801.69,3
1793,Vedika Oommen,524891.0,20995.64,2
1797,Krishna Iyengar,597807.0,5978.07,2
1801,Laban Natarajan,1100793.0,24204.33,5
1806,Jairaj Hans,745823.0,29832.92,2
1808,Raghav Ray,582607.0,5826.07,2
1809,Liam Bava,1251178.0,35970.7,5
1810,Hemani Hegde,726960.0,11228.04,3
1813,Advik Rama,776489.0,11079.95,3
1815,Suhani Bora,875390.0,15778.85,4
1816,Agastya Sunder,851970.0,19524.84,3
1817,Aishani Deep,965781.0,23877.480000000003,2
1824,Rishi Dash,1080493.0,24093.67,3
1826,Chameli Char,658024.0,25379.86,4
1830,Charvi Sachar,1245331.0,45137.56,6
1832,Imaran Saran,512976.0,7772.970000000001,3
1836,Yug Rege,532345.0,15170.619999999999,2
1838,Waida Banik,612902.0,24516.079999999998,2
1840,David Gulati,547631.0,11130.23,2
1842,Divya Mohan,1116576.0,34581.48,3
1849,Ekta Ranganathan,1249442.0,26882.660000000003,3
1853,Azad Hans,637787.0,12357.29,3
1855,Yatin Doshi,1300609.0,13006.09,3
1856,Turvi Bal,643614.0,25744.56,2
1860,Ijaya Sankaran,574257.0,5742.57,2
1862,Shaurya Raman,567890.0,16006.73,2
1863,Vedika Mane,1022813.0,18905.75,3
1868,Unni Sastry,515642.0,5156.42,2
1870,Anirudh Baria,515789.0,20631.56,2
1872,Gaurang Dixit,951272.0,23466.44,2
1874,Jack Sekhon,566959.0,12658.119999999999,4
1879,Mohammed Nath,596077.0,5960.77,2
1884,Tanvi Krishnan,903071.0,36122.840000000004,3
1886,Girindra Bava,596807.0,5968.070000000001,2
1889,Devika Sura,546818.0,5468.18,2
1891,Vamakshi Dasgupta,1469212.0,27933.88,4
1892,Gautami Bahri,588750.0,5887.5,2
1902,Matthew Date,827039.0,33081.56,2
1904,Manbir Ram,576148.0,10442.11,2
1905,Harinakshi Sankar,708968.0,16650.62,2
1909,Kashvi Dar,660584.0,26423.36,2
1910,Bimala Banik,518056.0,5180.5599999999995,2
1916,Caleb Kara,697871.0,27914.84,2
1919,Aarnav Choudhry,867743.0,25614.17,4
1922,Naveen Suresh,874542.0,18464.850000000002,3
1923,Atharv Nair,763255.0,20385.01,2
1926,Logan Natarajan,1338232.0,41168.35,3
1927,Michael Dada,1147180.0,33289.54,3
1929,Nilima Hayre,550600.0,12866.410000000002,2
1932,Noah Oommen,955412.0,29076.17,3
1935,Nandini Kurian,675344.0,13535.54,3
1937,Wridesh Deshmukh,994595.0,9945.95,3
1940,Gunbir Loke,694564.0,16695.19,2
1941,Agastya Cheema,909271.0,33016.66,4
1946,Darsh Prakash,1283072.0,51322.880000000005,3
1953,Damyanti Viswanathan,1006885.0,18680.29,5
1954,Rushil Ranganathan,660827.0,20338.55,2
1957,Maanas Naik,1178546.0,25559.600000000002,3
1959,Aarav Chad,760800.0,12893.34,4
1960,Libni Chokshi,1525346.0,32085.74,5
1963,Atharv Seshadri,1082069.0,43282.76,3
1970,Anay Nori,590391.0,23615.64,2
1971,Indali Modi,531701.0,10422.32,2
1972,Gautami Boase,644187.0,6441.870000000001,2
1974,Bimala Ahluwalia,1664617.0,53001.22,5
1978,Victor Varkey,693739.0,17853.550000000003,2
1984,Kabir Gill,513640.0,11698.09,2
1987,Yuvraj Kapur,695707.0,12994.960000000001,2
1988,Girish Jayaraman,551879.0,5518.79,2
1992,Jatin Sangha,610129.0,6101.290000000001,3
1998,Qarin Joshi,1513822.0,40350.64,4
2005,Chaman Sandhu,593981.0,9548.24,2
2009,Vansha Dube,827723.0,9871.310000000001,3
2010,Ishaan Kuruvilla,554603.0,22184.120000000003,2
2011,Yasti Bhandari,591840.0,23673.6,2
2013,Samesh Ganesh,932127.0,37285.08,3
2020,Sanaya Chandra,600938.0,6009.38,2
2031,Warda Prabhakar,749098.0,7490.98,2
2037,Vincent Sarma,825460.0,29363.56,3
2039,Dakshesh Doshi,1012492.0,12359.02,4
2042,Aarini Suri,549978.0,20372.61,3
2043,Irya Hora,1146965.0,22033.25,3
2046,Anthony Bhagat,1072617.0,25564.77,3
2047,Anvi Ben,842256.0,11757.03,4
2050,Nimrat Bawa,921408.0,18199.86,4
2051,David Chawla,1160468.0,34040.24,3
2053,Reyansh Sarin,885137.0,8851.37,3
2055,Siya Maharaj,820931.0,8209.310000000001,2
2056,Tara Viswanathan,707759.0,7077.59,2
2061,Tripti Sani,519511.0,20780.44,2
2063,Samaksh Sawhney,563220.0,17801.04,2
2068,Wyatt Shroff,615199.0,10093.39,2
2070,Aadi Lall,778772.0,31150.88,2
2071,Vihaan Apte,741287.0,29651.48,3
2077,Reva Arora,515655.0,20626.2,2
2078,Zansi Sehgal,613369.0,10864.390000000001,3
2079,Keya Raval,594301.0,12974.38,3
2080,Sudiksha Magar,500322.0,20012.88,2
2083,Rajata Deshmukh,927772.0,23438.35,2
2085,Aahana Arora,941607.0,22039.140000000003,3
2088,Karan Andra,1233520.0,49340.8,3
2090,Hema Savant,658777.0,26351.08,3
2097,Vihaan Jha,1585595.0,51183.89,4
2098,Prisha Prakash,784716.0,31388.640000000003,2
2099,Vincent Anne,556582.0,22263.280000000002,2
2100,Jonathan Chad,1135362.0,32302.05,3
2103,Damyanti Sarkar,1722985.0,37794.04,5
2104,Veer Ratta,883009.0,15301.900000000001,3
2106,Vrinda Narula,800383.0,17322.1,2
2111,Daniel Kapadia,784690.0,20018.05,2
2112,Ira Parekh,619756.0,24790.239999999998,2
2114,Maanas Shukla,603382.0,9427.39,2
2117,Urishilla Parikh,746432.0,19041.41,2
2130,Jackson Lall,924518.0,36980.72,4
2137,Azaan Dass,760733.0,29814.17,3
2147,Bhavika Madan,782194.0,21333.43,3
2148,Ishita Mandal,607555.0,12398.890000000001,2
2149,Harita Bahri,1012859.0,22537.49,3
2151,Vedant Dani,521941.0,10018.33,2
2157,Bhavika Mishra,983449.0,24587.86,2
2159,Yoshita Samra,896807.0,23747.0,2
2161,Warhi Sood,547516.0,10432.27,3
2163,Nitara Boase,687428.0,26871.68,3
2164,Jeet Pradhan,808425.0,8084.25,2
2165,Faris Madan,751946.0,19058.96,2
2182,Tanmayi Sawhney,510433.0,14374.78,2
2190,Yadavi Natt,576818.0,14938.039999999999,2
2192,Harshil Prashad,652675.0,26107.0,3
2194,Warinder Pant,581318.0,23252.72,2
2197,Gagan Sanghvi,609298.0,6092.9800000000005,3
2199,Maanav Dhaliwal,1515555.0,21840.24,5
2201,Chakrika Mistry,1013779.0,23182.9,3
2202,Mitali Dugar,610237.0,17562.19,2
2205,Pranav Dhaliwal,598467.0,5984.67,2
2207,Rohan Vala,837652.0,25263.49,3
2210,Osha Chahal,672217.0,10410.400000000001,3
2211,Unnati Kata,680893.0,20029.63,2
2213,Ronith Nair,938504.0,9385.04,3
2215,Chavvi Bumb,563030.0,15343.19,3
2217,Yatin Chakrabarti,1184344.0,47373.76,3
2218,Darsh Vig,883888.0,14071.720000000001,3
2223,Azaan Sheth,710831.0,28433.24,2
2227,Victor Parmar,1440842.0,28913.54,3
2231,Harish Dugal,858362.0,34334.479999999996,2
2232,Pooja Sharma,925094.0,20118.53,3
2235,Urvi Prasad,923035.0,9230.35,3
2237,Onveer Saini,807046.0,30229.780000000002,4
2238,Lakshmi Chopra,1202666.0,36689.119999999995,3
2240,Pranit Yohannan,591220.0,10073.41,3
2241,Max Goyal,533312.0,6723.17,2
2242,Pranav Sen,1848756.0,52932.99,5
2250,Sudiksha Rege,975243.0,26758.14,3
2251,Sathvik Kade,1081158.0,10811.58,4
2252,Hemani Chand,624892.0,23049.7,3
2253,Forum Raj,1029094.0,37031.47,4
2257,Chandresh Patel,617766.0,17417.7,3
2258,Pahal Nagi,576026.0,23041.039999999997,3
2260,Laban Kapadia,797035.0,15700.6,3
2262,Omya Zachariah,672676.0,14334.939999999999,2
2270,Rachit Toor,1291477.0,31879.149999999998,5
2272,Bahadurjit Som,726476.0,20807.63,2
2274,Agastya Bhat,1987701.0,63957.450000000004,7
2275,Ryan Nadkarni,706463.0,18222.08,2
2280,Udyati Sarkar,596424.0,7667.790000000001,3
2281,Lakshit Boase,547424.0,21896.96,2
2283,Harini Mandal,730587.0,8711.01,4
2291,Kavya Balan,678718.0,18755.62,2
2296,Hemal Jaggi,1391507.0,32140.22,5
2299,Praneel Nayar,949159.0,24323.29,2
2307,Ridhi Parsa,897369.0,35236.229999999996,4
2309,Siya Guha,758216.0,18398.96,2
2310,Vidhi Panchal,759535.0,7595.35,2
2313,Yashvi Jhaveri,602172.0,13061.67,2
2315,Agastya Seshadri,595223.0,12583.55,2
2318,Nitara Brahmbhatt,732933.0,29317.32,3
2331,Radhika Dalal,826069.0,16804.780000000002,3
2336,Pranav Chawla,758638.0,7586.38,2
2340,Anika Toor,1720104.0,25854.12,5
2343,Chaaya Wali,528572.0,5285.72,2
2344,Lakshmi Gole,961279.0,20163.91,3
2349,Upasna Arya,1083773.0,32571.38,3
2361,Manya Setty,834151.0,33366.04,2
2365,Isha Bhargava,1613039.0,40790.81,4
2369,Hemang Jani,503001.0,20120.04,2
2370,Ekantika Sankar,1003514.0,32363.18,4
2373,Tanmayi Shukla,622793.0,6227.93,3
2376,Nitesh Dua,801237.0,17779.95,2
2378,Neel Swaminathan,716809.0,20025.1,4
2380,Aradhana Narang,799481.0,19943.09,2
2381,Januja Setty,1082207.0,28935.8,3
2382,Kritika Srinivasan,764687.0,30587.480000000003,2
2385,Champak Dua,596705.0,5967.05,2
2386,Divya Pandit,585284.0,17776.4,2
2392,Hemani Khalsa,866421.0,20896.83,2
2394,Gabriel Chaudhary,567376.0,20896.06,3
2396,Arin Shanker,905935.0,9059.35,2
2398,Sarthak Chowdhury,823751.0,18717.5,2
2408,Christopher Narayan,590825.0,12430.49,3
2410,Abha Arya,536501.0,21460.04,2
2412,Samarth Saraf,696083.0,22466.48,4
2414,Amrita Goda,1015079.0,31587.14,3
2417,Yochana Pathak,807099.0,32283.96,3
2423,Abha Krishna,1052360.0,32450.45,4
2426,Lavanya Buch,828532.0,33141.28,2
2428,Vansha Talwar,602167.0,24086.68,2
2438,Varenya Guha,607521.0,7642.290000000001,3
2442,Januja Guha,1219944.0,26332.08,3
2447,Girindra Pant,655123.0,6551.23,2
2448,Chaaya Khare,652242.0,25666.38,3
2451,Pallavi Sarkar,663837.0,10616.16,3
2456,Suhani Raghavan,792507.0,31700.280000000002,2
2461,Vasana Ghose,642476.0,25699.04,2
2462,Jairaj Viswanathan,722980.0,24635.83,3
2463,Riya Krishna,718354.0,26097.100000000002,3
2465,Ojas Kale,536808.0,5368.08,2
2469,Irya Sehgal,934590.0,9345.900000000001,3
2470,Vritti Sanghvi,605830.0,24233.2,3
2472,Harini Rai,590996.0,5909.96,2
2488,David Sani,657605.0,26304.2,2
2492,Rishi Ganesh,816316.0,19128.49,2
2495,Ojas Merchant,1004927.0,30285.65,3
2497,Frederick Bahri,793746.0,20963.97,2
2498,Aayush Sangha,857489.0,8574.89,2
2499,Avni Narula,852923.0,24362.510000000002,4
2505,Jatin Kannan,529580.0,5295.8,2
2508,Eta Tella,863978.0,34559.119999999995,2
2509,Warda Viswanathan,545004.0,5450.04,3
2519,Ishani Nair,1052623.0,22163.95,3
2520,Champak Shetty,838960.0,22820.68,2
2525,Leela Mitter,879838.0,26682.61,3
2527,Krishna Biswas,932535.0,37301.4,2
2529,Vidhi Chopra,507844.0,10347.91,2
2530,Teerth Mohanty,986564.0,24786.77,2
2531,Samesh Solanki,748604.0,29944.160000000003,2
2541,Pranit Chander,1130515.0,30667.78,4
2543,Maya Palla,708436.0,18335.23,3
2549,Keya Pathak,1131049.0,30846.04,4
2550,Anirudh Sahota,520546.0,6779.379999999999,3
2552,Turvi Rajagopal,794922.0,21340.2,3
2553,Yochana Kata,882539.0,22709.36,2
2554,Qarin Murthy,1086684.0,43467.36,3
2559,Hemal Mallick,794895.0,18507.0,2
2560,Pranav Mukhopadhyay,616964.0,24678.559999999998,3
2561,Balendra Chawla,618121.0,18872.44,3
2567,Eshana Banik,789391.0,18757.72,2
2570,Udyati Andra,620590.0,16198.990000000002,2
2572,Azaan Sengupta,728626.0,19484.050000000003,2
2574,Amol Dhaliwal,953241.0,23153.100000000002,3
2575,Kevin Pall,688850.0,19284.23,2
2582,Tanveer Pillay,503049.0,5030.49,2
2583,Faraj Jain,759975.0,19055.100000000002,3
2584,Bahadurjit Kohli,672123.0,6721.2300000000005,2
2586,Yug Nadig,1048752.0,10487.52,4
2587,Fiyaz Brar,538297.0,21531.88,2
2591,Warhi Sawhney,1185843.0,25402.260000000002,4
2592,Ira Dugal,602863.0,6028.63,2
2593,Hredhaan Devan,759426.0,17650.62,2
2600,Vinaya Varkey,791483.0,7914.83,2
2605,Gaurangi Shanker,1211100.0,42231.840000000004,4
2613,Ria Seth,944358.0,11945.34,4
2620,Aadi Keer,738096.0,29523.840000000004,2
2621,Wriddhish Balay,506370.0,7847.79,2
2624,Ranveer Sodhi,780574.0,11725.39,3
2627,Libni Parsa,724554.0,11229.45,3
2629,Jagdish Rana,576865.0,23074.600000000002,2
2634,Akshay Sahni,566575.0,22663.0,2
2636,Reyansh Kade,1316323.0,26351.5,4
2639,Sneha Talwar,681705.0,27268.2,2
2644,Henry Sama,807319.0,32292.760000000002,2
2646,Ladli Bajaj,850073.0,34002.92,2
2671,Yachana Mall,1233361.0,35574.85,4
2673,Zaitra Deol,720187.0,14973.310000000001,2
2674,Oviya Khanna,851571.0,8515.71,2
2682,Gayathri Ahuja,682606.0,6826.06,4
2684,Chanakya Oak,1516881.0,60675.24,4
2687,Harrison Mani,724445.0,14200.670000000002,2
2690,Ria Puri,1116296.0,11162.960000000001,3
2696,Umang Saxena,753930.0,7539.3,2
2699,Veer Munshi,631684.0,13221.640000000001,3
2701,Jagdish Patla,938685.0,22459.59,4
2704,Wridesh Bail,850328.0,8503.279999999999,2
2717,Advay Merchant,717627.0,28705.08,3
2721,Harshil Walia,1170512.0,26338.22,4
2724,Rishi Dhar,606670.0,6425.860000000001,3
2731,Aadi Konda,634607.0,25384.28,2
2735,Jagrati Dara,519468.0,14914.74,2
2752,Aditya Patla,864443.0,26871.35,3
2753,Karan Ratta,632708.0,6327.08,2
2755,Siddharth Mann,529553.0,18034.7,2
2757,Gauri Raman,542863.0,21714.52,2
2761,Yachana Khosla,633973.0,6339.73,3
2766,Samuel Din,583939.0,23357.559999999998,2
2772,Andrew Bassi,1132148.0,27915.649999999998,4
2774,Advika Nagarajan,862235.0,19837.190000000002,3
2776,Tanveer Koshy,870803.0,20976.2,2
2786,Ikshita Dixit,835491.0,8354.91,3
2794,Ronith More,559477.0,6161.74,3
2795,Ijaya Swamy,641341.0,6413.41,2
2799,Inaya Kala,868353.0,21243.06,4
2802,Banjeet Nadig,613314.0,18048.600000000002,2
2803,Dipta Borra,649381.0,25975.24,2
2809,Pallavi Borah,878240.0,35129.600000000006,3
2816,Yatan Talwar,525396.0,16315.14,2
2817,Chandran Bhattacharyya,620133.0,6201.33,2
2818,Sanaya Narula,2021472.0,31998.63,6
2823,Ganga Deshpande,746912.0,15609.349999999999,2
2824,Lucky Padmanabhan,1015753.0,12502.330000000002,6
2827,Ekalinga Tailor,939515.0,23494.850000000002,2
2831,Abhimanyu Chatterjee,913722.0,23980.98,3
2835,Ishwar Shan,676182.0,6761.820000000001,2
2837,Indira Manda,507868.0,19760.620000000003,2
2840,Oliver Yohannan,601779.0,21057.27,3
2845,Falan Rau,623304.0,7427.64,3
2858,Guneet Shan,709459.0,28378.36,2
2860,Wriddhish Joshi,598239.0,5982.39,2
2861,Oni Barad,523849.0,16929.73,2
2864,Pallavi Banik,700191.0,21385.5,2
2870,Zansi Chaudry,572639.0,11451.470000000001,2
2872,Siddharth Bora,814443.0,32577.72,2
2875,Vyanjana Halder,691195.0,18180.850000000002,3
2880,Udyati Venkatesh,914313.0,25504.62,3
2884,Hemangini Oak,703123.0,28124.920000000002,2
2893,Keya Doshi,778033.0,31121.32,2
2898,Abhimanyu Virk,1477183.0,24389.26,7
2903,Aayush Kala,1321729.0,39755.92,4
2905,Aarna Lad,790230.0,20047.05,2
2907,Parth Ratti,943900.0,20454.43,4
2915,Ekbal Walia,1067985.0,31205.94,4
2919,Finn Bandi,1217296.0,36942.67,3
2923,Bakhshi Naidu,1105170.0,22316.04,4
2924,Krishna Bhavsar,1467915.0,47497.08,5
2927,Chaitanya Natt,854523.0,25491.72,3
2928,Onkar Sule,980776.0,19212.73,3
2929,Sanya D’Alia,735995.0,29439.8,2
2931,Zinal Mall,842547.0,15976.11,3
2932,Pallavi Divan,731879.0,15682.310000000001,3
2933,Chaitanya Sant,569143.0,5691.43,2
2938,Jonathan Sathe,787880.0,7878.8,2
2944,Neha Palan,547512.0,21900.480000000003,2
2947,Charan Bahri,796728.0,7967.280000000001,2
2948,Yasti Pingle,954124.0,20129.38,3
2949,Bina Chahal,661591.0,18807.52,4
2950,Omkaar Butala,560532.0,22421.28,2
2954,Yashoda Bahri,534432.0,21377.28,2
2960,Urmi Narayan,775421.0,7754.210000000001,2
2967,Charita Sethi,630030.0,6300.299999999999,2
2974,Zaitra Mishra,883006.0,35320.240000000005,2
2980,Faras Bawa,517895.0,13280.33,3
2985,Kiaan Sahota,1219231.0,24846.79,3
2989,Reva Ramachandran,825662.0,30843.170000000002,3
2990,Jagvi Bora,557703.0,20303.55,2
2995,Raghav D’Alia,1163329.0,22421.050000000003,3
2996,Advay Bhandari,870897.0,34835.880000000005,2
2998,Ranveer Bhalla,1031212.0,41248.48,3
3008,Nakul Ganesan,850302.0,34012.08,3
3009,Omkaar Barad,1163875.0,46555.0,3
3012,Shaurya Mann,968493.0,15376.23,4
3013,Dipta Mani,604588.0,24183.52,2
3015,Charvi Narasimhan,805300.0,8053.0,2
3025,Anusha Tiwari,541366.0,11837.320000000002,2
3026,Ethan Natt,502146.0,14258.4,3
3041,Benjamin Srinivasan,691591.0,16975.0,2
3043,Lohit Rattan,709368.0,28374.72,3
3046,Christopher Aggarwal,681379.0,9743.08,3
3052,Yatin Misra,545916.0,6185.610000000001,3
3053,Ikbal Pant,895680.0,8956.8,2
3056,Dayita Kumer,547663.0,15686.8,2
3058,Irya Chhabra,544746.0,7889.22,2
3059,Charita Warrior,845426.0,13783.49,5
3062,Libni Pau,806375.0,32255.0,3
3064,Keya Guha,1298379.0,27228.99,4
3065,Xiti Palla,645238.0,7019.65,4
3067,Lohit Baria,615717.0,19340.370000000003,4
3070,Divya Ganesh,820417.0,19330.06,2
3072,Keya Kalla,554332.0,5543.32,2
3074,Abeer Dutt,1206389.0,33807.380000000005,3
3083,Anthony Divan,954592.0,21292.33,3
3084,Charvi Balasubramanian,663654.0,6636.54,3
3087,Hritik Dasgupta,684722.0,6847.22,2
3089,Urishilla Venkataraman,870842.0,34833.68,2
3093,Daniel Singhal,1019093.0,17890.190000000002,4
3097,Luke Sarma,1891996.0,50221.990000000005,7
3105,Nachiket Biswas,765983.0,30639.32,2
3109,Nihal Pathak,1620688.0,44799.130000000005,5
3111,Varenya Shan,550890.0,5508.900000000001,2
3119,Aachal Bumb,1034562.0,26977.38,3
3125,Bimala Devan,1197374.0,38477.240000000005,4
3140,Aashi Singh,1508687.0,26747.18,4
3145,Urmi Bobal,501766.0,20070.64,2
3146,Vasana Lala,1363039.0,41268.1,5
3152,Amrita Hayre,1350681.0,28448.850000000002,4
3158,Chatura Savant,741401.0,18747.65,2
3159,Udarsh Rege,525053.0,15995.03,3
3167,Ethan Aurora,909659.0,9096.59,2
3172,Kalpit Singhal,774448.0,7744.48,2
3176,Raghav Chahal,520104.0,10064.52,2
3181,Kritika Kala,567043.0,5670.43,2
3185,Fiyaz Ravel,1440295.0,33524.05,4
3190,Laban Koshy,1037063.0,32616.110000000004,4
3191,Manya Atwal,869523.0,8695.23,2
3197,Chakradev Deo,879629.0,19562.57,3
3203,Neel Dalal,777615.0,31104.600000000002,3
3213,Aarna Ramanathan,738592.0,7385.92,2
3216,Orinder Dasgupta,550397.0,9730.369999999999,3
3217,Ijaya Peri,736581.0,20944.56,2
3220,Triya Wadhwa,764554.0,17747.53,2
3223,Gaurangi Sen,924839.0,9248.39,3
3225,Waida Prakash,855482.0,33742.88,3
3230,Madhav Natt,587564.0,18536.78,2
3234,Neel Gole,786217.0,18814.18,2
3236,Kashish Chada,1201345.0,29800.48,4
3237,Falan Chana,779597.0,7795.970000000001,3
3244,Ansh Sura,600795.0,24031.800000000003,2
3246,Harita Kothari,563913.0,11409.869999999999,2
3250,Kritika Char,709732.0,28389.28,2
3258,Tamanna Bali,597157.0,12930.67,4
3261,Amrita Chad,991435.0,11411.05,5
3265,Ojas Gill,605897.0,11614.279999999999,3
3266,Falak Bhavsar,512515.0,13194.91,3
3269,Chandresh Dalal,1242926.0,25634.15,3
3278,Eiravati Chaudhry,641442.0,15530.73,2
3284,Ati Prabhu,627382.0,12273.97,3
3285,Darsh Nayar,757966.0,19909.0,2
3286,Rudra Peri,584633.0,21003.710000000003,3
3287,Riya Hari,644311.0,6443.110000000001,4
3289,Henry Taneja,1960556.0,39058.79,7
3290,Ranveer Chowdhury,504692.0,5343.59,3
3291,Rohan Varughese,883000.0,10698.52,4
3297,Chaitaly Kulkarni,594873.0,11218.62,3
3301,Lajita Dada,609215.0,8074.52,4
3311,Warhi Viswanathan,597107.0,12965.900000000001,2
3312,Ranbir Doctor,774975.0,24704.190000000002,3
3313,Gaurang Nagar,609206.0,10223.119999999999,3
3323,Nathaniel Batta,1224394.0,31680.13,4
3325,Kashvi Hora,1145203.0,23049.190000000002,3
3327,Jasmit Kothari,1023789.0,28038.84,3
3331,Ekansh Venkataraman,573195.0,5731.950000000001,2
3332,Pranit Kalla,745889.0,20913.53,2
3333,Tanay Iyer,712684.0,28507.36,3
3334,Sanya Edwin,628805.0,6288.05,2
3336,Ekani Narain,872662.0,22522.72,2
3337,Jairaj Munshi,586754.0,12195.8,2
3343,Bhavika Dada,935478.0,11613.36,4
3345,Vasatika Pathak,1324614.0,13246.14,4
3346,Lekha Natarajan,764437.0,27296.590000000004,3
3347,Gavin Gara,1197705.0,11977.05,3
3349,Adya Prasad,595305.0,5953.05,2
3351,Wahab Char,619069.0,15435.76,2
3354,Gaurika Hans,1159594.0,33443.68,3
3356,Zarna Vohra,791566.0,19929.31,3
3358,Raghav Wali,660666.0,15320.85,2
3360,Anthony Kant,500349.0,8707.11,3
3361,Harshil Mangal,732539.0,22094.210000000003,2
3367,Amruta Butala,641343.0,20306.64,2
3368,Anita Bal,940346.0,27498.829999999998,4
3381,Ayushman Bhattacharyya,776270.0,16475.239999999998,2
3382,Bhavna Divan,812240.0,8122.4,2
3384,Rachita Dugar,611641.0,6701.53,3
3391,Krishna Sani,794181.0,20843.64,2
3393,Geetika Banerjee,820747.0,8207.470000000001,2
3394,Qarin Sahni,834443.0,12159.8,3
3397,Kabir Bath,814193.0,32567.72,2
3398,Timothy Raj,537131.0,20095.31,2
3401,Netra Chander,901852.0,26301.85,5
3404,George Taneja,591617.0,5916.17,2
3408,Amruta Chaudry,818813.0,21842.09,3
3409,Logan Kumer,1372030.0,26316.91,5
3411,David Ramanathan,566145.0,22645.8,2
3412,Madhavi Issac,944658.0,37786.32,3
3414,Samuel Bhakta,715399.0,28615.96,2
3415,Michael Gandhi,787531.0,21085.33,3
3427,Bakhshi Mangal,944002.0,37760.08,3
3432,Timothy Singhal,522112.0,20884.48,2
3440,Vanya Raman,653766.0,26150.64,2
3441,Anika Krishnamurthy,544363.0,13576.480000000001,2
3444,Amol Bansal,738526.0,26632.33,4
3449,Jacob Saraf,753287.0,15036.62,3
3456,Rajata Mishra,568491.0,5684.91,3
3462,Neel Nadkarni,850499.0,23554.82,3
3463,Vedant Raja,962461.0,9624.61,3
3469,Tara Ahuja,702503.0,28100.120000000003,2
3471,Adweta Ramanathan,583583.0,5835.830000000001,2
3474,Keya Wable,536936.0,5369.360000000001,2
3475,Tamanna Kumer,525607.0,14371.18,2
3480,Hiral Vora,533551.0,7246.75,2
3481,Riya Tak,636305.0,16553.84,2
3485,Aadi Srinivasan,705427.0,18968.08,2
3487,Frederick Mander,821672.0,20763.5,2
3490,Vinaya Dugar,1067374.0,30360.670000000002,4
3491,Bahadurjit Chada,594925.0,22773.46,3
3493,Wyatt Chana,686818.0,27472.72,2
3494,Varenya Dewan,801524.0,23012.18,2
3496,Ekavir Aurora,684076.0,14124.939999999999,2
3506,Om Sama,522641.0,18575.84,4
3507,Raagini Baral,743529.0,29741.160000000003,2
3508,Bimala Setty,620991.0,20943.9,3
3510,Ayushman Merchant,716975.0,19402.19,3
3514,Charita Gera,725350.0,7253.5,2
3517,Aditya Bhargava,641151.0,6411.51,2
3518,Aryan Mohan,1055557.0,27902.08,5
3522,Patrick Goel,1082326.0,22176.760000000002,3
3524,Janya Kulkarni,784968.0,20684.370000000003,2
3529,Teerth Nagi,688882.0,18704.59,2
3531,Reyansh Jaggi,760614.0,30424.56,2
3532,Amol Pillay,939043.0,33030.04,3
3535,Ishaan Badami,519817.0,5198.17,2
3539,George Rout,523718.0,5237.18,2
3547,Januja Dua,778749.0,17056.38,3
3549,Pushti Datta,923706.0,22576.05,3
3550,Eesha Swaminathan,1199429.0,47977.16,3
3558,Charan Divan,915864.0,9158.64,3
3563,Niharika Wali,808210.0,20926.510000000002,2
3564,Vidhi Kala,581083.0,7477.15,3
3566,Vamakshi Taneja,531575.0,21263.0,2
3567,Pooja Ravi,930302.0,22022.87,3
3569,Timothy Deep,829198.0,33167.92,3
3570,Udyati Sanghvi,1243846.0,25995.55,4
3571,Chatura Parsa,815034.0,15601.2,4
3573,Tarak Puri,687093.0,18859.68,2
3574,Reyansh Mand,504232.0,20169.280000000002,2
3575,Girish Sura,1332181.0,13321.81,3
3576,Bhavani Khalsa,1014188.0,25009.31,5
3577,Vedika Mohan,1552939.0,31201.75,5
3582,Omaja Cherian,1067182.0,28209.07,3
3583,Vanya Lad,838509.0,22930.29,2
3589,Vrinda Gulati,1360402.0,42586.09,4
3595,Rishi Walla,597340.0,12638.11,3
3598,Gautam Chatterjee,553839.0,18051.960000000003,2
3606,Ethan Baral,1337716.0,16137.220000000001,5
3610,Deepa Kakar,500028.0,5000.280000000001,2
3618,Vasana Nagar,707837.0,7078.37,3
3623,Zayan Goyal,671491.0,6714.91,2
3624,Upma Parikh,714352.0,20422.03,3
3625,Aadi Prabhakar,591419.0,23656.760000000002,2
3627,Farhan Reddy,961204.0,31471.0,4
3631,Gaurang Ram,1276239.0,25345.260000000002,4
3634,Ikbal Varghese,807608.0,8076.08,2
3637,Turvi Varty,957007.0,26387.53,4
3638,Maanas Karan,542215.0,17823.22,3
3643,Kalpit Misra,932404.0,20721.64,4
3645,Idika Shere,678087.0,20393.100000000002,3
3646,Hema Kala,750574.0,7505.74,3
3650,Vihaan Dar,755133.0,30205.32,3
3653,Vrishti Kota,698586.0,12647.49,4
3658,Hemangini Grewal,648856.0,17277.94,3
3659,Alexander Bedi,1653456.0,41669.130000000005,6
3670,Abhiram Naik,531990.0,21279.6,3
3672,Kala Verma,811933.0,16333.06,3
3679,Zaid Pathak,592352.0,23694.08,3
3684,Triya Dey,650583.0,20908.23,3
3685,Darpan Hegde,1164682.0,35372.05,3
3689,Dayamai Gaba,663480.0,12731.4,3
3690,Oviya Sura,798802.0,19194.85,2
3692,Gaurika Mangat,568703.0,5687.03,2
3695,Yash Pal,827313.0,8273.130000000001,2
3698,Aishani Khalsa,713638.0,27347.5,3
3701,Chatura Prabhakar,695248.0,6952.4800000000005,3
3706,Jack Mandal,509063.0,19332.41,2
3708,Yashoda Singhal,922425.0,30620.97,5
3712,Yashvi Krish,575441.0,11691.050000000001,3
3713,Jack Puri,530080.0,17242.18,2
3724,Pushti Bhasin,1193148.0,18564.48,5
3729,Dakshesh Dada,512548.0,10592.41,2
3734,Tanay Mandal,906930.0,10598.22,5
3738,Diya Palan,605385.0,24215.399999999998,2
3739,Anjali Dass,1244834.0,23666.6,3
3745,Akshay Chander,1051210.0,30636.850000000002,4
3747,Bachittar Mani,607865.0,13934.27,2
3748,Faris Sehgal,622844.0,12527.09,2
3754,Rajata Mand,1288757.0,28397.510000000002,4
3755,Sara Bahl,831271.0,33250.84,2
3760,Victor Salvi,587974.0,9053.560000000001,3
3761,Harshil Trivedi,832018.0,8713.630000000001,3
3762,Yahvi Lad,1061564.0,10615.64,3
3768,Vansha Sampath,552020.0,19749.620000000003,2
3769,Sneha Chandran,877545.0,20335.559999999998,4
3771,Hiral Chakraborty,637249.0,6372.49,2
3780,Azaan Kamdar,899348.0,21325.82,4
3783,Adweta Gala,528940.0,21157.6,2
3784,Diya Gaba,562541.0,18877.04,2
3785,Vrinda Kanda,785358.0,21112.68,2
3786,Jeevika Amble,1038760.0,17108.32,6
3787,Riya Rajagopal,837029.0,33481.16,2
3788,Maanas Lanka,812346.0,8123.46,2
3790,Yash Sharma,800452.0,32018.08,3
3795,Patrick Batra,679099.0,15104.56,3
3796,Veer Mishra,576971.0,23078.84,2
3804,Ucchal Rai,693880.0,20436.100000000002,2
3807,Omisha Kalita,623700.0,20737.050000000003,2
3809,Vritti Kumar,580774.0,18746.71,3
3815,Xalak Rege,793620.0,21725.309999999998,3
3819,Meera Manne,794357.0,7943.570000000001,3
3821,Varenya Desai,772043.0,30881.72,2
3824,Janaki Chandran,654445.0,6544.450000000001,2
3831,Tejas Apte,666132.0,18489.57,3
3832,Upma Patla,785624.0,20749.670000000002,3
3837,Ekaja Kanda,623737.0,10990.36,2
3838,Arjun Jha,781633.0,7816.33,3
3849,Nakul Hari,702555.0,20069.49,2
3851,Laban Dasgupta,1671489.0,28661.309999999998,4
3853,Udarsh Sachdeva,784943.0,25864.879999999997,3
3854,Lucky Khurana,633127.0,8955.58,3
3856,Urmi Chandran,535666.0,15975.37,2
3857,Patrick Dyal,652276.0,6522.76,2
3859,Manan Sethi,509919.0,5099.1900000000005,2
3860,Bhanumati Gala,1131045.0,19555.86,3
3862,Ishani Sen,582065.0,5820.65,3
3865,Zayyan Kapoor,828869.0,8288.69,2
3866,Samesh Rajan,905024.0,9050.24,2
3872,Jeremiah Aurora,582315.0,11444.880000000001,4
3875,Noah Khanna,639774.0,25590.96,2
3876,Udarsh Nath,944693.0,9746.060000000001,3
3878,Daksha Gala,993458.0,26893.49,4
3880,Qadim Padmanabhan,624023.0,23020.67,3
3886,Ucchal Sodhi,1084280.0,34346.51,3
3888,Chaaya Narayan,989389.0,34540.12,3
3890,Kamya Rege,782055.0,18479.7,2
3892,Chatresh Kaur,659692.0,17518.989999999998,3
3896,Max Agate,731010.0,7310.1,3
3897,Urmi Subramanian,787306.0,14346.28,3
3901,Yahvi Comar,1063479.0,30708.45,4
3904,Onveer Buch,727808.0,23639.24,3
3907,Sai Lala,1290499.0,37914.97,4
3914,Arya Chaudhary,966461.0,15330.29,4
3917,Krishna Sani,818284.0,26150.260000000002,3
3921,Jeevika Sem,722303.0,24950.510000000002,4
3922,Harita Rana,1005711.0,18826.65,4
3926,Netra Subramanian,627434.0,6274.34,2
3927,Tristan Ranganathan,713136.0,7131.360000000001,2
3930,Oni Khanna,1007131.0,27972.58,3
3934,Zarna Kamdar,554995.0,22199.8,2
3937,Watika Bal,1014159.0,40566.36,3
3939,Indrajit Maharaj,564794.0,17733.38,2
3946,Bahadurjit Bassi,531988.0,5319.88,2
3947,Dhruv Gole,540664.0,5406.639999999999,3
3957,Dayamai Sabharwal,568627.0,22745.08,3
3961,Owen Cherian,576588.0,5765.88,2
3964,Hritik Chacko,1079648.0,20953.73,4
3969,Meera Sarkar,506337.0,5824.08,2
3971,Brinda Rout,912064.0,36482.56,2
3975,Bachittar Chaudhari,1700897.0,29408.69,4
3977,Gaurav Mitra,588771.0,23550.839999999997,3
3979,Bhavna Pandya,998329.0,23350.840000000004,4
3981,Azaan Amble,536839.0,21473.56,2
3984,Pratyush Sandhu,1433804.0,33226.43,4
3993,Zayan Ramaswamy,670391.0,9182.57,3
3995,Isha Shroff,606633.0,24265.32,2
4000,Mekhala Jhaveri,614958.0,20446.890000000003,2
4001,Aradhana Mane,617391.0,19425.600000000002,2
4003,Oliver More,656798.0,26271.920000000002,2
4010,Divya Ram,566856.0,9890.04,3
4012,Baljiwan Apte,979189.0,30480.85,3
4016,Hamsini Ray,812824.0,19100.59,3
4023,Bhavya Chauhan,611477.0,9441.59,4
4026,Chandani Memon,1249516.0,26135.980000000003,3
4027,Indrajit Vaidya,618444.0,16610.730000000003,3
4031,Neelima Bhargava,609398.0,6093.9800000000005,2
4038,Rachita Purohit,620094.0,20270.61,2
4040,Varsha Muni,1366122.0,40176.21,4
4041,Dayamai Rana,568040.0,14306.240000000002,2
4044,Ati Narayanan,737475.0,22219.170000000002,2
4049,Yadavi Sha,1291219.0,41386.39,4
4050,Chandresh Bhardwaj,651999.0,19510.02,2
4051,Frederick Menon,718759.0,7187.59,3
4052,Peter Dora,618159.0,17078.190000000002,2
4054,Wriddhish Dua,684535.0,6845.35,2
4057,Ojasvi Gera,819525.0,32781.0,4
4059,Nandini Lanka,1034641.0,13759.900000000001,3
4062,Amrita Padmanabhan,1002601.0,40104.04,3
4066,Maanas Bansal,1717013.0,33553.16,6
4071,Nikita Dewan,522328.0,20893.120000000003,2
4074,Umang Toor,693572.0,7376.84,3
4077,Zaitra Bhardwaj,876838.0,33484.81,3
4080,Manan Biswas,991946.0,21248.81,4
4081,Yagnesh Khare,517198.0,15923.44,2
4085,Rayaan Sama,782748.0,31309.92,2
4097,Balhaar Dar,1159723.0,46388.92,3
4103,Vrishti Keer,519741.0,20789.64,2
4106,Vihaan Patla,661789.0,26471.56,2
4109,Gaurangi Chadha,528035.0,15257.93,2
4112,Dalaja Banik,1030952.0,28035.08,4
4118,Tanveer Mohanty,869087.0,8690.87,3
4121,Vinaya Khanna,617824.0,24712.96,2
4122,Shaurya Bose,597556.0,13354.3,2
4133,Keya Puri,576840.0,5768.4,2
4141,Gauri Narang,522228.0,16211.19,2
4148,Jatin Mutti,619774.0,6197.74,2
4150,Anika Gera,698120.0,27924.800000000003,2
4153,Hema Wason,598214.0,23357.360000000004,3
4158,Ikshita Gara,1149730.0,11497.3,3
4161,Pranit Lala,768600.0,7686.0,2
4170,Urvi Chana,654846.0,17422.74,3
4173,Raksha Andra,517407.0,5174.07,2
4174,Osha Batra,1026030.0,28642.440000000002,4
4175,Aarna Aggarwal,640220.0,6402.2,2
4176,Balveer Das,640733.0,16475.21,3
4181,Akshay Chana,741552.0,29662.08,3
4183,Devika Chanda,724554.0,25932.48,3
4184,Vrishti Sathe,1729851.0,41235.6,5
4185,Ganga Nair,517903.0,9929.92,2
4187,Tanay Mittal,778825.0,7788.25,3
4188,Anirudh Dyal,585434.0,16546.7,3
4192,Yutika Majumdar,1377456.0,13774.560000000001,5
4195,David Parikh,704088.0,18169.920000000002,2
4208,Ati Mukherjee,558213.0,15910.26,2
4209,Anjali Vasa,820467.0,16985.7,4
4215,Brinda Patla,796866.0,18756.93,3
4218,Gaurangi Reddy,707917.0,26797.09,3
4220,Chaaya Purohit,604211.0,6042.11,3
4222,Ekiya Salvi,819658.0,19790.02,3
4224,Logan Shenoy,617552.0,14509.670000000002,3
4227,Anjali Chana,528153.0,12205.53,2
4234,Pooja Dutta,1584510.0,38440.41,5
4235,Gaurang Nagi,659882.0,26395.28,2
4237,Zaitra Chada,501168.0,5011.68,2
4240,Zaid Dhar,624658.0,24986.32,2
4242,Radhika Jayaraman,813017.0,32520.68,4
4243,Tanay Behl,880701.0,35228.04,3
4247,Vanya Kaur,1030511.0,37273.91,3
4251,Geetika Gulati,782657.0,31306.28,2
4254,Kiaan Savant,1120876.0,31620.88,3
4256,Wyatt Raghavan,1121796.0,44871.84,4
4267,Ira Ratta,712239.0,26892.51,4
4268,Mahika Narayanan,782961.0,29021.340000000004,3
4271,Neelima Murthy,691550.0,12251.21,3
4272,Jasmit Sem,603612.0,19198.5,3
4277,Zarna Sankaran,1121538.0,28523.67,5
4282,Manthan Solanki,680328.0,14097.45,4
4297,Pooja Arya,833649.0,21382.38,5
4304,Shivansh Pandey,550482.0,5504.82,2
4307,Om Agrawal,581255.0,18017.75,3
4319,Upadhriti Deshpande,923060.0,36922.4,2
4320,Odika Lad,736427.0,29457.08,2
4321,Hritik Mallick,746321.0,8873.21,4
4324,Ayushman Raj,1221686.0,24093.53,3
4325,Tanay Rastogi,704206.0,22951.33,3
4326,Logan Som,878180.0,8781.800000000001,3
4327,Samaksh Kannan,665881.0,12373.75,2
4328,Kiaan Raval,685487.0,27419.480000000003,2
4331,Bhavya Tella,881682.0,35267.28,3
4336,Charita Dhaliwal,501854.0,18729.62,2
4338,Yatin Kala,517583.0,14567.15,2
4344,Ladli Rama,672415.0,10002.46,3
4348,Chaaya Sampath,800537.0,22471.37,2
4353,Urvi Tandon,515374.0,9510.880000000001,2
4354,Ekansh Agrawal,690893.0,18704.57,3
4362,Amaira Shetty,1407823.0,45476.020000000004,4
4368,Owen Dey,1817855.0,49734.71,5
4371,Omkaar Raman,577122.0,11949.39,2
4377,Lila Banik,856086.0,14795.580000000002,3
4382,Ishita Reddy,901444.0,22426.57,3
4383,Lavanya Khosla,734743.0,19578.91,2
4385,Sudiksha Chaudhuri,762402.0,16586.46,2
4387,Gaurangi Bajaj,506090.0,14549.66,2
4391,Reyansh Gole,607371.0,15749.64,2
4394,Thomas Talwar,735496.0,29419.840000000004,2
4398,Barkha Ghose,571374.0,5713.74,2
4400,Krisha Doctor,893269.0,16773.190000000002,3
4404,Oviya Doshi,683638.0,22626.37,3
4408,Unni Devi,1831288.0,32291.890000000003,6
4409,Farhan Shan,740290.0,10047.279999999999,4
4411,Rayaan Om,618253.0,17120.35,3
4412,Benjamin Parsa,582065.0,5820.650000000001,2
4415,Umang Varty,535739.0,19896.26,2
4417,Praneel Soni,820655.0,8206.55,2
4418,Divya Kadakia,583090.0,23323.6,2
4419,Ekaja Sarkar,1136351.0,28451.57,5
4422,Henry Bajwa,555304.0,22212.160000000003,3
4423,Faraj Pandya,948941.0,37957.64,3
4427,Gopal Sarkar,641313.0,14511.45,3
4429,Deepa Mohan,1129365.0,11293.65,3
4430,Varenya Kapur,777544.0,21285.34,3
4432,Balendra Datta,660980.0,11781.8,3
4433,Forum Zachariah,758685.0,7586.85,2
4434,Adweta Dubey,512158.0,10811.86,3
4446,Amol Prakash,724416.0,28976.64,2
4449,Shivani Bava,777772.0,31110.88,2
4453,Chandresh Ramaswamy,535277.0,5352.77,2
4455,Abeer Rana,655848.0,6558.48,2
4457,Ekalinga Sarraf,599081.0,10898.57,2
4466,Ladli Acharya,540396.0,5403.96,2
4469,Dalbir Reddy,685644.0,25925.25,3
4479,Yagnesh Mody,815046.0,18926.489999999998,3
4480,Qasim Chakraborty,762405.0,15919.98,2
4485,Ronith Dani,802616.0,32104.640000000003,2
4491,Aarna Sahni,644891.0,6448.91,2
4504,Naveen Sandal,915592.0,22943.32,2
4509,Ansh Devan,948319.0,33151.96,3
4511,Girish Devan,703487.0,28139.480000000003,2
4519,Tejas Sen,695126.0,14767.46,2
4520,Januja Naidu,851160.0,8511.6,2
4528,Meera Narayanan,950855.0,20062.670000000002,4
4530,Kai Nath,846953.0,8469.53,3
4537,Aarush Wali,548317.0,12864.85,2
4542,Tamanna Gala,655492.0,26219.68,2
4543,Pahal Modi,507870.0,5078.7,2
4544,Timothy Chaudhari,1571669.0,62866.76,4
4548,Chanakya Rana,680469.0,6804.69,3
4556,Qushi Parikh,903999.0,23928.51,4
4560,Dayita De,1512011.0,60480.44,5
4570,Ishita Nagarajan,523863.0,20954.52,3
4572,Hitesh Puri,613331.0,6133.3099999999995,2
4574,Varenya Sinha,1121505.0,32188.95,5
4581,Chakradev Wali,637148.0,25485.92,2
4582,Zehaan Pai,860132.0,13715.93,3
4584,Michael Kohli,530182.0,20181.07,2
4587,Harita Karnik,561453.0,5614.530000000001,2
4591,Balhaar Nori,555963.0,22238.52,2
4592,Pushti Yadav,784030.0,22433.29,2
4593,Jagrati Gour,647621.0,25904.840000000004,2
4596,Ethan Dixit,994123.0,24823.660000000003,2
4598,Gavin Iyer,976051.0,21944.38,4
4599,Ronith Behl,1192381.0,25305.79,3
4601,Siya Hegde,954557.0,23507.809999999998,2
4605,Indira Hegde,634876.0,19908.43,2
4612,David Sastry,736256.0,13838.75,4
4614,Manan Srinivas,868721.0,15484.73,4
4616,Urmi Merchant,1000498.0,24306.97,4
4618,Lajita Tara,530780.0,18312.74,2
4620,Yashodhara Kaur,575441.0,23017.64,2
4623,Pushti Bera,1027800.0,21107.28,4
4629,Unnati Pai,978516.0,37737.84,3
4631,Raagini Bhardwaj,861663.0,24615.300000000003,3
4640,Dhriti Kala,890256.0,14964.060000000001,3
4642,Amruta Mittal,610392.0,6103.92,2
4645,Advay Master,558893.0,22355.72,2
4649,Zinal Palan,853672.0,21830.920000000002,3
4651,Pushti Manne,801470.0,8014.700000000001,2
4652,Bishakha Sekhon,1628349.0,49397.13,5
4658,Thomas Chanda,545963.0,16062.95,3
4663,Orinder Borde,947003.0,15231.5,3
4666,Aishani Rai,628917.0,19076.340000000004,3
4667,Alexander Butala,997650.0,14523.24,4
4668,Hitesh Pai,570887.0,11475.05,3
4671,Edhitha Salvi,1069939.0,10699.390000000001,3
4672,Waida Chand,855297.0,27334.68,3
4673,Umang Sinha,787820.0,27472.82,3
4674,Samuel Raval,1933185.0,44073.21,6
4676,Hemangini Kalita,1372860.0,39580.59,4
4677,Jairaj Pillai,634101.0,25364.04,5
4680,Gagan Narang,1099785.0,32754.300000000003,3
4683,Dhriti Halder,732944.0,7329.4400000000005,2
4686,Ria Lall,608345.0,24333.8,2
4687,Zehaan Natt,1109754.0,19951.05,5
4692,Arjun Wagle,944393.0,19642.43,4
4697,Shaurya Johal,503116.0,8426.41,2
4701,Priya Sehgal,823016.0,8230.16,3
4706,Maanav Basak,545595.0,5455.950000000001,2
4707,Xavier Korpal,515995.0,20639.800000000003,2
4710,Odika Kakar,546268.0,9195.28,2
4711,Radhika Varty,835258.0,32826.01,3
4712,Anmol Sankar,1086278.0,35163.020000000004,4
4723,Chanakya Vig,775502.0,7755.02,2
4728,Aryan Seshadri,698612.0,8214.77,3
4730,Aashi Bhardwaj,808930.0,30691.239999999998,3
4735,Sanya Randhawa,803590.0,22473.190000000002,3
4737,Shivansh Sem,742777.0,7427.77,2
4744,Jagrati Panchal,849298.0,9872.8,3
4745,Aarnav Swamy,664957.0,12097.150000000001,2
4756,Gabriel Dash,1228361.0,48303.86,4
4758,Yashasvi Dixit,923967.0,22216.350000000002,2
4759,Deepa Kunda,892943.0,21624.35,3
4761,Sneha Kakar,1133929.0,11339.29,3
4765,Sanaya Bajwa,872472.0,23378.52,2
4774,Hemani Basu,652461.0,26098.44,2
4775,Hemal Dube,819377.0,8193.77,2
4777,Netra Nanda,526411.0,5264.110000000001,2
4780,Megha Bose,643214.0,24490.13,3
4782,Vritti Iyer,593682.0,12303.09,3
4783,Hitesh Vyas,1166655.0,11666.55,3
4784,Aachal Cheema,510233.0,14373.98,3
4792,Yashasvi Jha,1153761.0,46150.44,3
4796,Faris Palan,1206021.0,30384.99,6
4802,Advik Dhillon,1591252.0,43631.56,5
4803,Yahvi Konda,1017700.0,25783.24,3
4806,Wahab Dar,1063786.0,18023.02,3
4814,Azad Sagar,896502.0,18322.77,3
4815,Bhanumati Rau,870283.0,34811.32,3
4821,Samuel Loyal,711638.0,20368.25,3
4827,Isha Sarin,1379835.0,26617.05,4
4829,Victor Chaudhari,571630.0,8507.59,3
4835,Benjamin Anand,1004105.0,28561.699999999997,3
4836,Ikbal Chakrabarti,1333741.0,38869.72,5
4847,Unni Bajaj,542448.0,21697.92,2
4849,Zaitra Mangal,527617.0,7601.95,3
4852,Shravya Nagy,972554.0,38902.16,3
4860,Ekalinga Sahota,651233.0,14517.77,2
4865,Pratyush Upadhyay,853305.0,34132.2,3
4869,Liam Bora,856134.0,26383.02,3
4872,Anya Dave,582918.0,11339.37,3
4881,Veer Padmanabhan,582755.0,23310.2,2
4882,Praneel Peri,759282.0,7592.82,2
4883,Jyoti Prakash,716869.0,17056.239999999998,2
4887,Bakhshi Kalita,930339.0,32821.65,4
4888,Chanakya Babu,975438.0,32866.560000000005,4
4889,Aadhya Dani,815531.0,11952.68,4
4890,Ridhi Keer,718466.0,24543.77,3
4892,Alexander Ratti,674565.0,6745.650000000001,3
4895,Vihaan Bobal,959631.0,20805.030000000002,5
4896,Jeremiah Malhotra,505381.0,9908.44,2
4898,Chandani Lata,516394.0,20655.760000000002,2
4901,Aditya Chowdhury,578044.0,15151.39,3
4902,Samar Kothari,902036.0,36081.44,3
4903,Vritti Choudhury,615850.0,18049.18,2
4904,Kevin Prasad,897900.0,35916.0,4
4909,Ridhi Munshi,1374542.0,17370.71,5
4915,Tanmayi Ratti,581122.0,23244.879999999997,3
4918,Jacob Puri,617333.0,14228.09,4
4921,Anirudh Narayanan,1454037.0,58161.48,4
4922,Yamini Bath,568800.0,8553.48,2
4923,Chaaya Gera,1268846.0,25207.07,3
4924,Divya Ranganathan,727062.0,20991.57,4
4928,Meera Maharaj,648600.0,25944.0,3
4929,Balendra Jayaraman,683390.0,21146.690000000002,4
4934,Xavier Parmar,730987.0,29239.480000000003,2
4935,Ansh Ramanathan,1094683.0,30432.550000000003,3
4938,Luke Sheth,814082.0,17826.11,2
4939,Azaan Palla,571748.0,22869.920000000002,2
4940,Lucky Dey,779047.0,19740.55,2
4941,Yutika Roy,668393.0,14090.900000000001,3
4942,Abhiram Pillay,1004123.0,32086.010000000002,3
4944,Falguni Mander,720379.0,14927.019999999999,3
4945,Faras Wagle,706458.0,17558.67,3
4946,Nirja Hans,1079332.0,43173.28,3
4947,Idika Dora,689219.0,27568.760000000002,2
4949,Kamala Kulkarni,532618.0,5326.18,2
4953,Gunbir Pau,552276.0,22091.04,2
4955,Aadi Lall,571681.0,11288.830000000002,2
4956,Yasti Muni,537669.0,5376.6900000000005,3
4957,William Chakrabarti,513748.0,20549.920000000002,2
4958,Balveer Chauhan,610526.0,6105.26,2
4960,Forum Ratti,729882.0,28940.04,4
4961,Isaiah Sane,668107.0,18369.49,3
4963,Saumya Bhagat,683295.0,13831.29,2
4968,Frederick Purohit,1079964.0,43198.56,3
4976,Sudiksha Ray,1273254.0,25426.59,4
4977,Omaja Jayaraman,763397.0,16753.43,3
4980,Harsh Dass,853762.0,34150.48,2
4982,Ekaraj Shankar,815663.0,19156.85,3
4983,Oni Bail,895869.0,8958.689999999999,2
4985,Patrick Pal,900326.0,23982.86,3
4990,Dev Jaggi,908440.0,36337.6,3
4991,Jeevika Roy,883560.0,35342.4,2
4992,Teerth Kannan,1178957.0,47158.28,4
4993,Neel Goda,828705.0,17512.02,3
4994,Parth Contractor,1617929.0,53544.95,6
4996,Ria Misra,657130.0,14113.36,2
4998,Chandran Bora,1361094.0,28572.93,4
5001,Ranveer Dayal,1025414.0,29330.15,3
5004,Christopher Saha,1385980.0,27139.78,4
5013,Gopal Dar,1042789.0,32281.21,3
5016,Jhalak Parsa,887068.0,23105.92,2
5019,Chavvi Agrawal,600573.0,17680.260000000002,4
5023,Riya Parmer,869378.0,34775.119999999995,2
5028,Arjun Chander,750579.0,24573.54,3
5035,Jhalak Naidu,619791.0,19363.95,2
5037,Januja Nigam,610260.0,10469.64,2
5039,Upkaar Bal,844154.0,24661.16,3
5040,Omya Dara,928620.0,9286.2,3
5043,Fiyaz Loyal,794127.0,22165.65,2
5047,Manthan Kohli,947764.0,17961.04,3
5048,Yochana Deol,1315348.0,32456.440000000002,4
5049,Aahana Vora,554421.0,22176.84,2
5063,Amol Tiwari,700063.0,24891.489999999998,3
5071,Lipika Arora,840130.0,33605.2,2
5072,Pranit Khosla,770446.0,8071.570000000001,4
5075,Faris Kaul,553416.0,13699.44,2
5077,Fariq Tara,855493.0,22241.77,3
5078,Hema Sagar,1609102.0,50277.729999999996,5
5079,Inaya Tara,1586830.0,28509.940000000002,5
5081,Faqid Sami,702817.0,18832.9,2
5084,Udyati Hans,774881.0,30995.24,2
5089,Meghana Srinivas,620969.0,6209.6900000000005,2
5099,Yamini Bose,1158495.0,22914.120000000003,3
5101,Megha Rastogi,604649.0,11056.55,4
5103,Omisha Upadhyay,1015309.0,28220.65,6
5106,Mohammed Koshy,590027.0,5900.2699999999995,2
5109,Luke Goswami,769886.0,30795.440000000002,2
5110,Timothy Sathe,924957.0,36998.28,2
5112,Ladli Sharma,740669.0,7406.6900000000005,2
5115,Om Kalita,815361.0,32614.44,2
5120,Shivansh Madan,750717.0,7507.17,2
5125,Samarth Dugar,576542.0,15305.630000000001,3
5128,Bhavna Hegde,944009.0,9440.09,3
5129,Jackson Malhotra,599136.0,11706.960000000001,2
5130,Nisha Bhavsar,650991.0,12796.259999999998,2
5131,Abhiram Mitra,1833425.0,57417.41,7
5135,Samaksh Gour,821065.0,19677.670000000002,3
5136,Raksha Kothari,901003.0,23151.43,2
5138,Faras Hans,707306.0,7073.0599999999995,2
5143,Advika Panchal,509205.0,8688.84,2
5148,Hema Chowdhury,1283346.0,36957.63,3
5152,Barkha Boase,662578.0,11678.32,4
5154,Noah Narula,620150.0,6201.5,2
5155,Nitesh Patel,869421.0,24692.73,4
5156,Anay Kuruvilla,1424096.0,16586.6,5
5162,Akshay Doshi,755638.0,30225.52,2
5163,Mekhala Gade,622332.0,24893.28,2
5165,Krish Yogi,718736.0,28749.440000000002,2
5168,Gabriel Mukhopadhyay,2100802.0,44491.57,7
5171,Chaman Dutta,1177677.0,35125.38,3
5172,Odika Mani,800894.0,18854.27,4
5174,Balhaar Goyal,595370.0,18742.85,3
5175,Alexander Dara,656503.0,6565.030000000001,2
5179,Dipta Kara,664831.0,26593.239999999998,2
5183,Jai Kade,608065.0,10567.69,2
5196,Jeevika Gade,1054363.0,10543.630000000001,4
5197,Riya Mallick,508156.0,20326.24,2
5199,Oviya Madan,535948.0,13032.16,2
5206,Keya Palla,919771.0,15220.96,3
5209,Vanya Nori,821273.0,20086.43,4
5217,Andrew Deshmukh,979642.0,15373.66,3
5220,Simon Atwal,648571.0,6485.71,2
5235,Kashish Soman,818311.0,26922.940000000002,3
5239,Ryan Mital,948972.0,9489.72,4
5242,Vansha Khurana,669641.0,13108.130000000001,2
5248,Aarini Natarajan,774736.0,7747.360000000001,3
5252,Hemal Sami,1032491.0,31195.190000000002,4
5253,Unnati Mallick,976714.0,33106.270000000004,4
5254,Garima Bassi,1203267.0,12032.67,3
5261,George Butala,1073580.0,34281.72,4
5267,Ucchal Kari,778954.0,16989.34,3
5269,Zaitra Ratta,805687.0,22114.54,3
5273,Nidhi Mitra,1067684.0,20348.06,4
5276,Januja Sur,645152.0,17251.46,2
5278,Matthew Agate,694516.0,27780.64,2
5279,Urvi Grover,936759.0,25398.9,3
5282,Divya Narula,864470.0,21871.67,2
5284,Ronith Sawhney,1243307.0,39903.71,4
5286,Nathaniel Nazareth,1638015.0,16380.150000000001,4
5290,Nisha Palla,832339.0,19407.670000000002,2
5291,Unni Prakash,572181.0,21969.81,3
5292,Anita Barad,726980.0,7269.8,2
5293,Maya Oza,759779.0,7597.790000000001,4
5302,Janaki Raval,1712350.0,40123.18,5
5303,Ranbir Mukhopadhyay,778262.0,7782.620000000001,3
5305,Netra Wadhwa,608099.0,22445.120000000003,3
5308,Adweta Shenoy,893456.0,35738.240000000005,2
5309,Abhimanyu Kamdar,957439.0,32751.4,4
5316,Vedant Randhawa,796829.0,7968.29,2
5317,Upma Parmer,1142815.0,32997.159999999996,5
5318,Dhriti Patla,1318205.0,25121.96,5
5319,Arin Bhattacharyya,675698.0,18470.36,3
5331,Peter Raj,597159.0,22117.44,3
5335,Januja Sathe,689931.0,27597.239999999998,2
5337,Ekapad Saini,579932.0,6787.58,5
5342,Fariq Vasa,564316.0,19733.920000000002,3
5345,Turvi Chaudhari,639595.0,6395.950000000001,3
5346,Shivansh Karnik,1107674.0,24823.88,3
5348,Jagrati Barman,1282056.0,41360.700000000004,4
5354,Isaiah Rajagopal,631419.0,17077.89,3
5355,Eiravati Bains,980870.0,24297.5,2
5357,Avni Patil,986710.0,33662.89,3
5362,Eesha Bava,674590.0,20115.760000000002,3
5365,Sanaya Bumb,664527.0,15741.480000000001,2
5366,Krishna Chander,1101709.0,23998.870000000003,3
5380,Eshana Padmanabhan,829785.0,33191.4,2
5384,Champak Tella,829489.0,27915.699999999997,4
5392,Kalpit Choudhury,578584.0,5785.84,2
5396,Unnati Vig,563641.0,22545.64,2
5399,Ria Sahota,833746.0,19145.44,3
5401,Arunima Sehgal,628754.0,6287.540000000001,2
5406,Jagat Vala,648838.0,25633.99,3
5411,Vamakshi Kohli,814982.0,22934.270000000004,2
5414,Isaiah Apte,745767.0,7457.67,2
5417,Chasmum Viswanathan,692907.0,6929.07,2
5418,Rachita Shenoy,573356.0,5733.5599999999995,2
5419,Jackson Dara,1024268.0,27817.22,3
5432,Radhika Varughese,708007.0,19206.37,3
5436,Banjeet Balasubramanian,912508.0,23140.510000000002,2
5438,Tanmayi Agarwal,626813.0,16196.93,2
5442,Vihaan Sangha,688470.0,8704.74,3
5445,Bimala Hora,626005.0,17240.71,2
5466,Ishita Soman,1277660.0,19944.74,4
5467,Advika Sunder,505936.0,5059.360000000001,2
5468,Omya Ghose,1001220.0,21067.08,3
5472,Vaishnavi Sami,888686.0,35547.44,2
5474,Kamya Dhar,640538.0,6405.38,2
5476,Yashica Mandal,624363.0,24974.52,2
5478,Nirja Borde,748850.0,17156.420000000002,3
5479,Nakul Dara,963837.0,18059.04,4
5481,Vamakshi Som,712640.0,16774.46,2
5491,Girik Varma,536992.0,16269.85,2
5493,Vidhi Sagar,739414.0,15339.01,2
5500,Zehaan Mittal,639477.0,25579.08,2
5504,Gabriel Prashad,546266.0,21850.640000000003,2
5506,Watika Bhatia,817646.0,21626.99,2
5508,Nimrat Khare,680286.0,21032.43,2
5510,Yoshita Bose,758990.0,10251.02,3
5511,Amol Pandit,1586379.0,47111.880000000005,5
5518,Yutika Babu,800515.0,17957.14,3
5519,Raghav Mody,717235.0,22121.68,3
5523,Radhika Sidhu,970774.0,24537.160000000003,2
5525,Kai Pandit,1371077.0,13710.77,5
5527,Dayita Sethi,1130606.0,31989.02,3
5528,Jalsa Bir,684234.0,27369.36,2
5529,Libni Kale,707423.0,17023.82,3
5532,Ikshita More,911755.0,22979.68,4
5536,Gagan Ahuja,537774.0,5377.74,2
5538,Damyanti Om,886372.0,8863.72,3
5543,Wakeeta Varkey,687524.0,15150.560000000001,3
5545,Dipta Sura,1209723.0,31300.89,4
5554,Aarini Gaba,625560.0,7191.51,4
5557,Eesha Maharaj,607391.0,6073.91,2
5559,Brinda Sarma,922972.0,36918.880000000005,2
5564,Yashasvi Sem,677892.0,27115.68,3
5565,Bhanumati Hayre,853432.0,17348.59,3
5567,Vrishti Sangha,810838.0,18986.170000000002,3
5575,Anirudh Cherian,1258305.0,31588.23,4
5579,Harita Roy,701196.0,16963.47,3
5583,Shaurya Badal,1128399.0,36481.92,5
5586,Aishani Mani,945569.0,35448.979999999996,3
5588,Onveer Balay,1030151.0,36759.380000000005,3
5590,Brinda Batra,1175308.0,20977.45,3
5594,Geetika Mandal,553795.0,10190.89,3
5595,Chakrika Mital,773964.0,17869.23,2
5596,Karan Naidu,812955.0,17983.62,2
5603,Robert Chaudhry,1260960.0,38102.97,3
5607,Qabil Walla,988894.0,39555.76,3
5609,Utkarsh Gupta,1207817.0,48312.68,3
5615,Jagvi Gopal,598788.0,13043.130000000001,2
5618,Ayaan Mukhopadhyay,976602.0,30421.83,4
5619,Faqid Chaudry,617556.0,10093.32,2
5620,Jasmit Bir,763609.0,30544.36,2
5626,Sneha Talwar,560645.0,11400.05,3
5628,Oliver Shroff,522353.0,20894.120000000003,2
5630,Yashoda Bhagat,823131.0,32925.240000000005,2
5631,Hardik Loyal,1060123.0,18767.8,3
5634,Brinda Agrawal,1040682.0,28337.91,4
5636,Vihaan Sane,921700.0,31066.84,4
5637,Eshana Chowdhury,1798917.0,47042.64,5
5638,Rajata Hora,735606.0,7356.0599999999995,2
5639,Ekbal Narayan,777442.0,19289.23,2
5640,Kai Walia,926827.0,32699.32,3
5643,Inaya Bawa,1090725.0,43629.0,3
5644,Kalpit Pau,1563948.0,43471.11,4
5648,Tripti Barman,817288.0,32691.520000000004,2
5650,Pratyush Goswami,808758.0,32350.32,2
5651,Arya Sekhon,1513763.0,37475.0,4
5654,Raagini Kale,720502.0,20483.41,2
5662,Ekaja Yadav,713542.0,19431.43,4
5664,Dayita Bhargava,810762.0,24954.72,3
5665,Yashoda Karpe,603570.0,16467.66,2
5666,Watika Sur,547028.0,17676.35,2
5669,Alka Bains,740638.0,29625.52,2
5670,Viraj Ravi,627857.0,24333.65,3
5680,Mekhala Baria,570436.0,5704.36,2
5683,Devika Balan,808545.0,32341.800000000003,2
5696,Deepa Samra,569891.0,9744.98,3
5697,Patrick Kurian,1031610.0,21441.78,4
5700,Jyoti Wable,786300.0,23649.18,3
5702,Kabir Bir,624151.0,14590.48,5
5704,Urvashi Pandey,698394.0,23822.010000000002,4
5705,Balendra Natt,842246.0,19492.19,3
5706,Adya Mital,765023.0,14623.880000000001,4
5710,Ria Prabhakar,737602.0,7376.02,2
5717,Bhavya Suri,1050484.0,36729.01,5
5718,Warinder Oommen,1092342.0,38523.54,3
5722,Manan Ratta,737621.0,13114.07,3
5726,Benjamin Bera,577412.0,5774.12,2
5741,Vyanjana Karpe,640367.0,12654.2,3
5743,Faraj Batra,546882.0,21875.28,2
5744,Arin Cheema,532558.0,16255.06,2
5755,Warinder Garde,779053.0,13227.76,3
5758,Sara Lata,855470.0,34218.8,2
5784,Faris Kade,929377.0,37175.08,3
5789,Luke Sur,983286.0,23834.010000000002,3
5800,Gabriel Lad,1060530.0,10605.3,3
5801,Vasudha Venkatesh,1040878.0,23367.64,3
5805,Ikshita Ravel,821079.0,8210.79,2
5808,Sai Kibe,642890.0,6428.9,2
5809,Omkaar Khare,768925.0,26329.87,3
5811,Yatin Dyal,810638.0,22103.75,3
5817,Ayush Muni,1365382.0,39657.130000000005,3
5818,Keya Halder,1259276.0,42923.33,5
5819,Dakshesh Kapur,607790.0,9640.94,2
5821,Bhavani Mohanty,872669.0,8726.69,3
5829,Onkar Shere,1408122.0,20170.41,4
5830,Jatin Pingle,1049899.0,18482.68,4
5840,Michael Sen,638163.0,18657.48,2
5841,Sarthak Rai,723964.0,21011.65,2
5843,Sara Setty,553808.0,11190.02,2
5844,Vidhi Shroff,977582.0,24956.3,3
5846,Zashil Karnik,920183.0,22316.54,3
5850,Aryan Aggarwal,873321.0,14176.17,3
5851,Janya Palla,1564063.0,53595.76,5
5852,Pavani Kibe,620193.0,7407.36,3
5853,Nilima Seshadri,682477.0,6824.77,2
5860,Leela Amble,1401187.0,14011.869999999999,3
5861,Rohan Mani,633281.0,6332.81,2
5871,Vasudha Chatterjee,618581.0,6185.81,3
5872,Vamakshi Thakur,1326970.0,53078.8,3
5873,Neha Sachdev,1818935.0,18189.350000000002,5
5876,Wyatt Karan,711403.0,15257.5,2
5877,Jeevika Handa,804684.0,32187.36,2
5883,Waida Gandhi,570494.0,13887.53,2
5884,Warhi Prashad,1441585.0,50869.240000000005,5
5887,Aarush Chanda,956757.0,18366.12,3
5888,Jyoti Bhakta,1260858.0,14820.0,5
5891,Dhriti Nagy,1265884.0,26411.770000000004,3
5899,Anya Sharma,1014555.0,40582.200000000004,3
5900,Brijesh Khatri,846583.0,8465.83,4
5901,Nilima Kalla,1160233.0,11602.33,3
5904,Ridhi Vyas,681684.0,12551.52,2
5906,Aarini Butala,592023.0,5920.23,2
5919,Gaurangi Bera,903947.0,36157.880000000005,2
5922,Gauri Sundaram,893733.0,21795.059999999998,3
5924,Abha Sankaran,545108.0,5451.08,3
5925,Frado Ghosh,878033.0,8780.33,2
5931,Guneet Munshi,816882.0,32675.280000000002,2
5938,George Sankaran,532428.0,6308.58,2
5939,Rudra Mander,625917.0,6259.17,2
5941,Kritika Dhaliwal,877063.0,30963.489999999998,3
5950,Imaran Bava,1064856.0,29568.36,5
5952,Max Master,526558.0,15102.1,2
5957,Bhavini Sharaf,789797.0,16931.39,2
5963,Praneel Sunder,702135.0,28085.4,2
5969,Ishita Mahajan,531860.0,13199.39,2
5972,Ria Raj,723112.0,18374.14,3
5973,Oliver Bhargava,750083.0,13659.08,3
5975,Qushi Varty,622857.0,6228.570000000001,2
5978,Parth Behl,602812.0,19103.47,2
5990,Sai Raju,1206082.0,19376.29,3
5991,Umang Ahuja,596416.0,19163.08,2
5992,Triya Hayer,850962.0,19676.4,2
5996,Janaki Walla,748845.0,23184.480000000003,6
6003,Orinder Parmer,1287901.0,43864.93,4
6006,Yashodhara Boase,569784.0,5697.84,3
6008,Qadim Murthy,802631.0,14410.189999999999,4
6009,Yutika Bakshi,912379.0,23878.600000000002,3
6018,Sarthak Chadha,858260.0,8582.6,3
6019,Christopher Sanghvi,673993.0,26802.43,4
6021,Lakshmi Iyengar,593433.0,5934.33,2
6028,Yatin Randhawa,632725.0,20472.73,2
6029,Avni Misra,503347.0,17051.440000000002,3
6034,Harita Natt,660610.0,26424.4,2
6045,Hema Deshmukh,751658.0,7516.58,2
6046,Zarna Bala,579327.0,18320.73,2
6047,Nimrat Issac,744550.0,23533.39,4
6048,Chatura Mani,590129.0,15387.47,3
6051,Warda Ramesh,847757.0,20617.61,2
6054,Anmol Devi,1054576.0,29223.07,3
6062,Yug Thaman,686197.0,27447.879999999997,3
6063,Fitan Oza,504313.0,20172.52,2
6064,Parth Muni,529528.0,7889.26,3
6065,Vaishnavi Minhas,1115575.0,37011.850000000006,3
6067,Hredhaan Parmer,1049081.0,31715.510000000002,4
6070,Tamanna Kapur,753017.0,17196.08,4
6071,Dakshesh Das,988363.0,20211.37,3
6076,Ranveer Mann,928930.0,9289.3,2
6078,Jackson Bhardwaj,855305.0,19496.63,2
6079,Anthony Chana,608814.0,18354.66,3
6084,Jagvi Iyengar,1535290.0,49883.35,4
6085,Upma Balay,1129844.0,15914.66,4
6088,Ranbir Parekh,745558.0,15633.31,2
6089,Pranav Madan,1157555.0,11575.55,3
6092,Darsh Rajagopalan,1228362.0,24324.75,3
6093,Gaurang Prabhakar,907751.0,18453.230000000003,4
6094,Chaitanya Bali,1963829.0,56249.6,6
6096,Oscar Sachar,571985.0,9145.67,2
6100,Alka Padmanabhan,677165.0,20531.600000000002,2
6103,Anya Gupta,901437.0,23504.04,2
6105,Mason Batra,604832.0,9952.37,3
6106,Adya Dhawan,596606.0,23864.24,2
6108,Andrew Swamy,776897.0,19584.23,2
6110,Bhavini Chopra,637252.0,25490.079999999998,2
6111,Yatin Behl,975717.0,34561.86,5
6120,Jalsa Butala,829804.0,8298.04,2
6124,Jonathan Kala,697288.0,21011.95,5
6133,Nathan Dayal,758131.0,19878.91,2
6135,Damyanti Atwal,818478.0,8184.780000000001,2
6144,Yochana Dewan,607964.0,8635.369999999999,3
6147,Chandani Nadkarni,662963.0,6629.63,2
6148,Nihal Sawhney,913523.0,36540.92,2
6157,Faras Trivedi,1168940.0,20895.98,3
6158,Yamini Subramaniam,508800.0,11980.23,2
6160,Agastya Gour,1396918.0,24417.58,4
6162,Kashvi Bobal,1441616.0,35918.81,5
6174,Oliver Ben,736468.0,29458.72,2
6177,Nachiket Raghavan,638139.0,11896.77,2
6178,Radhika Sood,562600.0,17184.97,2
6180,Upadhriti Sangha,782453.0,20965.22,4
6183,Adweta Krish,654586.0,11901.19,2
6186,Harish Mahal,1082099.0,18642.77,5
6187,Diya Patil,1160183.0,33821.42,3
6189,Bhavani Rajagopalan,708647.0,7086.470000000001,4
6190,Bina Chand,1239928.0,12399.28,3
6191,Advika Soman,514407.0,9716.19,2
6194,Abhimanyu Soman,1315533.0,37809.45,3
6196,Nathaniel Bir,517212.0,5172.12,2
6208,Oeshi Chaudry,859217.0,34368.68,3
6209,Rudra Virk,922644.0,33625.200000000004,4
6212,Nidhi Andra,614026.0,15831.220000000001,2
6213,Ayushman Hari,719698.0,16034.740000000002,4
6219,Leena Sem,659717.0,6597.17,2
6223,Aahana Kapur,589424.0,17258.059999999998,4
6226,Samarth Butala,796387.0,31855.48,3
6229,Leela Yohannan,1447270.0,35287.240000000005,4
6234,Ekavir Sagar,600052.0,23109.07,3
6235,Kavya Borra,765497.0,17525.510000000002,3
6244,Baghyawati Dar,605853.0,10676.67,3
6249,Kritika Iyer,852454.0,8524.54,2
6251,Ucchal Tak,1168687.0,46747.48,3
6253,Gautam Saha,729845.0,7298.450000000001,2
6254,Tanvi Rana,745934.0,19992.559999999998,2
6255,Jagvi Lal,632930.0,20257.76,2
6256,Eiravati Mohanty,875908.0,25623.52,3
6258,Rishi Mand,758353.0,30334.120000000003,3
6260,Ridhi Chand,978152.0,9781.52,3
6266,Mekhala Chaudhary,682605.0,27304.2,2
6269,Lekha Wason,721815.0,14307.990000000002,2
6271,Garima Dua,789902.0,16833.02,2
6277,Faris Prasad,686709.0,6867.09,2
6279,Chatura Nayak,851011.0,23074.96,3
6290,Vasatika Mukhopadhyay,881043.0,16397.61,3
6293,Vyanjana Raj,731440.0,29257.6,4
6294,Anamika Mody,847697.0,33321.53,4
6296,Nisha Apte,971351.0,15100.43,3
6299,Om Oommen,1118883.0,23997.93,4
6300,Max Garde,1004045.0,25547.93,3
6305,Priya Bal,755295.0,20146.74,2
6308,Alexander Dhar,883242.0,33014.88,4
6312,Samar Bora,619214.0,15333.08,3
6315,Tara Nayak,913196.0,32125.159999999996,4
6319,Krishna Varkey,1050066.0,23141.7,3
6333,Manbir Palla,719010.0,18456.78,2
6334,Unnati Krishnan,1050145.0,22753.54,3
6335,Falak Prabhu,744237.0,16893.81,2
6338,Ayaan Padmanabhan,524487.0,5244.87,2
6339,Anusha Kar,868543.0,34741.72,3
6342,Aryan Bajaj,608297.0,22574.6,3
6344,Daniel Bobal,900108.0,30889.71,3
6347,Krishna Sampath,851349.0,26992.950000000004,3
6348,Manthan Deo,641945.0,24359.21,3
6351,Charles Madan,1039043.0,10390.43,3
6354,Bhavna Purohit,732044.0,29281.760000000002,2
6361,Janaki Sidhu,1090908.0,23009.97,4
6382,Abeer Mitter,531565.0,8538.49,2
6388,Oscar Suresh,898784.0,26173.010000000002,3
6389,Odika Bumb,671968.0,24660.879999999997,3
6395,Rudra Varty,1260864.0,50434.56,4
6402,Pranav Keer,594533.0,18362.93,2
6404,Ikshita Dugar,996169.0,24875.230000000003,2
6406,Kiaan Yohannan,549370.0,5493.700000000001,2
6408,Chaman Pau,835280.0,25281.26,3
6411,Xavier Suresh,799739.0,11848.67,4
6412,Meera Dar,970408.0,24228.13,3
6415,Qasim Bhatt,960290.0,30345.92,3
6416,Wahab Dhingra,655722.0,19225.14,2
6418,Meghana Nair,954308.0,26129.63,4
6419,Zinal Wadhwa,701778.0,16542.510000000002,3
6420,Owen Datta,764855.0,30594.2,3
6421,Xavier Borra,608157.0,17486.670000000002,3
6428,Gautami Raval,896808.0,35872.32,2
6431,Siddharth Pillai,1383988.0,26826.760000000002,4
6432,Kritika Nayar,919306.0,9193.060000000001,3
6435,Aarini Deol,502046.0,16086.41,2
6438,Dakshesh Panchal,1140261.0,24012.809999999998,3
6440,Chakradhar Sabharwal,665219.0,20247.05,2
6442,Neelima Kala,1321593.0,35328.51,4
6446,Amaira Deep,905568.0,21228.0,2
6450,Pratyush Dube,541360.0,9026.68,2
6452,Harini Khare,643260.0,15125.82,3
6453,Zarna Bora,506612.0,9526.79,3
6454,Keya Sengupta,1331725.0,29938.989999999998,5
6456,Zashil Hayer,753840.0,18328.68,3
6457,Mitali Oak,644321.0,6443.210000000001,3
6459,Ikbal Chad,588661.0,12762.67,2
6463,Kritika Dugal,881525.0,21410.96,2
6465,Nilima Mital,841302.0,18423.51,4
6470,Xavier Kanda,598631.0,5986.31,2
6471,Aarav Dara,672426.0,20186.25,2
6472,Reva Dutta,697797.0,27911.88,2
6473,Arunima Pillai,671613.0,26864.52,2
6475,Nirja Dewan,599992.0,8769.28,3
6477,Tarak Trivedi,624165.0,6241.65,2
6482,Saanvi Chaudhuri,802732.0,28358.53,3
6483,Hemang Oak,914757.0,9557.25,4
6484,Chaitaly Dora,1318748.0,25497.11,3
6492,Krishna Mannan,587087.0,9239.3,3
6496,Amrita Sidhu,759290.0,16418.81,3
6499,Raksha Goswami,939280.0,28662.73,4
6501,Timothy Bora,956405.0,9564.05,2
6503,Tanveer Andra,766605.0,7666.05,2
6510,Oscar Gupta,940827.0,35641.619999999995,3
6512,Praneel Choudhary,807059.0,21612.620000000003,2
6516,Wahab Dugar,984026.0,15110.93,3
6521,Gabriel Goswami,566177.0,9734.48,2
6527,Zaitra Hegde,731282.0,22356.29,3
6533,Orinder Kala,601099.0,24043.96,2
6536,Jeevika Devan,642465.0,11779.98,2
6537,Chandresh Sarraf,699918.0,24196.65,3
6545,Pushti Rajagopal,594575.0,5945.75,2
6548,Jeet Barad,926522.0,20273.42,3
6549,Sneha Ramanathan,590114.0,18559.73,2
6551,Qarin Narula,976731.0,29269.29,3
6553,Wyatt Solanki,894073.0,33849.76,4
6555,Upasna Bala,675198.0,17993.31,2
6560,Xavier Iyengar,620794.0,13328.23,3
6562,Vidhi Chahal,1576885.0,63075.4,4
6568,Xavier Kaul,864382.0,30731.56,3
6573,Faris Sangha,1649736.0,65989.44,5
6575,Tarak Palan,787206.0,21734.22,2
6576,Jeevika Bhat,1551882.0,43154.43,5
6577,Amruta Ghose,818032.0,25244.83,3
6586,Bishakha Suri,707220.0,19108.62,2
6589,Dayita Dass,565225.0,5652.25,2
6594,Nathaniel Mutti,962098.0,26537.29,3
6596,Ganga Mukherjee,796104.0,26840.85,4
6597,Yashica Buch,572961.0,8895.69,2
6603,Banjeet Deep,1083043.0,10830.43,3
6610,Harshil Ratti,658128.0,6581.28,2
6612,Samuel Dayal,1038518.0,34375.759999999995,4
6614,Pushti Korpal,705127.0,28205.08,2
6615,Lipika Dugar,813076.0,15010.24,4
6620,Ekavir Dhar,658280.0,6582.8,2
6621,Nicholas Agate,1028211.0,27364.32,3
6628,Jyoti Morar,932785.0,23615.89,2
6630,Ijaya Sami,643047.0,25721.88,2
6633,Bishakha Narayan,611448.0,6114.48,3
6639,Mugdha Kadakia,506883.0,20275.32,2
6644,Anay Bobal,572801.0,8957.720000000001,2
6645,Ansh Srinivasan,1326830.0,28723.07,5
6649,Wishi Lalla,1028043.0,24814.32,3
6650,Widisha Patla,867844.0,19064.980000000003,3
6663,Chandran Pant,730622.0,29224.88,3
6669,Yatin Date,1033842.0,16831.86,3
6671,Irya Narasimhan,519656.0,20786.24,2
6674,Daksha Panchal,523759.0,20950.36,2
6676,Wriddhish Doshi,695072.0,27802.88,2
6677,Reva Babu,956670.0,21459.69,3
6684,Samaksh Johal,944463.0,23490.66,2
6686,Jeet Golla,605750.0,19691.300000000003,2
6688,Mason Narayanan,892303.0,35692.12,3
6690,Janya Sharma,595923.0,23836.92,3
6691,Vivaan Krishna,779995.0,7799.95,3
6693,Raksha Palan,803851.0,9988.810000000001,3
6698,Rudra De,543823.0,17513.62,2
6700,Pavani Savant,618664.0,19284.969999999998,2
6706,Urvashi Bumb,756421.0,15963.670000000002,2
6709,Dhruv Tandon,854822.0,16264.16,3
6712,Max Mittal,534962.0,5349.620000000001,2
6713,Sanaya Chawla,704935.0,19651.3,4
6719,Vamakshi Ahuja,933052.0,36073.659999999996,4
6723,Wyatt Chopra,776736.0,26564.04,3
6724,Azad Deol,714933.0,16835.73,3
6733,Hema Thakkar,548724.0,5487.24,2
6735,Nitesh Sangha,719289.0,26655.15,3
6737,Pallavi Krishna,621812.0,13424.69,2
6739,Sara Viswanathan,883709.0,16270.400000000001,3
6744,Megha Shenoy,734994.0,29399.760000000002,2
6748,Veda Sunder,691143.0,7453.26,3
6753,Aarav Vora,706569.0,14837.64,2
6756,Isaac Gandhi,1189819.0,22159.84,3
6760,Naksh Chopra,800645.0,8006.450000000001,2
6765,Reva Bhat,645992.0,20232.41,2
6767,Nidra Sibal,672237.0,26889.480000000003,2
6769,Pahal Baria,823685.0,32947.4,2
6770,Barkha Pillai,662805.0,8794.2,5
6774,Xiti Bassi,914786.0,25655.300000000003,3
6776,Brijesh Sahni,805092.0,32203.68,2
6781,Gunbir Dara,1274390.0,41820.71000000001,5
6783,Triya Shetty,727208.0,25637.81,3
6785,Adya Kumar,1174431.0,11744.31,3
6791,Om Kapadia,864016.0,23560.449999999997,4
6794,Hritik Khurana,813670.0,8136.7,2
6797,Hemangini Cheema,1289942.0,37304.39,5
6798,Kalpit Dhaliwal,750155.0,17364.47,2
6799,Vasatika Garde,698115.0,6981.15,2
6800,Qasim Pandya,1002819.0,26510.19,4
6801,Hiral Vyas,613132.0,6131.320000000001,2
6806,Eshana Vig,940185.0,28158.300000000003,3
6807,Ekavir Karan,718817.0,7188.17,2
6808,Manthan Barman,749466.0,29978.64,2
6815,Tristan Vohra,711523.0,7115.23,3
6818,Ayush Bose,1030584.0,20635.71,4
6819,Upkaar Deshmukh,1236297.0,34323.15,4
6821,Maanav Varma,502930.0,7668.16,3
6824,Jatin Ram,1217266.0,48690.64,3
6826,Krisha Suri,527095.0,5270.95,2
6831,Barkha Bhagat,550137.0,22005.48,2
6837,Udyati Mukhopadhyay,1111074.0,24196.260000000002,3
6839,Yatin Mangal,800791.0,22268.2,2
6841,Jairaj Kant,1304067.0,13040.67,4
6845,Samar Bera,548309.0,21932.36,2
6848,Ubika Andra,987864.0,19785.24,3
6850,Krisha Yogi,1411397.0,43232.15,5
6856,Nilima Chaudhry,696423.0,6964.2300000000005,2
6859,Tarak Shah,529621.0,7004.17,2
6861,Nidhi Badal,1350410.0,31914.710000000003,4
6868,Samar Narayan,559497.0,9858.24,2
6869,Vidhi Bhandari,731245.0,29249.800000000003,2
6871,Ekapad Chakrabarti,536761.0,21470.440000000002,3
6875,Megha Behl,860812.0,20653.3,3
6879,Banjeet Bajaj,572499.0,22899.96,2
6883,Gopal Kannan,654830.0,26193.2,2
6884,Karan Grover,584564.0,23382.559999999998,2
6886,Wakeeta Rajagopalan,564548.0,21124.34,4
6887,Gabriel Issac,522722.0,20908.88,2
6889,Tanveer Amble,514569.0,16040.64,2
6899,Eiravati Agrawal,598827.0,14585.49,4
6900,Janya Pillai,516479.0,13457.72,2
6902,Chatura Chadha,818775.0,18229.62,2
6905,Tanmayi Patil,900935.0,22824.86,2
6906,Meera Madan,1127418.0,30887.04,4
6907,Krishna Khalsa,913528.0,24080.89,5
6913,Upadhriti Gill,804118.0,18737.02,2
6923,Priya Krish,900720.0,28064.79,4
6926,Fariq Sanghvi,938957.0,28364.36,3
6929,Xalak Sarna,772698.0,30907.92,2
6932,Amaira Zacharia,626855.0,22980.739999999998,3
6934,Ranveer Dara,857905.0,34316.200000000004,4
6935,Irya Reddy,740109.0,10664.52,4
6942,Yatin Thaman,810486.0,22910.19,2
6947,Anjali Bedi,801399.0,32055.96,2
6949,Jackson Subramanian,533114.0,6755.360000000001,3
6950,Caleb Kurian,611355.0,6113.55,2
6952,Nicholas Chahal,842917.0,8429.17,2
6953,Baghyawati Bir,1080234.0,32147.73,4
6955,Sneha Prabhakar,637717.0,12621.46,3
6956,Mekhala Dhaliwal,1127184.0,19710.09,4
6958,Harish Mital,1731665.0,40700.3,4
6960,Amrita Mutti,862693.0,27942.100000000002,3
6961,Lavanya Mutti,1278416.0,42682.85,4
6962,Hemal Kari,502924.0,5029.24,2
6974,Falguni Kaul,659477.0,10259.12,3
6984,Bhavini Bhandari,784621.0,24329.71,3
6986,Rohan Ratta,885191.0,24798.530000000002,3
6987,Urvi Gade,1081549.0,21106.9,4
6989,Kashish Krishna,682451.0,19363.91,3
7002,Aashi Basak,524311.0,5243.110000000001,2
7010,Pranav Vyas,630523.0,25220.920000000002,2
7012,Dipta Sarma,823134.0,19603.95,3
7015,Turvi Prakash,560525.0,5605.25,2
7016,Osha Narasimhan,857693.0,34307.72,2
7018,Urmi Contractor,570051.0,13956.24,2
7023,Aarnav Borra,707773.0,25946.559999999998,3
7024,Hemal Ray,690238.0,6902.38,2
7026,Ojas Sarna,833011.0,21247.0,2
7027,Tarak Padmanabhan,854280.0,23365.71,2
7032,Chasmum Kalla,1327449.0,53097.96,4
7035,Joshua Kale,1314037.0,22707.309999999998,5
7038,Tarak Morar,564699.0,5646.990000000001,2
7039,Charvi Parekh,544537.0,11718.76,3
7040,Naveen Oza,717482.0,24433.4,3
7043,Nitesh Borah,777464.0,31098.56,2
7044,Yutika Kanda,1303897.0,40183.810000000005,4
7050,Nihal Sarkar,603748.0,17280.97,2
7054,Yadavi Doctor,552530.0,13651.580000000002,2
7064,Tanveer Kara,531335.0,5313.35,2
7068,Ayaan Batta,772679.0,7726.790000000001,2
7072,Hardik Halder,803503.0,28410.34,3
7082,Harita Lalla,1332691.0,31932.58,6
7084,Yug Mohan,653282.0,12293.689999999999,2
7086,Abdul Lata,1716820.0,39287.41,4
7089,Omya Bajaj,1345303.0,40151.740000000005,3
7097,Forum Krishnan,876082.0,35043.28,2
7098,Nidhi Vyas,1009654.0,31971.97,3
7100,Ganga Banik,1059127.0,25037.8,3
7106,Aditya Devi,726628.0,29065.120000000003,3
7110,Eshana Talwar,542119.0,20294.29,3
7115,Veer Virk,734690.0,22186.25,2
7121,Teerth Rajagopal,868537.0,23263.87,2
7122,Daksh Kalita,973546.0,26325.940000000002,4
7139,Arin Issac,759452.0,30378.08,4
7140,Upma Sane,1194607.0,47784.28,3
7145,Faras Sethi,577950.0,17461.95,2
7147,Eesha Vala,835610.0,8356.1,4
7150,Triya Ahuja,518262.0,5182.620000000001,2
7152,Chavvi Loke,807495.0,16856.64,3
7154,Bhavya Mammen,638520.0,6385.2,2
7155,Jackson Sane,785478.0,19601.31,2
7156,Sara Choudhry,852735.0,30970.89,3
7158,Qarin Joshi,872053.0,22647.190000000002,3
7162,Oeshi Datta,935027.0,22649.72,4
7163,Gayathri Kuruvilla,679070.0,27162.8,3
7165,Ishita Balakrishnan,619141.0,16219.69,3
7166,Sai Mangal,906167.0,22133.72,2
7167,Rudra Agrawal,501494.0,13659.53,3
7169,Zilmil Sehgal,801642.0,16467.03,4
7179,Lakshit Goswami,809486.0,21619.49,4
7180,Jai Sengupta,717333.0,22113.42,2
7182,Ranveer Chand,1346253.0,38482.14,6
7187,Timothy Chatterjee,512631.0,20505.239999999998,2
7188,Chameli Narain,706060.0,7060.6,2
7191,Yasti Bir,1293416.0,12934.16,3
7199,Tripti Nadig,540665.0,21626.600000000002,2
7200,Qarin Sarkar,571180.0,8283.55,2
7205,Lekha Saraf,609035.0,6353.63,3
7208,Hemang Dayal,672159.0,18229.38,3
7209,Lipika Puri,760239.0,30409.56,3
7214,Caleb Bakshi,578154.0,5781.540000000001,2
7216,Anita Balay,738282.0,21019.23,2
7218,Patrick Kurian,1786680.0,32809.98,5
7222,Manbir Johal,596198.0,5961.9800000000005,2
7223,Ethan Sabharwal,839994.0,22426.95,4
7226,Vaishnavi Thaman,853557.0,34142.28,2
7228,Zarna Solanki,660788.0,26431.52,2
7229,Darsh Subramaniam,911413.0,36456.520000000004,4
7241,Dalbir Dutt,527487.0,21099.48,2
7248,Neha Mahal,1066891.0,25014.88,5
7261,Janaki Lad,721252.0,20140.210000000003,2
7262,Samesh Gokhale,565046.0,22601.84,2
7265,Lipika Nagar,1364885.0,40043.42,4
7268,Tanmayi Joshi,1422062.0,40038.11,4
7270,Yauvani Chaudhari,519961.0,20798.440000000002,3
7277,Harshil Sawhney,817880.0,32715.2,3
7278,Ekapad Krishnan,1062514.0,24424.99,5
7281,Chandani Kala,638312.0,19073.87,2
7283,Kritika Chandra,683682.0,17876.850000000002,2
7285,Jairaj Khanna,659153.0,11563.25,2
7292,Nilima Pau,557196.0,5571.96,2
7294,Jairaj Oommen,794138.0,22116.11,5
7295,Unnati Radhakrishnan,1054860.0,28702.86,3
7296,Yashawini Magar,827505.0,22529.04,3
7306,Benjamin Swamy,514233.0,8809.98,3
7315,Naveen Chandran,648605.0,18178.25,2
7322,Jacob Deep,958563.0,38342.520000000004,4
7327,Utkarsh Andra,777001.0,7770.01,2
7333,Harini Varma,1184873.0,37827.08,3
7336,Rajeshri Prabhakar,702947.0,28117.879999999997,2
7340,Wishi Balasubramanian,569984.0,6543.410000000001,3
7341,Daksha Choudhary,502765.0,14384.14,2
7347,Hemal Lalla,597906.0,5979.06,2
7353,Faras Babu,581880.0,18869.79,2
7354,Bhavna Pandey,571431.0,22453.199999999997,3
7355,Jeet Thaman,814885.0,32595.4,2
7357,Shaurya Bansal,796738.0,7967.380000000001,2
7359,Girish Dass,613670.0,13292.99,2
7365,David Sagar,1135372.0,25725.069999999996,3
7367,Zarna Dasgupta,839891.0,21345.62,2
7369,Nidra Tara,612921.0,24516.84,3
7373,Mitesh Garg,841847.0,33673.880000000005,4
7380,Maya Gour,960577.0,9605.77,4
7393,Ucchal Comar,661500.0,16417.41,2
7396,Shivani Grewal,1297111.0,34438.51,4
7397,Aadi Choudhury,611855.0,19693.940000000002,2
7398,Ekanta Grover,640852.0,22695.969999999998,3
7399,Unnati Luthra,1042076.0,31719.5,4
7400,Mitali Parmer,721749.0,28869.96,3
7401,Quincy Guha,836575.0,12871.03,3
7405,Pranav Bajaj,707888.0,7078.88,2
7407,Rachita Khurana,515822.0,20632.88,2
7412,Osha Bhandari,1013804.0,30193.370000000003,3
7413,Harini Bala,737616.0,13451.64,4
7422,Meera Singh,789192.0,21320.34,2
7424,Utkarsh Mann,865919.0,20733.95,3
7425,Chandresh Bora,858203.0,19876.64,3
7426,Hemang Ganesh,754671.0,30186.84,3
7430,Darika Lad,608784.0,15981.15,2
7431,Urmi Purohit,829414.0,20973.280000000002,3
7432,Frado Walla,800069.0,8000.6900000000005,2
7433,Kevin Sahni,1101496.0,17912.260000000002,4
7440,Kabir Gola,1306468.0,48004.39,4
7446,Pahal Patla,1035869.0,33049.49,5
7448,Kamala Bahl,684982.0,13261.210000000001,2
7449,Kabir Thakkar,515580.0,12151.74,2
7453,Madhavi Bera,534485.0,17739.260000000002,2
7455,Gopal Mangat,670939.0,9736.69,3
7456,Nathan Narang,604819.0,14552.44,3
7457,Nidra Kala,1885982.0,44390.600000000006,5
7458,Sara Balasubramanian,725026.0,29001.04,2
7459,Gayathri Uppal,683231.0,12914.48,2
7465,Aarnav Madan,898900.0,8989.0,3
7466,Shaurya Cheema,993869.0,22811.54,3
7468,Januja Karan,760854.0,16197.15,2
7469,Panini Thakkar,608782.0,18807.13,2
7470,Charvi Pai,766270.0,7662.7,2
7480,Ishita Raj,824299.0,21674.5,2
7490,Ladli Gara,1252121.0,32110.730000000003,4
7491,Faris Dayal,813301.0,15476.32,4
7493,Hritik Jain,693634.0,27745.36,2
7498,Amara Ranganathan,592398.0,19319.46,4
7499,Arya Dey,841638.0,12531.18,3
7501,Rishi Saran,1088683.0,20333.02,4
7503,Daksha Sarin,523987.0,14583.460000000001,3
7506,Oliver Yogi,898470.0,23597.309999999998,2
7507,Zaitra Mittal,564124.0,10440.34,2
7511,Saanvi Karan,517546.0,18370.36,2
7513,Hemal Mishra,944848.0,22149.22,4
7514,Bishakha Patla,1050798.0,26979.780000000002,4
7515,Manthan Saxena,556784.0,13475.93,2
7516,Parth Kamdar,1052448.0,34983.84,4
7517,Vedant Sunder,940415.0,9404.15,3
7519,Chavvi Chandra,614254.0,24570.16,2
7525,Faqid Pant,702188.0,26125.43,3
7529,Aashi Lad,936968.0,9369.68,4
7531,Bishakha Ghose,920850.0,25520.64,3
7533,Rachit Malhotra,611018.0,6110.18,2
7535,Siya Ganguly,1377080.0,47648.03,4
7536,Nathan Hans,505862.0,10550.720000000001,2
7537,Jalsa Grewal,1081294.0,23458.510000000002,3
7538,Kalpit Bhandari,565169.0,5651.6900000000005,2
7540,Akshay Tank,767987.0,20320.97,2
7542,Keya Doshi,731785.0,21184.329999999998,3
7547,Netra Pillay,979226.0,12528.619999999999,3
7548,Chaitaly Talwar,756466.0,7564.660000000001,2
7550,Bachittar Dash,939977.0,37599.08,3
7552,Fiyaz Lanka,694213.0,6942.129999999999,2
7553,Darsh Bir,578819.0,23152.760000000002,2
7555,Fiyaz Karnik,725149.0,15033.7,2
7556,Adya Mangat,893347.0,34220.17,3
7557,Jagat Kadakia,621056.0,24842.239999999998,3
7560,Mohammed Soni,667384.0,10849.96,3
7566,Liam Chokshi,1041051.0,15864.54,4
7567,Pooja Chahal,814956.0,8149.5599999999995,2
7575,Tanay Sarraf,999723.0,22431.99,4
7580,Agastya Basak,586661.0,5866.610000000001,2
7581,Darika Kala,1004268.0,40170.72,3
7586,Nathaniel Kunda,638181.0,25527.24,2
7593,Chatresh Kurian,538890.0,21555.6,2
7594,Kabir Lad,615118.0,17233.9,2
7608,Yagnesh Sani,514405.0,14683.840000000002,2
7609,Shravya Das,763975.0,10562.89,4
7610,Sachi Pillay,941749.0,9417.490000000002,2
7612,Pranav Karpe,654501.0,6545.01,2
7615,Samarth Loke,648829.0,25953.16,2
7622,Dipta Bansal,731421.0,20390.16,3
7623,Noah Chadha,714623.0,19808.12,2
7624,Zehaan Halder,912869.0,18390.620000000003,3
7625,Ubika Solanki,650619.0,6506.1900000000005,2
7635,Shravya Gade,706376.0,7063.76,3
7638,Leela Kale,1542515.0,22416.23,7
7640,Yamini Bajaj,969806.0,38792.240000000005,2
7641,Samuel Koshy,666442.0,24726.73,3
7644,Manya Menon,787845.0,22244.13,2
7651,Zilmil Chakrabarti,598214.0,13511.09,3
7652,Yochana Gokhale,1016660.0,15246.439999999999,4
7653,Raghav Mani,688837.0,13560.220000000001,3
7654,Vasudha Ahuja,505403.0,20216.120000000003,2
7658,Ridhi Pingle,571181.0,16952.510000000002,2
7659,Lekha Shenoy,1094220.0,35990.67,3
7660,Deepa Loyal,769648.0,7696.48,2
7662,Brijesh Shroff,670879.0,6708.79,4
7664,Ladli Singh,657040.0,6570.4,2
7665,Oscar Dutta,503873.0,11490.8,2
7666,Raghav Vyas,983304.0,39332.16,3
7670,Raksha Pillai,691947.0,27677.88,3
7675,Veda Ravi,891663.0,21669.12,2
7680,Qarin Deo,569694.0,13644.84,3
7681,Edhitha Tiwari,1091078.0,34645.73,4
7685,Janya Kata,1433121.0,43883.61,4
7686,Eiravati Kumar,949367.0,29963.33,3
7692,Upkaar Varma,1439103.0,28467.93,4
7693,Sanya Goswami,799097.0,19819.73,2
7702,Yuvraj Varty,859969.0,34398.759999999995,3
7705,Upadhriti Bava,796413.0,20290.41,2
7706,Divya Mannan,513684.0,5136.84,2
7707,Aarna Behl,655792.0,10598.32,3
7708,Lakshit Rajagopal,1174795.0,39318.73,4
7710,Chanchal Magar,733025.0,7330.25,2
7711,Wridesh Soman,736127.0,15984.71,2
7712,Yashasvi Kurian,849422.0,19721.09,2
7713,Gaurangi Mallick,547929.0,11778.54,2
7715,Dhriti Khosla,745576.0,29292.519999999997,3
7718,Vivaan Chandran,584862.0,20981.73,3
7721,Mahika Purohit,742182.0,14927.07,2
7728,Elijah Roy,815498.0,20653.309999999998,2
7733,Nikita Aurora,657361.0,16826.02,2
7735,Upma Sahni,1180208.0,11802.08,3
7737,Rachit Bansal,704475.0,7044.75,2
7741,Waida Tandon,649910.0,13148.75,2
7743,Noah Kala,584825.0,22048.07,3
7753,Pooja Goda,588859.0,23554.36,2
7754,Omaja Narang,743950.0,21418.690000000002,3
7756,Aishani Patil,755344.0,21109.96,4
7757,Simon Datta,508563.0,12487.710000000001,2
7759,Waida Soni,1157410.0,35483.59,5
7762,Fitan Thaker,596049.0,5960.49,2
7765,Anamika Subramaniam,715385.0,21587.059999999998,2
7768,Noah Dani,554864.0,5548.639999999999,3
7769,Kai Gara,734619.0,29384.760000000002,2
7770,Madhavi Tiwari,883584.0,20802.690000000002,2
7774,Girindra Merchant,611576.0,11109.53,3
7776,Dalaja Sawhney,579348.0,13103.070000000002,2
7780,Sanaya Sem,814350.0,22221.420000000002,2
7781,Urishilla Palla,513838.0,16701.37,2
7786,Triveni Ramachandran,1021179.0,29337.3,3
7794,Hredhaan Nigam,619194.0,24767.760000000002,3
7796,Kabir Vasa,555076.0,5550.76,2
7799,Urvashi Anand,1357339.0,33098.5,6
7800,Peter Raman,866207.0,29496.59,3
7802,Bhavya Tank,1106305.0,22372.42,3
7804,Siya Handa,816586.0,32663.440000000002,2
7805,Ekapad Ravel,907968.0,22537.41,3
7807,Arunima Jaggi,833271.0,33330.840000000004,2
7808,Yachana Kadakia,550902.0,5509.02,3
7809,Bhanumati Manne,893021.0,32004.32,3
7810,Riya Behl,994800.0,27566.22,3
7817,Teerth Kashyap,981536.0,27495.170000000002,3
7819,Omkaar Dalal,824111.0,28340.75,3
7827,Vyanjana Krishnan,573627.0,15867.84,2
7828,Ikbal Nanda,799340.0,16871.06,3
7830,Noah Sandhu,833150.0,10476.8,4
7834,Adweta Tripathi,611257.0,16600.78,3
7836,Om Kamdar,883241.0,23555.93,3
7838,Farhan Kaur,802454.0,13618.460000000001,3
7846,Devansh Narula,1131801.0,34081.59,4
7848,Liam Saraf,548582.0,13735.429999999998,3
7851,Bakhshi Chandran,632517.0,25300.68,2
7852,Kritika Raju,959111.0,22640.63,3
7853,Lipika Gala,1007301.0,40292.04,4
7857,Joshua Gade,1416491.0,43581.98,5
7860,Ladli Mohan,784999.0,31399.96,2
7864,Kalpit Arora,1148606.0,45944.24,3
7865,Anmol Chanda,1197252.0,34307.97,4
7866,Patrick Bumb,645430.0,25817.199999999997,2
7867,Shravya Keer,877568.0,34507.76,3
7868,Damyanti Buch,667814.0,13072.76,2
7871,Yuvraj Pillai,946054.0,37842.16,3
7872,Sathvik Bala,540390.0,21615.6,2
7873,Ekani Gole,704060.0,16389.65,2
7875,Zinal Sankar,816423.0,15252.09,4
7876,Kabir Om,595202.0,5952.02,2
7878,Charan Borra,1168476.0,27512.01,4
7879,Sara Nair,531189.0,21247.56,2
7881,Noah Lalla,680198.0,27207.920000000002,2
7884,Pratyush Kumer,1582084.0,38272.3,7
7888,Anita Narang,707577.0,12646.5,3
7892,Ekiya Mallick,511960.0,5119.6,2
7895,Hritik Mishra,546544.0,8350.06,3
7898,Krishna Butala,881285.0,35251.4,2
7911,Ojas Mital,534536.0,19245.53,3
7913,Hemangini Bora,729032.0,16388.93,3
7918,Yash Choudhry,755231.0,30209.239999999998,2
7919,Pushti Sabharwal,737692.0,15782.83,3
7927,Xalak Raval,532381.0,9493.45,2
7928,Vrinda Ray,701033.0,7010.33,3
7929,Chatura Gade,647464.0,6474.639999999999,2
7931,Janaki Vig,753166.0,7531.66,2
7933,Daksh Rajagopalan,1029924.0,17966.1,4
7935,Umang Vohra,518865.0,20754.6,2
7937,Joshua Jha,645770.0,13224.86,3
7943,Lucky Bhat,732911.0,17488.28,3
7955,Tarak Tak,1119031.0,20872.39,4
7957,Arjun Palla,718388.0,16448.75,2
7961,Odika Khosla,846966.0,8469.66,3
7964,Baljiwan Narayan,650883.0,8726.31,3
7965,Parth Hans,549622.0,14616.220000000001,3
7966,Mugdha Rau,676173.0,21449.550000000003,3
7975,Tanveer Singh,763666.0,7636.66,2
7977,Krishna Patla,1382424.0,32979.69,5
7978,Yahvi Kashyap,1250334.0,44817.240000000005,4
7981,Watika Kapadia,944291.0,25555.370000000003,4
7985,Ranbir Rege,870106.0,24906.58,4
7992,Bhavika Venkatesh,1555094.0,49077.86,4
7994,Mekhala Palla,591038.0,23641.52,2
7998,Kevin Dar,569194.0,8170.54,3
7999,Janani Ghosh,738747.0,16360.68,3
8005,Anmol Kala,500842.0,10204.18,2
8008,Ijaya Barman,648514.0,15782.740000000002,2
8011,Sathvik Behl,1141580.0,26402.000000000004,3
8012,Jyoti Pal,845224.0,17836.690000000002,3
8016,Dakshesh Gandhi,965310.0,14011.86,3
8017,Saanvi Nanda,939726.0,23398.800000000003,2
8020,Aditya Vaidya,550998.0,22039.920000000002,2
8022,Aayush Wali,604955.0,6049.55,2
8023,Pavani Kuruvilla,622322.0,20511.410000000003,2
8025,Ishanvi Grover,765509.0,16030.100000000002,4
8026,Varsha Bava,956560.0,22027.75,3
8028,Jason Loyal,660888.0,6608.88,2
8031,Janya Nadig,533585.0,13520.66,2
8035,Balvan Singhal,510649.0,6867.91,2
8036,Rachit Shukla,537852.0,21514.08,2
8039,Chasmum Bajaj,679484.0,16509.47,3
8040,Odika Gala,679207.0,17377.96,2
8041,Niharika Dave,713430.0,17901.63,2
8042,Pranav Chowdhury,751245.0,25482.0,3
8043,Bhavani Kaul,962473.0,25639.96,3
8044,Michael Ramesh,821693.0,32867.72,3
8045,Rachit Gola,774803.0,11523.8,3
8049,Yashvi Mallick,774381.0,20534.19,2
8053,Inaya Majumdar,565323.0,22612.920000000002,2
8059,Frederick Tara,882785.0,20460.35,3
8061,Farhan Sandal,1320738.0,27942.09,3
8063,Ishwar Saraf,647140.0,15151.42,3
8067,Yatan Mane,948952.0,20942.59,4
8069,Chameli Kothari,567942.0,5679.42,2
8070,Nisha Nazareth,1391137.0,43552.03,5
8071,Faqid Ratta,778700.0,7787.0,2
8075,Vihaan Sha,632223.0,15055.68,2
8076,Omya Jain,971281.0,15753.1,3
8079,Kamala Dada,539271.0,5392.71,2
8080,Dipta Bakshi,528346.0,11304.43,2
8081,Vidhi Bath,570577.0,19207.149999999998,3
8082,Netra Hegde,993860.0,31645.25,3
8085,Janya Choudhry,537443.0,8134.01,2
8087,Vivaan Pathak,662887.0,6628.87,2
8094,Januja Din,654871.0,13264.03,2
8100,Udarsh Dhaliwal,978211.0,15134.23,3
8103,Krishna Srinivas,815773.0,21718.87,2
8104,Jatin Bala,563433.0,5634.33,3
8108,Lila Pai,592013.0,5920.13,3
8114,Gaurang Madan,576560.0,13745.75,4
8120,Tejas Pal,1127363.0,25546.160000000003,4
8121,Wyatt Gopal,1150060.0,21849.010000000002,4
8122,Zinal Mannan,634837.0,17608.81,2
8132,Saanvi Subramanian,790435.0,18271.24,2
8133,Warinder Gala,685008.0,6850.08,3
8136,Robert Kaul,588345.0,13317.6,2
8139,Yuvraj Zacharia,811468.0,18707.44,3
8140,Chaitanya Pillay,663347.0,12998.54,3
8150,Vansha Brahmbhatt,830313.0,22597.68,2
8154,Udant Dhaliwal,715471.0,16136.35,2
8157,Damini Bhat,971759.0,22286.510000000002,3
8161,Faras Zachariah,620385.0,15659.279999999999,2
8162,Jagvi Loke,845287.0,16477.690000000002,3
8174,Quincy Kata,1489031.0,47336.840000000004,5
8177,Raagini Kulkarni,582815.0,12929.48,3
8179,Simon Vaidya,1101443.0,31950.590000000004,4
8181,Tara Nagi,552286.0,22091.440000000002,3
8185,Arunima Mohan,857451.0,15314.369999999999,3
8199,Abhiram Kumar,672462.0,6724.62,3
8203,Gaurangi Pau,665854.0,6658.54,3
8206,Nicholas Tak,1026067.0,26347.3,3
8210,Laksh Deep,572933.0,12742.369999999999,2
8212,Gaurangi Lad,1372010.0,23898.800000000003,4
8214,Benjamin Dugar,510812.0,13123.400000000001,3
8215,Ekantika Chanda,766320.0,19328.07,2
8216,Watika Srinivasan,904723.0,21264.4,2
8218,Nakul Batra,804778.0,8047.780000000001,2
8228,Utkarsh Oommen,591906.0,14317.650000000001,3
8232,Suhani Khalsa,1084086.0,10840.86,3
8235,Tanmayi Acharya,1374631.0,32100.85,5
8236,Wriddhish Bhatnagar,1083269.0,26384.84,4
8244,Yuvraj Hayre,629834.0,25193.36,2
8245,Bakhshi Iyer,919389.0,20704.95,3
8248,Hritik Hari,1142220.0,19202.25,3
8250,Teerth Sant,778983.0,16684.14,2
8252,Elijah Sama,535955.0,21438.2,2
8254,Sai Cherian,671607.0,15224.160000000002,3
8258,Anita Datta,502603.0,11844.699999999999,2
8263,Viraj Sarna,1038443.0,21764.87,4
8267,Kiaan Tak,713082.0,28523.28,2
8269,Xalak Gill,718899.0,7188.99,2
8271,George Kothari,901597.0,14690.380000000001,4
8274,Kevin Seth,1153111.0,19454.65,4
8276,Urishilla Bhavsar,618245.0,24729.800000000003,2
8277,Ekaja Ganesan,1275058.0,26280.250000000004,3
8278,Nathan Manda,1067013.0,32630.850000000002,3
8281,Pranav Wali,944552.0,9445.52,3
8286,Ladli Solanki,901236.0,26829.690000000002,4
8289,Darsh Ratti,1280882.0,31174.43,5
8291,Gautami Krishna,837386.0,20837.870000000003,2
8292,Faris Lata,519225.0,14356.410000000002,2
8293,Inaya Bassi,1599656.0,29136.230000000003,4
8295,Radhika Pant,523074.0,20079.300000000003,3
8296,Idika Bains,742481.0,8774.96,3
8300,Pallavi Sangha,1693169.0,53514.71,5
8304,Faqid Narayan,1130348.0,11303.48,4
8308,Gauri Parmar,504326.0,18789.469999999998,2
8309,Ojasvi Sharma,1602540.0,53606.16,5
8315,Manthan Mistry,738535.0,7385.35,2
8316,Maya Chowdhury,1264165.0,24671.56,3
8317,Frederick Sarma,918956.0,18845.63,4
8322,William Pau,851527.0,34061.08,2
8326,Yashica Merchant,597742.0,19095.28,3
8330,Triya Ratti,1045467.0,34022.82,4
8335,Osha Sankaran,688006.0,6880.0599999999995,2
8336,Warhi Majumdar,980203.0,30934.51,3
8337,Jacob Memon,805255.0,8052.549999999999,3
8338,Simon Bobal,1067940.0,30645.06,4
8340,Veda Chanda,600298.0,16153.3,2
8343,Radha Nanda,588712.0,11102.32,2
8348,Chanchal Jhaveri,1214066.0,24862.07,4
8350,Zaitra Sinha,500729.0,18151.04,2
8351,Isaiah Kumer,632412.0,12632.55,2
8354,Madhav Saini,608470.0,15965.08,3
8358,Devika Bora,791717.0,17433.92,2
8362,Vasana Oak,1147970.0,32693.36,6
8364,Oviya Gera,692051.0,20572.61,2
8373,Ekantika Deshpande,1355050.0,31831.510000000002,4
8374,Gaurangi Srinivas,670372.0,26814.88,2
8376,Anirudh Puri,633242.0,17045.18,3
8377,Zinal Tank,693917.0,13456.130000000001,2
8379,Darika Balakrishnan,561839.0,22473.56,2
8386,Omisha Sridhar,590366.0,19107.739999999998,2
8394,Tara Kala,923624.0,29827.13,4
8399,Lopa Ahuja,597903.0,14800.380000000001,3
8400,Aachal Nadig,600693.0,18109.47,3
8401,Ronith Chauhan,1068069.0,16113.18,4
8402,Harsh Chada,1058116.0,10581.16,4
8403,Sudiksha Agate,999338.0,9993.380000000001,3
8405,Aadhya Kapur,981569.0,31382.99,4
8407,Divya Mann,501746.0,5017.46,2
8410,Divya Lall,1101222.0,44048.880000000005,3
8413,Barkha Ravi,681107.0,19991.21,2
8419,Ansh Palla,1362837.0,38993.55,4
8420,Advika Taneja,861126.0,34445.04,4
8423,Lakshit Venkatesh,539480.0,21579.199999999997,2
8426,Anthony Bora,767107.0,21796.78,2
8427,Chanakya Sachdev,830951.0,18080.81,3
8429,Baghyawati Saxena,696932.0,6969.32,2
8432,Chanakya Bahri,909737.0,23730.29,2
8433,Ekapad Mall,829571.0,33182.840000000004,3
8440,Yahvi Suri,867073.0,16437.28,4
8443,Ayush Dara,613092.0,6130.92,2
8445,Laksh Vohra,751757.0,10275.56,4
8447,Kala Bawa,1025823.0,10258.23,3
8451,Upma Verma,737955.0,16615.739999999998,2
8452,Lopa Sastry,512684.0,20507.36,2
8453,Jagrati Lalla,578158.0,15652.480000000001,2
8456,Meghana Prasad,1030529.0,41221.16,3
8457,Barkha Bhat,673725.0,14246.76,3
8462,Michael Bandi,1224114.0,12241.14,4
8463,Hemangini Parekh,778332.0,18197.25,2
8464,Azaan Chana,856385.0,10714.94,3
8465,Urishilla Sura,986825.0,19296.47,3
8466,Maanas Kapadia,559189.0,5591.889999999999,2
8468,Banjeet Bandi,757154.0,7571.54,2
8469,Ganga Parsa,1193169.0,26893.35,3
8470,Azaan Sinha,800885.0,22259.48,3
8471,Brinda Menon,1051254.0,10512.54,4
8472,Kashish Anand,643260.0,6432.6,3
8474,Dhriti Master,621537.0,11229.390000000001,4
8477,Vamakshi Chahal,914016.0,36560.64,2
8483,Rajata Bera,1212528.0,21877.800000000003,4
8484,Vritti Shankar,1238058.0,26258.58,5
8488,Thomas Parmer,673539.0,26941.56,2
8490,Charita Mittal,525786.0,12335.76,2
8491,Jasmit Bali,1285258.0,31820.98,4
8495,Bhavya Aggarwal,545137.0,5451.37,3
8498,Aarush Bhatt,655329.0,15219.779999999999,3
8499,Gaurav Parekh,618148.0,20037.91,3
8500,Imaran Kumar,753774.0,11952.0,3
8503,Isaiah Borah,502892.0,17437.43,2
8509,Garima Parekh,653501.0,12754.970000000001,3
8512,Ikbal Sood,591604.0,19549.39,2
8516,Jonathan Tella,918750.0,18239.34,3
8520,Vihaan Acharya,1031263.0,17091.88,5
8523,Shaurya Jani,1624861.0,64994.44,5
8530,Kavya Thakkar,875788.0,25082.14,3
8531,Devansh Kumer,760074.0,12800.13,4
8532,Mitali Shroff,714549.0,10114.619999999999,3
8536,Unni Sur,721197.0,18518.55,2
8538,Ekapad Brar,745267.0,7452.67,2
8540,Jackson Ahluwalia,637687.0,19260.4,3
8544,Arunima Barad,503441.0,15562.580000000002,4
8546,Jairaj Bhalla,602709.0,18837.329999999998,2
8548,Xiti Raghavan,518942.0,6454.3099999999995,3
8553,Ekanta Parmar,777111.0,31084.440000000002,2
8554,Pooja Borah,1446857.0,43276.64,4
8555,Mekhala Dugar,825722.0,29799.89,3
8560,Ucchal Rana,1590915.0,37330.229999999996,6
8561,Anthony Seth,1195721.0,26777.39,3
8566,Waida Chopra,1079202.0,30022.29,4
8569,Damyanti Pandey,784213.0,7842.13,3
8574,Yoshita Gour,525272.0,17523.98,4
8575,Amruta Dugal,869702.0,8697.02,2
8577,Chakrika Ranganathan,657518.0,26300.72,3
8578,Nirja Raghavan,579896.0,14073.32,2
8579,Ikbal Rao,921667.0,20125.870000000003,5
8580,Gavin Kota,624856.0,6248.56,2
8581,Zashil Sur,1012125.0,28704.600000000002,3
8583,Owen Yohannan,726487.0,21349.27,3
8586,Banjeet Prashad,571006.0,5710.0599999999995,2
8588,Vasudha Baria,686102.0,6861.02,3
8589,Aditya Dey,605106.0,22073.88,3
8591,Hredhaan Bassi,562138.0,15592.119999999999,2
8596,Mohini Ratta,1340367.0,27213.99,3
8599,Daksh Sankar,1490579.0,37326.8,6
8600,Ucchal Mitter,684031.0,11799.43,3
8602,Odika Dugar,506638.0,20265.52,2
8606,Kalpit Verma,798984.0,18958.35,3
8620,Devika Tak,1220087.0,39110.270000000004,3
8625,Jonathan Shroff,1084100.0,23333.9,3
8632,Eesha Ahuja,586154.0,8627.81,2
8636,Saksham Nath,1182215.0,37791.89,4
8637,Zayan Padmanabhan,661413.0,15241.29,3
8639,Nihal Murthy,1263693.0,27317.7,3
8640,Daksh Keer,569178.0,10553.52,2
8644,Yashvi Bala,827449.0,8274.49,2
8646,Zansi Bose,1138697.0,38023.399999999994,3
8648,Yadavi Tailor,753543.0,20114.49,2
8649,Damyanti Mishra,679498.0,16232.77,3
8658,Watika Shere,665436.0,26617.44,2
8661,Rohan Dhillon,991109.0,39644.36,4
8666,Urvi Chand,640595.0,13824.08,2
8667,Vrishti Halder,756696.0,30267.840000000004,2
8668,Oeshi Zacharia,768058.0,15401.2,3
8669,Gayathri Pau,1007935.0,22841.11,4
8671,Yutika Sahota,830209.0,8302.09,3
8672,Pooja Raghavan,964466.0,22867.85,5
8680,Omkaar Arya,896556.0,31042.559999999998,3
8681,Upma Vig,768908.0,7689.08,3
8685,Yoshita Agarwal,923942.0,22936.850000000002,3
8689,Mugdha Wali,585425.0,5854.25,2
8690,Harita Narayanan,667332.0,6673.32,2
8691,Widisha Goyal,873952.0,23294.38,2
8693,Tara Lad,905491.0,9761.23,3
8694,Ekanta Butala,512851.0,15285.49,3
8697,Daksha Nagarajan,2124233.0,65753.39,8
8704,Ikbal Patla,905244.0,29389.32,3
8705,Osha Banik,796226.0,17346.14,2
8707,Vedant Shankar,633786.0,19977.78,3
8708,Banjeet Mangal,1058475.0,10584.75,3
8715,Dhriti Saran,556191.0,8059.5599999999995,2
8717,Omisha Jha,802892.0,29647.190000000002,3
8719,Faraj Sarraf,869717.0,25461.079999999998,3
8725,Gaurika Bir,891421.0,8914.21,2
8727,Chandresh Cheema,874676.0,8746.76,3
8730,Chasmum Kade,1061177.0,10611.77,3
8735,Urmi Krishna,638276.0,14735.24,2
8739,Balendra Pandit,740076.0,7400.76,2
8744,Yahvi Wali,583276.0,18172.93,2
8752,Mugdha Dash,930989.0,23196.65,3
8753,Bahadurjit Bedi,521237.0,19009.64,2
8755,Aryan Gupta,536448.0,19686.6,2
8757,Indira Atwal,714241.0,28569.64,2
8760,Liam Rajagopalan,774072.0,17972.13,2
8764,Nitara Thakur,835301.0,22401.5,2
8765,Dalbir Kapoor,692129.0,26322.17,3
8766,Tanish Chopra,1135720.0,31199.17,6
8767,Zarna Borah,574637.0,22985.48,2
8768,Leena Savant,696110.0,27844.4,2
8771,Zehaan Bhatti,1287633.0,39220.95,4
8777,Oviya Gole,585564.0,11883.0,2
8782,Jackson Pillay,573849.0,20206.68,3
8785,Neha Biswas,561594.0,5615.9400000000005,2
8786,Edhitha Varkey,916109.0,9161.09,2
8791,Tanvi Chand,587321.0,5873.21,2
8801,Arin Gill,724558.0,7245.58,2
8805,Rohan Dugar,1285463.0,33033.26,4
8806,Yadavi Dube,660684.0,8681.25,3
8811,Shivani Dada,670652.0,26826.08,3
8812,Yuvraj Narain,741569.0,21357.83,2
8813,Harrison Batra,1202233.0,48089.32,3
8818,Wazir Mammen,731185.0,16881.010000000002,2
8820,Ucchal Acharya,692292.0,27691.68,4
8823,Yash Menon,722706.0,15225.060000000001,3
8824,Wridesh Mahajan,744139.0,18555.49,3
8825,Forum Kalla,833755.0,16348.87,4
8831,Devansh Kar,759217.0,26071.09,3
8838,Zaitra Vyas,1014642.0,19536.9,3
8843,Harita Mall,1080856.0,16435.3,5
8844,Kalpit Sura,606437.0,11907.29,2
8846,Yatan Sant,828951.0,33158.04,2
8847,Nidra Pandya,748101.0,18428.19,2
8848,Vaishnavi Dora,1118740.0,30779.02,5
8854,Osha Bajaj,795858.0,14795.730000000001,3
8862,Mason Badal,1119006.0,11190.06,3
8876,Teerth Butala,758898.0,17081.58,2
8878,Qasim Sandal,887844.0,35513.76,4
8881,Wishi Khanna,1213261.0,48530.44,3
8886,Gautami Char,644223.0,25768.920000000002,2
8887,Eshana Bhagat,671272.0,6712.72,2
8889,Varenya Swaminathan,855411.0,34216.44,3
8891,Abeer Devi,997362.0,29986.47,4
8894,Samaksh Dhar,786564.0,31462.56,2
8895,Widisha Venkataraman,934209.0,36577.409999999996,3
8896,Aarnav Bala,631015.0,21236.14,2
8899,Lavanya Pradhan,554868.0,15022.26,2
8904,Chasmum Sani,821304.0,25455.21,4
8911,Krisha Sur,846435.0,29157.600000000002,3
8912,Dakshesh Gole,934469.0,29956.22,3
8929,Bhanumati Pai,663390.0,6633.9,2
8932,Yashasvi Taneja,832988.0,22683.98,3
8936,Bahadurjit Anne,538908.0,21556.32,3
8941,Shivansh Doshi,1029262.0,15920.89,3
8943,Falguni Soman,572392.0,18885.31,2
8948,Manbir Manda,1085800.0,43432.0,4
8950,Henry Jaggi,602293.0,6022.93,2
8952,Gopal Soman,580315.0,18590.47,2
8953,Leela Gera,806732.0,18807.11,3
8954,Zashil Arya,1203733.0,29488.27,4
8958,Ranbir Bobal,938546.0,9385.46,2
8959,Chaman Bhattacharyya,540602.0,5406.02,2
8960,Ijaya Mohanty,551499.0,10810.32,2
8963,Urvi Gola,575966.0,23038.64,2
8968,Lavanya Sarna,721203.0,23293.65,5
8986,Tristan Kapur,602668.0,24106.72,3
8987,Kritika Aurora,856457.0,22135.520000000004,2
8991,Jhalak Kohli,1384115.0,41007.8,4
8995,Unni Kohli,724544.0,28783.55,3
8997,Kashvi Nagy,808537.0,32341.480000000003,2
8999,Neelima Palan,540206.0,17096.93,2
9001,Vinaya Bhakta,1066947.0,42677.88,4
9006,Vamakshi Bhatia,516768.0,19817.46,2
9011,Dev Hayre,855477.0,22682.97,3
9012,Vasana Issac,734384.0,29375.36,2
9013,Nandini Kothari,687050.0,14194.55,4
9015,Yashodhara Dar,1164107.0,32894.18,4
9018,Yutika Garde,855944.0,34237.759999999995,2
9021,Bakhshi Saini,1223189.0,25294.489999999998,3
9024,Kalpit Mahal,2085564.0,54432.87,6
9025,Widisha Devi,562858.0,5628.58,2
9029,Triveni Prasad,601565.0,6015.650000000001,2
9030,Anthony Sood,860941.0,30610.690000000002,3
9034,Omya Das,813632.0,8136.32,2
9037,Tejas Kala,736535.0,7365.35,2
9048,Kala Chhabra,1566972.0,57138.03,5
9049,Bhavna Nagy,612624.0,12312.36,2
9052,Jhalak Ramachandran,750317.0,30012.68,2
9053,Zayan Dixit,859165.0,20447.77,3
9054,Kabir Rege,535898.0,9373.28,3
9055,Caleb Bakshi,841748.0,9369.800000000001,3
9058,Nilima Grewal,730100.0,7301.0,3
9061,Yochana Vyas,941210.0,28147.88,3
9063,Abeer Saxena,866961.0,14478.660000000002,3
9068,Triveni Gopal,767924.0,14234.84,3
9069,Maanas Choudhury,779407.0,26547.879999999997,3
9074,Ubika Varghese,884438.0,10310.960000000001,4
9078,Abeer Chaudhuri,907719.0,22664.190000000002,2
9084,Vedika Dani,1407073.0,42690.1,6
9087,Upma Sani,770473.0,14375.5,4
9088,Oliver Bobal,694549.0,20074.84,3
9094,Pahal Shah,801517.0,32060.68,3
9098,Pranav Ben,699530.0,17796.83,3
9099,Quincy Buch,543929.0,8302.19,2
9100,Harrison Sinha,1528090.0,41676.79,4
9101,Falan Sarraf,682756.0,17431.239999999998,2
9102,Laban Rajan,727031.0,7270.31,3
9104,Harinakshi Kale,1209565.0,26699.920000000002,5
9105,Jonathan Varughese,505030.0,19307.05,2
9106,Maanav Saxena,970985.0,25180.940000000002,4
9107,Vedhika Handa,525265.0,21010.6,2
9110,Faras Bobal,823472.0,20773.7,3
9113,Mekhala Mody,913389.0,24065.1,2
9115,Zaid Balay,724976.0,17995.010000000002,3
9119,Indira Nayar,861564.0,8615.64,2
9122,Amruta Bhatia,862462.0,25722.61,3
9123,Nitara Char,738741.0,29549.64,2
9125,Baljiwan Shanker,646927.0,25877.08,2
9126,Quincy Bala,1096898.0,43875.920000000006,3
9131,Gopal Desai,744930.0,26946.45,3
9133,Lucky Sule,628261.0,25130.440000000002,2
9135,Ishanvi Bir,560897.0,20391.5,3
9141,Ryan Jain,621430.0,6214.3,2
9146,Dhriti Dhaliwal,566683.0,5666.83,2
9148,Zaitra Setty,1370638.0,40619.11,4
9154,Upkaar Chahal,677076.0,27083.04,2
9157,Atharv Dar,581154.0,13488.96,2
9161,Gaurang Sidhu,1492087.0,38404.0,4
9162,Luke Suresh,937276.0,24120.34,2
9163,Jalsa Suri,796197.0,22247.910000000003,3
9173,Tamanna Taneja,931236.0,17155.59,4
9174,Nimrat Majumdar,652817.0,14074.85,3
9175,Eta Narain,664003.0,17039.02,3
9182,Anamika Mishra,598525.0,9701.26,2
9183,Bimala Nori,919364.0,30862.760000000002,3
9184,Wyatt Issac,705414.0,16624.14,3
9190,Victor Merchant,681915.0,10511.130000000001,4
9195,Ekaraj Mital,772967.0,18554.03,2
9199,Anvi Lal,973950.0,26768.88,3
9201,Umang Agarwal,632396.0,18227.09,3
9203,Nimrat Pingle,550266.0,14468.73,2
9204,Qadim Raja,673256.0,26930.239999999998,2
9207,Aradhana Arora,970898.0,9708.98,2
9208,Abdul Sagar,571535.0,5715.35,2
9212,Bakhshi Bhandari,515670.0,20626.800000000003,2
9217,Joshua Badal,730632.0,21592.260000000002,3
9219,Megha Kara,803368.0,8487.25,3
9221,Kiaan Guha,552735.0,17854.23,2
9226,Ganga Karnik,903454.0,29272.57,5
9227,Noah Biswas,606429.0,15548.880000000001,2
9229,Yash Magar,861819.0,25736.34,3
9231,Oni Warrior,575393.0,10540.07,3
9234,Pahal Pai,1167195.0,40060.89,3
9235,Jairaj Deshpande,1242415.0,26632.33,4
9236,Balvan Garg,672518.0,6725.18,2
9237,Jagrati Amble,921330.0,23179.440000000002,2
9238,Saanvi Agarwal,617205.0,19071.57,4
9240,Viraj Kamdar,790297.0,15348.130000000001,3
9246,Ishita Bakshi,544417.0,17430.25,2
9247,Anjali Zacharia,939388.0,17719.93,3
9253,Upma Gara,690386.0,8370.2,3
9257,Samuel Krish,891129.0,22415.850000000002,2
9258,Sai Nagar,628683.0,25147.32,3
9270,Jhalak Hayer,660667.0,6606.67,2
9271,Edhitha Shan,807554.0,24255.41,4
9272,Indali Goda,1213717.0,15282.88,4
9279,Saanvi Palla,656548.0,15878.98,2
9284,Rudra Chadha,1288047.0,46035.96,4
9285,Nitesh Rajagopal,1348178.0,25790.54,5
9287,Aditya Wagle,759704.0,27197.72,3
9288,Imaran Ramesh,716968.0,16672.510000000002,2
9289,Gaurav Choudhury,566759.0,22670.36,3
9294,Aashi Kant,540248.0,5402.4800000000005,2
9295,Benjamin Deep,695097.0,20487.030000000002,2
9297,Gaurika Thaman,593101.0,10164.7,2
9301,Tamanna Dalal,552055.0,5520.549999999999,2
9302,Ishanvi Kumer,721186.0,28847.440000000002,2
9303,Inaya Varty,622844.0,20385.32,2
9304,Onveer Singh,668479.0,18953.29,2
9310,Idika Sanghvi,1709051.0,22457.12,6
9314,Tanay Virk,987998.0,22690.760000000002,3
9315,Brijesh Dutta,1559205.0,29408.129999999997,4
9330,Hamsini Gala,801937.0,32077.48,3
9331,Aarav Sengupta,789867.0,20308.59,2
9334,Lakshit Samra,506254.0,17318.47,3
9338,Ekaraj Subramanian,792340.0,31693.6,2
9341,Amaira Ranganathan,1434450.0,24975.18,5
9345,Daniel Tailor,590868.0,5908.68,2
9348,Bina Amble,601154.0,24046.160000000003,2
9354,Lakshit Ravel,1018494.0,21453.239999999998,3
9357,Pranav Mahajan,604311.0,10291.86,2
9358,Prisha Mane,1121919.0,23894.91,3
9362,Rajata Yadav,867632.0,34705.28,3
9369,Samesh Sem,515315.0,8576.99,2
9370,Anita Uppal,642234.0,6422.34,2
9372,Hiral Shukla,727683.0,16020.78,2
9375,Anmol Khalsa,850980.0,8509.8,4
9386,Irya Sinha,658221.0,12974.220000000001,2
9391,Falguni Borde,1176110.0,20140.73,4
9398,Laban Shetty,878449.0,35137.96,2
9399,Adya Zacharia,673036.0,6730.360000000001,2
9401,Yatan Kala,688824.0,18133.14,3
9410,Yashodhara Vasa,774012.0,19176.48,2
9411,Pranit Yadav,836624.0,23273.0,2
9412,Aachal Batra,586754.0,15035.9,2
9419,Girish Om,843524.0,8435.24,3
9421,Rushil Chaudhuri,605626.0,24225.04,3
9423,Sarthak Prabhakar,976601.0,39064.04,3
9425,George Patla,527171.0,9176.0,3
9427,Nidhi Krishna,562827.0,5628.27,3
9429,Teerth Bhagat,993925.0,9939.25,3
9430,Omkaar Varty,552525.0,5525.25,2
9432,Janaki Parikh,1187633.0,33538.49,3
9433,Charvi Sridhar,535321.0,21412.84,2
9434,Joshua Butala,666385.0,6663.85,2
9438,Naveen Sahni,852624.0,25234.440000000002,3
9444,Urishilla Acharya,863980.0,23184.01,2
9445,Teerth Jani,686927.0,20292.47,2
9449,Mugdha Handa,808468.0,14471.05,3
9451,Dalbir Vohra,506330.0,20253.2,2
9458,Aachal Kaul,904572.0,23927.88,3
9460,Chaaya Dara,825791.0,21424.55,2
9465,Aradhana Dey,749365.0,29974.600000000002,2
9471,Adya Behl,894637.0,23307.820000000003,2
9473,Anjali Kala,752725.0,21720.22,3
9474,Darika Thakur,678444.0,27137.760000000002,3
9475,Avi Chahal,630167.0,20056.129999999997,3
9476,Netra Bhatt,743441.0,15330.95,2
9482,Anika Butala,557010.0,22280.4,2
9486,Aarna Sampath,957713.0,30918.2,3
9500,Vasatika Banik,815474.0,8154.74,2
9503,Gaurav Majumdar,1244218.0,24948.190000000002,3
9504,Sanaya Varughese,509696.0,8300.93,2
9512,Ekapad Aurora,602117.0,14353.82,2
9520,Praneel Ranganathan,673682.0,26947.28,2
9523,Nathaniel Bhat,893479.0,8934.79,2
9530,Nathaniel Sodhi,519196.0,14917.750000000002,2
9533,Dhruv Krishnan,781249.0,7812.490000000001,3
9535,Siddharth Ray,960125.0,32432.6,3
9538,Yash Ramachandran,527980.0,21119.2,2
9555,Azaan Andra,602260.0,15935.62,3
9556,Fariq Seth,724528.0,7245.280000000001,2
9561,Balveer Karnik,612029.0,24481.160000000003,2
9563,Urmi Shanker,720806.0,17538.59,2
9564,Anusha Saha,1224529.0,25900.57,3
9566,Ganga Dora,537049.0,7913.890000000001,2
9568,Falguni Buch,736997.0,21383.75,2
9571,Harsh Dayal,627628.0,12776.740000000002,2
9575,Shivani Modi,747091.0,18731.11,2
9576,Barkha Hans,899932.0,35997.28,2
9577,Ekiya Krishnan,894526.0,8945.259999999998,3
9578,Ronith Lala,614438.0,14762.720000000001,3
9579,Anita Wali,777377.0,20889.2,3
9581,Zansi Palla,654100.0,6541.0,2
9585,Leena Parekh,685035.0,13700.279999999999,3
9590,Isaac Bala,840964.0,33638.56,2
9592,Bhavna Khurana,653299.0,14058.07,3
9595,Mekhala Parmer,972979.0,22385.32,4
9597,Wahab Bains,844961.0,22794.05,4
9599,Dhruv Tailor,958117.0,26123.77,4
9600,Joshua Rai,646632.0,12776.7,2
9602,Leena D’Alia,590466.0,14112.48,5
9607,Upma Varma,825644.0,28652.989999999998,3
9611,Shivani Dada,569650.0,13109.89,2
9612,Peter Radhakrishnan,748879.0,29955.16,3
9617,Rohan Raju,1218764.0,34537.939999999995,3
9627,Urishilla Bhagat,865512.0,34620.48,3
9631,Xavier Sastry,594078.0,16031.49,3
9646,Jackson Dua,627505.0,13543.0,2
9648,Amruta Bhat,679011.0,6790.11,2
9650,Bimala Wadhwa,2077756.0,62936.89,6
9652,Yutika Kashyap,805429.0,32217.160000000003,2
9654,Baljiwan Konda,603503.0,16361.240000000002,2
9658,Tanmayi Chad,733846.0,19948.84,3
9659,Siddharth Ratta,1271007.0,40526.07,3
9663,Kabir Kala,858728.0,19320.29,4
9664,Nisha Magar,746607.0,24243.51,3
9668,Neha Kar,988352.0,39534.08,3
9674,Tanvi Nazareth,773354.0,22729.190000000002,2
9679,Edhitha Balan,561825.0,22473.0,2
9682,Veer Jain,543426.0,11573.130000000001,2
9683,Falak Sandhu,651448.0,10615.48,4
9685,Zaitra Sarna,1623587.0,31771.73,6
9687,Yashvi Vora,624194.0,20764.55,3
9691,Jeet Mall,1056530.0,10565.300000000001,3
9696,Agastya Bedi,566741.0,22669.64,3
9697,Aashi Seshadri,993351.0,23148.059999999998,4
9698,Lajita Dasgupta,815794.0,26212.420000000002,3
9699,Sudiksha Bose,678345.0,6783.450000000001,2
9700,William Chahal,670663.0,6706.63,2
9706,Kavya Hayer,664683.0,26587.32,2
9709,Girish Varughese,1050400.0,37899.67,3
9710,Xalak Shenoy,519876.0,12842.16,2
9712,Ishanvi Chauhan,964438.0,9644.380000000001,3
9715,Saksham Nayar,717665.0,21542.210000000003,2
9718,William Bhatia,737472.0,29498.879999999997,2
9719,Samuel Naidu,771412.0,17448.670000000002,3
9720,Laban Palla,830795.0,33231.8,2
9731,Rohan Vyas,555450.0,5554.5,2
9732,Tanvi Karan,755474.0,17779.37,2
9735,Wakeeta Nanda,567189.0,5671.889999999999,2
9742,Shivansh Kashyap,648709.0,23227.6,3
9746,Qarin Naik,551891.0,8704.82,2
9747,Oscar Chand,708297.0,21127.829999999998,2
9761,Yutika Rana,842234.0,20371.76,4
9763,Dhruv Gara,623621.0,11624.0,3
9764,Sneha Rao,1037606.0,23292.74,4
9767,Netra Savant,1454631.0,29255.370000000003,4
9770,Libni Ghosh,749500.0,7495.0,3
9780,Riya Babu,702236.0,7022.36,2
9786,Azaan Puri,562281.0,5622.81,3
9799,Gabriel Chowdhury,739093.0,7390.93,2
9802,Garima Din,859845.0,16939.83,3
9805,Kashvi Salvi,813903.0,8139.030000000001,3
9807,Lohit Grewal,579727.0,5797.27,2
9808,Ishani Pal,643677.0,17800.02,2
9810,Vinaya Wable,815990.0,12508.37,4
9815,Dipta Sankaran,672151.0,26886.04,2
9816,Vritti Sidhu,831853.0,15634.03,4
9818,Chakradhar Bhagat,686363.0,27454.52,3
9823,Mitesh Choudhary,851758.0,34070.32,2
9824,Eshana Rao,534876.0,14578.980000000001,2
9827,Unnati Bawa,652498.0,6524.98,2
9828,Gopal Peri,1230121.0,36555.76,4
9831,George Bhalla,1022988.0,21167.670000000002,4
9833,Wakeeta Ramesh,777126.0,31085.04,2
9834,Ridhi Vig,730692.0,21797.700000000004,4
9835,Nakul Wagle,1056119.0,29656.97,3
9838,Pallavi Ravi,574072.0,22962.88,2
9839,Bakhshi Chaudhary,781335.0,13850.7,3
9846,Geetika Chauhan,670569.0,13731.51,3
9853,Vrishti Kashyap,971163.0,28024.77,3
9856,Ekansh Gandhi,799754.0,31990.160000000003,2
9862,Manthan Borah,1083558.0,29828.250000000004,4
9865,Hemal Kibe,708653.0,28346.120000000003,2
9881,Pooja Dube,684020.0,27360.8,2
9883,Rayaan Sethi,943581.0,23126.7,3
9888,Maanav Batra,595344.0,23813.760000000002,2
9893,Oviya Lad,587316.0,17027.64,2
9896,Dayamai Basu,920109.0,23171.46,4
9903,Niharika Sawhney,1040853.0,20594.370000000003,3
9905,Rishi Gola,697640.0,15051.59,2
9907,Pahal Khalsa,619818.0,18757.08,2
9909,Bhavika Chadha,826275.0,18219.93,2
9918,Kashvi Suri,1063711.0,37786.6,4
9923,Aarna Bumb,520052.0,5200.52,2
9924,Urvi Bhatia,669895.0,18705.7,2
9925,Sarthak Kibe,931153.0,37246.119999999995,2
9933,Daksha Maharaj,627634.0,6276.34,2
9934,Balvan Bhalla,656237.0,7293.35,3
9935,Shravya Minhas,1045683.0,29843.64,3
9938,Rachit Johal,773621.0,30944.84,2
9939,Dev Jhaveri,560352.0,14309.730000000001,2
9942,Thomas Hayre,680551.0,20857.690000000002,2
9945,Gaurangi Wali,645287.0,13329.05,3
9948,Bahadurjit Kara,840743.0,22877.33,3
9950,Urvashi Sodhi,1037430.0,28853.61,3
9958,Bhanumati Ghose,765438.0,7654.38,2
9959,Oni Iyer,978026.0,30078.469999999998,3
9962,Abha Zacharia,926202.0,12122.16,3
9964,Chanchal Shroff,883851.0,29652.6,3
9966,Onveer Oza,514447.0,20577.88,2
9967,Unnati Nigam,510389.0,15273.08,2
9968,Zaid Bhatti,581590.0,13707.189999999999,2
9969,Aahana Jain,1131997.0,30304.450000000004,3
9971,Vritti Bali,549616.0,10447.93,2
9974,Mohammed Dass,576904.0,8180.32,3
9977,Varsha Jani,725767.0,8177.740000000001,3
9979,Chavvi Mangal,874531.0,27411.879999999997,3
9980,David Bhakta,801595.0,24964.6,5
9981,Mekhala Kannan,640348.0,20049.58,3
9987,Arunima Dhillon,1002517.0,24680.08,3
9991,Radhika Gole,1405558.0,31678.000000000004,5
9993,Logan Bhatti,1028981.0,41159.240000000005,4
9995,Anamika Pau,517655.0,20706.2,2
