account_id,total_transaction_amount,txn_count
101,145005.0,6
102,28221.0,1
103,34860.0,2
104,117233.0,5
105,169785.0,6
106,38592.0,2
107,65055.0,2
108,5071.0,1
109,51034.0,2
110,84833.0,3
111,71515.0,3
113,55202.0,4
114,34729.0,2
115,14374.0,1
116,39667.0,2
117,108080.0,6
118,56873.0,3
119,73535.0,2
120,26830.0,1
121,22990.0,1
122,115022.0,6
123,218628.0,6
124,20936.0,3
125,93181.0,3
126,15163.0,1
127,108205.0,5
128,116137.0,3
129,35218.0,1
130,13729.0,1
131,95180.0,5
132,142690.0,4
133,164283.0,5
134,33576.0,4
135,93543.0,4
136,63649.0,2
137,53044.0,3
138,29092.0,1
139,78930.0,2
140,144573.0,5
141,26657.0,1
142,36794.0,2
143,138471.0,5
144,118564.0,3
145,105275.0,4
146,117890.0,4
147,1837.0,1
148,37654.0,1
149,51126.0,4
150,138625.0,4
152,63304.0,2
153,154474.0,5
154,6441.0,1
155,95357.0,3
156,93574.0,4
157,27451.0,3
158,201122.0,6
159,118037.0,4
160,163365.0,6
161,131853.0,4
162,238686.0,7
163,108328.0,3
164,56305.0,4
165,124995.0,4
166,52896.0,2
167,45060.0,2
168,68115.0,2
169,17146.0,2
170,133535.0,5
171,130046.0,5
172,14232.0,1
173,52424.0,2
174,114746.0,5
175,76955.0,2
176,18553.0,1
177,63967.0,2
178,69870.0,4
179,149064.0,6
180,130221.0,4
181,123980.0,4
182,20236.0,3
183,88018.0,6
184,14782.0,2
185,84487.0,2
186,165708.0,4
187,92628.0,4
188,66944.0,4
189,136881.0,4
190,166159.0,4
191,17398.0,1
192,117969.0,3
193,96805.0,3
194,110364.0,5
195,111362.0,6
196,140678.0,6
198,155405.0,6
199,58225.0,3
200,40814.0,2
201,90715.0,4
202,86480.0,4
203,83365.0,4
204,92027.0,3
205,185883.0,6
206,55463.0,2
207,88729.0,5
208,114386.0,4
209,136362.0,6
211,108710.0,4
212,94885.0,3
213,120393.0,4
214,152009.0,5
215,138125.0,7
216,133577.0,5
217,51054.0,2
218,87123.0,3
219,72710.0,4
220,35676.0,4
222,64445.0,4
223,2664.0,1
224,51719.0,3
226,161961.0,5
227,254512.0,8
229,53747.0,4
230,133996.0,5
231,131284.0,4
232,18203.0,2
233,86851.0,4
234,91762.0,4
235,93889.0,4
236,57810.0,3
237,13874.0,2
238,88895.0,3
239,15029.0,1
240,129910.0,4
242,146766.0,5
243,136186.0,7
244,2316.0,1
245,64266.0,3
246,34532.0,1
247,6453.0,1
248,141929.0,5
249,22706.0,1
250,38336.0,2
251,59316.0,4
252,104387.0,3
253,84512.0,4
254,196223.0,8
255,138527.0,6
256,127427.0,4
257,1645.0,1
258,113875.0,5
259,90573.0,3
260,96670.0,6
261,46325.0,1
262,3641.0,1
263,89760.0,4
264,67861.0,3
265,48689.0,2
266,67118.0,3
267,47050.0,2
268,55538.0,3
269,106256.0,4
270,15878.0,1
271,44071.0,2
272,58726.0,3
273,49407.0,3
274,144431.0,5
275,120660.0,3
276,75282.0,4
277,79150.0,3
278,35157.0,2
279,143218.0,5
280,29298.0,2
281,143201.0,6
282,77452.0,4
283,93616.0,4
284,203593.0,7
285,78108.0,4
286,139820.0,6
287,15076.0,1
288,77073.0,3
289,142996.0,7
290,108047.0,3
291,83423.0,4
292,78748.0,5
293,146124.0,6
294,43705.0,1
295,44158.0,2
296,62570.0,2
297,29436.0,2
298,201889.0,6
299,50929.0,2
300,16706.0,2
301,44561.0,1
302,27236.0,2
303,71777.0,4
304,55687.0,2
305,44079.0,1
306,205226.0,6
307,59636.0,2
308,53972.0,3
309,41467.0,2
310,119082.0,7
311,113536.0,6
312,50593.0,2
313,66815.0,2
314,114993.0,5
315,200927.0,7
316,163632.0,6
317,19287.0,2
318,145199.0,4
319,114907.0,3
320,28211.0,2
321,103568.0,4
322,121195.0,3
323,5419.0,1
324,80373.0,3
325,12502.0,2
326,112969.0,5
327,123678.0,4
328,37256.0,2
329,83866.0,4
330,45021.0,2
331,37756.0,3
332,89094.0,4
333,9049.0,1
334,92809.0,3
335,113397.0,4
336,62260.0,3
337,112714.0,4
338,186435.0,5
339,55701.0,2
340,11300.0,1
341,5352.0,1
342,119901.0,5
343,77937.0,3
344,19991.0,1
345,186547.0,6
346,131437.0,4
347,28164.0,1
348,90275.0,6
349,95263.0,3
350,104000.0,3
351,135208.0,4
352,73276.0,3
353,119466.0,5
354,137795.0,4
355,40689.0,2
356,71898.0,3
357,109187.0,5
358,172533.0,8
359,31958.0,1
360,13454.0,2
361,44250.0,2
362,182856.0,6
363,82256.0,3
364,6200.0,1
365,33025.0,1
366,88779.0,3
367,91968.0,4
368,53287.0,2
369,189545.0,6
370,54987.0,2
371,68755.0,2
372,32586.0,2
373,20197.0,1
374,135395.0,7
375,59671.0,2
376,132647.0,4
377,23433.0,1
378,80968.0,4
379,107137.0,5
380,58363.0,3
381,125828.0,4
382,45713.0,1
383,37779.0,2
384,151453.0,5
385,127519.0,5
386,60345.0,2
387,207419.0,7
388,104297.0,4
389,78579.0,4
390,108877.0,3
391,80914.0,3
392,29113.0,2
393,14764.0,2
394,135622.0,5
395,141020.0,4
396,24539.0,1
397,63222.0,3
398,120630.0,3
399,32013.0,2
400,25403.0,1
401,110981.0,4
402,104672.0,4
403,152401.0,4
404,86268.0,2
405,71376.0,2
406,79440.0,3
408,59034.0,2
409,133717.0,5
410,52692.0,4
411,162522.0,6
412,174629.0,6
413,139606.0,4
415,72271.0,3
416,13208.0,2
417,97403.0,4
418,45877.0,1
419,74564.0,4
420,57135.0,2
421,27078.0,2
423,63329.0,3
424,402616.0,12
425,148665.0,5
426,182438.0,5
427,105126.0,4
428,72596.0,4
429,98609.0,3
430,121904.0,5
431,189908.0,5
432,75479.0,4
433,97306.0,3
434,36724.0,2
435,28394.0,3
436,149174.0,6
437,187421.0,5
438,57998.0,3
439,37667.0,2
440,89312.0,3
441,126337.0,4
442,170990.0,7
443,117153.0,5
444,127287.0,4
445,110370.0,4
446,35683.0,3
448,119020.0,5
449,57040.0,2
450,90378.0,4
451,138313.0,4
452,100946.0,4
453,60757.0,2
454,9319.0,1
455,192341.0,7
456,17877.0,1
457,166411.0,6
458,58554.0,3
459,61760.0,2
460,56845.0,2
461,63236.0,2
462,70364.0,3
463,143819.0,5
464,107789.0,4
465,43643.0,1
466,217581.0,6
467,73945.0,3
468,31657.0,2
469,67082.0,2
470,80807.0,3
471,94228.0,4
472,243018.0,7
473,53239.0,2
474,140053.0,4
475,95316.0,2
476,88661.0,5
477,65841.0,3
478,96318.0,3
479,4750.0,1
481,40328.0,2
482,64033.0,3
483,87923.0,3
484,17216.0,1
485,50579.0,3
486,26617.0,2
487,6601.0,1
488,40030.0,1
489,74937.0,4
490,116164.0,3
491,41373.0,1
492,109298.0,3
493,51234.0,2
494,25535.0,1
495,72872.0,3
496,75713.0,3
497,87450.0,3
498,184776.0,5
499,172404.0,6
500,53137.0,4
501,23684.0,1
502,131618.0,5
503,6102.0,1
504,122916.0,5
505,28943.0,1
506,139431.0,3
507,149715.0,6
508,157625.0,6
509,18065.0,1
510,128648.0,3
511,20191.0,1
512,213219.0,7
513,146283.0,5
514,92804.0,4
515,10880.0,1
516,133970.0,5
517,112038.0,3
518,203243.0,6
519,69247.0,3
520,45154.0,2
521,32378.0,3
522,126714.0,3
523,139108.0,5
524,122240.0,4
526,150381.0,7
527,129319.0,5
528,35961.0,2
529,20854.0,1
530,42344.0,2
531,111167.0,4
532,126740.0,5
533,52570.0,3
534,162451.0,5
535,155390.0,4
536,161062.0,6
538,155029.0,5
539,36307.0,1
540,105059.0,4
541,150458.0,4
542,83803.0,5
543,104156.0,3
544,62266.0,2
545,24399.0,1
546,36564.0,1
547,162051.0,6
548,66557.0,2
549,15692.0,2
550,96558.0,4
551,28864.0,2
552,62407.0,2
553,35404.0,1
554,81747.0,3
555,115753.0,3
556,94656.0,4
557,112066.0,4
558,11757.0,1
559,93263.0,5
560,126795.0,4
561,85892.0,4
562,61511.0,4
563,95261.0,5
564,90910.0,4
565,41447.0,2
566,177889.0,6
567,54315.0,2
568,72108.0,3
569,43120.0,5
570,77690.0,4
571,57623.0,3
572,20441.0,2
573,85211.0,3
574,78273.0,3
575,119988.0,4
576,29299.0,1
577,182698.0,6
578,35676.0,2
579,59745.0,2
580,80285.0,4
581,38195.0,1
582,73156.0,3
584,126935.0,4
585,133552.0,4
586,34295.0,1
587,129531.0,6
588,37321.0,1
589,45895.0,1
590,28088.0,4
591,50895.0,2
592,53185.0,2
593,21977.0,1
594,48650.0,2
595,109443.0,5
596,27457.0,1
597,45990.0,3
598,24544.0,1
599,98505.0,5
600,57820.0,2
601,45174.0,2
602,16037.0,2
603,83084.0,3
604,36496.0,3
605,84316.0,2
606,184795.0,6
607,244541.0,8
608,49621.0,1
609,219386.0,6
610,151767.0,4
611,150417.0,4
612,75130.0,2
613,26341.0,1
614,109208.0,5
615,80903.0,4
616,60885.0,2
617,75329.0,4
618,176005.0,6
619,76477.0,2
620,63475.0,2
621,8177.0,1
622,99738.0,3
623,78742.0,3
624,131156.0,5
625,47175.0,1
626,83009.0,4
627,51420.0,2
628,63479.0,2
629,68004.0,4
630,111993.0,3
631,106337.0,5
632,58290.0,2
633,95870.0,4
634,113058.0,4
635,94204.0,5
636,55242.0,3
637,187415.0,6
638,140050.0,5
639,38880.0,1
640,121836.0,5
641,72683.0,5
642,99943.0,4
643,89886.0,2
644,40590.0,2
645,9666.0,2
646,227658.0,8
647,49303.0,2
648,142215.0,6
650,97001.0,3
651,100198.0,3
652,53380.0,3
653,104362.0,4
654,53023.0,2
655,28691.0,2
656,32920.0,1
657,63872.0,2
658,9995.0,1
659,146834.0,5
660,42138.0,3
661,122569.0,5
662,99412.0,3
663,99758.0,4
664,46062.0,1
665,116014.0,4
666,168992.0,6
667,59682.0,2
668,129514.0,5
669,103799.0,3
670,130992.0,4
671,46875.0,3
672,116807.0,5
673,88049.0,4
674,57193.0,3
675,127066.0,6
676,9697.0,1
677,39859.0,2
678,54439.0,2
679,64517.0,3
680,154461.0,6
681,52207.0,2
682,39782.0,2
683,38804.0,3
684,98047.0,4
685,101548.0,4
686,61875.0,3
687,158791.0,5
688,65792.0,4
689,107427.0,3
690,223279.0,8
691,7269.0,1
692,17097.0,1
693,63284.0,3
695,73611.0,4
696,132832.0,5
697,88487.0,3
698,201439.0,7
699,31245.0,1
700,43035.0,2
701,29932.0,1
702,98817.0,4
703,74162.0,4
704,89314.0,3
705,1906.0,1
706,117990.0,3
707,61923.0,2
709,87680.0,4
710,5440.0,1
711,113090.0,3
712,106234.0,6
713,2941.0,1
714,151215.0,5
715,126764.0,6
716,151352.0,7
717,50932.0,3
718,33061.0,2
719,129175.0,5
720,200192.0,7
721,88337.0,2
722,121680.0,6
724,61158.0,3
725,89163.0,4
726,102153.0,5
727,93124.0,4
728,46335.0,2
729,60483.0,5
730,17945.0,1
731,176006.0,7
733,77690.0,3
734,40050.0,3
735,45741.0,2
736,164172.0,9
737,112027.0,4
738,68874.0,3
739,70931.0,3
740,147555.0,5
741,49517.0,2
742,77560.0,3
743,40642.0,2
744,63205.0,2
745,62258.0,3
746,107238.0,4
747,18142.0,1
748,132940.0,6
749,65482.0,3
750,28101.0,1
751,35093.0,2
752,80711.0,3
754,120819.0,5
755,77882.0,2
756,13222.0,1
757,77376.0,3
758,57594.0,2
759,85948.0,3
760,77818.0,3
761,98485.0,3
762,75083.0,2
763,51364.0,2
764,58410.0,2
765,111178.0,3
766,178812.0,6
767,108857.0,4
768,70210.0,3
769,63714.0,3
770,159156.0,6
771,93866.0,4
772,119062.0,3
773,85068.0,4
774,22617.0,1
775,42031.0,3
776,33256.0,1
777,89812.0,3
778,45008.0,2
779,141770.0,5
780,99843.0,3
781,16729.0,1
782,45743.0,1
783,46281.0,1
784,148710.0,7
785,94360.0,3
786,99743.0,4
787,127904.0,5
788,60530.0,4
789,91316.0,3
790,194557.0,6
791,44436.0,2
792,88394.0,4
793,83022.0,4
794,135795.0,5
795,54132.0,3
796,72559.0,3
797,35720.0,2
798,167008.0,5
799,130717.0,4
800,88566.0,6
801,84681.0,3
802,74962.0,3
803,45266.0,1
804,43649.0,2
805,95202.0,3
806,29501.0,1
807,106776.0,4
808,33313.0,2
809,66111.0,4
810,115281.0,5
811,48934.0,3
813,89292.0,3
814,104964.0,3
815,39401.0,1
816,45984.0,1
817,25935.0,2
818,223950.0,6
819,52286.0,2
820,13845.0,1
821,19813.0,2
822,59194.0,2
823,40027.0,2
824,47077.0,2
825,25901.0,2
826,43241.0,2
827,89892.0,2
828,92716.0,4
829,38108.0,2
830,105624.0,4
831,104779.0,5
832,129631.0,5
833,43191.0,1
834,48254.0,1
835,117461.0,5
836,102653.0,5
837,146568.0,5
838,62943.0,3
839,110558.0,4
840,75065.0,2
841,32026.0,2
842,125418.0,4
843,53988.0,3
844,44827.0,2
845,122318.0,5
846,129049.0,5
847,155537.0,7
848,50927.0,3
849,1420.0,1
850,32964.0,2
851,9718.0,2
852,85398.0,3
854,53212.0,3
855,87920.0,4
856,74829.0,3
857,145907.0,4
858,144810.0,6
859,79741.0,3
860,78134.0,4
861,85229.0,5
862,66238.0,2
863,195585.0,8
864,79298.0,3
865,91607.0,4
866,96896.0,5
867,121777.0,5
868,25524.0,1
869,50575.0,2
870,108085.0,4
871,124657.0,3
872,24383.0,4
873,43690.0,4
874,63479.0,3
875,107016.0,4
876,27937.0,1
877,92561.0,3
878,88036.0,4
879,106745.0,6
880,128722.0,5
881,150750.0,4
882,117400.0,6
883,47290.0,1
884,34560.0,2
885,85495.0,5
886,85981.0,4
887,72990.0,2
888,89535.0,3
889,224591.0,11
890,12166.0,1
891,95304.0,3
892,147288.0,5
893,45434.0,2
894,134817.0,4
895,57913.0,3
896,91556.0,3
897,53426.0,3
898,8190.0,1
899,136275.0,4
900,81753.0,2
901,385350.0,13
902,62932.0,2
903,28650.0,2
904,123552.0,4
905,99365.0,5
906,35817.0,1
907,45805.0,3
908,81645.0,3
909,104931.0,5
910,95112.0,3
911,74497.0,3
912,115158.0,5
913,57398.0,2
915,87767.0,3
916,48041.0,2
917,102304.0,4
918,61984.0,3
919,136979.0,4
920,96636.0,4
921,88249.0,3
922,153194.0,4
923,93082.0,3
924,140005.0,4
925,114672.0,4
927,77880.0,4
928,99572.0,8
929,86808.0,3
930,70940.0,2
931,35126.0,1
932,236500.0,6
933,81329.0,3
934,154223.0,7
935,82721.0,2
936,131744.0,6
937,105995.0,3
938,114795.0,6
939,96929.0,3
940,155379.0,5
941,27334.0,3
942,227180.0,8
943,74690.0,2
944,71831.0,4
945,165801.0,7
946,22162.0,1
947,20551.0,1
948,98634.0,4
949,87037.0,3
950,144323.0,4
951,94122.0,4
952,166122.0,5
953,49505.0,1
954,140883.0,6
955,60653.0,3
956,176499.0,5
957,97773.0,3
958,75308.0,4
959,42030.0,3
960,6845.0,2
961,97303.0,6
962,176282.0,6
963,123296.0,4
964,81635.0,4
965,74486.0,3
966,37232.0,1
967,11354.0,1
968,41646.0,3
969,133623.0,4
970,75643.0,3
971,117875.0,4
972,27105.0,3
973,85008.0,5
974,106159.0,3
975,174985.0,6
976,65667.0,3
977,76315.0,3
978,150289.0,6
979,58035.0,5
980,48725.0,2
981,135764.0,5
983,137157.0,5
984,77510.0,3
985,27349.0,1
986,34649.0,2
987,45777.0,3
988,137319.0,6
989,116370.0,4
990,130771.0,3
991,38697.0,3
992,56159.0,2
993,31320.0,1
994,82678.0,4
995,151732.0,8
996,85021.0,6
997,41376.0,1
998,84149.0,4
999,106250.0,4
1000,36105.0,2
1001,167359.0,5
1002,196887.0,9
1003,60631.0,3
1005,67360.0,3
1006,88422.0,3
1008,129180.0,5
1009,208108.0,7
1010,85869.0,3
1011,42132.0,1
1012,59479.0,5
1013,88401.0,4
1014,100276.0,5
1015,247994.0,8
1016,74894.0,3
1017,201012.0,7
1018,89430.0,5
1019,70857.0,3
1020,90049.0,4
1021,70205.0,3
1022,94904.0,4
1024,26016.0,3
1025,143730.0,5
1026,146866.0,6
1027,38384.0,2
1028,42204.0,2
1029,71606.0,2
1030,86271.0,2
1031,108722.0,3
1032,43899.0,2
1033,151096.0,6
1034,44261.0,1
1035,22097.0,1
1036,106983.0,4
1037,106462.0,4
1038,17788.0,2
1039,61832.0,4
1040,156267.0,5
1041,193492.0,7
1042,18720.0,2
1043,26771.0,2
1044,119310.0,5
1045,43112.0,1
1046,164334.0,8
1047,16623.0,1
1048,97998.0,2
1049,69467.0,4
1050,26494.0,2
1051,114603.0,5
1052,88846.0,4
1053,73675.0,3
1054,134668.0,4
1055,96593.0,5
1056,101012.0,3
1058,92328.0,3
1059,108039.0,6
1060,63541.0,2
1061,142145.0,6
1062,38648.0,2
1063,211293.0,7
1064,118101.0,4
1065,5421.0,1
1066,85029.0,2
1067,229521.0,7
1068,94385.0,4
1069,32258.0,1
1070,13680.0,3
1071,102561.0,5
1072,103399.0,3
1073,168714.0,9
1074,175036.0,6
1075,18449.0,1
1076,194706.0,7
1077,148314.0,5
1078,31510.0,2
1079,118147.0,5
1080,49786.0,2
1081,85483.0,3
1082,33954.0,3
1083,79146.0,2
1084,130924.0,5
1085,85325.0,2
1086,33496.0,2
1087,162698.0,7
1088,41975.0,2
1089,58223.0,2
1090,83271.0,2
1091,69383.0,3
1092,77244.0,3
1093,77835.0,3
1094,101017.0,3
1095,197329.0,7
1096,72509.0,5
1097,14346.0,1
1098,73270.0,3
1099,64841.0,3
1100,6293.0,1
1101,91599.0,2
1102,89611.0,3
1103,130469.0,5
1104,136868.0,4
1105,124234.0,4
1106,98130.0,4
1107,126648.0,4
1108,45980.0,2
1109,97034.0,3
1110,134527.0,3
1111,117752.0,3
1112,5832.0,1
1113,67898.0,3
1114,102065.0,3
1115,185657.0,6
1116,36031.0,1
1117,90342.0,3
1118,128360.0,4
1119,76156.0,3
1120,67768.0,3
1121,46279.0,2
1122,70275.0,2
1123,76356.0,3
1124,102580.0,4
1125,48190.0,1
1126,147339.0,5
1127,101981.0,6
1128,60265.0,3
1129,271095.0,8
1130,88235.0,3
1131,66905.0,3
1132,56769.0,2
1133,103879.0,4
1134,38849.0,1
1135,102792.0,3
1136,21598.0,1
1137,59454.0,2
1138,128038.0,4
1139,79432.0,4
1140,133035.0,5
1141,122580.0,5
1142,140008.0,4
1143,10457.0,1
1144,150801.0,5
1145,105266.0,3
1147,6677.0,1
1148,129600.0,5
1149,9837.0,2
1150,42954.0,2
1151,165145.0,6
1152,46293.0,2
1153,66946.0,3
1154,266745.0,10
1155,102919.0,3
1156,191530.0,5
1157,33447.0,2
1158,59842.0,3
1159,179364.0,5
1160,57137.0,2
1161,54011.0,4
1162,173170.0,6
1163,49430.0,2
1164,130128.0,5
1165,93876.0,3
1166,77009.0,2
1167,95338.0,4
1168,107226.0,3
1169,180298.0,8
1170,188227.0,6
1171,20640.0,2
1172,126149.0,4
1173,185215.0,6
1174,121805.0,4
1175,200473.0,9
1176,49756.0,1
1177,183093.0,6
1178,183010.0,7
1179,100102.0,5
1180,198246.0,6
1182,144437.0,5
1183,50084.0,2
1184,62091.0,3
1185,127844.0,5
1186,73743.0,3
1187,51050.0,3
1188,125591.0,4
1189,16511.0,1
1190,107540.0,4
1191,52650.0,2
1192,80275.0,3
1193,58702.0,2
1194,85265.0,4
1195,35486.0,1
1196,38922.0,1
1197,24499.0,2
1198,172092.0,7
1199,59586.0,3
1200,47763.0,2
1201,153589.0,6
1202,32610.0,1
1203,44117.0,2
1204,51701.0,2
1205,102175.0,4
1206,105641.0,6
1207,192700.0,7
1208,45205.0,2
1209,186838.0,6
1210,16765.0,1
1211,28162.0,2
1212,301308.0,10
1213,202206.0,7
1214,3905.0,1
1215,63060.0,3
1216,156644.0,5
1217,46715.0,1
1218,43509.0,1
1219,52320.0,3
1220,231784.0,9
1221,109208.0,4
1222,67417.0,3
1223,75664.0,4
1224,76571.0,4
1225,9339.0,1
1226,121913.0,4
1227,189885.0,7
1228,20197.0,3
1229,37630.0,1
1230,49650.0,3
1231,28545.0,3
1232,114042.0,4
1233,63520.0,4
1234,13606.0,2
1235,53143.0,2
1236,46713.0,2
1237,317.0,1
1238,171185.0,7
1239,47829.0,2
1240,36003.0,2
1241,34602.0,1
1242,68018.0,4
1243,85972.0,3
1244,141065.0,4
1245,31593.0,1
1246,171667.0,7
1247,27572.0,1
1248,95189.0,4
1249,32769.0,3
1250,241986.0,7
1251,22050.0,1
1252,122522.0,5
1253,102192.0,5
1254,65727.0,5
1255,24059.0,1
1256,274700.0,8
1257,131109.0,6
1258,63660.0,3
1259,160659.0,5
1260,135278.0,4
1261,134549.0,5
1262,146303.0,5
1263,72926.0,3
1264,106261.0,3
1265,224685.0,9
1266,68239.0,2
1267,109848.0,3
1268,58960.0,2
1270,28672.0,1
1271,111375.0,3
1272,161689.0,5
1273,200691.0,5
1274,109514.0,4
1275,155420.0,4
1276,138274.0,4
1277,101750.0,4
1278,69062.0,4
1279,70133.0,5
1280,171177.0,5
1281,111771.0,4
1282,115172.0,4
1283,112995.0,5
1284,123802.0,4
1285,39767.0,2
1286,37434.0,1
1287,77752.0,4
1288,107572.0,4
1289,90622.0,3
1290,22456.0,1
1291,62810.0,3
1292,84461.0,3
1293,83697.0,3
1294,38403.0,1
1296,85760.0,3
1297,196031.0,5
1298,206897.0,7
1299,186743.0,8
1300,107564.0,4
1301,44576.0,1
1302,35477.0,2
1303,148722.0,5
1304,34857.0,2
1305,32920.0,2
1306,100761.0,3
1307,152981.0,5
1308,156010.0,5
1309,135784.0,7
1310,202280.0,8
1311,157642.0,5
1312,45713.0,1
1313,41214.0,3
1314,90210.0,4
1315,153251.0,5
1316,160690.0,5
1317,72525.0,4
1318,40910.0,2
1319,132612.0,5
1320,109975.0,5
1321,150581.0,5
1322,82864.0,4
1323,49502.0,3
1324,58788.0,3
1325,45258.0,2
1326,69975.0,3
1327,162676.0,6
1328,38611.0,2
1329,143837.0,5
1331,127900.0,4
1332,81937.0,3
1334,38921.0,2
1335,50434.0,2
1338,6454.0,1
1339,28807.0,1
1340,81722.0,2
1341,32796.0,2
1342,59002.0,4
1343,17257.0,1
1344,5069.0,2
1345,64309.0,3
1346,106079.0,4
1347,44510.0,2
1348,97440.0,3
1349,99450.0,4
1350,102263.0,7
1351,162543.0,7
1352,95843.0,3
1353,122905.0,3
1354,137335.0,5
1355,47023.0,4
1356,47168.0,3
1357,28795.0,1
1358,74603.0,3
1359,86940.0,2
1360,84450.0,6
1361,47699.0,2
1362,68431.0,3
1363,77422.0,2
1364,26822.0,1
1365,44842.0,3
1366,54393.0,2
1367,101687.0,7
1368,97835.0,3
1369,113959.0,4
1370,89472.0,3
1371,50103.0,2
1372,122172.0,6
1373,47719.0,3
1374,100793.0,4
1375,84713.0,3
1376,47275.0,2
1377,88764.0,4
1378,211206.0,8
1379,93153.0,3
1380,98222.0,3
1381,97116.0,4
1382,168793.0,7
1383,42773.0,2
1384,94127.0,3
1385,12372.0,2
1386,9382.0,1
1387,79199.0,3
1388,140838.0,4
1389,101613.0,3
1391,20227.0,3
1392,22593.0,3
1393,49505.0,1
1394,162084.0,7
1395,76027.0,5
1396,108819.0,3
1397,29014.0,1
1398,94781.0,3
1399,223446.0,8
1400,33225.0,1
1401,71006.0,2
1402,112794.0,4
1403,141757.0,6
1404,82032.0,4
1405,28769.0,3
1406,103844.0,3
1407,128865.0,4
1408,110772.0,4
1409,134197.0,5
1410,47364.0,2
1411,114110.0,3
1412,68706.0,2
1413,118169.0,7
1414,64492.0,2
1415,124535.0,5
1416,73054.0,3
1417,93568.0,3
1418,58821.0,3
1419,124296.0,6
1420,77236.0,3
1421,51378.0,3
1422,84766.0,4
1423,8522.0,1
1424,97774.0,4
1426,46770.0,2
1427,88451.0,4
1428,175644.0,5
1429,72893.0,3
1430,61482.0,2
1431,56734.0,2
1432,48510.0,3
1433,67550.0,2
1434,128979.0,6
1435,125654.0,4
1436,33271.0,1
1437,31292.0,2
1438,131793.0,4
1439,15716.0,2
1440,142897.0,5
1441,184475.0,7
1442,185386.0,4
1443,48671.0,2
1444,102037.0,3
1445,93542.0,4
1446,78413.0,3
1447,65491.0,3
1448,118991.0,3
1449,117342.0,6
1450,71529.0,3
1451,172796.0,7
1452,35010.0,1
1453,15663.0,2
1454,57251.0,3
1455,142654.0,5
1456,152305.0,5
1457,104008.0,4
1458,122485.0,3
1459,135289.0,5
1460,29920.0,1
1461,217589.0,8
1462,117662.0,5
1463,226170.0,6
1464,96882.0,4
1465,151298.0,4
1466,46456.0,3
1467,136433.0,5
1468,24507.0,2
1469,75720.0,2
1470,28141.0,1
1471,64309.0,2
1472,57789.0,3
1473,204109.0,5
1474,133587.0,5
1475,85029.0,4
1476,79476.0,5
1477,172732.0,6
1478,40118.0,1
1479,98327.0,4
1480,132919.0,3
1481,85340.0,3
1482,58084.0,4
1483,72027.0,3
1484,58209.0,2
1485,51615.0,2
1486,153759.0,5
1487,82346.0,5
1488,87101.0,4
1489,79083.0,3
1490,55215.0,3
1491,241352.0,7
1492,124009.0,4
1493,33042.0,2
1495,27739.0,2
1496,120491.0,4
1497,62785.0,3
1498,115436.0,6
1499,127580.0,6
1500,93812.0,2
1501,23594.0,2
1502,58041.0,3
1503,119086.0,3
1504,297879.0,9
1505,54303.0,2
1506,76596.0,3
1508,61674.0,3
1509,60884.0,2
1510,72756.0,3
1511,121483.0,3
1512,86139.0,3
1513,150448.0,5
1514,40404.0,4
1515,212904.0,8
1516,53915.0,3
1517,102997.0,4
1518,82603.0,2
1519,82754.0,4
1520,70502.0,2
1521,30028.0,2
1522,7177.0,1
1523,74803.0,2
1524,71277.0,3
1525,79965.0,2
1526,227709.0,7
1527,104968.0,4
1528,145848.0,5
1529,144534.0,5
1530,41740.0,1
1532,95863.0,6
1533,33876.0,2
1534,134363.0,4
1535,182146.0,6
1536,34390.0,2
1537,109620.0,6
1538,61219.0,3
1539,136958.0,4
1540,89582.0,4
1541,167172.0,6
1542,83134.0,3
1543,41744.0,3
1544,39473.0,2
1545,31260.0,1
1546,168185.0,5
1547,80730.0,3
1548,168901.0,5
1549,107101.0,5
1550,107188.0,5
1551,84637.0,4
1552,60308.0,2
1553,170248.0,6
1554,71663.0,3
1555,62341.0,2
1556,59336.0,2
1557,84795.0,3
1558,86634.0,2
1559,139763.0,5
1561,68503.0,2
1562,175950.0,6
1563,95301.0,5
1564,49706.0,4
1565,66705.0,3
1566,257168.0,11
1567,112227.0,3
1568,99669.0,4
1569,78304.0,4
1570,81675.0,3
1571,61321.0,3
1572,42213.0,1
1573,131217.0,4
1574,99872.0,5
1575,160124.0,7
1576,55978.0,2
1578,70633.0,3
1579,126708.0,5
1580,121366.0,5
1581,81066.0,3
1582,15845.0,1
1583,67279.0,3
1584,2504.0,1
1585,42594.0,2
1586,11847.0,1
1587,88309.0,3
1588,1463.0,1
1589,10004.0,1
1590,99612.0,4
1591,110100.0,4
1592,111572.0,3
1593,73635.0,5
1594,113070.0,4
1595,185074.0,6
1596,43779.0,1
1597,61905.0,3
1598,71019.0,2
1599,100166.0,3
1600,134465.0,4
1601,119926.0,4
1602,3813.0,2
1603,62696.0,3
1604,118852.0,4
1605,48189.0,3
1606,31034.0,2
1607,76164.0,2
1608,91974.0,3
1609,43950.0,1
1610,156595.0,4
1611,36417.0,2
1612,68607.0,3
1613,201292.0,5
1615,86873.0,3
1616,68230.0,2
1617,206540.0,6
1618,64748.0,2
1619,92813.0,6
1620,97101.0,3
1621,105974.0,6
1622,75566.0,3
1623,83673.0,3
1624,113594.0,3
1625,114110.0,4
1626,52556.0,2
1627,120404.0,5
1628,99631.0,3
1629,118954.0,4
1630,111690.0,5
1631,64251.0,3
1632,70239.0,4
1633,179687.0,6
1634,121576.0,3
1635,96176.0,4
1636,142513.0,4
1637,48410.0,1
1638,164996.0,6
1639,49150.0,1
1640,122547.0,5
1641,192108.0,6
1642,69627.0,3
1643,142986.0,7
1644,45535.0,1
1645,84335.0,5
1646,46745.0,2
1647,38546.0,2
1648,108224.0,3
1649,172264.0,6
1650,57961.0,2
1651,143950.0,5
1652,33395.0,1
1653,90191.0,3
1654,114102.0,4
1655,101374.0,4
1656,109658.0,3
1657,64475.0,3
1658,68677.0,3
1659,76099.0,4
1660,32989.0,1
1661,164265.0,5
1662,112073.0,4
1663,86803.0,3
1664,58335.0,4
1665,117052.0,5
1666,37038.0,2
1667,140281.0,5
1668,71751.0,3
1669,75176.0,3
1670,71738.0,2
1671,113440.0,4
1673,63692.0,4
1674,87611.0,2
1675,70451.0,2
1676,97955.0,3
1677,80543.0,3
1678,25249.0,1
1679,116293.0,5
1680,54178.0,4
1681,106840.0,4
1682,28589.0,2
1683,50409.0,2
1684,3764.0,1
1685,215766.0,6
1686,175524.0,6
1687,166439.0,8
1688,89713.0,4
1689,47091.0,2
1690,93089.0,3
1691,55726.0,3
1692,67759.0,3
1693,4317.0,1
1694,88739.0,3
1695,86966.0,3
1696,16165.0,2
1697,80366.0,4
1699,273462.0,7
1700,104553.0,4
1701,114091.0,5
1702,34554.0,3
1703,178818.0,7
1704,44802.0,2
1705,24855.0,3
1706,70700.0,3
1707,130185.0,4
1708,111515.0,5
1709,65618.0,4
1710,99619.0,4
1711,136342.0,5
1712,201468.0,8
1713,132724.0,5
1714,70483.0,2
1715,50238.0,5
1716,48131.0,3
1718,3438.0,2
1719,7524.0,1
1720,163574.0,6
1721,126799.0,5
1722,208288.0,8
1723,89255.0,3
1725,74239.0,4
1726,23324.0,2
1727,137991.0,7
1728,234219.0,9
1729,133224.0,4
1730,94748.0,5
1731,140195.0,5
1732,64079.0,3
1733,16211.0,1
1734,62605.0,3
1735,31327.0,2
1737,33966.0,2
1738,103732.0,3
1739,41119.0,1
1740,152233.0,7
1742,137528.0,5
1743,37855.0,2
1745,4300.0,1
1746,35547.0,3
1747,91780.0,4
1748,255136.0,8
1749,49306.0,2
1750,172690.0,7
1751,57820.0,3
1752,124802.0,6
1753,16001.0,2
1754,112805.0,6
1755,47205.0,1
1756,177474.0,6
1757,105721.0,3
1758,3849.0,1
1759,45683.0,3
1760,22494.0,2
1761,149676.0,5
1762,77718.0,2
1763,56729.0,3
1764,85747.0,4
1765,147189.0,6
1766,116571.0,4
1767,66499.0,2
1768,101385.0,4
1769,110548.0,4
1770,58646.0,4
1771,52975.0,3
1772,136293.0,4
1773,264424.0,10
1774,48337.0,1
1775,45784.0,2
1776,191077.0,5
1777,28578.0,3
1778,35659.0,1
1779,170100.0,8
1780,49178.0,4
1781,91357.0,3
1782,69396.0,3
1783,15954.0,1
1784,134596.0,4
1785,29085.0,3
1786,61083.0,4
1787,255380.0,7
1788,25942.0,1
1789,134224.0,4
1790,63712.0,2
1791,92595.0,6
1792,142758.0,4
1793,108456.0,4
1794,59519.0,2
1795,73864.0,3
1796,66895.0,2
1797,111599.0,7
1798,51229.0,3
1799,90057.0,3
1800,87565.0,4
1801,38095.0,2
1802,145468.0,4
1804,33492.0,1
1805,124536.0,4
1806,86765.0,4
1807,92190.0,4
1808,27704.0,1
1809,23450.0,1
1810,40431.0,1
1811,126580.0,4
1812,58398.0,3
1813,129938.0,6
1814,214913.0,8
1815,61887.0,4
1816,42454.0,1
1817,18899.0,2
1818,35583.0,1
1819,132661.0,5
1820,62418.0,3
1821,72848.0,2
1823,171565.0,7
1824,76195.0,3
1825,101563.0,5
1826,83935.0,3
1827,228511.0,6
1828,14040.0,2
1829,168737.0,5
1830,78137.0,2
1831,250484.0,8
1832,114338.0,3
1833,26545.0,1
1834,46792.0,2
1836,77284.0,2
1837,70872.0,2
1838,85509.0,3
1839,130859.0,6
1840,61131.0,5
1841,123501.0,4
1842,153733.0,5
1843,70137.0,3
1844,67627.0,3
1845,67346.0,3
1846,16788.0,2
1847,86817.0,2
1848,151781.0,5
1849,119945.0,4
1850,27194.0,2
1851,41365.0,2
1852,20643.0,1
1853,81494.0,6
1854,17959.0,2
1855,156404.0,6
1856,38402.0,3
1857,73172.0,4
1858,115546.0,6
1859,97677.0,4
1860,96440.0,3
1861,94010.0,4
1862,107731.0,5
1863,196176.0,6
1864,209738.0,7
1865,130693.0,4
1866,109212.0,5
1867,142071.0,6
1868,69569.0,5
1869,32264.0,2
1870,107401.0,5
1871,157254.0,8
1872,6122.0,1
1873,75898.0,3
1875,37001.0,1
1876,64502.0,3
1877,112661.0,5
1878,183145.0,6
1879,84939.0,4
1880,21903.0,1
1881,139513.0,4
1882,63503.0,2
1883,58810.0,2
1884,43137.0,3
1885,123066.0,5
1887,76196.0,2
1888,9458.0,1
1889,204829.0,6
1890,142681.0,4
1892,32957.0,1
1893,70233.0,2
1894,71254.0,3
1895,92716.0,3
1896,101173.0,3
1898,47849.0,1
1899,30846.0,2
1900,34498.0,2
1901,159145.0,4
1902,45007.0,1
1903,103396.0,6
1904,94961.0,3
1905,77873.0,3
1906,63482.0,5
1907,108490.0,3
1908,85579.0,3
1909,49167.0,1
1910,12020.0,1
1911,54718.0,2
1912,82467.0,5
1913,126482.0,5
1914,26996.0,2
1915,58540.0,3
1916,29177.0,2
1917,14369.0,2
1918,107136.0,3
1919,49667.0,2
1920,135248.0,6
1921,39244.0,1
1922,45434.0,2
1923,127347.0,4
1924,88486.0,4
1925,140145.0,7
1926,187853.0,7
1927,15559.0,1
1928,82485.0,5
1929,60940.0,2
1930,98170.0,4
1931,135534.0,4
1932,100876.0,3
1933,37542.0,2
1934,40493.0,2
1935,30539.0,2
1936,71442.0,2
1937,60722.0,2
1938,136509.0,4
1940,25781.0,1
1941,31676.0,2
1942,59252.0,3
1943,136072.0,4
1944,48580.0,2
1945,57598.0,2
1946,37503.0,3
1947,71425.0,4
1948,42727.0,1
1949,203108.0,7
1950,54603.0,2
1951,64866.0,2
1952,125917.0,5
1953,105287.0,4
1954,50804.0,2
1955,48220.0,2
1956,63877.0,2
1957,98618.0,5
1958,141862.0,7
1959,135743.0,3
1961,146611.0,4
1962,40537.0,3
1963,49279.0,1
1964,63629.0,4
1965,25629.0,1
1966,91655.0,3
1967,118217.0,5
1968,36558.0,1
1969,86516.0,3
1970,49272.0,1
1971,109444.0,3
1972,30006.0,1
1973,85741.0,3
1974,46887.0,2
1975,16124.0,1
1976,36007.0,3
1977,185846.0,5
1978,81727.0,5
1979,112425.0,3
1980,69345.0,2
1982,146270.0,5
1983,93899.0,4
1985,193220.0,7
1986,101181.0,4
1987,39793.0,2
1988,60907.0,4
1989,54419.0,2
1990,11125.0,1
1991,49141.0,1
1992,100445.0,5
1993,58318.0,2
1994,242017.0,6
1995,4400.0,1
1997,121679.0,5
1998,106212.0,4
1999,181019.0,6
2000,151011.0,4
2001,58506.0,2
2002,116572.0,4
2003,26847.0,1
2004,44022.0,2
2005,70622.0,2
2006,69095.0,3
2007,49735.0,2
2008,78724.0,4
2009,46731.0,1
2010,67251.0,4
2011,45552.0,1
2012,157426.0,4
2013,116864.0,3
2014,186223.0,7
2015,47581.0,3
2016,18294.0,2
2017,145084.0,5
2018,116320.0,4
2019,77668.0,3
2020,20574.0,2
2021,88170.0,3
2022,37903.0,1
2023,37413.0,1
2024,55299.0,2
2025,58457.0,2
2026,85397.0,7
2027,96995.0,4
2028,91884.0,3
2029,15836.0,1
2030,39310.0,3
2031,116672.0,4
2032,102430.0,3
2033,142352.0,5
2034,286666.0,10
2035,85407.0,3
2036,156187.0,6
2037,85972.0,3
2038,28667.0,2
2039,34618.0,1
2040,67947.0,2
2041,54261.0,4
2042,48488.0,1
2043,125871.0,5
2044,102937.0,5
2045,23362.0,1
2046,14531.0,2
2047,42928.0,2
2048,146094.0,4
2049,29682.0,1
2050,68566.0,5
2051,51049.0,2
2052,71101.0,4
2053,71613.0,4
2054,87126.0,3
2055,47584.0,1
2056,97598.0,4
2057,149440.0,5
2059,142141.0,5
2060,41779.0,3
2061,90785.0,2
2062,78843.0,4
2063,70230.0,3
2064,109870.0,4
2065,41904.0,2
2066,24978.0,1
2067,44718.0,2
2068,89007.0,4
2069,125151.0,5
2070,109899.0,3
2071,23440.0,2
2072,31073.0,3
2073,43755.0,2
2074,111071.0,5
2075,42805.0,2
2077,138121.0,5
2078,94082.0,6
2079,70930.0,3
2080,93402.0,3
2081,51186.0,3
2082,220170.0,6
2083,89696.0,2
2084,32798.0,1
2085,26640.0,1
2086,83766.0,2
2087,21289.0,1
2088,151962.0,6
2089,85369.0,2
2090,37936.0,2
2091,167823.0,5
2092,89341.0,2
2093,41796.0,3
2094,107590.0,3
2096,101998.0,3
2097,24790.0,1
2098,33549.0,2
2099,67489.0,3
2100,80254.0,4
2101,46268.0,2
2102,283006.0,11
2103,68437.0,2
2104,118516.0,3
2105,150674.0,4
2106,63226.0,3
2107,44725.0,2
2108,95613.0,3
2109,46754.0,1
2110,46809.0,2
2111,42731.0,2
2112,170957.0,6
2113,138950.0,4
2114,90404.0,6
2115,75083.0,3
2116,100732.0,3
2117,40646.0,1
2118,48758.0,3
2119,110108.0,3
2120,67860.0,4
2121,47442.0,2
2122,46158.0,2
2123,55199.0,3
2124,51803.0,2
2126,151289.0,5
2127,135414.0,5
2128,148506.0,6
2129,144925.0,6
2130,192055.0,5
2131,79718.0,4
2132,105909.0,3
2133,111932.0,4
2134,107774.0,5
2135,53767.0,3
2136,107844.0,4
2137,130201.0,4
2138,188224.0,8
2140,91934.0,4
2141,98824.0,2
2142,96489.0,3
2143,144449.0,5
2144,45916.0,4
2145,47795.0,3
2146,56734.0,2
2147,156389.0,6
2148,191924.0,5
2149,252105.0,11
2150,148556.0,4
2151,46509.0,2
2152,31238.0,1
2153,39492.0,1
2154,162925.0,6
2155,21305.0,2
2156,147518.0,4
2157,31784.0,1
2158,89531.0,3
2159,293134.0,10
2160,92427.0,3
2161,73306.0,3
2162,53750.0,3
2164,85225.0,3
2165,129730.0,4
2166,59488.0,2
2167,70547.0,4
2168,72416.0,4
2169,7866.0,1
2170,194464.0,7
2171,92400.0,3
2172,61927.0,2
2173,131097.0,4
2174,45657.0,1
2175,52548.0,3
2176,34348.0,2
2177,76254.0,3
2178,110149.0,3
2180,79976.0,3
2181,28336.0,2
2182,113424.0,6
2183,38556.0,1
2184,94233.0,3
2185,81950.0,4
2186,94548.0,3
2187,128566.0,4
2188,181267.0,5
2189,70755.0,2
2190,52668.0,2
2191,160366.0,6
2192,139089.0,4
2193,47381.0,3
2194,136811.0,5
2195,154579.0,4
2196,121142.0,4
2197,105935.0,3
2198,101111.0,4
2199,155230.0,4
2200,84313.0,3
2201,85939.0,2
2202,55515.0,2
2203,55712.0,3
2204,129231.0,7
2205,76834.0,2
2206,28841.0,2
2207,185069.0,6
2208,141426.0,7
2209,57801.0,4
2210,78210.0,2
2212,15234.0,2
2213,51444.0,2
2214,8349.0,2
2215,139744.0,4
2216,118181.0,4
2217,37463.0,1
2218,145941.0,4
2219,45977.0,2
2220,41294.0,1
2221,87705.0,3
2222,170544.0,6
2223,14882.0,1
2224,54764.0,3
2225,77481.0,3
2226,92239.0,3
2227,163489.0,6
2229,103219.0,3
2230,65397.0,4
2231,13470.0,2
2232,35286.0,2
2233,186614.0,9
2234,68690.0,2
2235,48559.0,2
2236,67848.0,3
2237,161045.0,4
2238,16033.0,1
2239,28296.0,4
2240,74895.0,4
2241,197574.0,7
2242,39746.0,2
2243,81591.0,3
2244,7110.0,1
2245,95275.0,3
2246,163998.0,6
2247,111606.0,5
2248,65303.0,5
2249,116743.0,3
2250,67624.0,3
2251,25197.0,2
2252,198240.0,6
2253,116608.0,6
2254,71994.0,3
2255,183123.0,5
2256,173626.0,6
2257,59652.0,2
2258,53522.0,2
2259,33916.0,1
2261,40441.0,3
2262,60256.0,2
2263,168522.0,7
2264,30557.0,1
2265,69484.0,3
2266,2922.0,1
2267,55895.0,3
2268,94156.0,3
2269,110850.0,4
2271,43428.0,1
2272,146198.0,4
2273,97417.0,3
2274,131923.0,6
2275,116347.0,3
2276,7323.0,1
2277,185347.0,5
2278,127929.0,4
2279,118482.0,4
2280,52478.0,2
2281,74953.0,2
2282,19428.0,1
2284,18592.0,1
2285,44259.0,1
2286,82818.0,4
2287,60577.0,2
2288,19418.0,2
2289,12670.0,2
2290,110755.0,5
2291,66225.0,2
2292,97433.0,3
2293,158164.0,5
2295,48612.0,1
2296,94761.0,2
2297,128079.0,7
2298,180852.0,5
2299,126521.0,8
2300,148424.0,5
2301,196026.0,8
2302,42326.0,2
2303,85121.0,3
2304,58065.0,2
2305,86507.0,2
2306,110987.0,5
2307,134906.0,4
2308,76764.0,2
2309,118110.0,4
2310,124497.0,4
2311,74885.0,3
2312,76795.0,3
2313,31932.0,2
2314,110398.0,3
2315,51665.0,2
2316,140515.0,5
2317,9105.0,1
2318,136121.0,5
2320,163427.0,6
2321,81205.0,3
2322,66945.0,3
2323,16854.0,2
2324,146630.0,4
2325,201756.0,6
2326,69786.0,3
2327,59741.0,3
2328,29188.0,1
2329,97324.0,3
2330,74135.0,4
2331,173585.0,4
2332,86963.0,3
2333,66942.0,3
2334,62384.0,4
2335,133117.0,5
2336,46788.0,2
2337,6314.0,2
2338,82555.0,3
2339,125631.0,4
2340,29547.0,2
2341,64394.0,3
2342,145424.0,4
2343,104006.0,4
2344,147336.0,5
2345,145921.0,4
2346,132073.0,6
2347,54522.0,3
2348,38581.0,1
2349,96140.0,6
2350,81264.0,5
2351,120039.0,3
2352,16161.0,2
2353,54856.0,2
2354,88180.0,5
2355,52137.0,4
2356,44959.0,2
2357,42298.0,2
2358,135466.0,5
2359,62959.0,3
2360,79806.0,4
2361,141299.0,8
2362,27833.0,1
2363,63644.0,3
2364,112470.0,4
2365,192800.0,7
2366,130938.0,5
2367,80576.0,4
2368,73425.0,2
2369,99982.0,3
2370,189127.0,7
2371,117306.0,5
2372,20980.0,1
2373,202158.0,8
2374,54948.0,2
2375,65821.0,4
2376,97986.0,4
2377,106847.0,4
2378,49588.0,2
2379,57037.0,3
2380,84678.0,3
2381,56009.0,2
2382,108379.0,5
2383,63348.0,2
2384,62001.0,3
2385,11317.0,1
2386,28273.0,1
2387,56846.0,3
2388,128472.0,4
2389,90070.0,5
2390,49507.0,1
2391,73423.0,4
2392,47082.0,3
2393,97021.0,4
2394,80054.0,3
2395,166329.0,7
2396,48656.0,1
2397,57505.0,3
2398,96055.0,3
2399,27715.0,1
2400,86573.0,4
2401,56957.0,2
2402,60110.0,2
2403,5463.0,1
2404,20566.0,1
2405,39494.0,2
2406,118817.0,4
2407,31443.0,3
2408,36024.0,3
2409,66465.0,2
2410,66516.0,3
2411,83267.0,2
2412,155602.0,6
2413,161256.0,7
2414,50194.0,2
2415,101901.0,5
2416,115064.0,4
2417,112851.0,4
2418,95095.0,4
2419,103786.0,4
2420,56970.0,3
2421,94237.0,3
2422,32982.0,2
2423,62335.0,3
2424,110929.0,5
2425,25237.0,2
2426,70541.0,2
2427,73725.0,4
2428,91997.0,3
2429,182189.0,7
2430,40645.0,1
2431,128573.0,4
2432,128502.0,3
2433,10026.0,1
2434,82994.0,4
2435,82106.0,4
2436,181637.0,8
2437,195741.0,9
2438,76218.0,3
2439,113014.0,3
2440,50501.0,2
2441,83730.0,3
2442,216074.0,8
2443,120084.0,4
2444,53033.0,4
2445,47127.0,2
2447,88270.0,3
2448,44480.0,3
2449,46016.0,2
2450,55984.0,3
2451,67035.0,3
2452,61900.0,2
2453,105889.0,4
2454,46835.0,2
2455,110094.0,6
2456,137768.0,6
2457,226213.0,8
2459,103449.0,5
2460,5484.0,1
2461,97262.0,3
2463,115110.0,5
2464,71742.0,3
2465,93194.0,4
2466,78797.0,3
2467,154833.0,6
2469,156098.0,4
2470,74298.0,2
2471,77765.0,3
2472,76151.0,2
2473,118985.0,3
2474,24484.0,1
2475,89704.0,3
2476,69921.0,4
2477,5032.0,2
2478,20348.0,2
2479,148119.0,4
2480,57015.0,2
2481,111713.0,3
2482,40933.0,2
2483,33859.0,2
2484,85779.0,3
2485,121434.0,4
2486,129965.0,4
2487,81870.0,6
2488,39798.0,1
2489,109540.0,5
2490,115573.0,4
2491,38449.0,1
2492,67929.0,3
2493,45184.0,2
2494,175832.0,5
2495,58489.0,3
2496,129703.0,4
2497,97973.0,3
2498,69960.0,2
2499,121630.0,6
2500,61683.0,2
2501,65447.0,4
2502,118983.0,6
2503,24182.0,1
2504,82518.0,3
2505,175815.0,6
2506,103261.0,4
2507,94436.0,5
2508,161504.0,4
2509,56972.0,2
2510,266475.0,9
2511,23653.0,3
2513,197689.0,6
2514,61137.0,2
2515,135060.0,7
2516,111945.0,4
2517,80405.0,3
2518,70307.0,5
2519,112114.0,4
2520,95856.0,3
2521,16665.0,3
2522,68749.0,5
2523,85549.0,3
2524,52483.0,2
2525,204207.0,5
2526,167643.0,6
2527,80441.0,2
2528,43692.0,1
2529,81361.0,3
2530,208949.0,9
2531,282167.0,8
2532,9302.0,1
2533,50689.0,2
2534,272433.0,7
2535,98614.0,3
2536,49050.0,3
2537,88958.0,4
2538,142033.0,5
2539,99573.0,4
2540,12429.0,1
2541,75662.0,2
2542,1269.0,1
2544,139541.0,6
2545,26604.0,1
2546,62085.0,3
2547,133239.0,4
2548,135553.0,5
2549,20760.0,1
2550,243796.0,8
2551,98058.0,4
2552,83213.0,3
2553,67548.0,3
2554,96686.0,3
2556,199472.0,6
2557,97841.0,4
2558,42497.0,2
2559,78774.0,3
2560,38494.0,1
2561,41134.0,3
2562,112692.0,5
2563,49368.0,1
2564,161541.0,5
2565,140940.0,5
2566,69675.0,3
2567,77168.0,3
2568,23660.0,3
2569,101810.0,4
2570,165078.0,4
2571,67783.0,4
2572,83799.0,2
2573,36000.0,2
2574,35387.0,4
2576,43043.0,1
2577,49620.0,2
2578,101962.0,5
2579,48181.0,2
2580,28325.0,1
2581,66162.0,5
2582,103874.0,4
2583,29633.0,2
2584,110078.0,5
2585,55559.0,5
2586,54078.0,3
2587,97370.0,4
2588,62713.0,3
2589,105968.0,4
2591,24847.0,1
2592,133331.0,6
2593,88555.0,2
2594,21407.0,1
2595,49272.0,2
2596,146520.0,4
2597,45568.0,2
2598,52266.0,2
2599,139891.0,5
2600,138890.0,8
2601,148475.0,6
2603,4532.0,1
2604,102589.0,4
2605,53960.0,4
2606,91319.0,3
2607,88706.0,4
2608,111772.0,3
2609,33758.0,1
2610,76547.0,4
2611,71696.0,3
2613,25546.0,3
2614,38611.0,2
2616,84070.0,2
2617,47374.0,1
2618,114615.0,5
2619,117957.0,6
2620,128482.0,6
2621,31533.0,2
2622,75977.0,4
2623,75112.0,3
2624,86325.0,3
2625,75723.0,4
2626,63419.0,3
2627,28653.0,1
2628,75268.0,4
2629,276875.0,9
2630,21455.0,3
2631,77381.0,5
2632,111175.0,6
2633,150897.0,7
2634,73623.0,2
2635,34964.0,2
2636,5062.0,1
2637,40698.0,2
2638,194530.0,9
2639,33053.0,1
2640,17900.0,3
2641,41496.0,2
2642,32447.0,1
2643,82445.0,2
2644,54224.0,3
2645,132493.0,7
2646,116106.0,3
2647,107254.0,3
2648,51091.0,4
2649,151231.0,6
2650,18222.0,1
2651,191775.0,7
2652,8183.0,1
2653,55020.0,3
2654,86474.0,4
2655,139681.0,5
2656,75201.0,4
2657,54860.0,3
2658,27664.0,1
2659,71251.0,3
2660,63344.0,4
2661,66950.0,3
2662,99583.0,3
2663,58123.0,5
2664,115530.0,4
2665,47608.0,2
2666,223354.0,7
2667,71341.0,3
2668,54356.0,2
2669,54532.0,3
2670,77589.0,2
2671,39555.0,2
2672,15531.0,2
2673,106028.0,5
2674,46148.0,2
2675,109388.0,5
2676,67698.0,2
2677,61763.0,3
2678,42192.0,4
2679,216332.0,7
2680,152579.0,5
2681,113842.0,3
2682,6523.0,1
2683,110072.0,6
2684,61501.0,3
2685,14780.0,1
2686,125091.0,5
2687,75539.0,4
2688,20761.0,1
2689,60770.0,3
2690,53242.0,2
2691,23453.0,2
2692,129352.0,5
2694,69043.0,4
2695,94212.0,2
2696,36896.0,2
2697,153673.0,6
2698,31104.0,3
2699,76614.0,3
2700,84854.0,3
2701,56378.0,2
2702,108992.0,4
2703,104719.0,4
2704,88475.0,4
2705,64290.0,4
2706,23337.0,2
2707,84378.0,2
2708,107117.0,5
2709,101860.0,4
2710,64743.0,4
2711,45972.0,2
2712,221006.0,8
2713,6639.0,1
2714,73646.0,3
2715,203839.0,8
2716,36588.0,1
2717,189589.0,6
2718,143092.0,5
2719,193324.0,8
2720,163061.0,4
2721,140759.0,6
2722,149990.0,5
2723,163194.0,6
2724,132771.0,7
2725,155083.0,4
2726,53342.0,2
2727,171222.0,6
2728,14081.0,2
2729,88401.0,4
2730,106381.0,6
2731,192505.0,5
2732,4726.0,1
2733,49795.0,2
2734,40476.0,2
2736,34439.0,1
2737,104527.0,3
2738,26174.0,2
2739,3365.0,1
2740,73930.0,3
2741,204646.0,7
2742,77184.0,5
2743,91419.0,5
2744,204903.0,8
2745,34514.0,2
2746,111669.0,4
2747,64128.0,2
2748,9383.0,1
2749,105264.0,3
2750,37188.0,1
2751,47174.0,1
2752,161055.0,4
2753,67479.0,3
2754,154948.0,5
2755,47615.0,2
2756,64335.0,3
2757,89271.0,3
2758,90367.0,4
2759,61698.0,3
2760,193133.0,8
2761,17200.0,1
2762,71972.0,4
2763,74356.0,3
2764,161723.0,5
2765,47519.0,2
2766,48765.0,2
2767,71723.0,2
2768,56186.0,2
2769,157949.0,6
2770,25127.0,2
2771,80115.0,3
2772,113005.0,4
2773,125637.0,5
2774,91238.0,3
2775,39666.0,3
2776,102604.0,3
2777,32617.0,2
2778,130433.0,4
2779,73758.0,3
2780,136223.0,5
2781,49844.0,2
2782,37130.0,1
2783,116243.0,5
2784,16802.0,1
2785,159401.0,5
2786,201457.0,6
2787,155758.0,5
2788,83156.0,3
2789,69264.0,2
2790,111841.0,5
2791,45964.0,1
2792,63838.0,3
2793,69818.0,2
2794,42103.0,2
2795,39995.0,1
2796,162746.0,6
2797,158466.0,5
2798,55483.0,2
2799,31868.0,1
2800,80758.0,3
2801,90801.0,3
2802,91431.0,3
2803,59770.0,2
2804,29637.0,2
2805,13011.0,1
2806,20236.0,3
2807,18195.0,2
2808,186019.0,9
2809,55126.0,2
2810,210110.0,9
2811,27488.0,2
2812,167049.0,7
2813,67892.0,2
2814,24484.0,1
2815,80721.0,2
2816,39560.0,3
2817,79584.0,2
2818,76524.0,3
2819,107156.0,4
2820,71854.0,3
2821,9237.0,2
2822,73666.0,4
2823,41282.0,2
2824,144447.0,5
2825,26402.0,2
2826,73912.0,3
2827,155172.0,8
2828,219871.0,6
2829,88509.0,3
2830,106861.0,3
2831,48824.0,3
2832,93125.0,4
2833,138246.0,5
2834,19082.0,1
2835,127549.0,6
2836,36731.0,2
2837,12654.0,1
2838,109723.0,3
2839,72720.0,3
2840,92983.0,3
2842,112547.0,5
2843,49355.0,2
2844,106276.0,4
2845,42293.0,2
2846,78064.0,3
2847,80589.0,3
2848,51891.0,2
2849,176630.0,6
2850,47292.0,4
2851,18784.0,1
2853,51944.0,2
2854,139088.0,4
2855,52479.0,3
2856,4165.0,1
2857,71637.0,2
2858,40585.0,3
2859,76177.0,3
2860,175906.0,7
2861,42828.0,2
2862,114896.0,5
2863,65619.0,4
2864,164333.0,7
2865,70084.0,4
2866,111408.0,5
2867,84017.0,3
2868,45737.0,1
2869,73788.0,2
2870,108752.0,3
2871,318650.0,11
2872,77178.0,3
2873,93909.0,4
2874,92869.0,3
2875,89271.0,3
2877,123064.0,3
2878,17656.0,2
2879,93300.0,4
2880,89455.0,4
2881,61750.0,4
2882,101047.0,3
2883,139771.0,5
2884,85002.0,3
2885,96039.0,3
2886,70818.0,2
2887,49048.0,1
2888,64450.0,2
2889,106800.0,4
2890,42088.0,2
2891,46298.0,2
2892,105165.0,3
2893,190528.0,8
2894,74028.0,4
2895,53281.0,3
2896,8431.0,2
2897,175024.0,7
2898,48975.0,2
2899,135682.0,5
2900,92240.0,4
2901,82612.0,3
2902,53258.0,3
2903,90160.0,3
2904,46299.0,2
2905,45201.0,2
2906,218809.0,9
2907,80597.0,3
2908,74802.0,4
2909,166745.0,5
2910,79079.0,4
2911,117794.0,4
2912,181073.0,6
2913,45356.0,2
2914,18780.0,2
2915,85222.0,2
2916,52804.0,2
2917,167053.0,6
2918,75803.0,3
2919,39528.0,1
2920,48792.0,3
2921,74839.0,5
2922,18784.0,2
2923,71874.0,2
2924,63472.0,3
2925,42957.0,2
2926,36413.0,3
2927,88588.0,6
2928,102221.0,5
2929,111268.0,5
2930,47530.0,3
2931,24307.0,1
2932,105853.0,3
2933,54831.0,2
2934,109899.0,4
2935,99607.0,4
2936,148060.0,5
2937,196955.0,8
2938,13525.0,2
2939,48462.0,2
2940,126640.0,3
2941,9131.0,1
2942,33249.0,1
2943,150606.0,4
2944,165296.0,7
2945,48315.0,3
2946,139204.0,5
2947,73946.0,3
2948,57429.0,4
2949,153520.0,8
2950,218924.0,7
2951,74055.0,2
2952,94500.0,6
2953,65035.0,3
2954,103264.0,5
2955,43539.0,1
2956,113800.0,5
2957,63044.0,4
2958,78054.0,3
2959,230091.0,7
2960,64964.0,4
2961,58507.0,3
2962,29363.0,1
2963,67747.0,4
2964,22542.0,2
2965,48945.0,1
2966,91129.0,3
2967,52898.0,2
2968,32964.0,2
2969,54139.0,2
2970,202001.0,7
2971,78502.0,3
2972,71645.0,4
2973,152415.0,5
2974,117900.0,3
2975,39448.0,2
2976,933.0,1
2977,141860.0,5
2978,56714.0,2
2979,104899.0,3
2981,32272.0,1
2982,62174.0,2
2984,46407.0,3
2985,91868.0,4
2986,49773.0,2
2987,68356.0,2
2988,40263.0,2
2989,116051.0,5
2990,59814.0,3
2991,160408.0,7
2992,26804.0,3
2993,109644.0,6
2994,112936.0,4
2995,113316.0,5
2996,109831.0,5
2997,92714.0,5
2998,124447.0,3
2999,165060.0,7
3000,50172.0,2
3001,186453.0,7
3002,97730.0,3
3003,99689.0,4
3004,67324.0,3
3005,42251.0,2
3006,117665.0,4
3007,14491.0,1
3008,116098.0,4
3009,34930.0,1
3010,4220.0,1
3011,60826.0,4
3012,33654.0,2
3013,169353.0,5
3014,29659.0,1
3015,60391.0,2
3016,94727.0,3
3017,30759.0,3
3018,70527.0,3
3019,31206.0,4
3020,62041.0,5
3021,102462.0,4
3022,47550.0,3
3023,47867.0,3
3024,116670.0,6
3025,78112.0,3
3026,92962.0,3
3027,161185.0,6
3028,98579.0,5
3029,44301.0,1
3030,5389.0,2
3031,78701.0,3
3032,27411.0,3
3033,41693.0,2
3034,18048.0,2
3035,111744.0,3
3036,34114.0,2
3037,117507.0,4
3038,60780.0,4
3039,51707.0,3
3040,69438.0,2
3041,123845.0,4
3042,222361.0,6
3044,24692.0,1
3045,129392.0,5
3046,41306.0,3
3047,41265.0,1
3048,46013.0,2
3049,25974.0,2
3051,90129.0,4
3052,113595.0,4
3053,114538.0,5
3054,78893.0,2
3055,7991.0,1
3056,193497.0,7
3057,97015.0,2
3058,128089.0,6
3059,73272.0,4
3060,83842.0,3
3061,112163.0,4
3062,174738.0,6
3063,167275.0,5
3064,64256.0,3
3065,82967.0,4
3066,129814.0,6
3067,40636.0,1
3068,197611.0,6
3069,40305.0,1
3070,133089.0,4
3071,122856.0,3
3072,4228.0,1
3073,82695.0,4
3074,134238.0,5
3075,206684.0,6
3076,1227.0,2
3077,48196.0,2
3078,66787.0,3
3079,84734.0,2
3080,97003.0,4
3081,114788.0,3
3082,103382.0,3
3083,164356.0,8
3084,190223.0,6
3085,123630.0,5
3086,117819.0,4
3087,41896.0,1
3088,14926.0,1
3089,130613.0,6
3090,45531.0,2
3091,86018.0,3
3092,122535.0,5
3093,78287.0,6
3094,132369.0,4
3095,79165.0,3
3096,61214.0,3
3097,56617.0,3
3098,95471.0,2
3099,31023.0,2
3100,91861.0,3
3101,25620.0,1
3102,32623.0,2
3103,111469.0,3
3104,185695.0,6
3105,71696.0,2
3106,36229.0,2
3107,78501.0,3
3108,61490.0,3
3109,45697.0,1
3110,47878.0,1
3111,99998.0,5
3112,114285.0,4
3113,110427.0,4
3114,131230.0,6
3115,123878.0,5
3116,87195.0,3
3117,35179.0,2
3118,215645.0,5
3119,129086.0,8
3120,91122.0,2
3121,49440.0,2
3122,170970.0,6
3123,61870.0,2
3124,60082.0,3
3125,1311.0,1
3126,79553.0,2
3127,21613.0,1
3128,140396.0,5
3129,54628.0,2
3130,121680.0,5
3132,72699.0,3
3133,62876.0,2
3134,179613.0,5
3135,150409.0,5
3136,34935.0,3
3137,67626.0,3
3138,46910.0,2
3139,24044.0,1
3140,91663.0,4
3141,38230.0,2
3142,92232.0,4
3143,6777.0,1
3144,117256.0,6
3145,9511.0,1
3146,138625.0,5
3147,102964.0,4
3148,67587.0,2
3149,74723.0,2
3150,67832.0,2
3151,119578.0,4
3152,48307.0,1
3153,70497.0,2
3154,188915.0,5
3155,21250.0,2
3156,34950.0,1
3157,26730.0,3
3158,39546.0,2
3159,142896.0,5
3160,152428.0,5
3161,245251.0,9
3162,28673.0,1
3163,22050.0,2
3164,111372.0,5
3165,77097.0,3
3166,165305.0,5
3167,104408.0,5
3168,60599.0,2
3170,77986.0,4
3171,62357.0,3
3172,79036.0,3
3173,45042.0,2
3174,62048.0,3
3175,171289.0,5
3176,94553.0,3
3177,56634.0,3
3178,95103.0,3
3179,44558.0,1
3180,89424.0,2
3181,135673.0,6
3182,93414.0,3
3183,101558.0,5
3185,32961.0,1
3186,64110.0,3
3187,144085.0,5
3188,120040.0,3
3189,104843.0,3
3191,93289.0,4
3192,117653.0,5
3193,47583.0,2
3194,62004.0,2
3195,50133.0,3
3196,35609.0,1
3197,94593.0,2
3198,21295.0,1
3199,7704.0,1
3202,45876.0,1
3203,86496.0,6
3204,7670.0,2
3205,37746.0,1
3206,81153.0,4
3207,12534.0,1
3208,111358.0,3
3209,94883.0,3
3210,76417.0,3
3211,67275.0,2
3212,36607.0,3
3213,49844.0,4
3214,40579.0,2
3215,94231.0,5
3217,85551.0,3
3218,43196.0,3
3219,61356.0,2
3220,21978.0,2
3221,44815.0,2
3222,83394.0,4
3223,68474.0,4
3224,51009.0,2
3225,87810.0,4
3226,142964.0,5
3227,52058.0,2
3228,152562.0,5
3229,37162.0,3
3230,176086.0,9
3231,46150.0,2
3232,18153.0,3
3233,78756.0,3
3234,107476.0,4
3235,35713.0,1
3236,40967.0,3
3237,60545.0,2
3239,27418.0,2
3240,120264.0,6
3241,101301.0,4
3242,148275.0,4
3243,129222.0,4
3244,143687.0,5
3245,29661.0,3
3246,43608.0,4
3247,214566.0,9
3248,63518.0,2
3249,28684.0,2
3250,59163.0,4
3251,81688.0,2
3253,48144.0,1
3254,86118.0,3
3255,145854.0,5
3256,65261.0,4
3257,126235.0,4
3258,72589.0,2
3259,106922.0,4
3260,66465.0,3
3261,75901.0,3
3262,199427.0,6
3263,4925.0,1
3264,64375.0,3
3265,72428.0,3
3267,150774.0,6
3268,144317.0,5
3269,113763.0,5
3270,79557.0,2
3272,73172.0,3
3273,45440.0,2
3274,90146.0,5
3275,47217.0,1
3276,57900.0,3
3277,10911.0,3
3278,122730.0,5
3279,34369.0,2
3280,46252.0,2
3281,91354.0,4
3282,94198.0,3
3283,33206.0,3
3284,44988.0,1
3285,105814.0,5
3286,45862.0,3
3288,160554.0,5
3289,106821.0,5
3290,45506.0,1
3291,120009.0,5
3292,142971.0,6
3293,54766.0,2
3294,70369.0,2
3296,143146.0,6
3297,153349.0,6
3298,118310.0,4
3299,86817.0,3
3300,12535.0,1
3301,239749.0,9
3302,21949.0,1
3303,83340.0,5
3304,65125.0,3
3305,152046.0,5
3306,71392.0,2
3307,101662.0,5
3308,32548.0,2
3309,59147.0,2
3310,144943.0,4
3311,162504.0,5
3312,76580.0,4
3313,136852.0,6
3314,255282.0,10
3315,1885.0,1
3316,10719.0,1
3317,46597.0,1
3319,230765.0,7
3320,71860.0,3
3321,68736.0,2
3322,10290.0,1
3323,76625.0,2
3324,74713.0,3
3325,184098.0,5
3326,114462.0,5
3327,16887.0,2
3328,58984.0,2
3329,71106.0,2
3330,99497.0,5
3331,19362.0,2
3333,96019.0,4
3334,114341.0,4
3336,45995.0,4
3337,132574.0,5
3338,67883.0,3
3339,6383.0,1
3340,60830.0,2
3341,103595.0,3
3342,262152.0,9
3343,26119.0,2
3344,160432.0,6
3345,136701.0,4
3346,33945.0,1
3347,131695.0,6
3348,97544.0,4
3349,81208.0,3
3350,43406.0,1
3351,43411.0,2
3352,37042.0,3
3353,72141.0,3
3354,31569.0,1
3355,165911.0,6
3356,25358.0,1
3357,56422.0,3
3358,138063.0,5
3359,180784.0,5
3360,101260.0,4
3361,120074.0,4
3362,63918.0,2
3363,18758.0,1
3364,42436.0,1
3365,55093.0,2
3366,210184.0,8
3367,35983.0,1
3368,73101.0,4
3369,105720.0,3
3370,44670.0,2
3371,60569.0,3
3372,82263.0,2
3373,95176.0,4
3374,92957.0,3
3375,190829.0,6
3376,188038.0,6
3377,52325.0,3
3378,102890.0,4
3379,164004.0,5
3380,88420.0,3
3381,78126.0,3
3382,51464.0,2
3383,192493.0,6
3384,127246.0,5
3385,51003.0,2
3387,80296.0,3
3388,8179.0,1
3389,75029.0,3
3390,197079.0,7
3391,230145.0,7
3392,103134.0,3
3394,135492.0,5
3395,14643.0,1
3396,69124.0,4
3397,101013.0,3
3398,161570.0,5
3399,54904.0,3
3400,35315.0,3
3401,74945.0,5
3402,116577.0,4
3403,78831.0,2
3404,117217.0,5
3405,123249.0,4
3406,133056.0,4
3407,39047.0,2
3408,25145.0,2
3409,119238.0,6
3410,83609.0,3
3411,193255.0,7
3412,16256.0,1
3413,137095.0,4
3414,37503.0,1
3415,29283.0,2
3416,62514.0,2
3417,57286.0,3
3418,188353.0,6
3419,220098.0,8
3420,63298.0,2
3421,29402.0,1
3422,132999.0,4
3423,97791.0,4
3424,218790.0,6
3425,127704.0,5
3426,42053.0,2
3427,40209.0,2
3428,114343.0,5
3429,63290.0,3
3430,37914.0,2
3431,69471.0,2
3432,56316.0,2
3433,58248.0,4
3434,186898.0,5
3435,3251.0,1
3436,131854.0,5
3437,44132.0,1
3438,118328.0,5
3439,164414.0,5
3440,51155.0,4
3441,30067.0,1
3443,154640.0,5
3444,88349.0,4
3445,77031.0,4
3446,8490.0,1
3447,53338.0,3
3448,90829.0,4
3449,134942.0,5
3450,63938.0,3
3451,104365.0,4
3452,103289.0,5
3453,112302.0,4
3454,22319.0,2
3456,87130.0,4
3457,18058.0,2
3458,94818.0,3
3459,63159.0,4
3460,63763.0,3
3461,30114.0,2
3462,67066.0,4
3464,59107.0,2
3465,103247.0,3
3466,95632.0,3
3467,11630.0,2
3468,109809.0,4
3469,78399.0,3
3470,58072.0,2
3471,158417.0,6
3472,85598.0,2
3473,21985.0,1
3474,42836.0,4
3475,118844.0,6
3476,42592.0,3
3477,99583.0,2
3478,48922.0,2
3479,148960.0,5
3480,33881.0,2
3481,151130.0,7
3482,17414.0,1
3483,159087.0,5
3484,41524.0,3
3485,149618.0,6
3486,77665.0,2
3487,24757.0,1
3488,112308.0,4
3489,75378.0,2
3490,50785.0,2
3491,13885.0,1
3492,32217.0,3
3493,96914.0,5
3494,40118.0,2
3495,123112.0,4
3496,51970.0,2
3497,176890.0,7
3498,73040.0,2
3499,63585.0,2
3500,43428.0,3
3501,28146.0,2
3502,30483.0,3
3503,107368.0,4
3504,101325.0,4
3505,36142.0,1
3506,105806.0,5
3507,55436.0,3
3508,46431.0,1
3509,100400.0,5
3510,27797.0,3
3511,27182.0,1
3512,75036.0,2
3513,106672.0,4
3514,76040.0,4
3515,82338.0,3
3516,100548.0,7
3517,123241.0,5
3518,66652.0,2
3519,69546.0,2
3520,137781.0,6
3521,37953.0,2
3522,36711.0,2
3523,48692.0,2
3525,109055.0,3
3526,77235.0,4
3527,154249.0,5
3528,107614.0,3
3529,225224.0,6
3530,30097.0,1
3531,75943.0,4
3532,104234.0,4
3533,108916.0,3
3534,17876.0,1
3535,29867.0,5
3536,102901.0,4
3537,32134.0,1
3538,135348.0,6
3539,174199.0,6
3540,112265.0,5
3541,216823.0,6
3542,18152.0,1
3543,173421.0,7
3544,116969.0,4
3545,94763.0,3
3546,103685.0,4
3547,102701.0,4
3548,169846.0,9
3549,31686.0,1
3550,182279.0,8
3551,64451.0,4
3552,126217.0,5
3553,192903.0,5
3554,143764.0,7
3555,407.0,1
3556,167044.0,6
3557,107066.0,3
3558,115427.0,5
3559,77764.0,3
3560,195266.0,8
3561,25891.0,1
3562,70332.0,3
3563,34695.0,2
3564,26196.0,1
3565,68886.0,2
3566,26960.0,2
3567,41314.0,1
3568,90123.0,3
3569,167495.0,4
3570,30894.0,2
3571,99001.0,3
3572,32998.0,3
3573,89127.0,6
3574,94122.0,3
3575,92327.0,4
3576,37752.0,2
3577,187385.0,7
3578,248837.0,9
3579,61309.0,2
3580,136772.0,3
3581,37434.0,3
3582,18515.0,1
3583,37861.0,2
3584,85596.0,3
3585,44479.0,3
3586,78302.0,4
3587,125267.0,5
3588,60362.0,3
3590,107133.0,4
3591,169887.0,5
3592,108742.0,4
3593,40582.0,1
3594,133753.0,4
3595,236037.0,7
3596,140647.0,6
3597,122915.0,3
3598,56450.0,2
3599,118120.0,4
3600,83206.0,3
3601,25063.0,1
3602,51181.0,2
3603,125295.0,3
3604,6615.0,1
3605,64703.0,4
3606,67598.0,2
3607,66078.0,3
3608,77110.0,4
3609,68773.0,2
3610,105852.0,5
3611,7890.0,1
3612,86434.0,3
3614,261114.0,10
3615,88019.0,4
3616,71528.0,4
3617,119858.0,7
3618,82549.0,3
3619,33790.0,3
3620,8477.0,1
3621,49299.0,2
3622,49526.0,3
3623,124112.0,5
3624,41380.0,1
3625,55273.0,3
3626,130124.0,5
3627,58247.0,2
3628,69373.0,3
3629,116988.0,3
3630,126798.0,5
3631,56901.0,3
3633,140274.0,6
3634,93150.0,4
3635,155444.0,7
3636,56967.0,3
3637,175106.0,5
3638,136821.0,5
3639,77042.0,3
3640,94700.0,4
3641,96929.0,5
3642,52718.0,2
3643,119625.0,5
3644,190458.0,6
3645,55430.0,2
3646,30732.0,1
3647,158631.0,6
3648,194438.0,5
3649,108183.0,5
3650,61369.0,2
3651,46143.0,4
3652,75616.0,2
3654,75246.0,4
3655,149432.0,5
3656,125717.0,4
3657,79868.0,3
3658,192222.0,7
3659,1452.0,1
3660,36586.0,2
3661,155386.0,6
3662,135862.0,5
3663,106629.0,3
3665,86689.0,3
3666,166630.0,6
3667,19303.0,2
3668,22188.0,3
3669,85389.0,3
3670,16692.0,1
3671,2439.0,1
3672,110973.0,3
3673,100761.0,5
3674,192196.0,6
3675,159085.0,7
3676,123832.0,7
3677,99002.0,5
3678,120376.0,4
3679,31384.0,1
3680,16637.0,1
3681,98204.0,3
3682,79763.0,2
3683,123588.0,5
3684,107351.0,3
3685,84306.0,3
3686,8476.0,1
3687,123261.0,5
3688,120195.0,4
3689,109202.0,3
3690,123995.0,5
3691,49991.0,2
3692,122349.0,3
3693,34577.0,3
3694,114844.0,6
3695,75183.0,4
3696,26250.0,2
3697,119565.0,3
3698,45746.0,2
3699,68642.0,4
3700,36445.0,1
3701,157783.0,5
3702,8710.0,1
3703,106654.0,3
3704,88826.0,3
3705,34010.0,1
3706,157573.0,6
3708,35852.0,2
3709,138194.0,5
3710,133829.0,6
3711,151071.0,6
3712,53318.0,2
3713,103578.0,5
3714,13853.0,1
3715,44899.0,3
3716,84103.0,5
3717,156290.0,5
3718,19197.0,2
3719,128846.0,7
3720,71976.0,2
3721,110539.0,4
3722,4640.0,2
3723,69811.0,3
3724,51507.0,2
3725,97597.0,4
3726,185157.0,6
3727,40439.0,3
3728,127119.0,5
3729,156672.0,6
3730,72643.0,2
3731,59365.0,3
3732,92856.0,4
3733,162132.0,4
3734,34538.0,2
3735,31108.0,2
3736,80712.0,5
3737,25562.0,1
3738,94114.0,5
3739,170985.0,5
3740,58045.0,2
3741,19014.0,1
3742,85629.0,3
3743,49821.0,1
3744,93463.0,3
3745,155930.0,4
3746,65523.0,3
3747,21654.0,1
3748,28340.0,1
3749,94439.0,3
3750,69721.0,3
3751,80390.0,3
3752,213301.0,9
3753,107032.0,6
3754,46134.0,1
3755,106801.0,4
3756,42724.0,3
3757,45719.0,2
3758,56834.0,3
3759,110601.0,5
3760,74417.0,4
3761,84186.0,5
3762,3264.0,1
3763,98217.0,3
3764,136396.0,5
3765,138210.0,6
3766,105050.0,5
3767,47709.0,3
3768,142592.0,7
3769,19477.0,2
3770,40676.0,3
3771,77619.0,3
3772,36657.0,3
3773,36086.0,2
3774,91168.0,4
3775,46406.0,1
3776,33499.0,1
3777,48866.0,1
3778,41786.0,3
3779,21309.0,1
3780,46826.0,1
3781,255030.0,7
3782,34532.0,2
3783,58796.0,2
3784,49164.0,2
3786,87794.0,3
3787,37943.0,3
3788,34882.0,2
3789,116123.0,4
3790,102367.0,3
3791,67529.0,2
3792,70669.0,3
3793,84560.0,4
3794,41562.0,1
3795,98589.0,3
3796,91568.0,3
3797,123177.0,4
3798,18600.0,1
3799,27717.0,1
3802,244549.0,7
3803,110034.0,5
3804,1526.0,1
3805,115519.0,3
3806,140846.0,5
3807,68206.0,3
3808,132792.0,5
3809,120099.0,4
3810,67481.0,4
3811,26761.0,2
3812,57230.0,3
3813,72862.0,4
3814,28101.0,2
3815,91647.0,4
3816,63098.0,3
3817,164226.0,6
3818,67821.0,5
3819,188075.0,8
3820,49354.0,2
3821,241866.0,9
3822,85111.0,2
3824,37173.0,2
3825,87806.0,3
3826,32415.0,2
3827,4860.0,1
3828,43758.0,1
3829,36656.0,1
3830,25085.0,2
3831,88197.0,3
3832,72258.0,3
3833,68003.0,2
3834,86018.0,4
3835,77981.0,5
3836,73065.0,3
3837,147885.0,5
3838,84488.0,3
3839,71240.0,2
3840,72502.0,2
3841,99725.0,5
3842,60239.0,2
3843,33005.0,2
3844,150701.0,5
3845,110228.0,4
3846,163306.0,5
3847,45960.0,2
3848,93764.0,3
3849,236373.0,8
3850,108909.0,5
3851,17715.0,1
3852,169813.0,6
3853,3237.0,1
3854,92692.0,5
3855,65723.0,2
3856,44393.0,2
3857,64063.0,2
3858,37691.0,2
3859,44614.0,2
3860,78310.0,3
3861,114924.0,4
3862,90337.0,3
3863,40210.0,2
3864,73606.0,3
3865,57158.0,2
3866,88376.0,3
3867,61263.0,3
3868,95599.0,3
3869,54160.0,3
3870,126392.0,5
3871,152054.0,6
3872,10186.0,2
3873,88179.0,4
3874,66859.0,3
3875,109924.0,4
3877,22784.0,1
3878,142971.0,5
3879,17543.0,1
3880,154589.0,6
3881,40591.0,4
3882,85131.0,4
3883,153067.0,6
3884,153775.0,5
3885,50158.0,4
3886,76155.0,3
3887,18739.0,2
3888,97817.0,5
3889,76096.0,3
3890,164015.0,8
3891,62878.0,3
3892,152842.0,6
3893,150705.0,4
3894,55896.0,2
3895,27425.0,2
3896,57231.0,2
3897,92792.0,3
3898,122975.0,6
3900,88950.0,3
3901,105951.0,4
3902,210711.0,8
3903,75228.0,2
3904,205723.0,8
3905,122951.0,5
3906,101612.0,4
3907,52277.0,2
3908,65178.0,2
3909,107056.0,5
3910,207400.0,6
3911,105339.0,3
3912,79395.0,4
3913,80484.0,4
3914,119083.0,6
3915,161931.0,7
3916,60681.0,2
3917,12720.0,2
3918,38793.0,2
3919,38764.0,1
3920,63921.0,3
3921,43107.0,1
3922,69771.0,4
3923,91730.0,4
3924,107061.0,3
3925,174267.0,6
3926,60913.0,3
3927,109739.0,4
3928,97154.0,4
3929,103216.0,3
3930,114672.0,5
3931,157387.0,6
3932,56488.0,3
3933,97239.0,3
3934,51229.0,3
3935,80196.0,3
3936,126572.0,5
3937,118660.0,5
3938,70884.0,3
3939,16107.0,1
3940,86923.0,4
3941,101232.0,5
3942,68976.0,2
3943,135028.0,4
3944,293949.0,9
3945,160146.0,5
3946,15548.0,2
3947,44022.0,2
3948,15809.0,1
3949,64312.0,3
3950,47801.0,2
3951,91080.0,3
3952,58456.0,2
3953,96940.0,4
3954,99440.0,4
3955,110892.0,5
3956,69134.0,3
3957,73926.0,4
3958,27261.0,2
3959,18852.0,1
3960,157782.0,8
3961,175060.0,7
3962,54812.0,3
3963,9731.0,1
3964,84743.0,2
3965,99882.0,4
3966,71043.0,3
3967,80639.0,4
3968,22476.0,2
3969,98361.0,3
3970,73453.0,3
3971,131893.0,5
3972,260225.0,9
3973,81579.0,4
3974,111058.0,4
3975,11655.0,3
3976,93552.0,3
3977,95606.0,3
3978,38002.0,3
3979,187075.0,5
3980,148047.0,6
3981,172596.0,7
3983,42865.0,6
3984,69011.0,3
3985,95779.0,3
3986,11932.0,2
3987,264348.0,7
3988,76248.0,2
3989,133590.0,5
3990,20427.0,1
3992,30651.0,1
3993,79972.0,2
3994,106372.0,3
3995,152111.0,4
3996,80132.0,3
3997,44443.0,3
3998,185563.0,7
3999,114999.0,4
4000,71455.0,2
4001,43425.0,4
4002,117241.0,4
4003,89875.0,3
4004,119181.0,3
4005,74762.0,3
4006,28950.0,1
4007,17619.0,1
4008,151226.0,5
4009,57331.0,3
4010,97880.0,4
4011,14688.0,1
4012,184264.0,7
4013,79757.0,4
4014,175960.0,7
4015,98092.0,3
4016,56588.0,3
4017,56340.0,3
4018,54168.0,3
4019,135947.0,5
4020,195814.0,7
4022,31517.0,1
4023,175457.0,6
4024,56024.0,3
4025,88040.0,4
4026,129856.0,7
4027,88398.0,3
4028,71828.0,4
4029,80920.0,3
4030,68823.0,2
4031,121592.0,4
4032,82578.0,3
4033,114381.0,3
4034,134033.0,4
4035,99337.0,4
4036,62853.0,2
4037,79306.0,2
4038,92984.0,4
4039,30990.0,2
4040,76350.0,4
4041,53454.0,2
4042,59507.0,4
4043,67263.0,3
4044,40128.0,3
4045,51619.0,4
4046,37402.0,2
4047,29928.0,2
4048,71824.0,5
4049,160407.0,6
4050,64184.0,2
4051,44404.0,2
4052,181103.0,5
4053,124036.0,5
4054,117057.0,5
4055,42102.0,2
4056,64996.0,4
4057,53123.0,4
4058,64654.0,4
4059,60809.0,4
4060,82865.0,3
4061,120868.0,5
4062,54609.0,4
4063,28720.0,1
4064,59917.0,3
4065,73684.0,3
4066,97865.0,4
4067,184424.0,6
4068,144164.0,5
4069,102483.0,3
4070,131245.0,4
4071,124762.0,6
4072,57807.0,2
4073,22765.0,3
4074,26539.0,2
4075,145145.0,3
4076,83870.0,4
4077,86000.0,3
4078,57380.0,3
4079,167638.0,4
4080,70895.0,6
4081,31655.0,2
4082,127297.0,4
4084,100903.0,3
4085,136663.0,6
4086,58928.0,3
4087,179762.0,7
4088,21732.0,2
4089,122505.0,4
4090,55216.0,2
4091,64210.0,2
4092,55916.0,2
4093,177992.0,6
4094,156354.0,5
4095,83018.0,3
4096,104452.0,4
4097,19101.0,2
4098,30228.0,3
4099,47982.0,1
4100,97712.0,5
4101,226475.0,7
4102,125219.0,4
4103,103978.0,5
4104,142186.0,6
4105,10754.0,1
4106,68579.0,3
4107,39613.0,2
4108,56365.0,3
4109,143274.0,4
4110,66909.0,2
4111,73614.0,2
4112,56239.0,2
4113,23508.0,1
4114,83199.0,3
4115,80496.0,5
4116,115432.0,4
4117,50124.0,2
4118,291129.0,9
4119,64701.0,3
4120,59941.0,5
4121,64698.0,3
4122,179318.0,6
4123,10463.0,1
4124,78752.0,4
4125,82732.0,3
4126,115559.0,4
4127,21365.0,1
4128,201109.0,5
4129,37885.0,2
4130,73126.0,4
4131,238043.0,7
4132,89911.0,4
4133,95269.0,4
4134,83138.0,3
4135,83808.0,4
4136,78367.0,3
4137,78418.0,2
4138,75283.0,4
4139,125174.0,4
4140,157673.0,6
4141,122541.0,5
4142,15416.0,1
4143,296030.0,12
4144,83249.0,8
4145,83106.0,5
4146,16961.0,3
4147,68505.0,4
4148,75108.0,2
4150,75946.0,3
4151,164384.0,7
4152,81950.0,3
4153,209317.0,6
4154,64017.0,2
4155,111727.0,6
4156,132611.0,5
4157,63672.0,4
4158,55095.0,4
4159,188768.0,6
4160,83003.0,3
4161,116524.0,3
4162,8543.0,1
4163,103405.0,3
4164,67030.0,3
4165,85930.0,2
4166,77921.0,4
4167,67802.0,2
4168,118396.0,7
4169,63679.0,3
4170,132064.0,4
4171,146831.0,5
4172,72385.0,3
4173,38035.0,3
4174,60307.0,3
4175,85029.0,4
4176,80009.0,3
4177,88178.0,4
4178,88006.0,2
4179,74057.0,4
4180,134221.0,5
4181,22231.0,1
4182,76746.0,3
4183,121377.0,3
4184,85909.0,4
4185,172821.0,6
4186,93252.0,4
4187,60127.0,2
4188,75018.0,5
4189,124815.0,4
4190,27166.0,1
4191,26773.0,2
4192,33288.0,1
4193,40576.0,2
4194,141290.0,7
4195,114885.0,3
4196,156011.0,7
4197,132371.0,6
4198,136607.0,6
4199,16809.0,2
4200,101894.0,4
4201,156452.0,6
4202,107973.0,5
4203,143206.0,4
4204,60597.0,2
4205,133303.0,4
4206,122865.0,5
4207,94760.0,5
4208,133975.0,4
4209,43989.0,2
4210,84497.0,2
4211,73556.0,2
4212,72252.0,3
4213,105155.0,5
4214,157920.0,4
4215,25603.0,2
4216,48120.0,1
4217,134881.0,4
4218,81463.0,3
4219,64093.0,3
4220,157612.0,4
4221,70206.0,3
4222,104332.0,3
4223,139675.0,6
4224,112139.0,4
4225,7608.0,1
4226,3294.0,1
4227,93525.0,4
4228,100357.0,3
4229,69170.0,3
4230,34956.0,2
4231,25006.0,2
4232,156601.0,6
4233,99350.0,3
4234,97302.0,3
4235,97100.0,7
4236,68074.0,5
4237,53827.0,2
4238,84545.0,3
4239,103294.0,4
4240,59496.0,4
4241,38502.0,3
4243,22892.0,2
4244,61605.0,2
4245,46776.0,3
4246,118888.0,4
4247,36249.0,3
4248,6221.0,2
4249,86454.0,3
4250,92050.0,3
4251,124020.0,4
4252,77612.0,5
4254,103231.0,5
4255,146671.0,5
4256,51291.0,3
4257,85409.0,4
4258,209575.0,7
4259,20849.0,1
4260,113973.0,4
4261,147923.0,4
4262,127546.0,5
4263,105441.0,4
4264,88053.0,4
4265,46443.0,1
4266,199154.0,5
4267,165296.0,7
4268,105362.0,3
4269,38399.0,3
4270,140801.0,4
4271,13524.0,1
4272,86516.0,3
4274,35098.0,1
4275,22064.0,2
4276,92117.0,4
4277,29410.0,1
4278,118476.0,3
4279,52372.0,2
4280,131049.0,5
4281,109020.0,3
4282,88598.0,3
4283,12105.0,2
4284,87558.0,3
4285,120275.0,3
4286,186029.0,6
4287,66275.0,3
4288,143512.0,7
4289,115776.0,5
4290,80855.0,3
4291,81256.0,2
4292,97809.0,3
4293,186666.0,6
4294,95096.0,4
4296,62598.0,3
4297,72345.0,3
4298,48107.0,4
4299,41842.0,2
4300,5206.0,1
4301,78031.0,2
4302,78841.0,3
4303,63715.0,3
4304,164450.0,8
4305,112627.0,3
4306,103761.0,3
4307,73129.0,4
4308,76762.0,3
4309,72647.0,3
4310,140494.0,5
4312,93300.0,3
4313,118098.0,3
4314,148533.0,5
4315,81674.0,6
4316,101045.0,5
4317,102222.0,4
4318,36787.0,2
4319,126300.0,4
4320,50298.0,2
4321,59773.0,3
4322,54772.0,3
4323,138239.0,4
4324,139188.0,5
4325,44968.0,3
4326,19004.0,1
4327,34297.0,2
4328,77729.0,3
4329,53568.0,5
4330,141826.0,4
4331,97967.0,3
4332,93185.0,3
4333,2315.0,2
4334,40276.0,2
4335,81595.0,3
4336,291556.0,11
4337,68606.0,2
4338,55191.0,4
4339,116090.0,3
4340,54154.0,2
4342,15206.0,1
4343,189259.0,5
4344,124840.0,4
4345,115247.0,3
4346,116564.0,4
4348,4109.0,1
4349,150622.0,5
4350,57755.0,2
4351,46475.0,3
4352,66903.0,4
4353,5031.0,1
4354,102154.0,5
4355,36634.0,1
4356,1870.0,1
4357,147729.0,5
4358,183658.0,8
4359,18125.0,1
4360,67351.0,6
4361,98709.0,4
4362,40248.0,2
4363,60115.0,2
4364,103420.0,5
4365,37990.0,2
4366,44787.0,1
4367,79665.0,3
4368,87095.0,3
4369,33218.0,1
4370,69243.0,2
4371,17176.0,1
4372,87554.0,5
4373,173248.0,6
4374,144659.0,6
4375,87246.0,3
4376,32040.0,1
4377,34560.0,1
4378,25163.0,2
4379,26168.0,2
4380,34397.0,1
4381,43527.0,1
4382,150289.0,5
4383,69332.0,2
4384,46960.0,2
4385,75188.0,3
4386,54759.0,3
4387,6483.0,1
4388,46469.0,1
4389,77444.0,6
4390,47870.0,3
4391,100411.0,4
4392,3742.0,1
4393,59380.0,3
4394,72730.0,3
4395,90068.0,4
4396,62516.0,3
4397,62449.0,2
4398,44679.0,2
4399,21910.0,2
4400,59893.0,2
4401,50914.0,2
4402,56741.0,2
4403,135389.0,5
4404,89155.0,3
4405,39215.0,1
4406,57034.0,2
4407,100034.0,4
4408,144305.0,5
4409,22703.0,2
4410,71188.0,3
4411,49022.0,2
4412,140088.0,6
4413,75444.0,2
4414,80902.0,3
4415,131160.0,5
4416,61075.0,2
4417,55238.0,4
4418,33296.0,3
4419,121664.0,7
4420,75213.0,2
4421,104218.0,3
4422,5260.0,1
4423,5696.0,1
4424,109975.0,4
4425,132537.0,5
4426,113280.0,3
4427,56550.0,3
4431,129558.0,6
4432,123816.0,4
4433,68083.0,4
4434,165262.0,4
4435,189695.0,8
4436,136706.0,5
4437,24275.0,2
4438,42835.0,1
4439,81472.0,2
4440,65637.0,3
4441,167599.0,8
4442,167508.0,6
4443,31261.0,2
4444,108897.0,4
4445,151721.0,5
4446,61464.0,3
4447,81963.0,3
4448,91023.0,3
4449,109508.0,4
4451,77353.0,2
4452,11437.0,1
4453,17421.0,1
4454,88804.0,2
4455,58958.0,2
4456,33898.0,2
4457,97346.0,4
4458,88608.0,4
4459,32520.0,1
4460,93750.0,5
4461,88226.0,3
4462,89160.0,3
4463,74507.0,2
4464,93703.0,4
4465,149593.0,4
4466,48145.0,2
4467,16730.0,2
4468,38560.0,1
4469,102407.0,4
4470,111575.0,4
4471,93157.0,3
4472,49417.0,2
4473,94424.0,4
4475,35292.0,1
4476,168142.0,6
4477,47635.0,1
4478,65395.0,2
4479,37774.0,1
4480,139920.0,5
4481,35036.0,1
4482,201659.0,6
4483,4682.0,2
4484,42775.0,3
4485,74501.0,2
4486,124913.0,6
4487,50870.0,2
4488,39399.0,3
4489,101161.0,5
4490,96096.0,5
4491,64165.0,3
4492,28831.0,2
4493,60314.0,2
4494,82928.0,5
4495,141850.0,6
4496,17326.0,2
4497,157436.0,6
4498,25130.0,1
4499,33251.0,1
4500,158579.0,4
4501,105555.0,4
4502,21299.0,1
4503,65150.0,2
4504,110834.0,5
4505,113139.0,4
4506,114134.0,3
4507,36751.0,3
4508,115603.0,5
4509,39311.0,2
4510,147886.0,4
4511,110779.0,4
4512,54671.0,4
4513,96808.0,3
4514,87038.0,2
4515,116737.0,6
4516,117516.0,7
4517,76987.0,3
4518,184069.0,7
4519,143688.0,5
4520,6366.0,2
4521,16737.0,2
4522,101487.0,3
4523,34866.0,3
4524,151113.0,4
4525,83337.0,4
4526,142667.0,7
4527,131605.0,4
4528,92217.0,3
4529,83509.0,3
4531,86272.0,2
4532,83158.0,2
4533,157253.0,6
4534,2067.0,1
4535,18410.0,2
4536,91162.0,3
4537,43143.0,2
4538,97764.0,5
4539,105518.0,4
4540,422.0,1
4541,22502.0,1
4542,174560.0,7
4543,32630.0,2
4544,118710.0,4
4545,106812.0,4
4547,23121.0,1
4548,47240.0,2
4549,113387.0,6
4550,66323.0,2
4551,120653.0,5
4552,40068.0,1
4553,120378.0,4
4554,17681.0,2
4555,65027.0,3
4556,89629.0,3
4557,90335.0,3
4558,54818.0,3
4559,72503.0,3
4560,116871.0,5
4561,87087.0,3
4562,25133.0,2
4563,74108.0,2
4564,118692.0,5
4565,89146.0,3
4566,156434.0,7
4567,17139.0,1
4568,137919.0,4
4569,58789.0,3
4570,105206.0,4
4571,159643.0,4
4572,131385.0,4
4573,1324.0,1
4574,80678.0,2
4575,83022.0,4
4576,141214.0,5
4577,54597.0,2
4578,96549.0,4
4579,35010.0,2
4580,108118.0,4
4582,20362.0,1
4583,45717.0,2
4584,132791.0,3
4586,74812.0,4
4587,130461.0,5
4588,125350.0,3
4589,87493.0,4
4590,47957.0,2
4591,116981.0,6
4592,65358.0,4
4593,58309.0,3
4594,96128.0,4
4595,96322.0,3
4596,27850.0,2
4597,123627.0,5
4598,46335.0,1
4599,54225.0,3
4600,114311.0,3
4601,70203.0,4
4602,54104.0,3
4603,94198.0,5
4604,118511.0,5
4605,124182.0,5
4606,111530.0,5
4607,152425.0,6
4608,96318.0,4
4609,4824.0,1
4610,20140.0,2
4611,144676.0,6
4612,21058.0,2
4613,32502.0,1
4614,10311.0,1
4615,82397.0,2
4616,245404.0,9
4617,36537.0,3
4618,58319.0,4
4619,99158.0,5
4621,113692.0,4
4622,119432.0,4
4623,36265.0,2
4624,44693.0,2
4626,66933.0,3
4627,99686.0,4
4628,10598.0,1
4629,83450.0,4
4630,59230.0,4
4631,109922.0,4
4632,83273.0,3
4634,55611.0,3
4636,33188.0,1
4637,36425.0,3
4640,108430.0,4
4641,15386.0,1
4642,128514.0,5
4643,16009.0,2
4644,96009.0,3
4645,77807.0,4
4647,83246.0,2
4648,94975.0,4
4649,57092.0,4
4650,27227.0,3
4651,40014.0,1
4652,95931.0,2
4653,80011.0,3
4654,109721.0,4
4655,126379.0,4
4656,69472.0,2
4657,69740.0,4
4658,75266.0,3
4659,78280.0,4
4660,71103.0,3
4661,97722.0,3
4663,108169.0,4
4664,39520.0,1
4665,92869.0,4
4666,15821.0,3
4667,118894.0,4
4668,72531.0,6
4670,34393.0,1
4671,88231.0,4
4672,127764.0,4
4673,22598.0,1
4674,91662.0,3
4675,191459.0,5
4676,191752.0,5
4677,5827.0,1
4678,57542.0,5
4679,73457.0,4
4680,30984.0,1
4681,96572.0,3
4682,73292.0,3
4683,149262.0,6
4684,54731.0,3
4685,9464.0,1
4686,3891.0,1
4687,77668.0,4
4688,74135.0,2
4689,95567.0,4
4690,48954.0,1
4691,47390.0,2
4692,53440.0,2
4693,111862.0,5
4694,54604.0,3
4695,84228.0,6
4696,106423.0,3
4697,42781.0,2
4698,41120.0,4
4699,30408.0,1
4700,198885.0,6
4701,105851.0,4
4702,96289.0,4
4703,42856.0,2
4704,43316.0,1
4705,37524.0,2
4706,58426.0,2
4707,89944.0,5
4709,56540.0,3
4710,90107.0,3
4711,139194.0,5
4712,59387.0,2
4713,146637.0,5
4714,87321.0,3
4715,49624.0,1
4716,83380.0,3
4717,62692.0,3
4718,30488.0,2
4719,43770.0,2
4720,38747.0,3
4721,79408.0,4
4722,173242.0,6
4723,20028.0,1
4724,68064.0,2
4725,173343.0,7
4726,31463.0,1
4727,115182.0,6
4728,97963.0,4
4729,98031.0,4
4730,50189.0,2
4731,112457.0,4
4732,66351.0,2
4733,102789.0,4
4734,10768.0,1
4735,19384.0,1
4736,60993.0,3
4737,139906.0,5
4738,100370.0,5
4739,94214.0,2
4740,23907.0,2
4741,38666.0,2
4742,114494.0,6
4743,106095.0,4
4744,105762.0,5
4745,111701.0,3
4746,152803.0,5
4747,44218.0,1
4748,65515.0,2
4749,45824.0,1
4750,67057.0,2
4751,95819.0,4
4752,13691.0,3
4753,53247.0,3
4754,106109.0,3
4755,119146.0,3
4756,121695.0,5
4757,43054.0,2
4758,58732.0,3
4759,99081.0,4
4760,152858.0,5
4761,17364.0,1
4762,124043.0,4
4763,157108.0,6
4764,234995.0,7
4765,130229.0,4
4766,69078.0,2
4767,4887.0,2
4768,43885.0,1
4769,146207.0,4
4770,50257.0,2
4771,90252.0,5
4772,75006.0,4
4773,108570.0,4
4774,25109.0,2
4775,86185.0,6
4776,91245.0,5
4777,169353.0,6
4778,123131.0,4
4779,76532.0,4
4780,94521.0,3
4782,52114.0,3
4783,50757.0,2
4784,86932.0,3
4785,136445.0,7
4786,34003.0,1
4787,144748.0,5
4788,127895.0,5
4789,101821.0,4
4790,95549.0,4
4791,23635.0,1
4792,86574.0,5
4793,166180.0,7
4794,101920.0,3
4795,75524.0,3
4796,152685.0,5
4797,73262.0,2
4798,108871.0,4
4799,165468.0,5
4800,33802.0,2
4801,197407.0,6
4802,48557.0,4
4803,49738.0,2
4804,156535.0,6
4805,65337.0,2
4806,58202.0,3
4807,33004.0,3
4808,80404.0,3
4809,51348.0,3
4810,82445.0,3
4811,123024.0,5
4812,56571.0,2
4813,59215.0,3
4814,16372.0,2
4815,136975.0,6
4816,171292.0,5
4817,47885.0,2
4818,115744.0,4
4819,104342.0,4
4820,34355.0,1
4821,92457.0,4
4822,49474.0,3
4823,59856.0,2
4824,21632.0,1
4825,188693.0,5
4826,77778.0,4
4827,160881.0,6
4828,62737.0,5
4829,141076.0,4
4830,109744.0,5
4831,82167.0,3
4832,165287.0,6
4833,117711.0,5
4834,141243.0,6
4835,53545.0,2
4836,107594.0,3
4837,101906.0,6
4838,137052.0,5
4839,25178.0,2
4840,58942.0,3
4841,69463.0,2
4842,68410.0,3
4843,114976.0,4
4844,221444.0,6
4845,141458.0,5
4846,85073.0,4
4847,34876.0,2
4848,68762.0,3
4849,49480.0,2
4850,68582.0,2
4851,96734.0,4
4852,37820.0,2
4853,82228.0,4
4854,20471.0,2
4855,53351.0,3
4856,120936.0,3
4857,78950.0,3
4858,109439.0,3
4859,98339.0,3
4860,89662.0,2
4861,146818.0,5
4862,46192.0,1
4863,143677.0,7
4865,48831.0,2
4866,135592.0,5
4867,27253.0,2
4868,62153.0,2
4870,114355.0,4
4871,59611.0,3
4872,89796.0,4
4873,102336.0,4
4874,41941.0,3
4875,142643.0,5
4876,219812.0,8
4877,90098.0,3
4878,104703.0,4
4879,83108.0,2
4880,105379.0,4
4881,53743.0,2
4882,119700.0,4
4883,117493.0,5
4884,40007.0,3
4885,218325.0,7
4886,80617.0,4
4887,58839.0,2
4888,61471.0,2
4889,86152.0,4
4890,64966.0,4
4891,94958.0,4
4892,169663.0,6
4893,50392.0,2
4894,82751.0,4
4895,119471.0,3
4896,13101.0,2
4897,83277.0,4
4898,46975.0,2
4899,8840.0,2
4900,110181.0,4
4901,164716.0,5
4902,47568.0,3
4903,141986.0,6
4904,67935.0,2
4905,87892.0,3
4906,79295.0,3
4907,36309.0,2
4908,105496.0,4
4909,88472.0,3
4910,67698.0,3
4911,189213.0,9
4912,220012.0,6
4913,113138.0,4
4914,32907.0,2
4915,147924.0,5
4916,51169.0,3
4917,136886.0,5
4918,225426.0,8
4919,87330.0,3
4920,46664.0,1
4921,168574.0,7
4922,35190.0,1
4923,33845.0,3
4924,123405.0,5
4925,122674.0,4
4926,150391.0,6
4927,79676.0,4
4928,150801.0,5
4929,50310.0,4
4930,105531.0,3
4931,23142.0,1
4932,167761.0,4
4933,4092.0,1
4934,39014.0,3
4935,94946.0,4
4936,72312.0,3
4937,72871.0,4
4938,202883.0,8
4939,116275.0,6
4940,104328.0,5
4941,134623.0,4
4942,116283.0,5
4943,55543.0,2
4944,45261.0,1
4945,167222.0,7
4946,101645.0,5
4948,111932.0,5
4949,106217.0,3
4950,209495.0,7
4951,47197.0,1
4952,68775.0,3
4953,110993.0,5
4954,102056.0,3
4955,160857.0,7
4956,47582.0,1
4957,81744.0,4
4958,64344.0,3
4959,52309.0,2
4960,193074.0,7
4961,88399.0,3
4962,40182.0,1
4963,66386.0,6
4964,67582.0,3
4965,235228.0,9
4966,172541.0,6
4967,81089.0,5
4968,106565.0,4
4969,113587.0,4
4970,94675.0,4
4971,60790.0,2
4972,71744.0,3
4974,95517.0,2
4975,86170.0,3
4976,8320.0,2
4977,132123.0,5
4978,87027.0,2
4979,91239.0,5
4980,19453.0,1
4981,173634.0,5
4982,38245.0,2
4983,11960.0,1
4984,183193.0,6
4985,24727.0,2
4986,176005.0,6
4987,106639.0,4
4988,24349.0,2
4989,79894.0,3
4990,66033.0,2
4991,109276.0,4
4992,48081.0,1
4993,10860.0,2
4994,38451.0,1
4995,100840.0,4
4996,33802.0,3
4997,93686.0,4
4998,71704.0,3
4999,139686.0,6
5000,80173.0,3
5001,142036.0,4
5002,75151.0,4
5003,129601.0,4
5004,172509.0,7
5005,77732.0,2
5006,135824.0,6
5007,47822.0,3
5008,157306.0,4
5009,100497.0,4
5010,134638.0,5
5011,7715.0,1
5012,85930.0,2
5013,58250.0,4
5014,27469.0,2
5015,52279.0,5
5016,25605.0,2
5017,97315.0,4
5018,84947.0,4
5019,22842.0,3
5020,100371.0,6
5021,75904.0,3
5022,101733.0,4
5023,150998.0,4
5024,44595.0,2
5025,92458.0,4
5026,115021.0,4
5027,86315.0,4
5028,337.0,1
5029,17342.0,1
5030,114111.0,4
5031,53180.0,2
5032,157927.0,6
5033,29627.0,2
5034,103191.0,3
5035,6048.0,1
5036,54379.0,2
5037,90182.0,3
5038,24209.0,2
5039,199799.0,9
5040,193950.0,5
5041,34320.0,2
5042,141105.0,5
5043,47530.0,3
5044,132706.0,4
5045,51028.0,2
5046,128466.0,6
5047,81872.0,4
5048,49430.0,1
5049,37277.0,1
5050,31586.0,2
5051,158221.0,8
5052,139237.0,5
5053,197558.0,6
5054,119383.0,3
5055,32653.0,2
5056,39006.0,1
5058,200468.0,7
5059,22764.0,1
5060,62073.0,3
5061,111909.0,4
5062,12316.0,2
5064,89549.0,3
5065,59986.0,3
5066,30181.0,1
5067,172756.0,6
5068,53071.0,2
5069,70472.0,4
5070,196108.0,7
5071,61232.0,4
5072,53774.0,4
5073,97867.0,4
5074,125379.0,4
5075,15160.0,1
5076,122335.0,6
5077,55041.0,2
5078,140264.0,4
5079,39925.0,3
5080,53879.0,2
5081,35794.0,4
5082,126248.0,5
5083,98643.0,2
5084,14899.0,2
5085,29625.0,3
5086,132197.0,4
5087,62626.0,3
5088,43766.0,4
5089,119796.0,5
5090,89766.0,4
5091,151643.0,4
5092,86744.0,3
5093,82525.0,2
5094,48931.0,1
5095,92781.0,4
5096,64116.0,2
5097,27278.0,2
5098,98997.0,2
5099,100779.0,3
5100,82322.0,3
5101,66742.0,3
5102,154024.0,6
5103,128803.0,5
5104,882.0,1
5105,89868.0,3
5106,216672.0,7
5107,78933.0,2
5108,5368.0,1
5109,71317.0,2
5110,171225.0,5
5111,144689.0,7
5112,20804.0,1
5113,120734.0,4
5114,171883.0,6
5115,54270.0,4
5116,102995.0,4
5117,50220.0,3
5118,94570.0,2
5119,25148.0,1
5120,77893.0,3
5121,48078.0,3
5122,34886.0,2
5123,125613.0,3
5124,43392.0,2
5125,91370.0,3
5126,133569.0,3
5127,104237.0,4
5128,189102.0,7
5129,8938.0,1
5130,100248.0,5
5131,99556.0,5
5132,51134.0,2
5133,39906.0,2
5134,97635.0,3
5135,150364.0,7
5136,46449.0,2
5137,58258.0,2
5138,118386.0,4
5139,136504.0,4
5140,183917.0,5
5141,184911.0,7
5142,20870.0,2
5143,6496.0,1
5144,84963.0,3
5145,31832.0,1
5146,68741.0,4
5147,97379.0,5
5148,79788.0,2
5149,7462.0,1
5151,104506.0,4
5152,42827.0,1
5153,15222.0,3
5154,46467.0,4
5155,78833.0,6
5156,94618.0,4
5157,103086.0,5
5158,33803.0,1
5159,99361.0,3
5160,87706.0,3
5161,29510.0,1
5162,48015.0,2
5163,86298.0,4
5164,40350.0,2
5165,119215.0,4
5166,50011.0,2
5167,145865.0,7
5168,70223.0,3
5169,74548.0,2
5170,148830.0,5
5171,115999.0,5
5172,99338.0,3
5173,118253.0,4
5174,143935.0,5
5175,39965.0,1
5176,10953.0,1
5177,156629.0,5
5178,76150.0,4
5179,143424.0,7
5180,35897.0,1
5181,4456.0,1
5182,98822.0,4
5183,34916.0,1
5184,54637.0,2
5185,136900.0,7
5186,66874.0,3
5187,25184.0,1
5188,36780.0,1
5189,78998.0,6
5190,98856.0,7
5191,192743.0,5
5192,79787.0,3
5193,36653.0,2
5194,86993.0,4
5195,1640.0,1
5196,159163.0,5
5197,42317.0,3
5198,153511.0,4
5199,87795.0,3
5200,35377.0,2
5202,42884.0,1
5203,132159.0,4
5204,193558.0,6
5205,137761.0,5
5206,109485.0,4
5207,21923.0,1
5208,1455.0,1
5209,53643.0,3
5210,41883.0,3
5211,68263.0,3
5212,49737.0,2
5213,141481.0,4
5214,94388.0,3
5215,51758.0,3
5216,36882.0,4
5217,70607.0,2
5218,132523.0,5
5219,62550.0,3
5220,48219.0,2
5221,233522.0,8
5222,83493.0,4
5223,804.0,1
5224,104411.0,5
5225,33833.0,2
5226,133097.0,5
5227,118084.0,4
5228,120373.0,4
5229,91599.0,4
5230,123902.0,5
5231,132126.0,8
5232,63087.0,2
5234,139374.0,5
5235,69709.0,4
5236,185035.0,5
5237,75260.0,3
5238,159311.0,5
5239,86731.0,3
5240,32378.0,1
5241,62811.0,2
5242,114455.0,4
5243,106191.0,4
5244,85804.0,2
5245,48300.0,2
5246,80751.0,4
5247,178222.0,6
5248,43375.0,3
5249,15195.0,2
5251,42362.0,1
5252,82033.0,4
5253,69101.0,3
5254,19711.0,3
5255,16782.0,2
5256,10459.0,1
5257,143180.0,5
5258,95557.0,4
5259,23983.0,2
5260,104299.0,3
5261,94874.0,4
5262,157550.0,6
5263,82621.0,4
5264,94086.0,4
5265,76727.0,2
5266,134779.0,3
5267,163131.0,8
5268,65265.0,2
5269,65985.0,2
5270,2219.0,1
5271,71948.0,3
5272,91056.0,4
5273,95383.0,4
5274,48482.0,3
5275,88810.0,3
5276,88956.0,4
5277,125548.0,5
5278,108571.0,4
5279,84958.0,3
5280,148913.0,4
5281,28974.0,1
5282,150889.0,7
5283,60487.0,2
5284,113251.0,4
5285,68756.0,2
5286,9729.0,1
5288,82678.0,5
5289,14015.0,1
5290,18673.0,3
5291,25412.0,2
5293,88267.0,3
5294,54657.0,2
5295,43919.0,1
5296,31917.0,3
5297,51398.0,3
5298,86073.0,4
5299,78148.0,3
5300,85788.0,3
5301,101522.0,3
5302,73999.0,3
5303,223817.0,8
5304,42543.0,3
5305,80420.0,3
5306,97255.0,5
5307,72004.0,3
5308,35772.0,2
5309,22111.0,2
5310,35196.0,2
5311,15596.0,1
5312,209522.0,8
5313,58381.0,2
5314,42375.0,1
5315,92228.0,5
5316,46525.0,3
5317,14072.0,2
5318,108854.0,3
5319,64047.0,3
5320,89096.0,4
5321,103665.0,4
5322,132756.0,4
5323,73361.0,4
5325,55863.0,3
5326,125827.0,4
5327,28495.0,3
5328,67322.0,2
5329,162888.0,5
5330,30536.0,2
5331,79819.0,3
5332,210894.0,8
5333,119122.0,5
5334,189384.0,7
5335,143678.0,5
5336,31578.0,2
5337,1481.0,1
5338,68060.0,4
5339,204130.0,6
5340,125724.0,6
5341,54741.0,4
5342,73290.0,4
5343,102944.0,3
5344,20229.0,1
5345,48234.0,2
5346,113586.0,5
5347,27905.0,3
5348,45496.0,2
5349,127199.0,4
5350,76412.0,2
5351,64093.0,2
5352,101541.0,6
5353,132836.0,5
5354,165395.0,5
5355,108487.0,4
5356,60209.0,2
5357,60470.0,3
5358,122482.0,4
5359,68117.0,4
5360,140849.0,4
5361,142339.0,4
5362,104122.0,5
5363,96470.0,3
5364,52531.0,2
5365,72450.0,4
5366,62280.0,2
5367,162570.0,6
5368,77371.0,4
5369,66003.0,4
5371,92301.0,5
5372,165.0,1
5373,15116.0,2
5374,50072.0,2
5375,71806.0,4
5376,104558.0,3
5377,89462.0,3
5378,39267.0,1
5379,102882.0,4
5380,188976.0,7
5381,182225.0,6
5382,87213.0,3
5383,87447.0,4
5384,27925.0,1
5385,33291.0,2
5386,61834.0,4
5387,83314.0,2
5388,217446.0,7
5389,84073.0,4
5390,75517.0,3
5391,1275.0,1
5392,88954.0,4
5393,41455.0,1
5394,115294.0,3
5395,120544.0,4
5396,98390.0,3
5397,19963.0,1
5398,93635.0,4
5399,66396.0,4
5400,72317.0,3
5401,34815.0,2
5402,76446.0,3
5403,44014.0,3
5404,177927.0,6
5405,64398.0,2
5406,96329.0,5
5407,81396.0,3
5408,103257.0,5
5409,80202.0,5
5410,33351.0,2
5411,258948.0,6
5412,68465.0,3
5413,147169.0,4
5414,187916.0,7
5415,27897.0,4
5416,137190.0,5
5417,26712.0,2
5418,60295.0,2
5419,171420.0,6
5420,48520.0,2
5421,174915.0,6
5422,76242.0,3
5423,79591.0,2
5424,53111.0,2
5425,9464.0,2
5426,71392.0,3
5427,142755.0,4
5428,90593.0,2
5429,67675.0,2
5430,60432.0,2
5431,82080.0,5
5432,103417.0,4
5433,82753.0,2
5434,47809.0,1
5435,158976.0,8
5436,75124.0,6
5437,145163.0,7
5438,98539.0,4
5439,79288.0,5
5440,58704.0,4
5441,141281.0,5
5442,38896.0,1
5443,84931.0,3
5444,70485.0,4
5445,91210.0,4
5446,147661.0,5
5447,61112.0,3
5448,31575.0,1
5449,98240.0,3
5450,85784.0,3
5451,67867.0,3
5452,78138.0,3
5453,139494.0,4
5455,60027.0,2
5456,94460.0,2
5457,28041.0,3
5458,38179.0,2
5459,144323.0,6
5462,103448.0,4
5463,70991.0,4
5464,71555.0,4
5465,37771.0,3
5466,149681.0,6
5467,94386.0,3
5468,70351.0,4
5469,35378.0,1
5470,24598.0,3
5471,181591.0,7
5472,54761.0,3
5473,67094.0,3
5474,24765.0,2
5475,106536.0,3
5476,4408.0,1
5477,57633.0,3
5478,99722.0,4
5479,110258.0,6
5480,115591.0,3
5481,171733.0,5
5482,109860.0,6
5483,125524.0,3
5485,94998.0,5
5486,125894.0,4
5488,52186.0,3
5489,198477.0,8
5490,48595.0,2
5491,184039.0,4
5492,16108.0,1
5493,18537.0,1
5494,48765.0,2
5495,30562.0,1
5496,82557.0,3
5497,175701.0,6
5498,262137.0,8
5499,105146.0,5
5500,59636.0,2
5501,86114.0,4
5503,106155.0,4
5504,25547.0,2
5505,59277.0,3
5506,4802.0,1
5507,124525.0,6
5508,121462.0,6
5509,254132.0,9
5510,79385.0,2
5511,150358.0,5
5512,21871.0,2
5513,6005.0,1
5514,143294.0,4
5516,35266.0,2
5517,8466.0,2
5518,69928.0,4
5519,75798.0,3
5520,46798.0,2
5521,80515.0,5
5522,26662.0,2
5523,80893.0,4
5524,26628.0,3
5525,87997.0,3
5526,64297.0,5
5527,89820.0,2
5528,29360.0,2
5529,54908.0,2
5530,190602.0,10
5531,61319.0,2
5532,72911.0,3
5533,49623.0,2
5534,3567.0,1
5535,61480.0,4
5536,50982.0,3
5537,190011.0,6
5538,10412.0,2
5539,100365.0,4
5540,40184.0,3
5541,135201.0,4
5542,66612.0,4
5543,235609.0,7
5544,81342.0,2
5545,12807.0,2
5546,63317.0,2
5547,17041.0,2
5548,69118.0,3
5549,42549.0,2
5550,94766.0,4
5551,32054.0,3
5552,68986.0,2
5553,75743.0,5
5554,87912.0,5
5555,19405.0,2
5556,27820.0,1
5557,57316.0,2
5558,107501.0,3
5559,73277.0,3
5560,135342.0,5
5561,90947.0,2
5562,146759.0,5
5564,99556.0,4
5565,100603.0,6
5566,25694.0,1
5567,125053.0,4
5568,123236.0,4
5569,30154.0,1
5570,237298.0,9
5571,77287.0,2
5572,116247.0,5
5573,2610.0,1
5574,146741.0,5
5575,10092.0,1
5576,117173.0,5
5577,79001.0,4
5578,63753.0,5
5579,46219.0,1
5580,65889.0,2
5581,157149.0,6
5582,84856.0,3
5583,100015.0,5
5584,31223.0,3
5585,131088.0,5
5586,157675.0,4
5587,52332.0,2
5588,96587.0,3
5589,188329.0,6
5590,48780.0,3
5591,43041.0,3
5592,25368.0,1
5593,72169.0,2
5594,120733.0,4
5595,48423.0,2
5596,44236.0,2
5597,140900.0,4
5599,47521.0,1
5600,114671.0,4
5601,179364.0,7
5602,66197.0,4
5603,101157.0,6
5604,105232.0,6
5605,101095.0,3
5606,42378.0,1
5607,71522.0,3
5608,167458.0,6
5609,235890.0,8
5610,33743.0,2
5611,12997.0,1
5612,63287.0,3
5613,170772.0,5
5614,30647.0,1
5615,136425.0,4
5616,47314.0,1
5617,45204.0,2
5618,101770.0,3
5619,72248.0,5
5620,6987.0,2
5621,182766.0,5
5622,176137.0,6
5623,97672.0,3
5624,84900.0,3
5625,174703.0,6
5626,119956.0,4
5627,39524.0,3
5628,114328.0,7
5629,155853.0,6
5630,55412.0,2
5631,85813.0,3
5632,54202.0,2
5633,31683.0,2
5634,48494.0,4
5635,105127.0,4
5636,58079.0,3
5637,99875.0,3
5638,42391.0,2
5639,15572.0,1
5640,34738.0,1
5641,164995.0,6
5642,137293.0,5
5643,70830.0,2
5644,48807.0,2
5645,35769.0,2
5646,41010.0,1
5647,20829.0,2
5648,94860.0,4
5649,112916.0,3
5650,102347.0,4
5651,50622.0,2
5652,86259.0,3
5653,102174.0,3
5655,66454.0,4
5656,211950.0,6
5657,74043.0,4
5658,90914.0,3
5659,201555.0,6
5660,120761.0,5
5661,90924.0,3
5662,66056.0,3
5664,102867.0,3
5665,72919.0,4
5666,68304.0,3
5667,88518.0,3
5668,113443.0,3
5669,137133.0,4
5670,51359.0,3
5672,74059.0,3
5673,32122.0,2
5674,36106.0,2
5675,199235.0,6
5676,100281.0,3
5677,127612.0,4
5678,118525.0,3
5679,78669.0,2
5680,110884.0,6
5681,100311.0,3
5682,110465.0,5
5683,83993.0,4
5685,57374.0,4
5686,65840.0,3
5687,143619.0,6
5688,57673.0,2
5689,123150.0,4
5690,10934.0,1
5691,136807.0,4
5692,70833.0,3
5693,86983.0,2
5694,31846.0,3
5695,96300.0,4
5696,66499.0,4
5697,137530.0,4
5698,90026.0,4
5699,111946.0,6
5700,35772.0,2
5701,201186.0,6
5702,20522.0,1
5703,5440.0,1
5704,107841.0,4
5705,13303.0,1
5706,44485.0,1
5707,9161.0,1
5709,159945.0,6
5710,193613.0,5
5711,110487.0,4
5712,54813.0,4
5713,84162.0,4
5714,36842.0,1
5715,137561.0,4
5716,109162.0,5
5717,116915.0,6
5718,148231.0,4
5719,17741.0,1
5720,52620.0,3
5721,135086.0,4
5722,99097.0,3
5723,136050.0,4
5724,38501.0,2
5725,77700.0,3
5726,33788.0,2
5727,112019.0,4
5728,29174.0,2
5729,76425.0,2
5730,99207.0,6
5731,70772.0,3
5732,87119.0,3
5733,121289.0,7
5734,111576.0,5
5735,39655.0,3
5736,92268.0,3
5737,14913.0,1
5738,108628.0,4
5739,106501.0,4
5740,80274.0,4
5741,34586.0,4
5742,112695.0,4
5743,29857.0,1
5744,41636.0,2
5745,101993.0,3
5746,92135.0,4
5747,13801.0,1
5748,67228.0,3
5750,85312.0,5
5752,124142.0,4
5753,69536.0,2
5754,13688.0,1
5755,12771.0,2
5756,80701.0,3
5757,100333.0,5
5758,126907.0,5
5759,86094.0,3
5760,85009.0,3
5761,119014.0,3
5762,41669.0,1
5763,191965.0,5
5764,37348.0,3
5765,40052.0,1
5766,67585.0,3
5767,47385.0,3
5768,113692.0,4
5769,29685.0,3
5770,61252.0,2
5771,70169.0,3
5772,83555.0,2
5774,82931.0,3
5775,75599.0,3
5776,81675.0,2
5777,64640.0,3
5778,156311.0,6
5779,79921.0,4
5780,17883.0,1
5781,148027.0,6
5782,111780.0,4
5783,101833.0,3
5784,72458.0,3
5785,86235.0,3
5786,52923.0,2
5787,111303.0,3
5788,141573.0,4
5789,151680.0,6
5790,64013.0,2
5791,247011.0,8
5793,46344.0,3
5794,60962.0,3
5795,76146.0,2
5796,105706.0,3
5797,133706.0,4
5799,85996.0,3
5800,117921.0,5
5801,90135.0,6
5802,46283.0,1
5803,86019.0,2
5804,109983.0,5
5805,82072.0,4
5806,19213.0,1
5807,78055.0,3
5808,138550.0,6
5809,67975.0,3
5810,59183.0,2
5811,92215.0,3
5812,114705.0,3
5813,31099.0,2
5814,82653.0,3
5815,70298.0,4
5816,57896.0,2
5817,75417.0,3
5818,84237.0,3
5819,196473.0,9
5820,80220.0,2
5821,25953.0,2
5822,65971.0,2
5823,106390.0,3
5825,4370.0,1
5826,190420.0,6
5827,27483.0,3
5828,146370.0,4
5829,42297.0,1
5830,31630.0,2
5831,120740.0,4
5832,76385.0,3
5833,58420.0,3
5834,30611.0,1
5835,32939.0,2
5836,74709.0,2
5837,38276.0,3
5838,145385.0,4
5839,209179.0,9
5840,49668.0,2
5841,42854.0,2
5842,246813.0,8
5843,148180.0,6
5844,138083.0,5
5845,132494.0,5
5846,93664.0,3
5847,172978.0,5
5848,51288.0,2
5849,124712.0,7
5850,99701.0,3
5851,39563.0,2
5852,74892.0,4
5853,55557.0,3
5854,26385.0,1
5855,66516.0,4
5856,48256.0,1
5857,13219.0,2
5858,40648.0,2
5859,19723.0,1
5860,28406.0,3
5861,61500.0,2
5862,71047.0,3
5863,164080.0,6
5864,56400.0,2
5865,129193.0,5
5866,112508.0,4
5867,121525.0,3
5868,42225.0,1
5869,116947.0,4
5870,73253.0,3
5871,14339.0,1
5872,47897.0,1
5873,69472.0,3
5874,124794.0,4
5875,71813.0,2
5876,121638.0,4
5877,75561.0,6
5878,98968.0,5
5879,140748.0,6
5880,81917.0,3
5881,65355.0,3
5882,39866.0,2
5883,141954.0,5
5884,17198.0,2
5885,65030.0,4
5886,144939.0,5
5887,153704.0,7
5888,10839.0,2
5889,34427.0,2
5890,123007.0,5
5891,153039.0,5
5892,241908.0,8
5893,9501.0,1
5894,92462.0,2
5895,153222.0,5
5896,98183.0,3
5897,50995.0,3
5898,125061.0,6
5899,155567.0,6
5900,50275.0,2
5901,35887.0,1
5902,105732.0,4
5904,70637.0,3
5905,153295.0,6
5906,50821.0,2
5907,53742.0,3
5908,101858.0,4
5909,112123.0,4
5910,168223.0,7
5911,101776.0,4
5912,82838.0,4
5913,142374.0,5
5914,122636.0,5
5915,70384.0,4
5916,61114.0,2
5917,139163.0,4
5918,97086.0,3
5919,70889.0,2
5920,182516.0,5
5921,93387.0,4
5922,80148.0,3
5923,87747.0,2
5924,17563.0,1
5925,22963.0,2
5926,120107.0,4
5927,55349.0,3
5928,172507.0,5
5929,11089.0,1
5930,71079.0,4
5931,69446.0,4
5932,216621.0,6
5933,36900.0,1
5934,122365.0,5
5935,59341.0,2
5936,227473.0,8
5937,43073.0,2
5938,57100.0,4
5939,118213.0,4
5940,100124.0,5
5941,88289.0,3
5942,158953.0,6
5944,155971.0,7
5945,86348.0,3
5946,148295.0,6
5947,31756.0,2
5948,80392.0,3
5949,90020.0,3
5950,61048.0,2
5951,39979.0,3
5952,93599.0,3
5953,78067.0,2
5954,88336.0,5
5955,40241.0,1
5956,204676.0,7
5957,86275.0,3
5958,112939.0,5
5959,28842.0,1
5960,129382.0,4
5961,6749.0,1
5962,28323.0,1
5963,60047.0,2
5964,31655.0,4
5965,119441.0,4
5966,103001.0,3
5967,18963.0,2
5968,11622.0,1
5969,39047.0,1
5970,114646.0,4
5971,36371.0,3
5972,113791.0,4
5973,29797.0,2
5974,37459.0,2
5975,88613.0,5
5976,65231.0,2
5977,129151.0,6
5978,142195.0,5
5979,191556.0,6
5980,15941.0,2
5981,191689.0,7
5982,45772.0,3
5983,122519.0,4
5984,103130.0,6
5985,65575.0,3
5986,90319.0,4
5987,133866.0,5
5988,84146.0,4
5989,86766.0,5
5990,46730.0,1
5991,58105.0,2
5992,61788.0,3
5993,79209.0,4
5994,41009.0,1
5995,48708.0,1
5996,91804.0,3
5997,139644.0,6
5998,32111.0,1
5999,39715.0,1
6000,50349.0,4
6001,150831.0,4
6002,31666.0,2
6003,56438.0,2
6004,224941.0,7
6005,59639.0,3
6006,132948.0,3
6007,10413.0,1
6008,92376.0,3
6009,48793.0,2
6011,202021.0,7
6012,21228.0,1
6013,136921.0,4
6014,50758.0,3
6015,29882.0,2
6016,61151.0,3
6017,78814.0,3
6018,103753.0,5
6019,80629.0,4
6020,145170.0,4
6021,60208.0,4
6022,77424.0,4
6023,92903.0,3
6024,15513.0,2
6026,49370.0,1
6027,70331.0,3
6028,84696.0,4
6029,28411.0,1
6030,62871.0,3
6031,40757.0,2
6032,45386.0,1
6033,118752.0,6
6034,61292.0,3
6035,43191.0,2
6036,127013.0,5
6037,148628.0,5
6038,32821.0,2
6039,74837.0,2
6040,97873.0,3
6041,120432.0,5
6042,77599.0,3
6043,127473.0,4
6044,50074.0,3
6045,128879.0,3
6046,88309.0,3
6047,188503.0,7
6048,150569.0,6
6049,49046.0,1
6050,69546.0,2
6051,113441.0,4
6052,57225.0,2
6053,113053.0,5
6054,76405.0,3
6055,37479.0,3
6056,53437.0,2
6057,88497.0,5
6058,29121.0,2
6059,138248.0,4
6060,53707.0,3
6061,35047.0,1
6062,87899.0,3
6063,48975.0,1
6064,63474.0,2
6065,39861.0,1
6066,43353.0,1
6067,137606.0,5
6068,63726.0,4
6069,46721.0,1
6070,38804.0,2
6071,250754.0,7
6072,205382.0,8
6073,12424.0,2
6074,53199.0,2
6075,36763.0,3
6076,1576.0,1
6077,34564.0,2
6078,70309.0,2
6079,191512.0,6
6080,59853.0,3
6081,27881.0,1
6082,51595.0,2
6083,112186.0,4
6084,187259.0,7
6085,44987.0,2
6086,52461.0,3
6087,75226.0,3
6088,84558.0,5
6089,68238.0,3
6090,18909.0,1
6091,46226.0,5
6092,21802.0,1
6093,50959.0,2
6094,72066.0,4
6095,206383.0,7
6097,23667.0,1
6098,107238.0,4
6099,142961.0,4
6100,97502.0,3
6101,183405.0,5
6102,26383.0,2
6103,95425.0,4
6104,142937.0,5
6105,58414.0,2
6106,158675.0,5
6107,40544.0,1
6108,74654.0,2
6109,83576.0,4
6110,65858.0,3
6111,112532.0,4
6112,99767.0,4
6113,70101.0,3
6114,59521.0,2
6115,110731.0,5
6116,77114.0,2
6117,111647.0,4
6118,150331.0,6
6119,12137.0,3
6120,84721.0,4
6121,81291.0,3
6123,148194.0,5
6124,64910.0,2
6126,201191.0,7
6127,168170.0,6
6128,66082.0,4
6129,19455.0,1
6130,25539.0,1
6131,115448.0,6
6132,14166.0,2
6133,46048.0,2
6134,86611.0,3
6135,82752.0,2
6136,63922.0,3
6137,102524.0,4
6138,108430.0,3
6139,125647.0,5
6140,145631.0,6
6141,1011.0,1
6142,76808.0,3
6143,63283.0,3
6144,98933.0,4
6145,109101.0,3
6146,164728.0,5
6147,48151.0,4
6148,42862.0,1
6149,50513.0,3
6150,51946.0,3
6151,94497.0,3
6152,40509.0,2
6153,30648.0,2
6154,104430.0,4
6155,133864.0,4
6156,79557.0,4
6157,38138.0,1
6158,31506.0,1
6159,47707.0,2
6160,67401.0,3
6161,98095.0,3
6162,183468.0,6
6163,126561.0,4
6164,105084.0,4
6165,77642.0,6
6166,87305.0,4
6167,71504.0,3
6168,70474.0,3
6169,168048.0,6
6170,12206.0,2
6171,99691.0,3
6172,32442.0,2
6174,184213.0,6
6175,34319.0,2
6176,97258.0,5
6178,78159.0,3
6179,69944.0,3
6180,75429.0,2
6181,75300.0,3
6182,32443.0,1
6183,131306.0,7
6184,82625.0,4
6185,95316.0,3
6186,31377.0,2
6187,49606.0,2
6188,137266.0,6
6189,115727.0,4
6190,28181.0,2
6191,121029.0,6
6192,106082.0,5
6193,74179.0,2
6194,132079.0,5
6195,33015.0,4
6196,108215.0,5
6197,117095.0,3
6198,73178.0,3
6199,73072.0,2
6200,84326.0,5
6201,83958.0,3
6202,134408.0,4
6203,106761.0,4
6204,173840.0,6
6205,159172.0,6
6206,80497.0,2
6207,188561.0,8
6208,114084.0,4
6209,59438.0,2
6210,44159.0,1
6211,101981.0,3
6212,71849.0,4
6213,155194.0,6
6214,80855.0,2
6215,117618.0,4
6216,108430.0,4
6217,40724.0,2
6218,88672.0,4
6219,50977.0,2
6220,57232.0,4
6221,147740.0,5
6222,116287.0,3
6223,21192.0,1
6225,58089.0,3
6226,57176.0,3
6227,29774.0,2
6228,148659.0,5
6229,29466.0,1
6230,110540.0,5
6231,56071.0,3
6232,40501.0,4
6233,100081.0,4
6234,44462.0,2
6235,78358.0,4
6236,115591.0,5
6237,88115.0,4
6238,82609.0,2
6239,116851.0,3
6240,41687.0,2
6241,115368.0,3
6242,85993.0,4
6243,98126.0,3
6244,4002.0,2
6245,81601.0,3
6246,79405.0,3
6247,46554.0,2
6248,35861.0,3
6249,117843.0,8
6250,35984.0,2
6251,87901.0,5
6252,82127.0,2
6253,91052.0,3
6254,67063.0,4
6255,61062.0,3
6256,87581.0,4
6257,58702.0,4
6258,67812.0,3
6259,237948.0,9
6260,161753.0,5
6261,20199.0,2
6262,73430.0,3
6263,102339.0,4
6264,66747.0,2
6265,48778.0,2
6266,73019.0,3
6267,97860.0,3
6268,16142.0,1
6269,23961.0,2
6270,92081.0,3
6271,158061.0,5
6272,182892.0,6
6273,69950.0,2
6274,22736.0,1
6275,90782.0,3
6276,47771.0,2
6277,17702.0,1
6278,14681.0,2
6279,111827.0,6
6281,111847.0,5
6282,100993.0,4
6283,155476.0,5
6284,86167.0,5
6285,59877.0,4
6286,115766.0,3
6287,60490.0,3
6288,34436.0,1
6289,8225.0,1
6290,43117.0,2
6291,42286.0,2
6292,152106.0,7
6293,98145.0,3
6294,74569.0,4
6295,67646.0,3
6296,98743.0,3
6297,27876.0,2
6298,59125.0,4
6299,146813.0,5
6300,133397.0,5
6301,63254.0,5
6302,173833.0,6
6303,122038.0,6
6304,114185.0,7
6305,147124.0,4
6306,90453.0,4
6307,197178.0,7
6308,66230.0,3
6309,81681.0,2
6310,60397.0,3
6312,125064.0,3
6313,112614.0,5
6314,10652.0,1
6315,132.0,1
6316,77468.0,2
6317,100050.0,3
6318,5966.0,1
6320,92268.0,5
6321,58982.0,2
6322,120910.0,4
6323,179811.0,8
6324,33973.0,2
6325,24046.0,2
6326,93442.0,4
6327,97449.0,3
6328,135970.0,5
6329,53866.0,3
6330,17808.0,2
6331,48171.0,2
6332,8190.0,1
6333,103705.0,6
6334,38259.0,1
6335,130048.0,5
6336,146829.0,5
6337,137917.0,4
6338,173093.0,8
6339,171403.0,8
6340,139306.0,5
6341,193703.0,6
6342,94486.0,4
6343,189062.0,6
6344,52073.0,4
6345,8192.0,1
6346,119338.0,3
6347,63163.0,2
6348,76415.0,4
6349,64094.0,2
6350,60528.0,2
6351,85837.0,2
6352,97081.0,3
6353,100058.0,3
6354,127803.0,3
6355,105048.0,5
6356,163926.0,6
6357,69308.0,4
6358,40235.0,3
6359,45964.0,1
6360,88485.0,4
6361,65398.0,5
6362,124729.0,5
6363,195511.0,6
6364,41223.0,3
6365,77868.0,2
6366,123163.0,5
6367,34947.0,1
6368,130124.0,8
6369,106200.0,4
6370,156784.0,4
6371,64187.0,3
6372,46157.0,2
6373,118164.0,4
6374,58345.0,4
6375,83168.0,3
6376,123526.0,4
6377,83246.0,4
6378,237316.0,8
6379,133849.0,5
6380,85249.0,3
6381,51694.0,2
6382,314772.0,10
6383,40452.0,1
6384,108482.0,3
6385,181536.0,5
6386,83733.0,4
6387,66247.0,3
6388,89780.0,4
6389,14742.0,1
6390,109199.0,6
6391,97237.0,4
6392,100589.0,3
6393,10628.0,2
6394,62137.0,4
6395,79204.0,4
6396,122473.0,5
6397,61091.0,3
6398,55957.0,4
6399,149798.0,6
6400,36500.0,1
6401,53616.0,2
6402,107334.0,4
6403,46567.0,2
6404,119044.0,5
6405,139213.0,5
6406,6987.0,1
6407,68149.0,2
6408,34848.0,3
6409,48467.0,3
6410,72645.0,4
6411,76010.0,4
6412,90997.0,3
6413,74908.0,3
6414,11333.0,2
6416,105808.0,5
6417,64620.0,3
6418,51015.0,2
6419,123779.0,4
6420,96838.0,5
6421,167266.0,5
6422,175366.0,6
6423,48891.0,5
6424,70748.0,3
6425,46907.0,2
6426,102343.0,4
6427,170612.0,6
6428,101139.0,3
6429,79728.0,4
6430,49856.0,2
6431,79186.0,3
6432,96396.0,4
6433,59588.0,2
6434,22763.0,2
6435,54516.0,2
6436,86650.0,4
6438,95239.0,3
6439,81695.0,3
6440,130901.0,6
6441,7410.0,1
6442,71117.0,3
6444,69844.0,2
6445,120113.0,3
6446,116357.0,5
6447,196306.0,5
6448,33745.0,1
6449,139130.0,5
6450,57241.0,2
6451,44030.0,1
6452,166405.0,6
6453,34528.0,2
6454,35895.0,1
6455,126557.0,4
6456,9717.0,1
6457,62188.0,2
6458,98795.0,3
6459,122151.0,3
6460,212424.0,7
6461,1276.0,1
6462,45821.0,2
6463,19761.0,1
6464,97640.0,3
6465,41399.0,1
6466,135256.0,6
6467,21577.0,3
6468,60602.0,3
6469,77783.0,2
6470,88925.0,4
6471,13167.0,1
6472,49254.0,4
6473,102937.0,4
6474,34941.0,2
6475,110023.0,4
6476,69722.0,2
6477,68866.0,3
6478,40440.0,1
6479,40050.0,2
6480,938.0,1
6481,74669.0,2
6482,152709.0,5
6483,98377.0,3
6484,87491.0,3
6485,138298.0,5
6486,242889.0,8
6487,9633.0,1
6488,222070.0,6
6489,98282.0,4
6490,86024.0,2
6491,8947.0,1
6492,127895.0,6
6493,153598.0,5
6494,65388.0,4
6496,85421.0,3
6497,52593.0,2
6498,177417.0,7
6499,88136.0,4
6501,35865.0,1
6502,168263.0,8
6503,117839.0,3
6504,5961.0,1
6505,22582.0,1
6506,48237.0,2
6507,57972.0,2
6508,146742.0,5
6509,79134.0,4
6510,4912.0,1
6512,76532.0,4
6513,42803.0,2
6514,108025.0,4
6515,35796.0,1
6516,52356.0,4
6517,14777.0,1
6518,37158.0,1
6519,14838.0,2
6520,87306.0,5
6521,220497.0,6
6522,55126.0,4
6523,56280.0,4
6524,130148.0,5
6525,119331.0,4
6526,89888.0,4
6527,66168.0,2
6528,14288.0,2
6529,3320.0,1
6530,117952.0,3
6531,76713.0,2
6532,74720.0,3
6533,42727.0,3
6534,126918.0,5
6535,99853.0,3
6537,92224.0,4
6538,23601.0,1
6539,38265.0,2
6540,37962.0,1
6541,31577.0,2
6542,94060.0,4
6543,153846.0,4
6544,157459.0,7
6545,24122.0,1
6546,53141.0,2
6547,100954.0,4
6548,79484.0,3
6549,100608.0,3
6550,71863.0,3
6551,158463.0,6
6552,10861.0,1
6553,41661.0,2
6554,70414.0,2
6555,63955.0,2
6556,141616.0,5
6557,199165.0,8
6558,39892.0,2
6559,107708.0,6
6560,32632.0,2
6561,287589.0,8
6562,61589.0,2
6563,110683.0,3
6564,100550.0,6
6565,34185.0,2
6566,22720.0,2
6567,125103.0,3
6568,61396.0,2
6569,121882.0,5
6570,42043.0,4
6571,189.0,1
6572,20432.0,1
6573,39968.0,2
6574,101262.0,4
6575,185228.0,6
6576,184207.0,6
6577,102163.0,3
6578,79359.0,4
6579,18775.0,1
6580,75960.0,2
6581,101515.0,3
6582,98277.0,3
6583,73061.0,4
6584,223865.0,7
6585,169195.0,8
6586,32940.0,2
6587,91263.0,4
6588,136649.0,6
6589,88416.0,2
6590,52389.0,2
6591,82903.0,5
6592,32211.0,1
6593,167756.0,6
6594,135252.0,4
6595,131271.0,6
6596,49837.0,2
6597,78629.0,3
6598,55420.0,2
6599,16838.0,1
6600,73326.0,3
6601,69869.0,5
6602,40245.0,2
6603,113905.0,3
6604,91636.0,3
6605,69504.0,3
6607,25302.0,1
6608,115387.0,4
6609,47947.0,3
6610,34471.0,2
6611,46671.0,2
6612,124670.0,4
6613,75060.0,4
6614,80067.0,3
6616,139928.0,4
6617,91631.0,5
6618,90310.0,4
6619,98154.0,4
6620,90063.0,3
6621,134762.0,5
6622,40936.0,2
6623,151460.0,4
6624,53905.0,2
6625,62590.0,3
6626,80886.0,3
6627,22933.0,2
6628,59152.0,4
6629,64952.0,2
6630,47940.0,1
6632,51117.0,2
6633,111148.0,5
6634,97900.0,3
6635,24123.0,2
6636,86317.0,2
6637,54595.0,2
6638,252892.0,9
6639,70471.0,3
6640,14581.0,1
6641,24330.0,3
6642,127445.0,4
6643,102854.0,4
6644,62458.0,2
6645,145975.0,5
6646,48137.0,1
6647,140511.0,6
6648,37094.0,2
6649,98566.0,5
6650,68286.0,3
6651,46944.0,1
6652,120425.0,4
6653,81401.0,4
6654,49573.0,2
6655,63831.0,4
6656,42907.0,1
6657,122428.0,6
6658,36849.0,2
6659,5448.0,1
6660,32642.0,3
6661,173283.0,6
6662,52251.0,2
6663,91169.0,4
6664,36466.0,1
6665,33321.0,1
6666,30336.0,2
6667,37115.0,2
6668,81915.0,3
6669,154980.0,4
6670,260718.0,8
6671,149641.0,4
6673,60994.0,3
6674,76338.0,3
6675,55464.0,2
6676,11024.0,1
6678,11326.0,1
6679,97145.0,5
6680,188522.0,6
6681,128637.0,5
6682,75551.0,2
6683,128397.0,5
6684,99417.0,3
6686,35351.0,2
6687,115167.0,5
6688,172488.0,7
6689,133181.0,7
6690,116504.0,4
6691,93424.0,2
6692,116689.0,4
6693,95428.0,4
6694,13795.0,1
6695,104481.0,3
6696,138220.0,4
6697,10177.0,2
6698,55722.0,2
6699,136794.0,7
6700,155345.0,6
6701,138956.0,7
6702,59150.0,2
6704,93717.0,3
6705,69532.0,3
6706,48084.0,3
6707,96663.0,3
6708,72922.0,3
6709,110419.0,3
6710,110427.0,5
6711,33729.0,1
6712,64597.0,4
6713,81796.0,2
6714,79735.0,3
6715,57333.0,3
6716,3181.0,1
6717,10937.0,2
6718,213964.0,7
6719,79035.0,4
6720,114298.0,5
6721,63808.0,3
6722,46995.0,2
6723,41846.0,3
6724,77348.0,2
6725,187337.0,7
6726,107956.0,4
6727,70728.0,3
6728,120333.0,5
6729,43261.0,3
6730,13577.0,1
6731,67403.0,3
6732,131006.0,5
6733,62436.0,4
6734,134754.0,6
6735,106913.0,3
6736,27691.0,3
6737,62369.0,4
6738,166081.0,5
6739,97157.0,4
6740,70044.0,3
6741,47125.0,2
6742,218459.0,7
6743,136463.0,3
6744,95906.0,4
6745,42752.0,2
6746,115955.0,5
6747,62786.0,3
6748,53701.0,2
6749,152892.0,7
6750,12676.0,2
6751,13127.0,1
6752,11523.0,1
6753,57389.0,2
6755,32287.0,1
6756,36185.0,1
6757,24192.0,2
6758,105232.0,3
6759,84343.0,4
6760,89367.0,3
6761,164323.0,6
6762,87322.0,3
6763,212410.0,7
6764,77955.0,5
6765,14497.0,1
6766,96440.0,6
6767,155108.0,6
6768,97753.0,2
6769,74698.0,5
6770,78261.0,3
6771,23031.0,2
6772,24209.0,2
6773,93403.0,3
6774,43089.0,3
6775,203483.0,7
6776,131166.0,5
6777,76999.0,3
6778,77358.0,2
6779,73185.0,3
6780,88007.0,2
6781,216042.0,7
6782,174533.0,6
6783,69335.0,4
6785,167035.0,6
6786,72412.0,2
6787,45983.0,1
6788,54571.0,2
6789,70938.0,2
6790,43242.0,3
6791,69889.0,3
6792,77350.0,3
6793,77192.0,4
6794,43808.0,1
6795,213341.0,7
6796,131484.0,3
6797,91182.0,4
6798,128819.0,3
6799,204748.0,8
6800,114766.0,5
6801,81434.0,3
6802,152645.0,5
6803,221094.0,7
6804,99169.0,5
6805,11074.0,1
6807,168518.0,6
6808,31048.0,3
6809,88117.0,4
6810,47754.0,2
6811,71693.0,5
6812,61563.0,2
6813,23334.0,2
6814,92618.0,5
6815,181247.0,6
6816,76395.0,3
6817,126277.0,5
6818,97217.0,4
6819,204405.0,8
6820,43879.0,2
6821,68038.0,3
6822,40425.0,1
6823,171497.0,5
6824,85081.0,4
6825,60009.0,2
6826,45829.0,2
6828,86137.0,3
6829,18837.0,3
6830,68750.0,3
6831,52106.0,2
6832,46023.0,5
6833,31757.0,2
6834,220218.0,7
6835,115435.0,5
6836,148004.0,7
6837,72228.0,3
6839,85986.0,4
6840,109451.0,6
6841,55064.0,3
6843,81151.0,4
6844,139397.0,5
6845,136594.0,4
6846,106456.0,5
6847,20291.0,1
6848,49244.0,2
6849,153221.0,4
6850,119158.0,4
6851,95104.0,5
6852,94759.0,3
6853,66781.0,3
6854,65471.0,3
6855,98026.0,6
6856,131216.0,4
6857,50994.0,2
6858,20656.0,2
6859,84244.0,4
6860,28863.0,1
6861,91896.0,4
6862,40446.0,2
6863,203331.0,6
6864,48811.0,1
6865,226461.0,7
6866,109466.0,4
6867,35767.0,2
6868,39517.0,1
6869,95956.0,3
6870,201002.0,7
6871,96725.0,5
6872,66569.0,4
6873,179551.0,5
6874,45538.0,2
6875,20730.0,1
6876,79297.0,4
6877,79119.0,4
6878,95929.0,3
6879,51116.0,3
6880,39727.0,3
6881,111416.0,4
6882,22505.0,2
6883,37032.0,3
6884,49581.0,1
6885,143046.0,6
6886,60933.0,2
6887,41289.0,2
6888,6109.0,1
6889,177879.0,5
6890,105507.0,4
6891,131034.0,6
6892,197009.0,7
6893,56589.0,2
6894,99467.0,3
6895,133002.0,3
6896,43139.0,4
6897,57517.0,3
6898,93828.0,3
6899,132611.0,3
6900,63681.0,3
6901,11813.0,1
6902,157426.0,6
6903,235187.0,8
6904,98935.0,3
6905,41358.0,3
6906,119206.0,4
6907,84378.0,3
6908,54833.0,3
6909,149708.0,6
6910,10278.0,2
6911,23374.0,2
6912,56319.0,2
6913,82344.0,5
6914,110577.0,3
6915,70815.0,3
6916,19435.0,3
6918,67051.0,4
6919,62037.0,2
6920,49494.0,3
6921,105592.0,5
6922,90736.0,4
6923,83744.0,4
6924,126942.0,4
6925,63481.0,4
6926,111880.0,4
6927,92885.0,3
6928,132144.0,4
6929,183327.0,5
6930,136735.0,5
6931,60022.0,3
6932,112842.0,4
6933,100840.0,3
6934,79714.0,3
6935,94607.0,4
6936,80981.0,5
6937,176746.0,6
6938,148012.0,4
6939,159250.0,5
6940,71097.0,3
6942,95349.0,5
6943,129598.0,7
6944,220931.0,8
6945,54087.0,4
6946,126343.0,5
6947,138885.0,3
6948,60222.0,3
6949,95685.0,4
6950,59037.0,2
6951,67388.0,4
6952,64794.0,2
6953,38226.0,3
6954,77399.0,3
6955,154725.0,4
6956,57043.0,3
6957,45586.0,2
6958,105113.0,3
6959,72059.0,3
6960,86459.0,3
6961,113910.0,4
6963,120252.0,3
6964,75368.0,6
6965,69425.0,3
6966,80682.0,2
6967,119903.0,5
6968,41816.0,1
6969,1543.0,1
6970,83123.0,4
6971,32521.0,2
6972,115258.0,4
6974,51072.0,3
6975,9313.0,1
6976,10051.0,2
6977,45473.0,2
6978,74890.0,2
6979,94021.0,2
6980,78022.0,3
6981,61246.0,2
6982,89886.0,2
6983,104305.0,4
6984,65343.0,3
6985,79884.0,3
6986,23105.0,1
6987,75460.0,3
6988,66821.0,3
6989,77861.0,2
6991,88588.0,3
6992,46810.0,1
6993,144770.0,6
6994,88629.0,3
6995,134309.0,7
6997,5971.0,1
6998,6374.0,2
6999,185356.0,7
7000,146869.0,6
7001,101471.0,4
7002,119680.0,3
7003,149223.0,5
7004,23661.0,1
7005,141381.0,5
7006,221104.0,6
7007,81702.0,3
7008,120656.0,5
7009,101397.0,3
7010,125972.0,5
7011,130254.0,4
7012,143825.0,6
7013,99239.0,3
7014,82296.0,4
7015,73888.0,2
7016,61008.0,4
7017,13004.0,1
7018,88259.0,3
7019,113251.0,3
7020,84767.0,4
7021,39328.0,3
7022,46994.0,1
7023,136697.0,4
7024,165787.0,6
7025,86747.0,3
7026,150304.0,4
7027,30076.0,3
7028,83394.0,3
7029,98647.0,4
7030,141598.0,4
7031,141072.0,5
7032,93552.0,5
7033,104423.0,3
7034,71767.0,3
7035,86611.0,5
7036,106504.0,4
7037,81470.0,3
7038,58829.0,2
7039,48851.0,2
7040,66769.0,4
7041,151614.0,6
7042,30099.0,1
7043,161845.0,4
7044,42807.0,2
7045,38224.0,2
7046,42830.0,2
7047,134791.0,6
7048,99966.0,3
7049,156504.0,4
7050,47691.0,2
7051,80717.0,2
7052,51978.0,2
7053,17822.0,1
7054,59030.0,4
7055,97967.0,4
7056,78843.0,4
7057,211984.0,9
7058,148614.0,5
7059,93693.0,3
7060,107662.0,3
7061,149933.0,8
7062,73654.0,3
7063,41677.0,1
7064,34169.0,4
7065,222213.0,9
7066,82635.0,4
7067,39053.0,2
7068,136200.0,3
7069,57555.0,2
7071,9461.0,1
7072,108149.0,6
7073,86996.0,3
7074,106239.0,5
7075,37056.0,2
7076,110880.0,7
7077,42222.0,3
7078,91819.0,4
7079,35091.0,2
7080,6835.0,1
7081,42781.0,3
7082,67832.0,3
7083,52918.0,3
7084,112377.0,6
7085,29631.0,2
7086,132436.0,3
7087,129702.0,4
7088,99418.0,4
7089,52336.0,3
7090,78760.0,4
7091,129498.0,5
7092,47162.0,2
7093,19724.0,2
7094,112386.0,4
7095,14490.0,1
7096,196687.0,7
7097,77670.0,3
7098,163924.0,6
7099,15357.0,2
7100,61128.0,5
7101,155108.0,5
7102,122758.0,6
7103,129206.0,4
7104,110329.0,4
7105,129697.0,5
7106,165515.0,6
7107,241326.0,7
7108,75318.0,2
7109,26194.0,4
7110,104106.0,4
7111,9594.0,1
7112,60266.0,2
7113,25236.0,3
7114,39635.0,1
7115,117425.0,3
7116,46774.0,3
7117,15483.0,2
7118,45503.0,2
7119,27064.0,1
7120,95033.0,6
7121,24788.0,1
7122,147062.0,6
7123,80238.0,4
7124,71790.0,4
7125,72266.0,3
7127,136849.0,5
7128,143846.0,7
7129,41648.0,2
7130,59742.0,3
7131,65267.0,3
7132,55220.0,3
7134,205216.0,8
7135,135784.0,4
7136,32951.0,2
7137,37806.0,2
7138,150262.0,6
7139,101375.0,4
7140,134204.0,5
7141,58806.0,2
7142,111336.0,4
7143,98182.0,4
7144,52225.0,2
7145,41538.0,1
7146,68180.0,4
7147,7908.0,1
7148,64953.0,2
7149,85828.0,4
7150,40998.0,1
7151,81903.0,3
7152,79128.0,2
7153,65446.0,3
7154,54217.0,3
7155,89137.0,3
7156,23964.0,1
7157,10513.0,1
7158,76182.0,3
7159,110909.0,5
7160,49440.0,2
7161,71339.0,3
7162,127836.0,5
7163,58161.0,3
7164,231405.0,6
7165,70663.0,3
7166,74921.0,2
7167,42123.0,2
7168,157185.0,4
7169,95677.0,3
7170,39139.0,2
7171,33583.0,1
7172,29498.0,1
7173,14391.0,1
7174,52776.0,2
7175,148865.0,7
7176,89341.0,4
7177,47658.0,1
7178,144455.0,4
7179,78821.0,4
7180,42408.0,1
7181,48619.0,2
7182,59391.0,2
7183,81837.0,3
7184,104533.0,4
7186,99258.0,5
7187,137424.0,4
7188,73725.0,3
7189,84530.0,4
7190,69500.0,4
7191,219836.0,8
7192,165649.0,5
7193,53014.0,3
7194,86411.0,5
7195,39811.0,2
7196,170034.0,5
7197,77053.0,5
7198,75536.0,3
7199,94590.0,4
7200,138724.0,7
7201,102332.0,3
7202,103923.0,4
7203,38386.0,2
7204,141051.0,4
7205,6590.0,1
7206,108099.0,5
7207,64806.0,5
7208,98164.0,5
7209,76225.0,3
7210,21279.0,2
7211,106177.0,3
7212,37228.0,1
7213,151501.0,5
7214,87363.0,4
7215,68018.0,2
7216,84879.0,3
7217,14924.0,1
7218,24109.0,3
7219,28846.0,2
7220,108465.0,4
7221,132997.0,3
7222,48074.0,2
7223,120650.0,5
7224,63761.0,3
7225,83368.0,5
7226,14884.0,1
7227,40272.0,2
7228,112626.0,4
7229,71082.0,3
7230,65790.0,3
7231,87228.0,2
7233,119556.0,4
7234,31824.0,2
7235,112520.0,3
7236,196572.0,6
7237,98622.0,4
7238,28793.0,1
7239,101390.0,3
7240,61482.0,3
7241,22691.0,2
7242,87166.0,3
7243,88790.0,4
7244,91503.0,3
7245,1921.0,1
7246,40404.0,1
7247,104185.0,4
7248,131199.0,4
7249,40483.0,1
7250,151804.0,7
7251,16405.0,2
7252,37229.0,1
7253,76433.0,2
7254,130720.0,5
7255,151696.0,5
7256,89628.0,3
7257,64292.0,2
7258,69969.0,3
7259,22902.0,3
7260,57712.0,2
7261,83587.0,3
7262,109735.0,5
7263,102478.0,6
7264,91962.0,3
7265,135011.0,4
7266,77518.0,3
7268,135949.0,6
7269,20101.0,2
7270,101466.0,3
7271,135822.0,5
7272,138761.0,4
7273,109103.0,4
7274,49591.0,2
7275,85508.0,4
7276,29845.0,2
7277,88299.0,2
7278,60498.0,2
7279,75555.0,3
7280,50773.0,3
7281,44900.0,2
7282,58542.0,2
7283,80758.0,3
7284,129217.0,5
7285,179381.0,5
7286,71446.0,5
7287,206178.0,6
7288,73711.0,3
7289,108132.0,6
7290,94659.0,3
7291,58696.0,2
7292,18701.0,1
7293,46218.0,3
7294,22180.0,1
7295,181312.0,8
7296,91000.0,4
7297,125486.0,5
7298,97445.0,3
7299,66421.0,2
7300,7194.0,2
7301,42985.0,1
7302,109729.0,5
7303,92190.0,3
7304,68692.0,4
7305,88769.0,4
7306,53378.0,3
7308,98719.0,4
7309,107949.0,4
7310,78987.0,4
7311,107639.0,5
7312,107893.0,4
7313,112159.0,4
7314,144865.0,4
7315,87591.0,2
7316,28815.0,1
7317,152501.0,5
7318,199989.0,6
7319,64670.0,4
7320,98909.0,3
7321,48666.0,2
7322,76547.0,4
7323,33758.0,2
7324,70579.0,3
7325,26037.0,3
7327,68094.0,3
7329,43593.0,2
7330,81729.0,3
7331,164625.0,5
7332,38763.0,1
7333,154785.0,7
7334,175487.0,6
7335,48642.0,2
7336,28681.0,2
7337,47263.0,3
7338,81114.0,3
7339,121136.0,4
7340,65289.0,3
7341,2154.0,1
7342,72898.0,4
7343,20022.0,1
7344,55320.0,4
7345,95562.0,4
7346,149150.0,4
7347,178868.0,6
7348,96639.0,3
7349,130553.0,4
7350,143271.0,5
7351,110197.0,5
7352,127453.0,4
7353,156921.0,4
7354,37222.0,1
7355,20438.0,2
7356,170981.0,6
7357,76451.0,3
7358,104277.0,3
7359,165624.0,6
7360,9347.0,1
7361,15176.0,2
7362,154631.0,7
7363,88770.0,4
7364,90288.0,4
7365,107580.0,5
7366,40500.0,1
7367,53712.0,3
7368,90322.0,5
7369,77875.0,3
7371,92003.0,4
7372,75331.0,3
7373,146054.0,6
7375,73157.0,4
7376,86224.0,3
7377,157891.0,5
7378,110763.0,4
7379,62807.0,2
7381,58527.0,3
7382,28656.0,1
7383,66871.0,2
7384,89094.0,3
7385,65017.0,2
7386,30912.0,3
7387,170651.0,6
7388,77252.0,4
7389,83978.0,3
7390,72064.0,2
7391,186811.0,6
7392,215402.0,6
7393,72522.0,2
7394,96924.0,3
7395,78392.0,4
7397,98829.0,3
7398,31548.0,1
7399,78726.0,3
7400,57266.0,4
7401,86343.0,4
7402,77114.0,4
7403,64297.0,3
7404,82524.0,4
7405,106263.0,3
7406,96393.0,3
7407,27615.0,1
7408,125554.0,4
7409,28858.0,2
7410,25503.0,2
7411,35869.0,3
7412,98252.0,4
7413,74418.0,3
7414,45284.0,2
7415,105759.0,3
7416,97190.0,3
7418,67470.0,2
7419,49145.0,2
7420,122934.0,5
7421,16849.0,1
7422,187075.0,7
7423,19762.0,3
7424,60745.0,3
7426,37556.0,3
7427,146123.0,6
7428,73419.0,2
7429,89588.0,5
7430,106518.0,4
7431,42607.0,3
7432,110838.0,4
7433,104257.0,3
7434,206169.0,6
7435,144689.0,4
7436,106460.0,3
7437,68194.0,2
7438,63640.0,2
7439,95604.0,3
7440,19686.0,2
7441,25405.0,1
7442,29215.0,2
7443,130891.0,4
7444,17160.0,1
7445,108994.0,3
7446,155754.0,5
7447,224523.0,6
7448,87791.0,4
7449,114593.0,3
7450,140915.0,4
7451,64613.0,3
7452,71660.0,3
7453,106508.0,3
7454,47892.0,3
7455,60058.0,3
7456,73175.0,4
7457,176685.0,7
7458,75610.0,3
7459,62172.0,3
7460,113747.0,5
7461,84383.0,3
7462,132415.0,4
7463,50681.0,2
7464,41288.0,2
7465,73846.0,2
7466,109301.0,5
7467,56933.0,3
7468,117342.0,4
7469,47606.0,3
7470,72543.0,3
7471,158121.0,5
7473,128459.0,8
7474,83640.0,6
7475,142160.0,8
7476,58999.0,3
7477,171962.0,6
7478,19368.0,1
7479,59258.0,4
7480,40416.0,1
7481,172433.0,4
7482,180148.0,7
7483,71731.0,3
7484,80829.0,3
7485,23390.0,1
7486,61267.0,5
7487,10451.0,1
7488,1111.0,1
7489,5456.0,1
7490,8525.0,1
7491,46864.0,3
7492,28858.0,1
7493,150503.0,6
7494,70044.0,3
7496,2941.0,1
7497,43166.0,3
7498,76682.0,3
7499,41395.0,1
7500,41290.0,2
7501,150094.0,5
7502,11419.0,1
7503,96885.0,3
7505,65864.0,3
7506,256853.0,8
7507,10535.0,1
7508,46690.0,1
7509,126886.0,5
7510,7228.0,1
7511,79930.0,4
7512,34096.0,3
7513,134580.0,3
7514,31456.0,2
7516,58218.0,3
7517,141249.0,5
7518,23001.0,2
7519,87937.0,4
7520,41421.0,2
7521,39150.0,2
7522,176669.0,6
7523,59988.0,2
7524,13974.0,1
7525,70428.0,4
7526,97736.0,4
7527,120732.0,5
7528,29903.0,2
7529,13653.0,1
7530,120268.0,6
7531,32331.0,1
7532,99494.0,4
7533,107313.0,5
7534,19505.0,1
7535,104335.0,4
7536,138723.0,5
7537,68127.0,2
7538,27964.0,2
7539,8097.0,1
7540,114348.0,5
7541,42887.0,2
7542,34386.0,1
7543,54048.0,2
7544,121071.0,4
7546,171031.0,5
7547,40021.0,2
7548,27427.0,1
7549,40286.0,3
7550,108589.0,4
7551,100380.0,3
7552,137764.0,5
7553,52240.0,2
7554,91294.0,5
7555,61408.0,2
7556,91603.0,4
7557,113528.0,5
7558,99431.0,3
7559,168051.0,7
7560,25310.0,2
7561,170399.0,5
7562,54670.0,2
7563,121852.0,5
7564,98651.0,5
7565,142038.0,4
7566,140465.0,5
7567,76494.0,2
7568,42151.0,3
7569,11784.0,1
7570,48483.0,1
7571,149018.0,7
7572,46243.0,2
7573,170480.0,6
7574,111384.0,5
7575,143414.0,4
7576,18875.0,2
7577,62825.0,2
7578,151636.0,5
7579,131243.0,4
7580,276021.0,10
7581,59018.0,4
7582,46795.0,1
7583,71898.0,2
7584,127838.0,4
7585,27518.0,2
7586,99680.0,5
7587,38137.0,2
7588,74184.0,5
7589,25929.0,2
7590,48321.0,2
7591,90843.0,3
7592,217775.0,9
7594,85858.0,2
7595,166688.0,7
7596,223785.0,6
7597,24296.0,1
7598,98168.0,4
7599,105243.0,4
7600,104617.0,4
7601,81856.0,4
7602,55368.0,2
7603,80189.0,4
7604,85963.0,4
7605,97165.0,4
7606,38402.0,2
7607,72738.0,2
7608,113380.0,4
7609,92822.0,3
7610,65585.0,4
7611,66340.0,2
7612,115536.0,6
7613,102773.0,3
7615,128356.0,5
7616,73141.0,2
7617,55235.0,2
7618,48407.0,4
7619,117512.0,3
7620,72114.0,3
7621,14795.0,1
7622,98327.0,3
7623,108395.0,4
7624,116901.0,5
7625,121703.0,5
7626,44700.0,2
7627,78010.0,3
7628,64628.0,3
7629,154213.0,4
7630,67726.0,3
7631,85233.0,2
7632,81924.0,4
7633,23084.0,2
7634,146592.0,4
7635,137958.0,4
7636,171072.0,5
7637,148073.0,5
7638,88822.0,2
7639,11485.0,2
7640,77245.0,2
7641,41277.0,1
7642,109379.0,5
7643,43738.0,2
7644,32432.0,2
7645,67942.0,3
7646,178212.0,7
7647,143442.0,5
7648,72839.0,4
7649,34450.0,1
7650,46522.0,2
7651,21319.0,1
7652,106462.0,3
7653,59374.0,2
7654,31603.0,4
7655,161585.0,4
7656,64486.0,3
7657,74259.0,6
7658,69667.0,3
7659,96827.0,3
7660,159440.0,6
7661,35296.0,1
7662,107158.0,3
7663,38151.0,2
7664,37756.0,2
7665,76828.0,3
7666,60664.0,3
7667,30719.0,1
7668,115330.0,4
7669,126622.0,5
7670,93576.0,3
7671,144396.0,4
7672,50047.0,2
7673,41174.0,4
7674,81931.0,4
7675,97168.0,3
7676,90136.0,3
7677,113388.0,3
7678,112507.0,7
7679,17421.0,1
7680,31666.0,1
7681,22202.0,1
7682,55943.0,4
7683,98884.0,4
7684,49078.0,2
7685,120994.0,4
7686,134691.0,4
7687,149515.0,6
7688,93013.0,3
7689,55357.0,3
7690,170346.0,7
7691,67169.0,5
7692,42541.0,3
7693,93823.0,3
7694,16765.0,1
7695,86086.0,3
7696,131390.0,4
7697,109117.0,4
7698,19999.0,1
7699,144587.0,6
7700,33062.0,1
7701,7340.0,1
7702,43452.0,4
7703,46187.0,2
7704,102205.0,3
7705,200246.0,7
7706,59384.0,3
7707,66407.0,4
7708,49183.0,1
7709,54353.0,2
7710,106588.0,4
7711,144417.0,6
7712,81176.0,3
7713,109597.0,4
7714,146222.0,5
7715,59479.0,2
7716,48062.0,2
7717,56571.0,4
7718,9073.0,1
7719,4377.0,2
7720,23673.0,3
7721,114353.0,3
7722,116131.0,5
7723,63838.0,3
7724,65478.0,4
7725,86902.0,4
7726,105220.0,5
7727,80601.0,4
7728,43379.0,2
7729,84489.0,3
7730,33923.0,1
7731,157301.0,6
7732,62043.0,2
7733,77731.0,2
7734,92254.0,3
7735,77030.0,3
7736,53282.0,2
7737,98104.0,3
7738,1474.0,1
7739,136380.0,4
7740,42627.0,1
7741,112954.0,4
7742,66617.0,2
7743,100296.0,4
7744,21603.0,2
7745,60503.0,2
7746,7173.0,1
7747,51967.0,3
7748,134299.0,4
7749,103718.0,4
7750,123043.0,4
7751,98662.0,4
7752,68790.0,3
7753,119663.0,5
7754,109278.0,6
7755,57709.0,3
7756,47193.0,3
7757,63327.0,3
7758,124824.0,4
7759,52121.0,2
7760,90100.0,4
7761,20378.0,1
7762,39328.0,1
7763,76790.0,4
7764,37117.0,2
7765,188996.0,8
7766,30353.0,1
7767,55924.0,3
7768,49011.0,3
7769,199455.0,5
7770,40133.0,1
7771,52532.0,4
7772,130294.0,5
7773,281211.0,9
7774,17886.0,2
7775,47088.0,2
7776,88648.0,2
7777,79376.0,3
7779,3230.0,1
7780,132840.0,4
7781,44165.0,3
7782,162077.0,5
7783,197830.0,5
7784,113382.0,3
7785,84608.0,3
7786,97752.0,3
7787,11726.0,1
7788,35037.0,1
7789,123536.0,4
7790,22025.0,2
7791,65777.0,5
7792,35219.0,2
7793,47730.0,1
7794,98997.0,4
7795,44779.0,1
7796,113884.0,4
7797,137740.0,5
7798,68362.0,4
7799,2581.0,1
7800,110070.0,3
7801,41074.0,1
7802,64844.0,6
7803,48099.0,3
7804,100146.0,7
7805,12314.0,1
7806,63055.0,2
7807,23966.0,1
7808,86115.0,4
7809,66017.0,2
7810,108282.0,5
7811,230669.0,9
7812,49242.0,3
7813,53231.0,3
7814,65646.0,2
7816,29198.0,1
7817,156892.0,6
7818,40748.0,2
7819,201932.0,9
7820,83143.0,3
7821,56221.0,3
7822,31798.0,2
7823,199617.0,7
7824,54703.0,3
7825,134615.0,7
7826,71207.0,3
7827,89287.0,3
7828,137606.0,4
7829,131538.0,8
7830,116401.0,4
7831,141558.0,5
7832,13611.0,1
7833,83649.0,2
7834,51019.0,2
7835,71870.0,4
7836,129767.0,4
7838,68194.0,3
7839,106154.0,6
7840,177142.0,8
7841,82640.0,3
7842,60504.0,2
7843,85893.0,4
7845,97775.0,3
7846,145428.0,6
7847,85288.0,4
7848,38604.0,1
7849,77488.0,3
7850,95246.0,3
7851,132246.0,4
7852,215725.0,7
7853,19954.0,2
7854,36965.0,3
7855,39485.0,1
7857,201552.0,9
7858,148097.0,4
7859,157981.0,5
7860,70423.0,4
7861,172109.0,8
7862,196749.0,7
7863,84984.0,4
7864,84375.0,4
7865,109391.0,4
7866,139404.0,5
7867,129048.0,5
7868,9763.0,1
7869,42393.0,2
7870,170883.0,8
7871,68024.0,3
7872,38872.0,5
7873,94359.0,3
7874,82475.0,2
7875,94747.0,3
7876,87428.0,5
7877,98247.0,5
7878,87999.0,2
7879,79829.0,4
7880,78260.0,3
7881,106905.0,3
7882,198549.0,6
7883,77610.0,3
7884,36022.0,2
7885,13224.0,2
7886,64388.0,5
7887,165646.0,8
7888,77669.0,3
7889,193047.0,6
7890,17544.0,1
7891,72600.0,5
7892,32357.0,2
7893,97907.0,3
7894,35064.0,2
7895,156053.0,7
7896,138700.0,4
7898,150797.0,6
7899,42030.0,3
7900,75878.0,4
7901,212729.0,6
7902,107343.0,4
7903,122236.0,4
7904,5184.0,2
7905,67662.0,2
7906,86287.0,3
7907,4852.0,1
7908,57433.0,4
7909,60569.0,3
7910,41941.0,3
7911,35434.0,2
7912,105847.0,5
7913,12151.0,1
7914,92788.0,4
7915,154829.0,6
7916,1712.0,1
7917,84588.0,4
7918,68523.0,6
7920,111420.0,3
7921,48245.0,2
7922,39097.0,2
7923,60996.0,2
7924,126155.0,5
7925,46222.0,4
7926,106607.0,3
7927,110534.0,3
7928,123243.0,3
7929,80319.0,3
7930,62060.0,3
7931,173898.0,8
7932,38523.0,2
7933,190200.0,5
7934,63230.0,2
7935,87179.0,4
7936,46567.0,1
7937,129375.0,5
7939,143566.0,5
7940,66208.0,2
7941,52344.0,2
7942,84818.0,4
7943,34784.0,1
7944,131291.0,4
7945,77269.0,4
7946,31753.0,1
7947,76776.0,4
7948,158247.0,7
7949,101206.0,4
7950,47126.0,1
7951,52815.0,4
7952,130143.0,5
7953,122190.0,5
7954,94771.0,4
7955,27704.0,1
7956,79034.0,4
7957,121606.0,4
7958,69370.0,4
7959,69607.0,5
7960,151093.0,7
7961,40541.0,2
7962,54742.0,2
7963,76186.0,3
7964,114172.0,4
7965,90381.0,3
7966,129777.0,6
7967,91032.0,4
7969,188990.0,5
7970,91070.0,3
7971,31257.0,1
7972,63099.0,2
7973,57736.0,2
7974,154246.0,6
7975,76742.0,2
7976,236226.0,8
7977,57269.0,3
7978,51589.0,2
7979,89276.0,4
7980,29963.0,2
7981,90894.0,4
7982,91348.0,2
7983,64039.0,3
7984,104553.0,6
7985,44865.0,1
7986,63397.0,4
7987,73918.0,3
7988,111239.0,4
7989,133845.0,7
7990,110673.0,3
7991,93593.0,6
7992,42899.0,1
7993,165298.0,6
7994,102094.0,4
7995,67436.0,3
7996,47973.0,2
7997,189345.0,6
7998,51644.0,2
7999,73914.0,3
8000,70804.0,2
8001,104136.0,4
8002,8891.0,2
8003,130858.0,8
8004,34673.0,2
8005,37201.0,2
8006,5299.0,1
8007,177261.0,6
8008,192496.0,7
8009,33674.0,3
8010,111531.0,4
8011,68649.0,2
8012,281477.0,11
8013,91784.0,3
8014,101751.0,3
8015,19053.0,1
8016,92648.0,3
8017,106697.0,5
8018,2137.0,1
8019,95504.0,4
8020,108458.0,4
8021,140239.0,6
8022,4489.0,1
8023,32958.0,1
8024,71500.0,4
8025,37990.0,1
8026,93410.0,3
8027,74494.0,2
8028,61742.0,3
8029,98105.0,4
8030,81617.0,4
8032,77133.0,3
8033,66510.0,3
8034,114163.0,4
8035,46629.0,2
8036,175124.0,6
8037,87383.0,3
8038,51229.0,4
8039,18433.0,1
8040,102773.0,3
8041,76029.0,2
8042,31011.0,2
8043,182616.0,7
8044,22492.0,1
8045,90629.0,3
8046,37430.0,2
8047,98196.0,3
8049,36590.0,1
8050,50340.0,3
8051,87914.0,2
8052,47110.0,1
8053,91670.0,4
8054,56352.0,3
8055,73240.0,4
8056,40939.0,2
8057,156796.0,6
8058,78090.0,2
8059,92920.0,2
8061,184012.0,6
8062,147392.0,6
8063,53923.0,3
8064,3332.0,1
8065,45654.0,1
8066,55372.0,4
8067,73750.0,3
8069,53074.0,3
8070,14367.0,1
8072,80395.0,4
8073,642.0,1
8074,79413.0,6
8075,39125.0,1
8076,151351.0,6
8077,63094.0,2
8078,46410.0,3
8079,77898.0,4
8080,132955.0,8
8081,183051.0,6
8082,96610.0,3
8083,151492.0,4
8084,144611.0,7
8085,41355.0,3
8087,82158.0,2
8088,33061.0,2
8089,126457.0,4
8090,161166.0,7
8091,29261.0,1
8092,127277.0,5
8093,79903.0,5
8094,44243.0,2
8095,166325.0,8
8096,40354.0,1
8097,161055.0,6
8098,46028.0,3
8099,64022.0,2
8100,56174.0,2
8101,158832.0,7
8102,100424.0,4
8103,78757.0,2
8104,29788.0,2
8105,65737.0,2
8106,32448.0,2
8107,35638.0,1
8108,125706.0,5
8109,70236.0,3
8110,186859.0,6
8111,109375.0,5
8112,59455.0,4
8113,16122.0,1
8114,82980.0,3
8115,26613.0,2
8116,125849.0,3
8117,107402.0,3
8118,9171.0,1
8119,99547.0,4
8120,89079.0,4
8121,142717.0,5
8122,49503.0,2
8123,64083.0,3
8124,75221.0,4
8125,85299.0,4
8126,155354.0,5
8127,93030.0,4
8128,37012.0,1
8129,95726.0,3
8130,105181.0,4
8131,38905.0,2
8132,38338.0,3
8133,26897.0,3
8134,125403.0,6
8135,182562.0,6
8136,90934.0,3
8137,65470.0,5
8138,75968.0,3
8139,94389.0,4
8140,64949.0,2
8141,94654.0,3
8142,131613.0,4
8143,209029.0,7
8144,31958.0,2
8145,178142.0,5
8146,105858.0,3
8147,44540.0,1
8148,68016.0,3
8149,44323.0,1
8150,45644.0,2
8151,49049.0,1
8152,131589.0,4
8153,109848.0,5
8154,52263.0,2
8156,102113.0,3
8157,15301.0,3
8158,146118.0,5
8159,132790.0,4
8160,70639.0,3
8161,5857.0,1
8162,109432.0,3
8163,91962.0,3
8164,114784.0,4
8165,55831.0,5
8166,201023.0,7
8167,156628.0,6
8168,33174.0,1
8169,150755.0,6
8170,175769.0,5
8171,32657.0,2
8172,101116.0,4
8173,8975.0,2
8174,50071.0,4
8175,123319.0,6
8176,105719.0,5
8177,173787.0,5
8178,90272.0,4
8179,38624.0,3
8180,77119.0,3
8181,34531.0,4
8182,62924.0,4
8183,181170.0,6
8184,155413.0,6
8185,132410.0,6
8186,101753.0,4
8187,25512.0,2
8188,42618.0,2
8189,99986.0,4
8190,117559.0,5
8191,79914.0,3
8192,39811.0,3
8193,11721.0,2
8194,940.0,1
8195,39249.0,3
8196,100961.0,4
8197,79721.0,3
8198,40122.0,2
8199,49853.0,4
8200,30293.0,2
8201,120198.0,5
8202,45187.0,1
8203,98238.0,6
8204,59885.0,4
8205,85286.0,4
8206,42898.0,3
8207,141107.0,4
8208,116908.0,5
8209,37617.0,2
8210,60388.0,3
8211,124696.0,3
8212,42652.0,2
8213,113865.0,3
8214,159771.0,5
8215,88018.0,4
8216,46742.0,2
8217,130581.0,4
8218,161369.0,6
8219,138375.0,4
8220,103297.0,5
8221,23274.0,1
8222,123386.0,5
8223,46990.0,2
8224,111172.0,5
8225,49167.0,2
8226,110630.0,3
8227,88813.0,6
8228,49697.0,4
8229,114336.0,4
8230,74221.0,3
8231,103145.0,4
8232,130055.0,4
8233,43438.0,2
8234,150775.0,5
8235,17036.0,2
8236,5740.0,2
8237,146371.0,5
8238,135140.0,3
8239,89672.0,3
8240,88874.0,3
8241,108927.0,3
8242,149563.0,4
8243,56860.0,2
8244,95626.0,4
8245,118358.0,4
8246,113986.0,4
8247,46305.0,2
8248,66097.0,5
8249,240148.0,7
8250,73026.0,2
8251,116805.0,4
8252,105756.0,4
8253,129644.0,5
8254,46902.0,2
8255,87176.0,5
8256,48379.0,3
8257,111227.0,5
8258,33252.0,2
8259,163476.0,4
8260,147777.0,4
8261,56232.0,3
8262,292514.0,9
8263,45424.0,2
8264,73750.0,2
8265,167274.0,6
8266,120399.0,4
8267,28021.0,1
8268,86333.0,4
8269,99455.0,3
8270,61511.0,3
8271,86718.0,4
8272,72200.0,3
8273,83108.0,2
8274,84395.0,3
8275,50494.0,2
8276,41775.0,4
8277,87629.0,2
8278,105798.0,5
8279,39194.0,1
8280,15331.0,1
8281,21812.0,2
8282,29249.0,1
8283,23181.0,2
8284,30379.0,2
8285,38495.0,2
8286,120555.0,5
8287,160133.0,6
8288,7450.0,1
8289,160399.0,7
8290,75008.0,3
8291,76694.0,3
8292,66668.0,2
8293,27310.0,2
8294,249374.0,8
8295,107302.0,4
8296,109117.0,5
8297,71931.0,3
8298,27991.0,1
8299,203854.0,8
8301,57327.0,3
8302,65038.0,3
8303,57897.0,2
8304,32440.0,3
8305,93252.0,3
8306,29909.0,2
8307,103422.0,5
8308,37679.0,1
8309,112303.0,4
8310,51975.0,2
8311,82369.0,3
8312,3607.0,1
8313,102947.0,4
8314,104963.0,4
8315,66235.0,3
8316,14069.0,1
8317,180769.0,6
8318,160677.0,5
8319,50085.0,3
8320,19863.0,2
8321,16674.0,1
8323,63220.0,2
8324,93891.0,4
8325,143370.0,5
8326,108274.0,4
8327,70887.0,3
8328,186486.0,6
8329,48640.0,1
8330,70791.0,4
8331,143891.0,5
8332,72366.0,2
8333,87621.0,3
8334,125794.0,6
8335,78262.0,4
8336,77516.0,4
8337,110196.0,3
8338,56046.0,3
8339,45591.0,1
8340,31818.0,3
8341,90528.0,3
8342,185271.0,5
8343,77568.0,4
8344,99730.0,3
8345,44225.0,3
8346,109913.0,3
8347,59655.0,2
8348,103989.0,5
8349,216833.0,8
8350,121596.0,5
8351,15762.0,3
8352,164231.0,7
8353,12910.0,1
8354,44374.0,1
8355,23392.0,1
8356,74703.0,4
8357,14859.0,1
8358,163918.0,6
8359,99610.0,4
8360,96156.0,3
8361,175201.0,7
8362,51462.0,4
8363,99221.0,5
8364,140813.0,3
8365,120394.0,5
8366,4447.0,1
8367,94383.0,4
8368,49887.0,2
8369,141280.0,5
8370,74784.0,4
8371,263790.0,9
8372,31510.0,1
8373,65429.0,3
8374,76514.0,3
8375,155289.0,6
8376,39907.0,2
8377,242963.0,10
8378,71036.0,3
8379,451.0,1
8380,145218.0,4
8381,152701.0,6
8382,16167.0,1
8383,94311.0,5
8384,58652.0,2
8385,116872.0,4
8386,49208.0,2
8387,109297.0,5
8388,77203.0,3
8389,192051.0,7
8390,88297.0,2
8391,77588.0,2
8392,181684.0,7
8393,103045.0,4
8394,89440.0,2
8395,125925.0,4
8396,67566.0,3
8397,58216.0,2
8398,36806.0,2
8399,4163.0,1
8400,231342.0,8
8401,115771.0,4
8402,105547.0,3
8403,43804.0,2
8404,66096.0,2
8405,72192.0,3
8406,86006.0,4
8407,29264.0,2
8408,72729.0,3
8409,236962.0,8
8410,71133.0,2
8411,48495.0,3
8412,82322.0,4
8413,49070.0,2
8414,103456.0,3
8415,44482.0,2
8416,3918.0,1
8417,52056.0,3
8418,75641.0,3
8419,108054.0,5
8420,187232.0,6
8421,134440.0,4
8422,31897.0,1
8423,170748.0,7
8424,134325.0,4
8425,37110.0,2
8426,85718.0,5
8427,86604.0,4
8428,12401.0,1
8429,93616.0,5
8430,152954.0,6
8432,84746.0,3
8433,122432.0,6
8434,134639.0,7
8435,138868.0,5
8436,1807.0,1
8437,18119.0,2
8438,292991.0,8
8439,69680.0,3
8440,122484.0,4
8441,71739.0,3
8442,59357.0,2
8443,106035.0,5
8444,92441.0,3
8445,54195.0,3
8446,120590.0,5
8447,86723.0,3
8448,73416.0,3
8449,76546.0,3
8450,80631.0,3
8451,86977.0,3
8452,115364.0,5
8453,117265.0,5
8454,43096.0,1
8455,133862.0,5
8456,56101.0,3
8457,22189.0,1
8458,52661.0,2
8459,117691.0,4
8460,35194.0,2
8461,46863.0,3
8462,94636.0,3
8463,23785.0,1
8464,67662.0,3
8465,97132.0,3
8466,93777.0,3
8467,47401.0,2
8468,216801.0,7
8469,156452.0,4
8470,2586.0,1
8472,130859.0,3
8473,96199.0,3
8474,47032.0,2
8475,91512.0,5
8476,68718.0,5
8477,69822.0,3
8478,81894.0,4
8479,188552.0,7
8480,124878.0,4
8481,65844.0,2
8482,24706.0,2
8483,69056.0,2
8484,50861.0,4
8485,130355.0,4
8486,65187.0,3
8487,95136.0,4
8488,112801.0,3
8489,62718.0,2
8490,83141.0,3
8491,108127.0,5
8492,16853.0,2
8493,46970.0,3
8494,14983.0,1
8495,123549.0,4
8496,77147.0,3
8497,56116.0,3
8498,23959.0,1
8499,37353.0,3
8500,39503.0,2
8501,22493.0,2
8502,74795.0,4
8503,77130.0,3
8504,119111.0,4
8505,84872.0,4
8506,74614.0,3
8507,94147.0,7
8508,256199.0,8
8509,114665.0,5
8510,80104.0,3
8511,128639.0,5
8512,117982.0,4
8513,101484.0,3
8514,2104.0,1
8515,178693.0,7
8516,87638.0,4
8517,69905.0,3
8518,50609.0,2
8519,69818.0,4
8521,57072.0,2
8522,46633.0,3
8523,130983.0,3
8524,102338.0,5
8525,132110.0,4
8526,115354.0,5
8527,86171.0,3
8528,51534.0,2
8529,7267.0,1
8530,77250.0,3
8531,42541.0,1
8532,122809.0,3
8533,123585.0,5
8534,171341.0,7
8535,40723.0,3
8536,45058.0,3
8537,110641.0,4
8538,34219.0,1
8540,98195.0,5
8541,38994.0,2
8542,49615.0,2
8543,106223.0,5
8544,115441.0,5
8545,58246.0,3
8546,87267.0,2
8547,78667.0,2
8548,77297.0,4
8549,48122.0,2
8550,102480.0,4
8551,330518.0,10
8553,55920.0,2
8554,54370.0,4
8555,124956.0,4
8556,119842.0,6
8557,89594.0,2
8558,74082.0,4
8559,205274.0,9
8560,41882.0,1
8561,168910.0,6
8562,72088.0,4
8563,50776.0,3
8564,98261.0,4
8565,200274.0,8
8566,90405.0,4
8567,178493.0,6
8568,150260.0,4
8569,79923.0,3
8570,116087.0,5
8571,26116.0,3
8572,36213.0,2
8573,116017.0,3
8574,103104.0,3
8575,82160.0,4
8576,134909.0,5
8577,48870.0,2
8578,57793.0,3
8579,39167.0,2
8580,174339.0,7
8581,159217.0,4
8582,175287.0,5
8583,149482.0,4
8584,20260.0,1
8587,96405.0,4
8588,136141.0,6
8589,87773.0,3
8590,22393.0,2
8591,178934.0,5
8592,45256.0,4
8593,73767.0,3
8594,79917.0,3
8595,75224.0,3
8596,64839.0,3
8597,16063.0,2
8598,25061.0,3
8599,88846.0,3
8600,273982.0,8
8601,53457.0,2
8602,74045.0,3
8603,75555.0,3
8604,146006.0,5
8605,89423.0,3
8606,151769.0,6
8607,34529.0,1
8609,100273.0,5
8610,60555.0,4
8611,202624.0,6
8612,2559.0,1
8613,59968.0,5
8614,68916.0,3
8615,24497.0,1
8616,104412.0,3
8617,140577.0,5
8618,130956.0,6
8619,180376.0,6
8620,120181.0,5
8621,95457.0,3
8622,111201.0,4
8623,138575.0,6
8624,13320.0,1
8625,114263.0,3
8626,111417.0,5
8627,89196.0,4
8628,32997.0,2
8629,30961.0,1
8631,64624.0,2
8632,150119.0,5
8633,46254.0,2
8634,8088.0,1
8635,161250.0,6
8636,37583.0,2
8637,72434.0,3
8638,140070.0,5
8639,60376.0,3
8640,93492.0,3
8641,126352.0,6
8642,5718.0,2
8643,25628.0,4
8644,47403.0,2
8645,115326.0,4
8646,101185.0,4
8647,39883.0,2
8648,202815.0,6
8649,113640.0,6
8650,90524.0,4
8651,98378.0,3
8653,92059.0,3
8654,66129.0,2
8655,41546.0,3
8656,76961.0,3
8657,19931.0,2
8658,100042.0,6
8659,77064.0,5
8660,113098.0,4
8661,61360.0,3
8662,157387.0,8
8663,35733.0,1
8664,31881.0,1
8665,51049.0,2
8666,65592.0,3
8667,35840.0,2
8668,198791.0,6
8669,53930.0,2
8670,53898.0,3
8671,117324.0,4
8672,111550.0,3
8673,90598.0,3
8674,5016.0,1
8675,187311.0,6
8676,72416.0,2
8677,31525.0,3
8678,105482.0,4
8679,235452.0,7
8680,28060.0,1
8681,179925.0,6
8682,157099.0,6
8683,50379.0,2
8684,117941.0,4
8685,36033.0,1
8686,123328.0,3
8687,132845.0,8
8688,46620.0,1
8689,19486.0,2
8690,114009.0,5
8691,71874.0,3
8692,80345.0,4
8693,116249.0,4
8694,268823.0,8
8695,29837.0,2
8696,2314.0,1
8697,122184.0,3
8698,117400.0,6
8699,31255.0,3
8700,119945.0,5
8701,50747.0,3
8702,124071.0,6
8703,125929.0,5
8704,34418.0,2
8705,156842.0,6
8706,17219.0,1
8707,144832.0,6
8708,67350.0,2
8709,132894.0,4
8710,121885.0,4
8711,73804.0,2
8712,119913.0,4
8713,100060.0,5
8714,50313.0,3
8715,155226.0,7
8716,37920.0,2
8717,56136.0,2
8718,21486.0,2
8719,100528.0,4
8720,68574.0,4
8721,118885.0,6
8722,126370.0,7
8723,68932.0,2
8724,170518.0,7
8725,66699.0,2
8726,67578.0,4
8727,62115.0,3
8728,47159.0,2
8729,92722.0,3
8731,32999.0,1
8732,82061.0,4
8733,57615.0,2
8734,21397.0,2
8735,177675.0,7
8736,42794.0,2
8737,6777.0,2
8738,113524.0,4
8739,43762.0,2
8740,97842.0,5
8741,40354.0,2
8742,30167.0,2
8743,129658.0,4
8744,29380.0,1
8745,207883.0,8
8746,120053.0,5
8747,88876.0,4
8748,62981.0,2
8749,144886.0,5
8750,48766.0,2
8751,166098.0,6
8752,180350.0,4
8753,86512.0,4
8754,50335.0,2
8755,105006.0,5
8756,86383.0,4
8757,177153.0,6
8758,93870.0,3
8759,79678.0,3
8760,143750.0,7
8761,38060.0,1
8762,184587.0,7
8763,38094.0,5
8764,77051.0,2
8765,142443.0,6
8767,51536.0,2
8768,114714.0,3
8769,68540.0,3
8770,81959.0,3
8771,195066.0,6
8772,179138.0,6
8773,97393.0,4
8774,85055.0,4
8775,120366.0,5
8776,76878.0,4
8777,45715.0,2
8778,122030.0,5
8779,56819.0,3
8780,148335.0,4
8781,88567.0,4
8782,48341.0,3
8783,34789.0,1
8784,92520.0,3
8785,29500.0,2
8786,7159.0,1
8787,145136.0,4
8788,111783.0,4
8789,42186.0,1
8790,129775.0,4
8791,75452.0,4
8792,50862.0,2
8793,106113.0,3
8794,104321.0,3
8795,148903.0,6
8796,37550.0,2
8797,120993.0,3
8798,88707.0,6
8799,97320.0,5
8800,43836.0,3
8801,58631.0,2
8802,76206.0,2
8803,133580.0,6
8804,115657.0,5
8805,98740.0,4
8806,101285.0,3
8807,94502.0,5
8808,41380.0,1
8809,36530.0,1
8810,131973.0,4
8811,8735.0,1
8812,140405.0,5
8813,8464.0,1
8814,197050.0,7
8815,211873.0,10
8816,23950.0,2
8817,80426.0,2
8818,105706.0,3
8819,50332.0,2
8820,69331.0,2
8821,62287.0,2
8822,130791.0,6
8823,29032.0,2
8824,98894.0,4
8825,115274.0,7
8826,141259.0,4
8827,71572.0,4
8828,124012.0,5
8829,49367.0,3
8830,183587.0,6
8831,17036.0,1
8832,93759.0,3
8833,75849.0,2
8834,131089.0,4
8835,90888.0,4
8836,52923.0,2
8837,131276.0,6
8838,76115.0,3
8839,58203.0,6
8840,33832.0,3
8842,115858.0,5
8843,75212.0,2
8844,91588.0,4
8845,16239.0,1
8846,35425.0,1
8847,9226.0,1
8848,71103.0,2
8850,109556.0,3
8851,35532.0,2
8852,199410.0,5
8853,114139.0,4
8854,17117.0,1
8855,102944.0,6
8856,121584.0,4
8857,168935.0,5
8858,64398.0,3
8859,54052.0,3
8860,114645.0,5
8861,82846.0,4
8862,86079.0,3
8863,126303.0,4
8864,70407.0,3
8865,96688.0,4
8866,108988.0,4
8867,72439.0,3
8868,28011.0,1
8869,61097.0,4
8871,224486.0,9
8872,41940.0,1
8873,97710.0,3
8874,100062.0,5
8875,137224.0,4
8876,36828.0,3
8877,40851.0,2
8878,111878.0,6
8879,84825.0,4
8881,96349.0,3
8882,20012.0,1
8883,78175.0,2
8884,119914.0,3
8885,90740.0,5
8886,4592.0,1
8887,154587.0,5
8888,93452.0,2
8889,70206.0,2
8890,63054.0,2
8891,87440.0,5
8892,39768.0,2
8893,76426.0,3
8894,1497.0,1
8895,120013.0,6
8896,31519.0,1
8897,40174.0,2
8898,48501.0,1
8899,7308.0,1
8900,14080.0,1
8901,50610.0,2
8902,112435.0,3
8903,91422.0,3
8904,232394.0,8
8905,54061.0,2
8906,93144.0,4
8907,193885.0,6
8908,100265.0,3
8909,153126.0,5
8910,52931.0,2
8911,35242.0,3
8912,69848.0,3
8913,85477.0,4
8914,57046.0,3
8915,34543.0,1
8916,53367.0,3
8917,197903.0,6
8918,63083.0,2
8919,85132.0,3
8920,144688.0,7
8921,40328.0,2
8922,96284.0,4
8923,156287.0,6
8924,56715.0,2
8925,143875.0,5
8926,98321.0,3
8927,79622.0,3
8928,23229.0,3
8929,54599.0,2
8930,115667.0,5
8931,119995.0,5
8932,32352.0,1
8933,199322.0,6
8934,89370.0,5
8935,194381.0,8
8936,151661.0,5
8937,80771.0,2
8938,88273.0,5
8939,19926.0,1
8940,135409.0,5
8941,40328.0,1
8942,51617.0,2
8943,25400.0,2
8944,189166.0,5
8945,43774.0,1
8946,68032.0,2
8947,75291.0,4
8948,81199.0,3
8949,76635.0,2
8950,9285.0,2
8951,153513.0,5
8952,75107.0,2
8953,117197.0,3
8954,62791.0,3
8955,55278.0,4
8956,48287.0,3
8957,52532.0,2
8958,6031.0,1
8959,66543.0,3
8960,11875.0,1
8961,105563.0,3
8963,70366.0,4
8964,85509.0,2
8965,43001.0,1
8966,154213.0,6
8967,110886.0,8
8968,87411.0,5
8969,171290.0,6
8970,48498.0,2
8971,12690.0,1
8972,80834.0,3
8973,21678.0,2
8974,58000.0,3
8975,104744.0,3
8976,129035.0,4
8977,71056.0,4
8978,197190.0,7
8979,72835.0,4
8980,75880.0,2
8981,53893.0,2
8982,52065.0,3
8983,85227.0,3
8984,91154.0,3
8985,62135.0,3
8986,118077.0,3
8987,107625.0,8
8988,160169.0,5
8989,98233.0,5
8991,108009.0,5
8992,42380.0,1
8993,94872.0,2
8994,33826.0,2
8995,12860.0,1
8996,68160.0,2
8997,41609.0,2
8998,83446.0,2
8999,62464.0,2
9000,73461.0,2
9001,145243.0,4
9002,67790.0,2
9003,81614.0,4
9004,60135.0,4
9005,173039.0,5
9006,72507.0,4
9007,121906.0,6
9008,111563.0,4
9009,93909.0,5
9010,137969.0,4
9011,81805.0,4
9012,166155.0,4
9013,142319.0,6
9014,160740.0,5
9015,71578.0,3
9016,103437.0,5
9017,30789.0,1
9018,108289.0,3
9019,292195.0,8
9020,185313.0,6
9021,60142.0,2
9022,42582.0,1
9023,82060.0,3
9024,124806.0,4
9025,105227.0,5
9026,107326.0,5
9027,122732.0,4
9028,126017.0,5
9029,196285.0,7
9030,171142.0,5
9031,131364.0,4
9032,46619.0,1
9033,149502.0,7
9034,161937.0,8
9035,167506.0,5
9036,152250.0,6
9037,193990.0,7
9038,189188.0,6
9039,187134.0,7
9040,70487.0,4
9041,4349.0,1
9042,54039.0,2
9043,111154.0,3
9044,44064.0,3
9045,205467.0,5
9046,185541.0,9
9047,73821.0,5
9048,91677.0,3
9049,38836.0,2
9050,143971.0,4
9051,142976.0,6
9052,174175.0,6
9053,49026.0,1
9054,69580.0,2
9055,69260.0,4
9056,55798.0,3
9057,11192.0,1
9058,26241.0,2
9059,141394.0,4
9060,217057.0,7
9061,8786.0,1
9062,3369.0,1
9063,121794.0,5
9064,114034.0,4
9065,96089.0,2
9066,121822.0,8
9068,213373.0,6
9069,80092.0,3
9070,136774.0,3
9071,107541.0,3
9072,48008.0,2
9073,155847.0,5
9074,245126.0,6
9075,15985.0,2
9076,61481.0,3
9077,43862.0,2
9078,48603.0,2
9079,92173.0,4
9080,113473.0,3
9081,120060.0,5
9082,117076.0,4
9083,43592.0,2
9084,47656.0,2
9085,122189.0,4
9086,76265.0,3
9087,33126.0,2
9088,90420.0,3
9089,65632.0,2
9090,72359.0,3
9091,11603.0,1
9093,47600.0,1
9094,85592.0,3
9095,153531.0,5
9096,56875.0,4
9097,6219.0,1
9098,37056.0,1
9099,25023.0,1
9100,103861.0,3
9101,79220.0,2
9102,181807.0,6
9103,44557.0,1
9104,64503.0,3
9105,68270.0,4
9106,46332.0,3
9107,29627.0,1
9108,143802.0,5
9109,161290.0,5
9110,39720.0,1
9111,114051.0,6
9112,68726.0,2
9113,76591.0,3
9114,109172.0,3
9115,106228.0,4
9116,153127.0,4
9117,127357.0,5
9118,78236.0,4
9119,52275.0,2
9122,158765.0,5
9123,85320.0,4
9124,54822.0,2
9125,97398.0,3
9126,39092.0,3
9127,65182.0,2
9128,18166.0,2
9129,104469.0,4
9130,101552.0,3
9131,25338.0,1
9132,50234.0,2
9133,97419.0,3
9134,53378.0,2
9135,116435.0,5
9136,77629.0,2
9137,30332.0,2
9138,75234.0,3
9139,90852.0,4
9140,90623.0,4
9141,88672.0,4
9142,61333.0,3
9143,36083.0,1
9144,134644.0,5
9145,105392.0,4
9146,63332.0,4
9147,130351.0,5
9148,19295.0,3
9149,73353.0,2
9150,117747.0,6
9151,127776.0,7
9152,70772.0,3
9153,41020.0,2
9154,64876.0,3
9155,59044.0,2
9156,7635.0,1
9157,104458.0,3
9158,73302.0,3
9159,191301.0,8
9160,73928.0,4
9161,53575.0,2
9162,128041.0,4
9163,61130.0,2
9164,142899.0,4
9165,85715.0,5
9166,46475.0,2
9167,40822.0,1
9168,93151.0,3
9169,124760.0,4
9170,53843.0,2
9171,90640.0,3
9172,31312.0,2
9173,58206.0,2
9174,35788.0,2
9175,25617.0,2
9176,82434.0,3
9177,53497.0,6
9178,136172.0,6
9179,86057.0,4
9180,14609.0,1
9181,203186.0,8
9182,127901.0,4
9183,102763.0,4
9184,118464.0,4
9185,24219.0,1
9186,50036.0,3
9187,31677.0,3
9188,50481.0,2
9189,345181.0,12
9190,113292.0,4
9191,48110.0,3
9192,51132.0,3
9193,34020.0,1
9194,196.0,1
9195,23888.0,2
9196,55789.0,4
9197,38196.0,2
9198,52341.0,2
9200,81820.0,3
9201,35467.0,1
9202,146517.0,5
9203,49072.0,3
9204,19592.0,1
9205,113211.0,5
9206,86515.0,6
9207,41378.0,3
9208,51972.0,2
9209,59808.0,3
9210,77615.0,2
9211,130675.0,5
9212,16420.0,1
9213,83069.0,5
9214,92454.0,3
9215,45233.0,2
9216,42421.0,2
9217,136032.0,4
9218,108312.0,5
9219,77279.0,3
9220,96998.0,4
9221,221241.0,6
9222,155628.0,6
9223,138099.0,5
9224,55111.0,2
9225,76089.0,3
9226,104178.0,4
9227,40407.0,2
9228,78115.0,4
9229,84733.0,4
9230,108136.0,3
9231,69982.0,6
9232,60630.0,2
9233,96362.0,3
9234,60778.0,2
9235,114418.0,4
9236,76220.0,2
9237,36711.0,1
9238,115793.0,4
9239,200934.0,6
9240,97373.0,3
9241,125986.0,5
9243,172053.0,6
9244,88539.0,6
9245,117946.0,6
9246,30270.0,1
9247,72678.0,4
9248,45085.0,2
9249,91424.0,4
9250,56819.0,2
9251,36260.0,2
9252,155639.0,4
9253,69320.0,6
9254,114623.0,3
9255,49279.0,3
9256,28324.0,1
9257,143840.0,5
9258,59064.0,3
9259,97045.0,4
9260,67255.0,4
9261,105061.0,3
9262,54002.0,2
9263,120988.0,3
9264,110435.0,4
9267,143877.0,4
9268,91477.0,4
9269,84690.0,3
9270,162976.0,7
9271,102140.0,6
9272,137694.0,4
9273,3222.0,1
9274,58504.0,3
9275,34134.0,1
9276,167041.0,5
9277,25059.0,2
9278,88475.0,4
9279,61042.0,2
9280,42967.0,2
9281,12887.0,1
9282,33092.0,2
9283,152609.0,5
9284,14556.0,1
9285,99464.0,3
9286,88168.0,6
9287,80058.0,3
9288,36365.0,1
9289,125500.0,4
9290,31352.0,1
9291,17499.0,1
9292,70142.0,2
9293,77127.0,3
9295,38442.0,1
9296,13550.0,2
9297,34347.0,2
9298,7121.0,1
9299,166878.0,6
9300,96351.0,3
9301,15382.0,2
9302,138678.0,4
9303,20567.0,1
9304,96774.0,4
9305,61868.0,4
9306,65444.0,2
9307,1580.0,1
9308,185901.0,5
9309,1077.0,1
9310,156078.0,6
9311,42444.0,2
9312,78372.0,3
9313,50961.0,2
9314,108488.0,4
9315,59424.0,2
9316,90277.0,4
9317,71927.0,3
9318,82894.0,3
9319,61931.0,3
9320,70020.0,3
9321,29592.0,2
9322,131401.0,3
9323,72318.0,2
9324,92330.0,4
9325,36773.0,3
9326,178892.0,5
9327,169910.0,6
9328,90355.0,5
9329,22425.0,1
9330,20879.0,2
9331,186954.0,8
9332,109955.0,3
9333,72057.0,3
9334,84835.0,3
9335,141259.0,7
9336,152646.0,5
9337,139551.0,5
9338,229897.0,8
9339,112486.0,4
9340,155354.0,7
9341,29966.0,1
9342,78644.0,3
9343,155094.0,5
9344,95939.0,5
9345,19348.0,1
9346,27096.0,2
9348,126227.0,5
9349,68579.0,2
9350,105054.0,3
9351,125879.0,4
9352,49535.0,3
9353,76991.0,4
9354,206338.0,7
9355,40422.0,2
9356,109278.0,4
9357,108025.0,5
9358,47091.0,1
9359,683.0,1
9360,33957.0,3
9361,95850.0,3
9362,103677.0,5
9363,114544.0,3
9364,71256.0,3
9365,162831.0,7
9366,49851.0,2
9367,143211.0,6
9368,41597.0,3
9369,49947.0,1
9370,55013.0,2
9371,13797.0,1
9372,29284.0,2
9373,92286.0,3
9374,65678.0,3
9375,81164.0,3
9376,139455.0,5
9377,63665.0,2
9378,125270.0,4
9379,38900.0,1
9380,173411.0,8
9381,52050.0,3
9382,75956.0,4
9383,130053.0,3
9384,35849.0,3
9385,20975.0,1
9386,146388.0,7
9387,41197.0,1
9388,82570.0,5
9389,83886.0,4
9390,117423.0,6
9391,84389.0,4
9392,30893.0,2
9393,112495.0,5
9394,136546.0,4
9395,171277.0,5
9396,18359.0,2
9397,58853.0,2
9398,32408.0,2
9399,118556.0,4
9400,49192.0,2
9401,61196.0,2
9402,33086.0,2
9403,12309.0,1
9404,112924.0,5
9405,138055.0,5
9406,112839.0,4
9407,174913.0,5
9408,73122.0,3
9409,62747.0,2
9410,50014.0,2
9411,226054.0,8
9412,141487.0,4
9413,18299.0,1
9414,127156.0,6
9415,43767.0,3
9416,38264.0,1
9418,20562.0,2
9419,102113.0,3
9420,113199.0,5
9421,36575.0,2
9422,89975.0,3
9423,103762.0,4
9424,106649.0,4
9425,101452.0,3
9426,137204.0,4
9427,190933.0,5
9428,177359.0,6
9429,77680.0,3
9430,72233.0,2
9431,69232.0,4
9432,75010.0,3
9434,90992.0,4
9435,42338.0,2
9436,95743.0,3
9437,98689.0,3
9438,48150.0,2
9439,50425.0,2
9440,41225.0,1
9441,66339.0,4
9442,176380.0,6
9443,136382.0,3
9444,143874.0,4
9445,97168.0,3
9446,221080.0,5
9447,157765.0,5
9448,189239.0,6
9449,40279.0,1
9450,53863.0,3
9451,85718.0,5
9452,74735.0,2
9453,94840.0,5
9454,175733.0,6
9455,87940.0,5
9456,78309.0,3
9457,245494.0,7
9458,35615.0,2
9459,139679.0,6
9460,103710.0,4
9461,126190.0,6
9462,114333.0,5
9463,83807.0,4
9464,9930.0,1
9465,91886.0,4
9466,91181.0,3
9467,39889.0,1
9468,136268.0,5
9469,166626.0,5
9470,28828.0,3
9471,47266.0,3
9472,150080.0,6
9473,78601.0,3
9474,67824.0,2
9475,36033.0,2
9476,69304.0,4
9477,210151.0,7
9478,1476.0,1
9479,64242.0,3
9480,41923.0,1
9481,49903.0,3
9482,202925.0,7
9483,65560.0,3
9484,32583.0,2
9485,105895.0,4
9486,80830.0,4
9487,1963.0,1
9488,156393.0,7
9490,84541.0,4
9491,9886.0,2
9492,113511.0,3
9493,121030.0,4
9494,109895.0,5
9495,57808.0,2
9496,89087.0,3
9497,139658.0,4
9498,133262.0,4
9500,58531.0,4
9501,41668.0,1
9502,41795.0,1
9503,37897.0,1
9504,146483.0,5
9505,123511.0,6
9506,197613.0,7
9507,88204.0,3
9508,180380.0,5
9509,118527.0,4
9510,113924.0,4
9511,10539.0,1
9512,19824.0,1
9513,22446.0,1
9515,179773.0,6
9516,110476.0,4
9517,74605.0,6
9518,48152.0,2
9519,49026.0,3
9520,63938.0,3
9521,40334.0,1
9522,69715.0,2
9523,200747.0,6
9524,68876.0,2
9525,48462.0,3
9526,72669.0,3
9527,73095.0,3
9528,98696.0,3
9529,101130.0,7
9530,36709.0,1
9531,56553.0,2
9532,25547.0,2
9533,266214.0,8
9534,20745.0,1
9535,162543.0,6
9536,102684.0,4
9537,113154.0,4
9538,109720.0,5
9539,50904.0,2
9540,109855.0,5
9541,55203.0,4
9542,58870.0,2
9543,90400.0,4
9544,133513.0,5
9545,94896.0,2
9546,34424.0,1
9547,115965.0,4
9548,51994.0,3
9549,17194.0,2
9550,209149.0,6
9551,70299.0,3
9552,46958.0,2
9553,56284.0,2
9554,177750.0,7
9555,100110.0,4
9556,32540.0,2
9557,121719.0,5
9558,114426.0,3
9559,54929.0,2
9560,50830.0,2
9561,129477.0,6
9562,52523.0,4
9563,72299.0,5
9564,178576.0,5
9565,65999.0,3
9566,181037.0,6
9567,25300.0,2
9568,123242.0,4
9569,153726.0,5
9570,22949.0,1
9571,129003.0,5
9572,40870.0,2
9573,105567.0,5
9574,57620.0,2
9575,105444.0,3
9576,93804.0,5
9577,17605.0,2
9578,54126.0,2
9579,209414.0,7
9580,112169.0,4
9581,168199.0,5
9582,69655.0,3
9583,55059.0,3
9584,73684.0,3
9585,70839.0,4
9586,59760.0,2
9587,95587.0,4
9588,221559.0,7
9589,4285.0,1
9590,63688.0,3
9591,99820.0,3
9592,49892.0,1
9593,113349.0,4
9594,87187.0,4
9595,48690.0,1
9596,121145.0,7
9597,137427.0,5
9598,19577.0,1
9599,91598.0,3
9600,96223.0,3
9601,107514.0,5
9602,37733.0,2
9603,130214.0,5
9604,83278.0,4
9605,33796.0,1
9606,125275.0,6
9607,99087.0,4
9608,36280.0,1
9609,131777.0,4
9610,233931.0,8
9611,88487.0,4
9612,97489.0,4
9613,89148.0,3
9614,88154.0,2
9615,48978.0,1
9616,15173.0,1
9617,41750.0,1
9618,83806.0,3
9619,131388.0,7
9620,72178.0,2
9621,102073.0,3
9622,74779.0,3
9623,66207.0,3
9624,26804.0,2
9625,33938.0,1
9626,76854.0,4
9627,219449.0,8
9628,14993.0,1
9629,90699.0,3
9630,155790.0,6
9631,78408.0,3
9632,66833.0,4
9633,39938.0,1
9634,25044.0,1
9635,72856.0,4
9637,191770.0,5
9638,28825.0,1
9639,107502.0,4
9640,35538.0,1
9642,125048.0,5
9643,85295.0,6
9644,134344.0,5
9645,39569.0,1
9646,82057.0,2
9647,44768.0,2
9648,60576.0,3
9649,48394.0,1
9650,193629.0,8
9651,84354.0,3
9652,64200.0,2
9653,49209.0,3
9654,86324.0,4
9655,26822.0,1
9656,68530.0,3
9657,91421.0,3
9658,185758.0,7
9659,60541.0,2
9660,79458.0,2
9661,129252.0,5
9662,182831.0,7
9663,114588.0,4
9664,82015.0,5
9665,76397.0,3
9666,56215.0,4
9667,91555.0,3
9668,42657.0,2
9669,124074.0,4
9670,58114.0,2
9671,117722.0,3
9672,77174.0,4
9673,94744.0,5
9674,149765.0,6
9675,97174.0,3
9676,180106.0,7
9677,72943.0,2
9678,149132.0,5
9679,104513.0,4
9680,102312.0,3
9681,49313.0,1
9682,134498.0,4
9683,79785.0,2
9684,114618.0,4
9685,103742.0,6
9686,145865.0,4
9687,116267.0,4
9688,40335.0,1
9689,91669.0,2
9690,108841.0,4
9691,133885.0,4
9692,51818.0,2
9693,45200.0,5
9694,124972.0,4
9695,259970.0,8
9696,93426.0,3
9697,149838.0,5
9698,65210.0,3
9699,80456.0,2
9700,49061.0,2
9701,130682.0,4
9702,248568.0,9
9703,168784.0,6
9704,7868.0,1
9705,45482.0,2
9706,180088.0,8
9707,170076.0,7
9708,63756.0,3
9709,34488.0,2
9710,11575.0,1
9711,190965.0,5
9712,190234.0,6
9713,139761.0,4
9714,78487.0,3
9716,168625.0,6
9717,32299.0,1
9718,135313.0,6
9720,156181.0,5
9722,90790.0,4
9723,65375.0,2
9724,103267.0,5
9725,176073.0,6
9726,158599.0,5
9727,108072.0,3
9728,64658.0,2
9729,213033.0,7
9730,123411.0,4
9731,83427.0,6
9732,92412.0,5
9733,67687.0,2
9734,87084.0,3
9735,55093.0,2
9736,65637.0,2
9737,74189.0,3
9738,25602.0,2
9739,131741.0,4
9740,66841.0,5
9741,63364.0,2
9742,213584.0,6
9743,45131.0,1
9744,128614.0,6
9745,146910.0,5
9746,51659.0,2
9747,64171.0,2
9749,158307.0,5
9750,141376.0,5
9751,20846.0,3
9752,28418.0,4
9753,57969.0,2
9754,74895.0,2
9755,16811.0,1
9756,41720.0,2
9757,152661.0,4
9758,21954.0,3
9759,48393.0,1
9760,27886.0,2
9761,43042.0,3
9762,28459.0,1
9763,30719.0,1
9764,47289.0,2
9765,138017.0,5
9766,37989.0,3
9767,118588.0,6
9768,87940.0,2
9769,58123.0,3
9770,46277.0,1
9771,115961.0,4
9772,146686.0,6
9773,82532.0,3
9774,46028.0,1
9775,91380.0,3
9776,4410.0,1
9777,29446.0,2
9778,59542.0,2
9779,106222.0,4
9780,37566.0,2
9781,91899.0,3
9782,206413.0,9
9783,31369.0,1
9784,40365.0,1
9785,112816.0,5
9786,133522.0,8
9788,44866.0,1
9789,64224.0,4
9790,179784.0,6
9791,142075.0,5
9792,24438.0,4
9793,83862.0,3
9794,53926.0,3
9795,119242.0,6
9796,155477.0,5
9797,70847.0,3
9798,85642.0,5
9799,59868.0,3
9800,38898.0,2
9801,101987.0,3
9802,27279.0,1
9803,40608.0,2
9804,113903.0,5
9805,60365.0,2
9806,144868.0,6
9807,111151.0,3
9808,96598.0,3
9809,120120.0,5
9810,36200.0,1
9811,41228.0,2
9812,126232.0,4
9813,81808.0,4
9814,64466.0,2
9815,145249.0,4
9816,62224.0,3
9817,71931.0,5
9818,66061.0,3
9819,66394.0,2
9820,8313.0,1
9821,133178.0,5
9822,151470.0,4
9823,130450.0,5
9824,111376.0,4
9825,138509.0,4
9826,69305.0,2
9827,23155.0,1
9828,44766.0,1
9829,100688.0,3
9830,110680.0,4
9831,138768.0,6
9832,83563.0,3
9833,60607.0,2
9834,108425.0,3
9835,106340.0,3
9836,153623.0,6
9837,43561.0,2
9838,37099.0,2
9839,15728.0,1
9840,155750.0,5
9841,43624.0,2
9842,38950.0,2
9843,20530.0,2
9844,133001.0,4
9845,124777.0,5
9846,136963.0,4
9847,50473.0,2
9848,45811.0,1
9849,41882.0,3
9850,107750.0,6
9851,11445.0,2
9852,42436.0,1
9853,135521.0,6
9854,149571.0,5
9856,36911.0,1
9857,180714.0,7
9858,44996.0,4
9859,20184.0,1
9860,59210.0,2
9861,68338.0,5
9862,62751.0,3
9863,107861.0,5
9864,85855.0,2
9865,28994.0,1
9866,164466.0,7
9867,95986.0,3
9868,67415.0,4
9869,36980.0,1
9871,61528.0,3
9873,63463.0,2
9874,49997.0,2
9875,135136.0,4
9876,132150.0,4
9877,8226.0,1
9878,37748.0,2
9879,111575.0,5
9880,19548.0,3
9881,63897.0,3
9882,43657.0,3
9883,9908.0,1
9884,128979.0,6
9885,151637.0,6
9886,116233.0,6
9887,38598.0,2
9888,21727.0,2
9889,75990.0,4
9890,115833.0,3
9891,106715.0,3
9892,118024.0,4
9893,45151.0,2
9894,32341.0,2
9896,36826.0,1
9897,147933.0,6
9898,82892.0,4
9899,20035.0,2
9900,78214.0,3
9901,13416.0,2
9902,68206.0,2
9903,22720.0,1
9904,103188.0,3
9905,103697.0,4
9906,22152.0,2
9907,54649.0,2
9908,175073.0,5
9909,47580.0,2
9910,65699.0,2
9911,21363.0,1
9912,200742.0,6
9913,14541.0,1
9914,79922.0,4
9915,90703.0,4
9916,38978.0,2
9917,112207.0,4
9918,83398.0,4
9919,49005.0,1
9920,81477.0,4
9921,106751.0,5
9922,21471.0,1
9923,108910.0,4
9924,139452.0,5
9925,69221.0,2
9926,185581.0,6
9927,91415.0,3
9928,99838.0,5
9929,107277.0,5
9930,138613.0,5
9932,39138.0,2
9933,104400.0,3
9935,32408.0,2
9936,85272.0,3
9937,173245.0,5
9938,119693.0,5
9939,75641.0,5
9940,53782.0,2
9941,94314.0,3
9942,9265.0,2
9943,111771.0,3
9944,59128.0,2
9945,192561.0,6
9946,143701.0,4
9947,82338.0,2
9948,193763.0,7
9949,101812.0,4
9950,37711.0,2
9951,49932.0,2
9952,179100.0,6
9953,112437.0,6
9954,86932.0,3
9955,108411.0,5
9956,35603.0,3
9957,10902.0,1
9958,118889.0,4
9959,52179.0,3
9960,159209.0,5
9961,36007.0,1
9962,16305.0,2
9963,79445.0,3
9964,158053.0,5
9965,88242.0,3
9966,72191.0,3
9967,60631.0,2
9968,95580.0,3
9969,110878.0,4
9970,86327.0,3
9971,91373.0,4
9972,19732.0,1
9973,2657.0,1
9974,65303.0,3
9975,69086.0,5
9976,108958.0,3
9977,58591.0,3
9978,21799.0,2
9979,118557.0,5
9980,103890.0,5
9981,57589.0,2
9982,67906.0,2
9983,111974.0,3
9984,9155.0,1
9985,132201.0,5
9986,85532.0,3
9987,16250.0,1
9988,146623.0,7
9989,30002.0,1
9990,24603.0,3
9991,132906.0,7
9992,94560.0,3
9993,28917.0,1
9995,70874.0,2
9996,39979.0,3
9997,54526.0,2
9998,47208.0,4
9999,54295.0,2
10000,82861.0,2
10001,38656.0,1
10002,122074.0,3
10003,72346.0,2
10004,46421.0,3
10005,138496.0,5
10006,42498.0,2
10007,116096.0,7
10008,146428.0,6
10009,57141.0,3
10010,9603.0,1
10011,63366.0,3
10012,15275.0,2
10013,43273.0,2
10014,28007.0,1
10015,26437.0,3
10016,192078.0,8
10017,47384.0,1
10018,4559.0,1
10019,105668.0,4
10020,136744.0,5
10021,82360.0,2
10022,76227.0,4
10023,86401.0,3
10024,69312.0,3
10025,110357.0,6
10026,58405.0,3
10028,10531.0,2
10029,10434.0,1
10030,13036.0,2
10031,121402.0,4
10032,141739.0,5
10033,6798.0,2
10034,58421.0,2
10035,10900.0,1
10036,8930.0,1
10037,89400.0,3
10038,98138.0,3
10039,100801.0,6
10040,64858.0,3
10041,80192.0,2
10042,55232.0,4
10043,200118.0,7
10044,144079.0,5
10045,76629.0,4
10046,70254.0,2
10047,64792.0,4
10048,91549.0,2
10049,102772.0,6
10050,112999.0,3
10051,76769.0,4
10052,124956.0,5
10053,77637.0,4
10054,150822.0,7
10055,41380.0,2
10056,116174.0,4
10057,28628.0,3
10058,83430.0,2
10059,111384.0,4
10060,68734.0,3
10061,173450.0,6
10062,98607.0,3
10063,17683.0,1
10064,60855.0,2
10065,78852.0,2
10066,78457.0,3
10067,84053.0,2
10068,66229.0,4
10069,119618.0,7
10070,28268.0,1
10071,119974.0,7
10072,53022.0,2
10073,54592.0,2
10074,49047.0,2
10075,110173.0,4
10076,33304.0,2
10077,26832.0,2
10078,56576.0,4
10079,185596.0,5
10080,53339.0,2
10081,95697.0,3
10082,63747.0,4
10083,95177.0,3
10084,76430.0,3
10085,124800.0,5
10086,110613.0,3
10087,164682.0,5
10088,56606.0,3
10089,89833.0,4
10090,68163.0,2
10091,89991.0,3
10092,43640.0,2
10093,175495.0,7
10094,94904.0,3
10095,4259.0,1
10096,223497.0,6
10097,64666.0,3
10098,111662.0,3
10099,86545.0,3
10100,111667.0,4
10101,46695.0,2
10102,104105.0,5
10103,107663.0,4
10104,79736.0,3
10105,162322.0,6
10106,42345.0,1
10107,119973.0,5
10108,74024.0,3
10109,4254.0,1
10111,16169.0,2
10112,78971.0,2
10113,105483.0,7
10114,194771.0,6
10115,43614.0,1
10117,64095.0,3
10118,49749.0,3
10119,39921.0,2
10120,18790.0,3
10121,60993.0,2
10122,263281.0,7
10123,140762.0,7
10124,82380.0,4
10125,44163.0,1
10126,107708.0,3
10127,85243.0,3
10128,83671.0,5
10129,81117.0,2
10130,80141.0,2
10131,35284.0,3
10132,135191.0,5
10133,134883.0,4
10134,67205.0,3
10135,20940.0,1
10136,135151.0,5
10137,95657.0,5
10138,74115.0,2
10139,20576.0,2
10140,85805.0,4
10141,166638.0,5
10142,104275.0,7
10143,96172.0,3
10144,77854.0,4
10145,14640.0,2
10147,32458.0,2
10148,121300.0,5
10150,49297.0,2
10151,139016.0,3
10152,38630.0,2
10153,70954.0,2
10154,125939.0,5
10155,51478.0,3
10156,105559.0,5
10157,163459.0,6
10158,69023.0,3
10159,147670.0,6
10161,38195.0,2
10162,74396.0,3
10163,126394.0,4
10164,55006.0,4
10166,70303.0,4
10167,25871.0,1
10168,117083.0,5
10169,102645.0,4
10170,114220.0,3
10171,86012.0,3
10172,110850.0,5
10173,152277.0,5
10174,88037.0,4
10175,42870.0,2
10176,78223.0,4
10177,70011.0,3
10178,58774.0,2
10179,89666.0,4
10180,91032.0,3
10181,125516.0,7
10182,39204.0,2
10183,151576.0,5
10184,74768.0,2
10185,76387.0,4
10186,93041.0,3
10187,43859.0,3
10188,72233.0,2
10189,127289.0,3
10190,54151.0,3
10191,94396.0,5
10192,42909.0,1
10193,71633.0,3
10194,39817.0,2
10195,60097.0,2
10196,88458.0,3
10197,111359.0,4
10198,132230.0,4
10199,31370.0,2
10200,88164.0,3
10201,180671.0,5
10202,47412.0,3
10203,91494.0,3
10204,99422.0,3
10205,101874.0,4
10206,182645.0,6
10207,59120.0,2
10208,82588.0,5
10209,77442.0,2
10210,133442.0,4
10211,78371.0,4
10212,27967.0,2
10213,86804.0,4
10214,127186.0,5
10215,162036.0,6
10216,39142.0,2
10217,48667.0,2
10218,80129.0,3
10219,16331.0,1
10220,103839.0,3
10221,93036.0,4
10222,113932.0,4
10223,91538.0,4
10224,21620.0,1
10225,70770.0,5
10226,48379.0,2
10227,275155.0,9
10228,85691.0,5
10229,30459.0,1
10230,79350.0,2
10231,93703.0,4
10232,167153.0,6
10233,102485.0,5
10234,58606.0,3
10235,106116.0,5
10236,88430.0,5
10237,70196.0,4
10238,61735.0,3
10239,184625.0,6
10240,50319.0,3
10242,72560.0,4
10243,91031.0,4
10244,103154.0,5
10245,74881.0,5
10246,39839.0,1
10247,50937.0,2
10249,115557.0,6
10250,65310.0,3
10251,166452.0,4
10252,161229.0,5
10253,32816.0,2
10254,221157.0,8
10255,40559.0,2
10256,124000.0,6
10257,48598.0,3
10258,80618.0,3
10259,20194.0,3
10260,50340.0,2
10261,20182.0,2
10262,149023.0,6
10263,272955.0,7
10265,66456.0,4
10266,138280.0,6
10267,100310.0,6
10268,94383.0,5
10269,99438.0,4
10270,123229.0,5
10271,60066.0,4
10272,127372.0,5
10273,134920.0,6
10274,44320.0,2
10275,52741.0,2
10276,42869.0,1
10277,126599.0,4
10278,74258.0,2
10279,145951.0,7
10280,64741.0,2
10281,88604.0,3
10282,64798.0,3
10283,44803.0,1
10284,69368.0,3
10285,37315.0,2
10286,168583.0,5
10287,81002.0,3
10288,124370.0,5
10289,92192.0,4
10290,248667.0,7
10291,42966.0,2
10293,91561.0,3
10294,163433.0,6
10295,100281.0,4
10296,76800.0,3
10297,62656.0,2
10298,55489.0,3
10299,79662.0,3
10300,11415.0,2
10301,85839.0,5
10302,131562.0,4
10303,72898.0,4
10304,120978.0,5
10305,84596.0,5
10306,169267.0,7
10307,8057.0,1
10308,138430.0,4
10309,135657.0,4
10310,64079.0,5
10311,42001.0,2
10312,55153.0,4
10313,88208.0,4
10314,26564.0,1
10315,81087.0,4
10316,145241.0,5
10317,83380.0,3
10318,79468.0,5
10319,8254.0,2
10320,174431.0,6
10322,5260.0,1
10323,57138.0,2
10324,58512.0,3
10326,51686.0,3
10327,77741.0,3
10328,103595.0,3
10329,13583.0,1
10330,94766.0,3
10331,3049.0,1
10332,213473.0,7
10333,9875.0,1
10334,64604.0,2
10335,69617.0,3
10336,74966.0,2
10337,125637.0,4
10338,41016.0,1
10339,75867.0,6
10340,210009.0,6
10341,120354.0,4
10342,161856.0,4
10343,130942.0,5
10345,36753.0,2
10346,87399.0,6
10347,183356.0,6
10348,104509.0,6
10349,51416.0,2
10350,79755.0,3
10351,95596.0,5
10352,47890.0,2
10353,121006.0,5
10354,40208.0,2
10355,162238.0,7
10356,27896.0,2
10357,135098.0,4
10358,78370.0,4
10359,112025.0,3
10360,157353.0,7
10361,105873.0,5
10362,67992.0,5
10363,258376.0,11
10364,97682.0,3
10365,95423.0,4
10366,56555.0,3
10367,114064.0,3
10368,77804.0,3
10369,151475.0,6
10370,77621.0,4
10371,91457.0,4
10372,167813.0,6
10373,82172.0,4
10374,220679.0,8
10375,53390.0,3
10376,36841.0,3
10377,91849.0,4
10378,59401.0,2
10380,105672.0,4
10381,97880.0,3
10382,72974.0,3
10383,95302.0,3
10384,113424.0,3
10385,77582.0,4
10386,102784.0,3
10387,93909.0,4
10388,76810.0,2
10389,19129.0,3
10390,21851.0,2
10392,116335.0,4
10393,62885.0,2
10394,174758.0,5
10395,118043.0,4
10396,19453.0,2
10397,14183.0,1
10398,209176.0,6
10399,34946.0,1
10400,145150.0,4
10401,153591.0,5
10402,44750.0,1
10403,102700.0,5
10404,90052.0,3
10405,119042.0,6
10406,11226.0,1
10407,44349.0,2
10408,79574.0,4
10410,64623.0,3
10411,88900.0,6
10413,44779.0,3
10414,117588.0,6
10415,39055.0,2
10416,75401.0,2
10417,70222.0,3
10418,154470.0,4
10419,78933.0,3
10420,242116.0,9
10421,40072.0,3
10422,62852.0,2
10423,134837.0,4
10424,58908.0,3
10425,19532.0,1
10426,134993.0,5
10427,67329.0,4
10428,126068.0,4
10429,95242.0,3
10430,79184.0,3
10431,91810.0,4
10432,60874.0,2
10433,68698.0,3
10434,40688.0,2
10435,147911.0,4
10436,26196.0,1
10437,168167.0,6
10438,56974.0,2
10439,8083.0,2
10440,30373.0,2
10441,47658.0,2
10442,57947.0,4
10444,168053.0,5
10445,215786.0,8
10446,26850.0,1
10447,151113.0,6
10448,86069.0,2
10449,44704.0,2
10450,73358.0,4
10451,49805.0,1
10452,106867.0,5
10453,76099.0,3
10454,27402.0,1
10455,60967.0,3
10456,14117.0,1
10457,58778.0,4
10458,94115.0,3
10459,23006.0,1
10460,117027.0,5
10461,34973.0,1
10462,135202.0,4
10463,138779.0,4
10464,64452.0,5
10465,50771.0,2
10466,81865.0,4
10467,127764.0,4
10468,76195.0,3
10470,99300.0,3
10471,129816.0,4
10472,9252.0,1
10473,43553.0,3
10474,54409.0,4
10475,146632.0,4
10476,144253.0,6
10477,133153.0,3
10478,77119.0,4
10479,5252.0,1
10480,143587.0,5
10481,131955.0,5
10482,41425.0,4
10484,79376.0,4
10485,45156.0,2
10486,64008.0,3
10487,59170.0,4
10488,49735.0,2
10489,55522.0,2
10490,43586.0,3
10491,150736.0,7
10492,36998.0,2
10493,29977.0,1
10494,69001.0,2
10495,48091.0,1
10496,31280.0,2
10497,58720.0,3
10498,21610.0,2
10499,66009.0,2
10500,50130.0,3
10501,144131.0,5
10502,4592.0,1
10503,85060.0,3
10504,141386.0,5
10505,15614.0,1
10506,161486.0,6
10507,16768.0,1
10508,179803.0,6
10509,56151.0,2
10510,153593.0,5
10511,39272.0,1
10512,26937.0,1
10513,29744.0,1
10514,151819.0,7
10515,18863.0,2
10516,87087.0,7
10517,133693.0,5
10518,84173.0,2
10519,57390.0,4
10520,103559.0,4
10521,240976.0,8
10522,65365.0,3
10523,93134.0,4
10524,33826.0,1
10525,28842.0,1
10526,145810.0,5
10527,117390.0,5
10528,209618.0,6
10529,50300.0,4
10530,96164.0,3
10531,71712.0,3
10532,106315.0,6
10533,22385.0,2
10534,69731.0,4
10535,109244.0,4
10536,37485.0,2
10537,71818.0,3
10538,113820.0,4
10539,79558.0,2
10540,78563.0,3
10541,83834.0,4
10542,68030.0,3
10543,63568.0,2
10544,144790.0,4
10545,36969.0,4
10546,45421.0,3
10547,45876.0,4
10548,48841.0,1
10549,90205.0,3
10550,83115.0,4
10551,98956.0,6
10552,120850.0,4
10553,64482.0,4
10554,58974.0,2
10555,81461.0,3
10556,126766.0,4
10557,19261.0,2
10558,92412.0,4
10559,122386.0,4
10560,177086.0,7
10562,89728.0,3
10563,93134.0,4
10564,50704.0,2
10565,113073.0,4
10566,117503.0,4
10567,102549.0,3
10568,46387.0,2
10569,37279.0,5
10570,125754.0,5
10571,54831.0,4
10572,45605.0,2
10573,132008.0,5
10574,108407.0,4
10575,78091.0,2
10576,75187.0,2
10577,73173.0,4
10578,69261.0,3
10579,18920.0,1
10580,120402.0,6
10581,32532.0,1
10582,145229.0,5
10583,117413.0,4
10584,69392.0,3
10585,61025.0,2
10586,83217.0,3
10587,70663.0,4
10588,45308.0,2
10589,147516.0,4
10590,55209.0,3
10591,120555.0,3
10592,182918.0,9
10593,33080.0,3
10594,41155.0,2
10595,61208.0,2
10596,21600.0,1
10597,86484.0,2
10598,29678.0,2
10599,23752.0,1
10600,37579.0,2
10601,84041.0,2
10602,202982.0,7
10603,91811.0,4
10604,69914.0,3
10605,94739.0,4
10606,44292.0,4
10607,45349.0,2
10608,98064.0,4
10609,40180.0,1
10610,53491.0,2
10611,113650.0,5
10612,83215.0,2
10613,16015.0,2
10614,123753.0,4
10615,120519.0,4
10616,102515.0,4
10617,113835.0,4
10618,64099.0,3
10619,84183.0,3
10620,55950.0,2
10621,81975.0,3
10622,188663.0,8
10623,43129.0,2
10624,84443.0,4
10625,70621.0,3
10626,34174.0,3
10627,107399.0,3
10628,151582.0,5
10629,99275.0,6
10630,140438.0,4
10631,36115.0,2
10632,35928.0,2
10633,72439.0,4
10634,69871.0,2
10635,24657.0,2
10636,106864.0,4
10637,56066.0,2
10638,108062.0,4
10639,4628.0,1
10640,152801.0,7
10641,114586.0,4
10642,74322.0,4
10643,71319.0,3
10644,153792.0,6
10645,58713.0,2
10646,37561.0,1
10647,81885.0,5
10648,42232.0,2
10649,153910.0,4
10650,46267.0,1
10651,49780.0,1
10652,26841.0,1
10653,151103.0,6
10654,23060.0,1
10655,42413.0,3
10656,163182.0,7
10657,95366.0,3
10658,77213.0,2
10659,28038.0,1
10660,135823.0,6
10661,155418.0,4
10662,142765.0,4
10663,89983.0,5
10664,80712.0,2
10665,130208.0,5
10666,81539.0,4
10667,48519.0,3
10668,63294.0,2
10669,173397.0,4
10670,61478.0,3
10671,129293.0,5
10672,57305.0,3
10673,154799.0,6
10674,51364.0,2
10675,75111.0,3
10676,61081.0,2
10677,45831.0,2
10678,149405.0,4
10679,38989.0,1
10680,60698.0,2
10681,66692.0,2
10682,92578.0,5
10683,37650.0,2
10684,122372.0,4
10685,23850.0,2
10686,56861.0,4
10687,128213.0,3
10688,40544.0,1
10689,72032.0,4
10690,90495.0,4
10691,239548.0,7
10692,57331.0,2
10693,93135.0,2
10694,52087.0,3
10695,88904.0,4
10696,97000.0,3
10697,52014.0,4
10698,112023.0,5
10699,46222.0,3
10700,39783.0,4
10701,59802.0,2
10702,41715.0,4
10703,61370.0,3
10704,219556.0,6
10705,141141.0,5
10706,61907.0,3
10707,150513.0,5
10708,42463.0,3
10709,47697.0,2
10710,116121.0,4
10711,26943.0,2
10712,159054.0,5
10713,39031.0,2
10714,124425.0,7
10715,96474.0,3
10716,51779.0,2
10717,107705.0,3
10718,44437.0,2
10719,41631.0,2
10720,88835.0,3
10721,50016.0,2
10722,45656.0,2
10723,157784.0,4
10724,17831.0,1
10725,63299.0,4
10726,55733.0,2
10727,47404.0,1
10728,48793.0,4
10729,79781.0,4
10730,61223.0,3
10731,51318.0,2
10732,89015.0,2
10733,95588.0,4
10734,73463.0,4
10735,106963.0,4
10736,13146.0,1
10737,38346.0,2
10738,66573.0,3
10739,124478.0,3
10740,114287.0,3
10741,161030.0,5
10742,192278.0,6
10743,80187.0,3
10744,30407.0,2
10745,64947.0,5
10746,83758.0,3
10747,32312.0,1
10748,78649.0,3
10749,163797.0,7
10750,157877.0,5
10751,161630.0,6
10752,75044.0,3
10753,130471.0,4
10754,105138.0,4
10755,136610.0,6
10756,39535.0,2
10757,35306.0,2
10758,54355.0,2
10759,51332.0,2
10760,22659.0,3
10761,92938.0,5
10762,38939.0,2
10763,122324.0,4
10764,44719.0,1
10765,78302.0,4
10766,126490.0,5
10767,50641.0,2
10768,55054.0,3
10769,52544.0,3
10770,4827.0,1
10771,23378.0,2
10772,181450.0,7
10773,63940.0,2
10774,77564.0,4
10775,52040.0,3
10776,216066.0,8
10777,136611.0,6
10778,90929.0,3
10779,126204.0,4
10780,70570.0,3
10781,52323.0,2
10782,86853.0,4
10784,56709.0,3
10785,33146.0,3
10786,36978.0,3
10787,74824.0,2
10788,41617.0,2
10789,145441.0,4
10790,101931.0,5
10791,4545.0,1
10792,118644.0,5
10793,117955.0,4
10794,183098.0,5
10795,84731.0,4
10797,89804.0,5
10798,40372.0,3
10799,97895.0,4
10800,67975.0,4
10801,69815.0,2
10802,97887.0,4
10803,89441.0,5
10804,81262.0,4
10805,78533.0,2
10806,123709.0,4
10807,67409.0,2
10808,54989.0,3
10809,59600.0,3
10810,13039.0,1
10811,122524.0,3
10812,116238.0,5
10813,65699.0,5
10814,31835.0,1
10815,186719.0,7
10816,200742.0,7
10817,193697.0,8
10818,35315.0,2
10819,27056.0,2
10820,103379.0,4
10821,147207.0,4
10822,14510.0,1
10823,48479.0,1
10824,1622.0,1
10825,96737.0,5
10826,43529.0,3
10827,27505.0,2
10828,73078.0,3
10829,119409.0,5
10830,55066.0,2
10831,129154.0,4
10832,87300.0,3
10833,169073.0,7
10834,16049.0,1
10835,61862.0,4
10836,27036.0,1
10837,94420.0,4
10838,109646.0,5
10839,28480.0,1
10840,88062.0,3
10841,30214.0,2
10842,146092.0,7
10843,55954.0,3
10844,73822.0,4
10845,43743.0,2
10846,168154.0,7
10847,13802.0,1
10848,141636.0,6
10849,142620.0,6
10850,53285.0,3
10851,128356.0,5
10852,113526.0,3
10853,90634.0,5
10854,26827.0,1
10855,97743.0,2
10856,132605.0,4
10857,21275.0,1
10858,130772.0,6
10859,129862.0,4
10860,26608.0,1
10861,123126.0,4
10862,97772.0,3
10864,41778.0,2
10865,35486.0,2
10866,165496.0,5
10867,111630.0,5
10868,64582.0,3
10869,11109.0,1
10870,11163.0,2
10871,83050.0,2
10872,75452.0,2
10873,124670.0,4
10874,116851.0,4
10875,110107.0,3
10876,27901.0,2
10877,25395.0,1
10878,13539.0,2
10879,101466.0,4
10880,81831.0,2
10881,44601.0,2
10882,72591.0,5
10883,233718.0,6
10884,89210.0,4
10885,136453.0,5
10886,80814.0,4
10887,61543.0,2
10888,93389.0,4
10889,193134.0,8
10890,173684.0,6
10891,101241.0,4
10892,36358.0,1
10893,161704.0,7
10894,56544.0,5
10895,85011.0,7
10896,29215.0,1
10897,99076.0,4
10898,20803.0,1
10899,170963.0,5
10900,123278.0,6
10901,60867.0,2
10902,85131.0,3
10903,41297.0,2
10904,32899.0,1
10906,60255.0,4
10907,62287.0,4
10908,109555.0,4
10909,247525.0,10
10910,55158.0,4
10912,47604.0,1
10914,81236.0,6
10915,46841.0,2
10916,219377.0,8
10917,56609.0,2
10918,52254.0,3
10919,60953.0,2
10921,72690.0,2
10922,36111.0,3
10924,18520.0,2
10925,76570.0,3
10926,68022.0,2
10927,107588.0,4
10928,29946.0,1
10929,39319.0,3
10930,83417.0,3
10931,42172.0,2
10932,64411.0,3
10933,50142.0,2
10934,264662.0,9
10935,119982.0,4
10936,67177.0,2
10937,163491.0,6
10938,193717.0,5
10939,41939.0,2
10940,104721.0,4
10941,143323.0,6
10942,17598.0,2
10943,127607.0,5
10944,56752.0,3
10945,22602.0,1
10946,127225.0,4
10947,31346.0,4
10949,32143.0,2
10950,7511.0,1
10951,137889.0,4
10952,93558.0,4
10953,95932.0,3
10954,66956.0,3
10955,104761.0,3
10956,94673.0,4
10957,109627.0,3
10958,42007.0,2
10959,156511.0,7
10960,131755.0,4
10961,19507.0,1
10962,142843.0,6
10963,123721.0,3
10964,121403.0,6
10965,57794.0,2
10966,169110.0,5
10967,130891.0,5
10968,154112.0,7
10969,117627.0,4
10970,60916.0,3
10972,33687.0,2
10973,116789.0,4
10974,18506.0,1
10975,67906.0,4
10976,73642.0,2
10977,137659.0,5
10978,45734.0,1
10979,139421.0,5
10980,82427.0,4
10981,120038.0,6
10982,46173.0,1
10983,60815.0,2
10984,116553.0,4
10985,20958.0,1
10986,134892.0,6
10987,36734.0,2
10988,35896.0,2
10989,123668.0,3
10990,116853.0,5
10991,97324.0,3
10992,114590.0,5
10993,37571.0,3
10994,61339.0,2
10995,65033.0,3
10996,77373.0,3
10997,70090.0,4
10998,31445.0,2
10999,97840.0,4
11000,158533.0,6
11001,61895.0,2
11002,55880.0,2
11003,86204.0,3
11004,41938.0,4
11005,34507.0,2
11006,24924.0,1
11007,114031.0,3
11008,98518.0,4
11009,130520.0,7
11010,77896.0,3
11011,36388.0,1
11012,48430.0,2
11013,35202.0,1
11014,59434.0,5
11015,154482.0,7
11016,53041.0,2
11017,182331.0,7
11018,61810.0,2
11019,184882.0,5
11020,142421.0,4
11021,139113.0,6
11022,242404.0,7
11023,59187.0,3
11024,37792.0,2
11025,143373.0,4
11026,247159.0,6
11027,98927.0,4
11028,40404.0,1
11029,39011.0,1
11030,151577.0,6
11031,94123.0,4
11032,50089.0,2
11034,114429.0,5
11035,77058.0,3
11036,41617.0,1
11037,85517.0,3
11038,71670.0,3
11039,92986.0,3
11040,114225.0,4
11041,43655.0,3
11042,23984.0,1
11044,134548.0,5
11045,83262.0,3
11046,85967.0,5
11047,235627.0,8
11048,101090.0,3
11049,61620.0,2
11050,36679.0,1
11051,93540.0,3
11052,136222.0,4
11053,146936.0,6
11054,169028.0,6
11055,24744.0,2
11056,20343.0,1
11057,114527.0,4
11058,93269.0,3
11059,106917.0,3
11060,25463.0,1
11061,92171.0,3
11063,50627.0,2
11064,35089.0,2
11065,80285.0,2
11066,210804.0,9
11067,147357.0,6
11068,187990.0,7
11069,49559.0,2
11070,28928.0,1
11071,115055.0,4
11072,63607.0,5
11073,73700.0,5
11074,105381.0,3
11075,53782.0,2
11076,186198.0,8
11077,67459.0,3
11078,44962.0,3
11079,64544.0,3
11080,116030.0,4
11081,49385.0,1
11082,11240.0,1
11083,48368.0,1
11084,153702.0,5
11085,36734.0,1
11086,122047.0,4
11087,189642.0,7
11088,30247.0,2
11089,114347.0,5
11090,67348.0,2
11091,214939.0,7
11092,69801.0,3
11093,107625.0,3
11094,34848.0,1
11095,122678.0,6
11096,52667.0,2
11097,208628.0,9
11098,140911.0,7
11099,126577.0,5
11100,125491.0,5
11102,58730.0,2
11104,79525.0,3
11105,118296.0,4
11106,126708.0,4
11107,49701.0,2
11108,129380.0,5
11109,145468.0,7
11110,205019.0,7
11111,48738.0,2
11112,52541.0,3
11113,102945.0,6
11114,6899.0,1
11115,198969.0,6
11116,132518.0,5
11117,25120.0,1
11118,97649.0,4
11119,150077.0,4
11120,37044.0,3
11121,67660.0,3
11122,155372.0,7
11123,148875.0,5
11124,25735.0,2
11125,45596.0,3
11126,148569.0,6
11127,234390.0,8
11128,67519.0,2
11129,59299.0,2
11130,40716.0,2
11131,32405.0,1
11132,52543.0,2
11133,11345.0,2
11134,50530.0,3
11135,58298.0,2
11136,67426.0,3
11138,45419.0,3
11139,92581.0,6
11140,139265.0,5
11141,160568.0,4
11142,75026.0,4
11143,25265.0,1
11144,93730.0,3
11145,138039.0,4
11146,18399.0,1
11147,115576.0,4
11148,112074.0,5
11149,95029.0,5
11150,30798.0,1
11151,167472.0,4
11152,86356.0,4
11153,58924.0,3
11154,47259.0,2
11155,76056.0,3
11156,121094.0,5
11157,115811.0,4
11158,127204.0,6
11159,87450.0,3
11160,105973.0,5
11162,88013.0,2
11163,46485.0,2
11164,123339.0,6
11165,135783.0,7
11166,73534.0,2
11167,124008.0,3
11168,17439.0,2
11169,32792.0,1
11170,128566.0,5
11171,92004.0,3
11172,130906.0,4
11173,213923.0,5
11174,195452.0,7
11175,89513.0,3
11176,36726.0,1
11177,74605.0,3
11178,84741.0,4
11179,105671.0,3
11180,106901.0,5
11181,74179.0,3
11182,11545.0,1
11183,172430.0,6
11184,106714.0,4
11185,34327.0,1
11186,119977.0,6
11187,78146.0,3
11188,56979.0,2
11189,5123.0,1
11190,102421.0,4
11191,7836.0,1
11192,126169.0,4
11193,66198.0,4
11194,89802.0,4
11195,107681.0,4
11196,66713.0,5
11197,62188.0,2
11198,80367.0,4
11199,65918.0,3
11200,134506.0,5
11201,74402.0,3
11202,67513.0,3
11203,93561.0,4
11204,112837.0,3
11205,43858.0,2
11206,50345.0,2
11207,28359.0,2
11208,86445.0,3
11210,116182.0,4
11211,57082.0,2
11212,19167.0,1
11213,39955.0,2
11214,68015.0,2
11215,60450.0,4
11216,40734.0,3
11217,85682.0,3
11218,107183.0,3
11219,51814.0,2
11220,260.0,1
11221,154477.0,4
11222,52710.0,3
11223,81173.0,3
11224,28559.0,1
11225,111408.0,4
11226,12279.0,1
11227,115840.0,5
11228,73532.0,4
11229,42110.0,1
11230,103087.0,5
11231,70590.0,2
11232,35355.0,2
11233,143762.0,5
11234,200083.0,6
11235,131479.0,4
11236,29044.0,2
11237,84687.0,2
11238,52333.0,4
11239,97826.0,3
11240,58744.0,3
11241,258142.0,8
11242,41114.0,3
11244,40233.0,2
11245,20497.0,2
11246,59737.0,3
11247,106794.0,3
11248,49592.0,2
11249,82935.0,6
11250,39369.0,3
11251,72913.0,3
11252,122347.0,5
11253,174113.0,7
11254,183351.0,6
11255,85220.0,4
11256,23015.0,1
11257,15965.0,1
11258,39808.0,1
11259,115297.0,5
11260,51248.0,3
11261,43059.0,2
11262,144636.0,6
11263,52866.0,3
11264,155547.0,7
11265,141239.0,5
11266,171470.0,7
11267,82400.0,3
11268,103226.0,3
11269,19666.0,2
11270,23724.0,1
11271,975.0,1
11272,179319.0,5
11274,175074.0,7
11275,170316.0,7
11276,46158.0,2
11277,127496.0,4
11278,202018.0,6
11279,54641.0,2
11280,111943.0,4
11281,4713.0,1
11282,39218.0,1
11283,17684.0,2
11284,27875.0,2
11285,78509.0,2
11286,82680.0,4
11287,81410.0,4
11288,93509.0,3
11289,50068.0,2
11290,37355.0,2
11291,142770.0,6
11292,47286.0,2
11293,61079.0,4
11294,38736.0,2
11295,200447.0,8
11296,136843.0,6
11297,155951.0,5
11299,43160.0,3
11300,189297.0,5
11301,129327.0,4
11302,117555.0,4
11304,61392.0,4
11305,176768.0,6
11306,58465.0,2
11307,109046.0,5
11308,68874.0,4
11309,135564.0,3
11310,148838.0,4
11311,21953.0,4
11312,85513.0,3
11313,42940.0,2
11314,68149.0,5
11315,104099.0,3
11316,91637.0,4
11317,62712.0,4
11318,105108.0,4
11319,125576.0,5
11320,62074.0,2
11321,86644.0,3
11322,116325.0,3
11323,11888.0,1
11325,82020.0,2
11326,98311.0,6
11327,95137.0,4
11328,13920.0,2
11329,7426.0,1
11330,74928.0,3
11331,77374.0,3
11332,91085.0,3
11333,48083.0,2
11334,176948.0,4
11335,74199.0,3
11336,66429.0,3
11337,71861.0,6
11338,128175.0,4
11339,58375.0,2
11340,54597.0,2
11341,117374.0,5
11342,136917.0,5
11343,69886.0,3
11344,71510.0,3
11345,42077.0,3
11346,137717.0,4
11347,87870.0,3
11348,119823.0,4
11349,48388.0,2
11350,49422.0,2
11351,54168.0,2
11352,46529.0,4
11353,67906.0,3
11354,44229.0,1
11355,87398.0,4
11356,92743.0,3
11357,90383.0,3
11358,88092.0,3
11360,246998.0,8
11361,14912.0,1
11362,146637.0,6
11363,123400.0,4
11364,61626.0,2
11365,40239.0,3
11366,72115.0,2
11367,185945.0,5
11368,129655.0,6
11369,19082.0,3
11370,47962.0,4
11371,98263.0,5
11372,168821.0,7
11373,135178.0,4
11374,57621.0,3
11375,14799.0,1
11376,32996.0,3
11377,140414.0,6
11378,73025.0,6
11379,79115.0,3
11380,167170.0,5
11381,130896.0,4
11382,178037.0,5
11383,141856.0,4
11384,21865.0,3
11385,38682.0,1
11386,49616.0,2
11387,62973.0,2
11388,62846.0,2
11389,155827.0,5
11390,14336.0,1
11391,96366.0,4
11392,255353.0,9
11393,102410.0,5
11394,105321.0,3
11395,60917.0,3
11396,37188.0,2
11397,104360.0,6
11398,30039.0,2
11399,38889.0,2
11400,4313.0,1
11401,87022.0,3
11402,32625.0,2
11403,51749.0,3
11404,41446.0,1
11405,176394.0,7
11406,123034.0,4
11407,8734.0,1
11408,98527.0,3
11409,24744.0,2
11410,25689.0,2
11411,177096.0,6
11412,123750.0,5
11413,141693.0,4
11414,28724.0,1
11415,67160.0,3
11416,74986.0,4
11417,16093.0,2
11418,153258.0,4
11419,101803.0,5
11420,1816.0,1
11421,49865.0,2
11422,92063.0,4
11423,118436.0,8
11424,60110.0,2
11425,2824.0,1
11426,106255.0,5
11427,175685.0,7
11428,116614.0,3
11429,102106.0,5
11430,1489.0,1
11431,47121.0,3
11432,150421.0,5
11433,178992.0,5
11434,107480.0,5
11435,31595.0,2
11436,75314.0,3
11437,68402.0,2
11438,49714.0,1
11440,108770.0,5
11441,137113.0,5
11442,182603.0,7
11443,27083.0,1
11444,38464.0,4
11445,105535.0,5
11446,103229.0,5
11447,103410.0,3
11448,44935.0,2
11449,34278.0,2
11450,125299.0,3
11451,46851.0,3
11452,37586.0,1
11453,114326.0,4
11454,26598.0,1
11455,121877.0,5
11456,87442.0,4
11457,49798.0,1
11458,126844.0,7
11459,103016.0,5
11460,20008.0,1
11461,98114.0,3
11462,143307.0,5
11463,83714.0,3
11464,74398.0,4
11465,42719.0,1
11466,137893.0,4
11467,62780.0,2
11468,77745.0,5
11469,77163.0,3
11470,52317.0,3
11472,151458.0,6
11473,54336.0,2
11474,76014.0,5
11475,77804.0,3
11476,25975.0,1
11477,106944.0,5
11478,43528.0,2
11479,75709.0,4
11480,37966.0,2
11481,32273.0,1
11482,93301.0,2
11484,156805.0,5
11485,84512.0,2
11486,66457.0,3
11487,33356.0,3
11488,77820.0,3
11489,61632.0,4
11490,186141.0,9
11491,7444.0,2
11492,52797.0,2
11493,88051.0,4
11494,53473.0,2
11495,47626.0,2
11496,65952.0,4
11497,135611.0,5
11498,79157.0,3
11499,37947.0,1
11500,41517.0,2
11501,144899.0,8
11502,21055.0,2
11503,128157.0,3
11504,99542.0,4
11505,57591.0,2
11506,53241.0,2
11507,77412.0,4
11508,54601.0,3
11509,72474.0,2
11510,67526.0,3
11511,25276.0,1
11512,52182.0,2
11513,104572.0,5
11514,23071.0,2
11515,38198.0,4
11516,71504.0,3
11517,9518.0,3
11518,56453.0,2
11519,38434.0,2
11520,112129.0,3
11521,99052.0,5
11522,5808.0,1
11523,108310.0,5
11524,185529.0,7
11525,16065.0,1
11526,66765.0,3
11527,99230.0,4
11529,157309.0,7
11530,28986.0,1
11531,34409.0,3
11532,51741.0,2
11533,34325.0,3
11534,76102.0,3
11535,85831.0,2
11536,202930.0,7
11537,127995.0,6
11538,77286.0,3
11539,172616.0,8
11540,76115.0,4
11541,49252.0,2
11542,20388.0,2
11543,33003.0,2
11544,77551.0,3
11545,97351.0,2
11546,346150.0,11
11547,48959.0,1
11548,19209.0,1
11549,31000.0,2
11550,60253.0,2
11551,91704.0,4
11552,30245.0,1
11553,42424.0,2
11554,56449.0,2
11555,15651.0,1
11556,173676.0,7
11557,36185.0,4
11558,90814.0,3
11559,55698.0,3
11560,29224.0,1
11561,10780.0,1
11562,13291.0,2
11563,33495.0,1
11565,37033.0,3
11566,54664.0,4
11567,14233.0,1
11568,144442.0,5
11569,201991.0,7
11570,67196.0,2
11571,138857.0,4
11572,8083.0,1
11573,58336.0,3
11574,29799.0,2
11575,91168.0,6
11576,52409.0,2
11577,43850.0,2
11578,128661.0,4
11579,7723.0,1
11580,132152.0,4
11581,73200.0,3
11583,12686.0,1
11584,27782.0,2
11585,155417.0,7
11586,3194.0,1
11587,44489.0,2
11588,25500.0,1
11589,168701.0,6
11590,112203.0,4
11591,38623.0,2
11592,93186.0,3
11593,84801.0,3
11594,135474.0,5
11595,77612.0,3
11596,246794.0,7
11597,114245.0,5
11598,74998.0,2
11599,68213.0,3
11600,64336.0,4
11601,190422.0,6
11602,89815.0,3
11603,40631.0,2
11604,12885.0,2
11605,62691.0,3
11606,48434.0,2
11607,88292.0,4
11608,162533.0,6
11609,61777.0,2
11610,19652.0,2
11611,100658.0,4
11612,19442.0,1
11613,84974.0,3
11614,26433.0,2
11615,123848.0,5
11616,8851.0,3
11617,50614.0,2
11618,36345.0,2
11619,36917.0,2
11620,81248.0,3
11621,65487.0,3
11622,122751.0,5
11623,98388.0,4
11624,34277.0,1
11625,33157.0,2
11626,72513.0,2
11627,135902.0,4
11628,7447.0,1
11629,73175.0,2
11630,167483.0,8
11631,121214.0,5
11632,49226.0,5
11633,47033.0,1
11634,2726.0,1
11635,27531.0,1
11636,77817.0,2
11637,39576.0,1
11638,97401.0,3
11639,64901.0,2
11640,175962.0,6
11641,128757.0,4
11642,108319.0,3
11643,101133.0,3
11644,247337.0,6
11645,88063.0,4
11646,146053.0,4
11647,181475.0,7
11648,58102.0,2
11649,37238.0,1
11650,3195.0,1
11651,24969.0,3
11652,137181.0,5
11653,128352.0,4
11654,30921.0,2
11655,66056.0,2
11656,50887.0,2
11657,120249.0,5
11658,47681.0,5
11659,3613.0,1
11660,49391.0,1
11662,26087.0,1
11663,61733.0,2
11664,78236.0,4
11665,116471.0,4
11666,11545.0,2
11667,114727.0,3
11668,79486.0,6
11669,90909.0,5
11670,81114.0,3
11671,64817.0,2
11672,94228.0,3
11673,30899.0,4
11674,19563.0,2
11675,1980.0,1
11676,181197.0,5
11677,258668.0,9
11678,177855.0,6
11679,170349.0,5
11680,33134.0,2
11681,34965.0,1
11682,104833.0,4
11683,102277.0,3
11684,77115.0,7
11685,52374.0,3
11686,79286.0,3
11687,91923.0,3
11688,19468.0,1
11689,124341.0,4
11690,131322.0,5
11691,26931.0,2
11692,47280.0,2
11693,69326.0,3
11694,17081.0,1
11695,181456.0,6
11696,39362.0,1
11697,70096.0,2
11698,58316.0,3
11699,138465.0,6
11700,103860.0,5
11701,171279.0,6
11702,69393.0,3
11703,100317.0,5
11704,111289.0,3
11705,46796.0,1
11706,210149.0,9
11707,168873.0,8
11709,57260.0,2
11710,43412.0,1
11711,123510.0,7
11712,64081.0,2
11713,85079.0,4
11714,179622.0,6
11715,41808.0,1
11716,69655.0,2
11717,39513.0,2
11718,146870.0,5
11719,95062.0,4
11721,77731.0,2
11722,89613.0,2
11723,102690.0,4
11724,54755.0,2
11725,39875.0,3
11726,45366.0,2
11727,47275.0,3
11728,201988.0,8
11729,78901.0,4
11730,74212.0,3
11731,100435.0,3
11732,39580.0,2
11733,158241.0,6
11734,74314.0,4
11735,163093.0,5
11736,14092.0,1
11737,142303.0,5
11738,40474.0,2
11739,117724.0,5
11740,147143.0,5
11741,145010.0,6
11742,132519.0,6
11743,66528.0,3
11746,62581.0,4
11747,37320.0,5
11748,106123.0,5
11749,48094.0,1
11750,94696.0,3
11751,97701.0,4
11752,97544.0,2
11753,50359.0,3
11754,64250.0,2
11755,61969.0,2
11756,114369.0,4
11757,25031.0,2
11758,53546.0,3
11759,140033.0,4
11760,80976.0,3
11761,193292.0,5
11762,84714.0,2
11763,28575.0,1
11764,28320.0,2
11765,22357.0,2
11766,15145.0,1
11767,109323.0,4
11768,175755.0,7
11769,46501.0,3
11770,70406.0,3
11771,44654.0,3
11772,94483.0,4
11774,147468.0,6
11775,31620.0,1
11776,33575.0,2
11777,71191.0,4
11778,134533.0,3
11779,25308.0,1
11780,95692.0,4
11781,166383.0,6
11782,20799.0,2
11783,99682.0,4
11784,21010.0,2
11785,104532.0,6
11787,88157.0,5
11788,57483.0,2
11789,47216.0,2
11790,146499.0,6
11791,138550.0,4
11792,48301.0,1
11793,48807.0,3
11794,78372.0,3
11795,22036.0,1
11796,51990.0,3
11797,26487.0,4
11798,90056.0,2
11799,60488.0,2
11800,71307.0,3
11801,143647.0,5
11802,105283.0,3
11803,109001.0,5
11804,46095.0,2
11805,128178.0,5
11806,16085.0,1
11807,31647.0,2
11808,163511.0,5
11809,38324.0,3
11810,17710.0,1
11811,116170.0,4
11812,54115.0,3
11814,59192.0,2
11815,15620.0,1
11816,218216.0,7
11817,72426.0,3
11818,183539.0,5
11819,49657.0,3
11820,30189.0,1
11821,156349.0,6
11822,83872.0,4
11823,98372.0,3
11824,39855.0,1
11825,83821.0,3
11826,28114.0,2
11827,50973.0,2
11828,71308.0,3
11829,55292.0,3
11830,59819.0,2
11832,69153.0,4
11833,12918.0,3
11834,116430.0,3
11835,69944.0,3
11836,67226.0,3
11837,130120.0,6
11838,84081.0,4
11840,30370.0,1
11841,106416.0,3
11842,128369.0,3
11843,100177.0,4
11844,65671.0,4
11845,73793.0,3
11846,85075.0,4
11847,62769.0,3
11848,148707.0,5
11849,97940.0,4
11850,8752.0,1
11851,58009.0,2
11852,46240.0,1
11853,201475.0,6
11854,123011.0,4
11856,65922.0,4
11857,43941.0,1
11858,137498.0,5
11859,130514.0,4
11860,76108.0,4
11861,140448.0,4
11862,55184.0,2
11863,8373.0,1
11864,66344.0,4
11865,87065.0,4
11866,61617.0,2
11867,19603.0,1
11868,67399.0,5
11869,105799.0,4
11870,70247.0,4
11871,110892.0,5
11872,77999.0,2
11873,67873.0,3
11874,70378.0,4
11875,123352.0,4
11876,83886.0,4
11877,59774.0,3
11878,52302.0,2
11879,30265.0,4
11880,47478.0,2
11881,41969.0,4
11882,40550.0,2
11883,46270.0,1
11884,84026.0,3
11885,129661.0,6
11886,92726.0,2
11887,21457.0,1
11888,60927.0,2
11889,40012.0,1
11890,187031.0,6
11891,66208.0,3
11892,16316.0,1
11893,43419.0,1
11894,26565.0,1
11895,104453.0,4
11896,32480.0,1
11897,15093.0,1
11898,63082.0,2
11899,136899.0,6
11900,58853.0,4
11901,102780.0,5
11902,93439.0,3
11903,58810.0,2
11904,70830.0,2
11905,67203.0,2
11906,36150.0,2
11907,116731.0,6
11908,19518.0,1
11909,130224.0,3
11910,111681.0,5
11911,113872.0,4
11912,77238.0,4
11914,172141.0,6
11915,93492.0,5
11916,63705.0,2
11917,71012.0,3
11918,130257.0,4
11919,53086.0,3
11920,273183.0,7
11921,100570.0,5
11922,160405.0,5
11923,128944.0,7
11924,179117.0,6
11925,45997.0,1
11926,96629.0,3
11927,16184.0,1
11928,51324.0,2
11929,78984.0,3
11930,59051.0,2
11931,68766.0,2
11932,226093.0,8
11933,79679.0,3
11934,119473.0,4
11935,49704.0,2
11936,163553.0,5
11937,14819.0,1
11938,13302.0,1
11939,69888.0,3
11940,4451.0,1
11941,113651.0,4
11942,94927.0,5
11944,66617.0,4
11945,34356.0,1
11946,44221.0,1
11947,183588.0,8
11948,84055.0,2
11949,52861.0,2
11950,33969.0,1
11951,89029.0,4
11952,26742.0,1
11953,36633.0,4
11954,62619.0,3
11955,147411.0,5
11956,25229.0,2
11957,22698.0,2
11958,17898.0,2
11959,174919.0,6
11960,120996.0,4
11961,101393.0,3
11962,102250.0,3
11963,38694.0,1
11964,189471.0,6
11965,51696.0,2
11966,71564.0,4
11967,124760.0,4
11968,192798.0,7
11969,207289.0,7
11970,121379.0,4
11971,97593.0,3
11972,60522.0,4
11973,1832.0,1
11974,82149.0,3
11975,112466.0,5
11976,88527.0,2
11977,105949.0,5
11978,62482.0,3
11979,50405.0,2
11980,95983.0,3
11981,43367.0,2
11982,17233.0,1
11983,2252.0,1
11984,47677.0,3
11985,91715.0,2
11986,219399.0,6
11987,85660.0,3
11988,129329.0,5
11989,46745.0,2
11990,39116.0,3
11991,94537.0,5
11992,154230.0,5
11993,104423.0,3
11994,38485.0,2
11995,145113.0,5
11996,134849.0,6
11997,19631.0,2
11998,150328.0,6
11999,141539.0,5
12000,31103.0,1
12001,42186.0,3
12002,125431.0,4
12003,83536.0,4
12006,53306.0,4
12007,75532.0,2
12008,54892.0,2
12009,107350.0,5
12010,33355.0,3
12011,41328.0,3
12012,88220.0,6
12013,122570.0,4
12014,51837.0,2
12015,93058.0,4
12016,151071.0,6
12017,55093.0,4
12018,43362.0,2
12019,12856.0,1
12020,104919.0,4
12021,128503.0,6
12022,63816.0,4
12023,93850.0,4
12024,36328.0,2
12025,36161.0,2
12026,211195.0,7
12027,142159.0,5
12028,53843.0,2
12029,123150.0,4
12030,59681.0,3
12031,34524.0,3
12032,85767.0,4
12033,144328.0,5
12034,206565.0,6
12035,68974.0,3
12036,154238.0,4
12037,92498.0,4
12038,18875.0,2
12039,30651.0,1
12040,105238.0,3
12041,120127.0,5
12042,61769.0,4
12043,50306.0,2
12044,131628.0,5
12045,163859.0,5
12046,14788.0,1
12047,194956.0,8
12048,79578.0,4
12049,103021.0,3
12050,131299.0,5
12051,35806.0,1
12052,57830.0,2
12053,70435.0,2
12054,52819.0,3
12055,100232.0,3
12056,149580.0,6
12057,31926.0,2
12058,189520.0,8
12059,49720.0,3
12060,84562.0,4
12061,110949.0,4
12062,37559.0,2
12063,83928.0,3
12064,99356.0,4
12065,83188.0,4
12066,30822.0,1
12067,60640.0,2
12068,53297.0,2
12069,98892.0,3
12070,24781.0,3
12071,38818.0,2
12072,117099.0,5
12073,108002.0,4
12074,100175.0,3
12075,92371.0,4
12076,46863.0,2
12077,14005.0,1
12078,85200.0,4
12079,1229.0,1
12080,14157.0,1
12081,70654.0,4
12083,51431.0,3
12084,21262.0,1
12085,139226.0,7
12086,61037.0,2
12087,53306.0,2
12088,77048.0,4
12089,107059.0,7
12090,127523.0,4
12091,134194.0,5
12092,124999.0,3
12093,47089.0,4
12094,55720.0,2
12095,127557.0,3
12096,57672.0,4
12097,47681.0,1
12098,68135.0,3
12099,51258.0,2
12100,53371.0,2
12101,21984.0,2
12102,151792.0,6
12103,45247.0,3
12104,138719.0,5
12105,212778.0,8
12106,44649.0,1
12107,110734.0,4
12108,107050.0,4
12109,55185.0,4
12110,41832.0,2
12111,10818.0,1
12112,62840.0,2
12113,46312.0,2
12114,55177.0,2
12115,54626.0,2
12116,132694.0,6
12117,39352.0,3
12118,91297.0,3
12119,93765.0,3
12120,225696.0,7
12121,79003.0,3
12122,85228.0,4
12123,96731.0,4
12124,15091.0,2
12125,95853.0,3
12126,127594.0,4
12127,65809.0,2
12128,136989.0,5
12129,176363.0,8
12130,40065.0,1
12131,89848.0,5
12132,64207.0,2
12133,49991.0,1
12134,84703.0,3
12135,58812.0,4
12136,25976.0,2
12138,62749.0,3
12139,78806.0,4
12140,55057.0,4
12141,144593.0,5
12142,87933.0,4
12143,94384.0,4
12144,26563.0,3
12145,46070.0,2
12146,115133.0,6
12147,190512.0,8
12148,47651.0,2
12149,71488.0,2
12150,89988.0,4
12151,148463.0,5
12152,19903.0,1
12153,116542.0,5
12154,65338.0,3
12155,51376.0,3
12156,249909.0,9
12157,49129.0,2
12158,109375.0,4
12159,20986.0,2
12160,121694.0,4
12161,50537.0,2
12162,224803.0,8
12163,65465.0,4
12164,15905.0,1
12166,58524.0,2
12167,138295.0,4
12168,25312.0,3
12169,46151.0,2
12170,75008.0,4
12172,7425.0,2
12173,125164.0,7
12174,88401.0,3
12175,170321.0,6
12176,33702.0,1
12177,6751.0,1
12178,43435.0,2
12179,41465.0,3
12180,117805.0,5
12181,46536.0,2
12182,94883.0,5
12183,123961.0,4
12184,48682.0,3
12185,92625.0,3
12186,122237.0,4
12187,45902.0,2
12188,91172.0,5
12189,68698.0,3
12190,35111.0,1
12191,100021.0,5
12192,86327.0,4
12193,14599.0,1
12194,51271.0,2
12195,77869.0,5
12196,103112.0,5
12197,94423.0,4
12198,71833.0,2
12200,89909.0,4
12201,207971.0,6
12202,124533.0,5
12203,55138.0,2
12204,89422.0,3
12205,47282.0,4
12206,61174.0,3
12207,150928.0,6
12208,15210.0,1
12209,126283.0,4
12210,93345.0,4
12211,58919.0,3
12212,9021.0,1
12214,137930.0,5
12215,67355.0,3
12216,79909.0,2
12217,182535.0,6
12218,112988.0,4
12219,76655.0,4
12220,30118.0,3
12221,87511.0,5
12222,131888.0,6
12223,55084.0,3
12224,94801.0,4
12225,173119.0,7
12226,116592.0,5
12227,69929.0,5
12228,47169.0,2
12229,101595.0,3
12230,110281.0,4
12231,69630.0,2
12232,23100.0,1
12233,129637.0,5
12234,113816.0,4
12235,89466.0,3
12236,169761.0,6
12237,5343.0,1
12238,62028.0,3
12239,89479.0,3
12240,107440.0,5
12241,135242.0,7
12242,114226.0,5
12243,83733.0,4
12244,114011.0,5
12245,79912.0,3
12246,60708.0,2
12247,108736.0,5
12248,54859.0,2
12249,84234.0,3
12250,8124.0,1
12251,98364.0,3
12252,134602.0,4
12253,46057.0,3
12254,48731.0,1
12255,190171.0,6
12256,74582.0,4
12257,36823.0,1
12258,25360.0,1
12259,91877.0,6
12260,78903.0,2
12261,83885.0,4
12262,112178.0,5
12263,55716.0,2
12264,31905.0,2
12265,13324.0,2
12266,166435.0,7
12267,25841.0,2
12268,144080.0,4
12269,81404.0,3
12270,75293.0,2
12271,46289.0,3
12272,55084.0,2
12273,20203.0,1
12274,199215.0,6
12275,107231.0,5
12276,73844.0,2
12277,58316.0,2
12278,49916.0,2
12279,41013.0,1
12280,229476.0,7
12281,91513.0,2
12282,17768.0,1
12283,30604.0,2
12284,8884.0,1
12285,121762.0,3
12286,630.0,1
12287,72869.0,3
12288,223139.0,5
12289,33962.0,3
12290,59744.0,3
12291,101623.0,4
12292,77870.0,2
12293,94204.0,4
12294,55737.0,2
12295,68152.0,2
12296,49762.0,2
12297,56057.0,3
12298,96365.0,5
12299,33759.0,3
12300,236574.0,7
12301,15187.0,1
12302,68951.0,4
12303,170796.0,7
12304,21316.0,1
12305,37154.0,2
12306,4977.0,1
12307,123556.0,6
12308,100488.0,4
12309,48240.0,2
12310,191016.0,5
12311,222977.0,8
12313,98756.0,4
12314,197211.0,6
12315,18460.0,2
12316,70838.0,3
12317,67731.0,3
12318,202994.0,6
12319,106347.0,4
12320,58156.0,2
12321,94607.0,4
12322,527.0,1
12323,77743.0,2
12324,27919.0,1
12325,244233.0,7
12326,116694.0,3
12328,179580.0,6
12329,201808.0,8
12330,91325.0,4
12331,52995.0,3
12332,74189.0,3
12333,168668.0,7
12334,109607.0,3
12335,38352.0,1
12336,57551.0,3
12337,47969.0,3
12338,73827.0,3
12339,207375.0,8
12340,66230.0,2
12341,115062.0,4
12342,44414.0,2
12343,58951.0,2
12344,83529.0,4
12345,11806.0,1
12347,119140.0,6
12348,58031.0,2
12349,51212.0,3
12350,165139.0,7
12351,152221.0,5
12352,70237.0,3
12353,55963.0,4
12354,55731.0,3
12355,32273.0,2
12356,4322.0,1
12357,140053.0,4
12358,99202.0,3
12359,119340.0,3
12360,109049.0,5
12361,189183.0,5
12362,130036.0,6
12363,87615.0,3
12364,35793.0,2
12365,58507.0,2
12366,4618.0,1
12367,19537.0,2
12368,38306.0,1
12369,8093.0,1
12370,69320.0,4
12371,148605.0,5
12372,80411.0,4
12373,117434.0,4
12374,82246.0,2
12375,18555.0,2
12376,100595.0,5
12377,83497.0,3
12378,49368.0,6
12379,121759.0,3
12380,242877.0,8
12381,37767.0,2
12382,85143.0,3
12383,143652.0,5
12384,186688.0,7
12385,21089.0,1
12386,35397.0,2
12387,49857.0,2
12388,41415.0,1
12389,97126.0,5
12390,186640.0,7
12391,43968.0,2
12392,238148.0,7
12393,95576.0,4
12394,119336.0,5
12395,59748.0,2
12396,73368.0,4
12397,218879.0,7
12398,59688.0,3
12399,112638.0,5
12400,65799.0,4
12401,168777.0,4
12402,183451.0,6
12403,72434.0,3
12404,266721.0,9
12405,8240.0,1
12406,107997.0,4
12407,6876.0,1
12408,58295.0,3
12409,208531.0,6
12410,84868.0,4
12411,173132.0,6
12412,51313.0,2
12413,10840.0,1
12414,72088.0,4
12415,93208.0,3
12417,37130.0,2
12418,31010.0,1
12419,102573.0,4
12420,30688.0,2
12421,67413.0,3
12422,94850.0,5
12423,29423.0,2
12424,40041.0,2
12425,61958.0,2
12426,164858.0,7
12427,191236.0,8
12428,56544.0,3
12429,39219.0,2
12430,148798.0,5
12431,122332.0,5
12432,100515.0,3
12433,109758.0,6
12434,163223.0,5
12435,37059.0,3
12436,205082.0,7
12437,113152.0,5
12438,93222.0,4
12439,128706.0,4
12440,132145.0,5
12441,27127.0,2
12442,108614.0,4
12443,48538.0,2
12444,111784.0,5
12445,75696.0,4
12446,104893.0,4
12447,8512.0,1
12448,80269.0,2
12449,226825.0,7
12451,18799.0,3
12452,36454.0,1
12453,115372.0,4
12454,36559.0,1
12455,57619.0,4
12456,74801.0,3
12457,29695.0,2
12458,22283.0,2
12459,79525.0,4
12460,38115.0,1
12461,32399.0,2
12462,148983.0,5
12463,82075.0,3
12464,62716.0,4
12465,106718.0,3
12466,65746.0,2
12467,162717.0,5
12468,99702.0,4
12469,154146.0,6
12470,123040.0,4
12471,21244.0,3
12472,75053.0,3
12474,212340.0,8
12475,42981.0,2
12476,222881.0,7
12477,16348.0,1
12478,167084.0,7
12479,180885.0,7
12480,61902.0,3
12481,72860.0,2
12482,53705.0,2
12483,159178.0,5
12484,53739.0,4
12485,68224.0,3
12486,33401.0,1
12487,136032.0,7
12488,90733.0,3
12489,112712.0,4
12490,37860.0,1
12491,104959.0,5
12492,67448.0,3
12493,12388.0,1
12494,65146.0,2
12495,85899.0,2
12496,72071.0,3
12497,51216.0,4
12498,143755.0,5
12499,60318.0,4
12500,57731.0,3
12501,173551.0,5
12502,59545.0,3
12503,53092.0,2
12504,46883.0,3
12505,95342.0,3
12506,66589.0,4
12507,88628.0,3
12508,78579.0,2
12509,75376.0,2
12510,162526.0,5
12511,70786.0,3
12512,66914.0,2
12513,99102.0,6
12514,144257.0,6
12517,31961.0,2
12518,207504.0,6
12519,12464.0,2
12520,158818.0,6
12521,48053.0,3
12522,111039.0,5
12523,154888.0,5
12524,65307.0,2
12525,32661.0,2
12526,5725.0,1
12527,37890.0,1
12528,149603.0,4
12529,153844.0,4
12530,62365.0,3
12531,112973.0,6
12532,56293.0,3
12533,111287.0,3
12534,221745.0,6
12535,79157.0,4
12536,16377.0,1
12537,68453.0,4
12538,108847.0,4
12539,164235.0,6
12540,36425.0,3
12541,81179.0,2
12542,105211.0,6
12543,66048.0,2
12544,162916.0,4
12545,66524.0,3
12546,139896.0,5
12547,69473.0,3
12548,98789.0,4
12550,89261.0,3
12551,89632.0,4
12552,75519.0,3
12553,91893.0,3
12554,82624.0,3
12555,206526.0,7
12556,95382.0,5
12557,99676.0,5
12558,100616.0,3
12559,46520.0,1
12560,121429.0,4
12561,64528.0,2
12562,92392.0,5
12563,78410.0,3
12564,67096.0,2
12566,82782.0,4
12567,39745.0,3
12568,60385.0,3
12569,31123.0,2
12570,69422.0,3
12571,54625.0,2
12572,67182.0,3
12573,151478.0,5
12574,24608.0,2
12576,103181.0,3
12577,61206.0,2
12578,58526.0,2
12579,82418.0,3
12580,82022.0,3
12581,115635.0,4
12582,148583.0,5
12583,65705.0,3
12584,79774.0,2
12585,35895.0,1
12586,225627.0,8
12587,16507.0,1
12588,83429.0,4
12589,67695.0,4
12590,202143.0,8
12591,78664.0,3
12592,182298.0,10
12593,11403.0,2
12594,86574.0,2
12595,14346.0,1
12596,82614.0,3
12597,78495.0,4
12598,6089.0,1
12599,100743.0,4
12600,93960.0,4
12601,82658.0,3
12602,59637.0,3
12603,25069.0,1
12604,119548.0,4
12605,79564.0,6
12606,74162.0,2
12607,146168.0,5
12608,9854.0,2
12609,33586.0,1
12610,147144.0,6
12611,6446.0,1
12612,66712.0,4
12613,52613.0,2
12614,45244.0,2
12615,41481.0,1
12616,40239.0,5
12617,5139.0,1
12618,81297.0,3
12619,35377.0,3
12620,58679.0,2
12621,16449.0,1
12622,208718.0,7
12623,132548.0,5
12624,88095.0,3
12625,35364.0,1
12626,7172.0,1
12627,47242.0,2
12628,25045.0,1
12629,60222.0,3
12630,169837.0,5
12631,43600.0,2
12632,69540.0,4
12633,131170.0,6
12634,34802.0,1
12635,134701.0,7
12636,6083.0,1
12637,154804.0,6
12638,126673.0,5
12639,13450.0,2
12640,139192.0,4
12641,207172.0,9
12642,144736.0,4
12643,98929.0,2
12644,12595.0,1
12645,81753.0,2
12646,109619.0,3
12647,70166.0,3
12648,139656.0,5
12649,111499.0,5
12650,75529.0,2
12651,33424.0,1
12652,7301.0,1
12653,104636.0,3
12654,89383.0,3
12655,197449.0,5
12656,38590.0,2
12657,176374.0,6
12658,76914.0,4
12659,70940.0,2
12660,113348.0,4
12661,78977.0,4
12662,62631.0,3
12663,115359.0,5
12664,58098.0,4
12665,58347.0,4
12666,43913.0,1
12667,101073.0,4
12668,87240.0,4
12669,143652.0,6
12670,60723.0,2
12671,163587.0,5
12672,60173.0,2
12673,149743.0,7
12674,110005.0,3
12675,163661.0,9
12676,60945.0,4
12677,115479.0,5
12678,32236.0,3
12679,88110.0,2
12680,122494.0,3
12681,91260.0,5
12682,187436.0,6
12683,108038.0,3
12684,120997.0,4
12685,54263.0,2
12687,84951.0,2
12688,67346.0,4
12689,12942.0,1
12691,101324.0,3
12692,51104.0,3
12693,95599.0,3
12694,52525.0,2
12695,129329.0,5
12696,67461.0,2
12697,101051.0,4
12698,149689.0,5
12701,21265.0,1
12702,53192.0,3
12703,84369.0,3
12704,9153.0,1
12705,102476.0,4
12706,17186.0,2
12707,89847.0,6
12708,25751.0,3
12709,121853.0,5
12710,68548.0,2
12711,71895.0,3
12712,45611.0,1
12713,96543.0,3
12714,129914.0,4
12715,47205.0,3
12717,59178.0,2
12718,36078.0,2
12719,134277.0,5
12720,41013.0,1
12721,102368.0,5
12722,43172.0,2
12724,72469.0,3
12725,173918.0,7
12726,6642.0,1
12727,77219.0,2
12728,39748.0,4
12729,64981.0,3
12730,38825.0,1
12731,84223.0,2
12732,74391.0,3
12733,124002.0,7
12734,78336.0,4
12735,127374.0,6
12737,27905.0,2
12739,141806.0,5
12740,86224.0,3
12741,166710.0,6
12742,55976.0,3
12743,76274.0,4
12744,74048.0,2
12745,144669.0,5
12746,47486.0,1
12747,144983.0,5
12748,78217.0,3
12749,103142.0,3
12750,167101.0,5
12751,127047.0,4
12752,88450.0,3
12753,116573.0,5
12754,54324.0,2
12755,19416.0,1
12756,97093.0,4
12757,23632.0,2
12758,130396.0,4
12759,22508.0,1
12760,76510.0,3
12761,29818.0,1
12762,49183.0,3
12763,122218.0,3
12764,22091.0,1
12765,103476.0,4
12766,149530.0,6
12767,86516.0,3
12768,33229.0,2
12769,90103.0,4
12771,180566.0,5
12772,61187.0,5
12773,64607.0,5
12775,145973.0,6
12776,148050.0,6
12778,9849.0,2
12779,101988.0,4
12780,23697.0,1
12781,75571.0,4
12782,27776.0,2
12783,30447.0,2
12784,126497.0,5
12785,155034.0,6
12786,37608.0,2
12787,6969.0,1
12788,94320.0,5
12789,89011.0,3
12790,46773.0,1
12791,60324.0,3
12792,54059.0,2
12793,80929.0,2
12794,20986.0,2
12795,183911.0,7
12796,155302.0,5
12797,70376.0,3
12798,69675.0,5
12799,70909.0,3
12800,149373.0,4
12801,73195.0,5
12802,141262.0,5
12803,90323.0,3
12804,17367.0,1
12805,43097.0,1
12806,22653.0,1
12807,73356.0,2
12808,100986.0,3
12810,135477.0,5
12811,160974.0,5
12812,100712.0,3
12813,135457.0,5
12814,74331.0,3
12815,76065.0,5
12816,140554.0,4
12817,31111.0,1
12818,106021.0,4
12819,24276.0,1
12820,151462.0,6
12821,73666.0,4
12822,125457.0,4
12823,51720.0,2
12824,97135.0,2
12825,14378.0,2
12826,59321.0,3
12827,74987.0,2
12828,129803.0,5
12829,43671.0,1
12830,79760.0,2
12831,91239.0,4
12833,84953.0,3
12834,58624.0,3
12835,21982.0,1
12836,54002.0,3
12837,25034.0,4
12838,114459.0,5
12839,7828.0,1
12840,153357.0,6
12841,96982.0,3
12842,127607.0,3
12843,50069.0,3
12844,87668.0,4
12845,73005.0,3
12846,90670.0,4
12847,54982.0,2
12848,91637.0,3
12849,32598.0,1
12850,107908.0,4
12851,40660.0,2
12852,63075.0,4
12853,147527.0,4
12854,60070.0,2
12855,45782.0,2
12856,2313.0,1
12857,105030.0,4
12858,168186.0,6
12859,100228.0,5
12860,90545.0,3
12861,149336.0,5
12862,127146.0,3
12863,54627.0,4
12864,69687.0,2
12865,226882.0,8
12866,37254.0,4
12867,64250.0,2
12868,94157.0,5
12869,47634.0,2
12870,85340.0,2
12871,66521.0,2
12872,122987.0,4
12873,27366.0,3
12874,36670.0,2
12876,73994.0,2
12877,46991.0,1
12878,45894.0,3
12879,85005.0,3
12880,47080.0,4
12881,64927.0,3
12882,87583.0,3
12883,43119.0,2
12884,52093.0,3
12885,185302.0,5
12886,5044.0,1
12887,32704.0,2
12888,84848.0,3
12889,99534.0,6
12890,94344.0,4
12891,121480.0,4
12892,50774.0,2
12893,99780.0,6
12894,95222.0,3
12895,79120.0,4
12896,32401.0,2
12897,131410.0,6
12898,164940.0,5
12899,102372.0,4
12900,6561.0,2
12901,1405.0,1
12902,52670.0,3
12903,38805.0,2
12904,111975.0,4
12905,194534.0,5
12906,74957.0,3
12907,38583.0,3
12908,45751.0,2
12909,102517.0,3
12910,113993.0,7
12911,109308.0,5
12912,128059.0,3
12913,29710.0,3
12914,104555.0,5
12915,148944.0,7
12916,86675.0,4
12917,50689.0,2
12918,52347.0,3
12919,150357.0,5
12920,100597.0,4
12921,34555.0,2
12922,50265.0,3
12923,90538.0,3
12924,6722.0,1
12925,35561.0,1
12926,144575.0,6
12927,49619.0,2
12928,19757.0,2
12929,78288.0,4
12930,38415.0,3
12931,32660.0,1
12932,89709.0,3
12933,87957.0,2
12934,20608.0,1
12935,72719.0,3
12936,27723.0,1
12937,47707.0,1
12938,82447.0,2
12939,6666.0,1
12940,125381.0,5
12941,128072.0,5
12942,134878.0,5
12943,61549.0,2
12944,69855.0,5
12945,66048.0,3
12946,107749.0,3
12947,150562.0,5
12948,23501.0,1
12949,111571.0,5
12950,40492.0,2
12951,39134.0,1
12952,95424.0,6
12953,134251.0,5
12954,79491.0,3
12955,119695.0,5
12956,205122.0,6
12957,129238.0,4
12958,178085.0,6
12959,115150.0,3
12960,87797.0,3
12961,36725.0,3
12962,107856.0,6
12963,49634.0,3
12964,174406.0,8
12965,64002.0,4
12966,12830.0,3
12967,279012.0,8
12968,22252.0,1
12969,42398.0,2
12970,3439.0,1
12971,63728.0,3
12972,28271.0,3
12973,118413.0,4
12975,208505.0,6
12976,41641.0,2
12977,43891.0,1
12978,59811.0,2
12979,15781.0,1
12980,191752.0,6
12981,90637.0,4
12982,54246.0,2
12983,91450.0,4
12984,126207.0,7
12985,81911.0,3
12986,93607.0,3
12987,45762.0,1
12988,117766.0,4
12989,52456.0,4
12990,50233.0,2
12991,58658.0,5
12992,71773.0,3
12993,63660.0,3
12994,38802.0,1
12995,1059.0,1
12996,63249.0,5
12997,72969.0,4
12998,64765.0,3
12999,102295.0,3
13000,92023.0,3
13001,88597.0,5
13002,46706.0,2
13003,43955.0,1
13004,209963.0,5
13005,184663.0,6
13006,61088.0,3
13007,34397.0,2
13008,38789.0,1
13009,40990.0,1
13010,82776.0,3
13011,113972.0,5
13012,29234.0,2
13013,91285.0,2
13014,122834.0,3
13015,44495.0,1
13016,125909.0,4
13017,170389.0,5
13018,66509.0,3
13019,93526.0,3
13020,62893.0,3
13021,81913.0,3
13022,72247.0,3
13023,175307.0,6
13024,13242.0,2
13025,20158.0,1
13026,100026.0,3
13027,131132.0,6
13029,135977.0,4
13030,46010.0,2
13031,149364.0,4
13032,91610.0,4
13033,180577.0,7
13034,70191.0,3
13035,16665.0,1
13036,91688.0,4
13037,71395.0,3
13038,95155.0,4
13039,67902.0,2
13040,44475.0,2
13041,14812.0,1
13042,21337.0,2
13043,5934.0,1
13044,96293.0,4
13045,174717.0,6
13046,135101.0,4
13047,157462.0,5
13048,94133.0,3
13049,64997.0,3
13050,7214.0,1
13051,43247.0,3
13052,34974.0,2
13053,65929.0,2
13054,67002.0,3
13055,109075.0,4
13056,77402.0,2
13057,81088.0,4
13058,5219.0,1
13059,60850.0,2
13061,116630.0,5
13062,118752.0,5
13063,179911.0,7
13064,29564.0,1
13065,112811.0,4
13066,118403.0,4
13067,133724.0,6
13068,102309.0,3
13069,41553.0,2
13070,75704.0,3
13071,49214.0,2
13072,101560.0,3
13073,51844.0,3
13074,206798.0,8
13075,75236.0,3
13076,106388.0,5
13077,72344.0,4
13078,90367.0,4
13079,18981.0,1
13080,157898.0,4
13081,161199.0,4
13082,206334.0,6
13083,174193.0,5
13084,127376.0,5
13085,51612.0,4
13086,27706.0,2
13087,41369.0,3
13088,117832.0,5
13089,179998.0,5
13090,39437.0,2
13091,128884.0,5
13092,33201.0,3
13094,54451.0,3
13095,72266.0,3
13096,10751.0,1
13097,101157.0,5
13098,61525.0,2
13099,135583.0,4
13100,51772.0,2
13101,50806.0,2
13102,54491.0,3
13103,17823.0,1
13104,58226.0,2
13105,146726.0,5
13106,242075.0,7
13107,68197.0,3
13108,115315.0,4
13109,94755.0,3
13110,52794.0,3
13111,67173.0,3
13112,78342.0,4
13113,53671.0,3
13114,123415.0,4
13115,20096.0,2
13116,259097.0,9
13117,63445.0,4
13118,42598.0,1
13119,31473.0,3
13120,83566.0,3
13121,145819.0,5
13122,108123.0,4
13123,107258.0,3
13124,98849.0,5
13125,11361.0,2
13126,6398.0,1
13127,69448.0,4
13128,109975.0,4
13129,75058.0,5
13130,37003.0,2
13131,49414.0,1
13132,164207.0,6
13134,145800.0,4
13135,196100.0,10
13136,56855.0,4
13137,66696.0,2
13138,148679.0,6
13139,98994.0,5
13140,159214.0,8
13141,49643.0,1
13142,73320.0,3
13143,131425.0,5
13144,68745.0,4
13145,111381.0,4
13146,73689.0,3
13147,109336.0,4
13148,105277.0,5
13149,71432.0,2
13150,113824.0,4
13151,89499.0,3
13152,32537.0,2
13153,60665.0,2
13154,47485.0,3
13155,59302.0,2
13156,94871.0,2
13157,14061.0,2
13158,57030.0,3
13159,46040.0,2
13160,141827.0,4
13161,122245.0,5
13162,81961.0,2
13163,17951.0,1
13164,97074.0,4
13165,123094.0,5
13166,21576.0,1
13167,11229.0,1
13168,166432.0,8
13169,56264.0,3
13170,100695.0,4
13171,82520.0,4
13172,120443.0,4
13173,77218.0,2
13174,66451.0,2
13175,104458.0,5
13176,119053.0,3
13177,81357.0,2
13178,30183.0,2
13179,87695.0,3
13180,49626.0,4
13181,232247.0,6
13182,50887.0,3
13183,46823.0,3
13184,183203.0,6
13185,120050.0,3
13186,182822.0,7
13187,66146.0,3
13188,114835.0,3
13189,72839.0,3
13190,149369.0,5
13191,85477.0,3
13192,123293.0,5
13193,34042.0,3
13194,65483.0,2
13195,61679.0,3
13196,101235.0,3
13197,66116.0,2
13198,66958.0,3
13199,161370.0,7
13200,161590.0,5
13201,169715.0,5
13202,45780.0,2
13203,201464.0,7
13204,41158.0,2
13205,47123.0,3
13206,23198.0,3
13207,95285.0,3
13208,95404.0,5
13209,22177.0,1
13210,30651.0,1
13211,118518.0,3
13212,89513.0,4
13213,85349.0,4
13214,122538.0,3
13215,92150.0,4
13216,119853.0,5
13217,36744.0,1
13218,148801.0,7
13219,122517.0,4
13220,154996.0,4
13221,53337.0,4
13222,74324.0,5
13223,36578.0,2
13224,87157.0,4
13225,47139.0,2
13226,120984.0,4
13227,134778.0,5
13228,2589.0,1
13229,35804.0,3
13230,41904.0,1
13231,138170.0,5
13232,16719.0,2
13233,31658.0,2
13234,86510.0,5
13235,20131.0,1
13236,56082.0,5
13237,246469.0,8
13238,29374.0,1
13239,99653.0,4
13240,60965.0,4
13241,29902.0,1
13242,42711.0,1
13243,41235.0,2
13244,136945.0,5
13245,54312.0,3
13246,40938.0,1
13247,97563.0,3
13248,87906.0,4
13249,14793.0,2
13250,122445.0,4
13251,5690.0,1
13252,41510.0,1
13253,101939.0,5
13254,126814.0,4
13255,109355.0,4
13256,180052.0,6
13257,91877.0,3
13258,65746.0,4
13259,49485.0,1
13260,89432.0,3
13261,20863.0,2
13262,116448.0,3
13263,129967.0,5
13264,43495.0,4
13265,114158.0,4
13266,156695.0,5
13267,123526.0,4
13268,133818.0,4
13269,3015.0,1
13270,32520.0,2
13271,175942.0,6
13272,97105.0,3
13273,72959.0,4
13274,103073.0,4
13275,34711.0,3
13276,71469.0,2
13277,100736.0,4
13278,166580.0,5
13279,117228.0,5
13280,137480.0,4
13281,138346.0,7
13282,72508.0,3
13283,52272.0,4
13284,18755.0,1
13285,14115.0,1
13286,44972.0,2
13287,103527.0,5
13288,35031.0,2
13289,122804.0,4
13290,38573.0,2
13291,106769.0,3
13292,77463.0,4
13293,65447.0,3
13294,92688.0,3
13295,62622.0,2
13296,137305.0,6
13297,89887.0,4
13298,115756.0,7
13299,97081.0,4
13300,220595.0,6
13301,56609.0,2
13302,131996.0,6
13303,25527.0,1
13304,84625.0,4
13305,25969.0,1
13306,118649.0,4
13307,293349.0,11
13308,53312.0,3
13309,64985.0,3
13310,19164.0,2
13311,1954.0,1
13312,69496.0,2
13313,64496.0,2
13314,16207.0,1
13315,47334.0,2
13316,25833.0,2
13317,139014.0,5
13318,83406.0,4
13319,52023.0,2
13320,48204.0,3
13321,77780.0,3
13322,12110.0,3
13323,125919.0,4
13324,287259.0,8
13325,7742.0,2
13326,137849.0,6
13327,65150.0,2
13328,61624.0,2
13329,4689.0,1
13331,8954.0,1
13332,77193.0,3
13333,183426.0,6
13334,119855.0,5
13335,201225.0,8
13336,162054.0,6
13337,130127.0,5
13338,60309.0,3
13339,69501.0,2
13340,59754.0,3
13341,2815.0,1
13342,199248.0,7
13343,27775.0,2
13344,93543.0,5
13345,4692.0,1
13346,120071.0,4
13347,16470.0,1
13348,101376.0,5
13349,86814.0,5
13350,88729.0,2
13351,82959.0,4
13352,40700.0,2
13353,40842.0,2
13354,134034.0,5
13355,124742.0,6
13356,37649.0,1
13357,54734.0,2
13358,165082.0,6
13359,88337.0,3
13360,76253.0,4
13361,73927.0,5
13362,36552.0,2
13363,12192.0,2
13364,88210.0,3
13365,62550.0,3
13366,27727.0,1
13367,30413.0,1
13368,106848.0,4
13369,157079.0,5
13370,130353.0,4
13371,82800.0,3
13372,61613.0,3
13373,60171.0,4
13374,31464.0,2
13375,81983.0,3
13376,69465.0,2
13377,112847.0,5
13378,61630.0,3
13379,74481.0,4
13380,6593.0,1
13381,56321.0,3
13382,86759.0,3
13383,11283.0,1
13384,19180.0,3
13385,130188.0,5
13386,157042.0,5
13387,32312.0,2
13388,113473.0,3
13389,45043.0,1
13390,103399.0,3
13391,58444.0,4
13393,39501.0,2
13394,116717.0,5
13395,82336.0,4
13396,142566.0,6
13397,97220.0,4
13398,127457.0,4
13399,79320.0,3
13400,133647.0,5
13401,92768.0,3
13402,21526.0,1
13403,73851.0,3
13404,84306.0,4
13405,59441.0,2
13406,132075.0,5
13407,176871.0,6
13408,77253.0,4
13409,45856.0,1
13410,42076.0,3
13411,35666.0,2
13412,98305.0,5
13413,22642.0,3
13414,88386.0,3
13415,91505.0,4
13416,143272.0,7
13417,67233.0,4
13418,89384.0,4
13419,127504.0,4
13420,76303.0,2
13421,38564.0,1
13422,918.0,1
13423,62680.0,3
13424,130597.0,4
13425,93731.0,4
13426,47116.0,2
13427,96190.0,2
13428,41961.0,2
13429,133889.0,4
13430,26496.0,2
13431,122736.0,4
13432,80048.0,4
13433,1653.0,1
13434,85587.0,4
13435,123902.0,5
13436,160163.0,6
13437,205893.0,6
13438,10814.0,1
13439,123001.0,3
13440,28414.0,1
13441,31236.0,2
13442,71800.0,2
13443,79309.0,5
13444,84540.0,4
13445,119984.0,4
13446,43694.0,2
13447,28169.0,1
13448,77595.0,3
13449,142726.0,5
13450,21669.0,1
13451,62028.0,2
13452,75374.0,5
13453,31642.0,2
13454,134600.0,4
13455,4329.0,1
13456,52604.0,3
13457,102589.0,4
13458,105928.0,3
13459,118740.0,5
13460,90288.0,3
13461,172987.0,5
13462,57765.0,2
13463,109382.0,3
13464,62528.0,3
13465,65137.0,2
13466,19865.0,2
13467,38992.0,1
13468,110055.0,4
13469,154516.0,7
13470,42079.0,2
13471,30036.0,2
13472,34968.0,2
13473,55234.0,2
13474,44150.0,3
13475,86005.0,3
13476,46594.0,2
13477,181989.0,8
13478,141601.0,5
13479,24320.0,2
13480,49949.0,1
13482,71148.0,5
13483,169581.0,5
13484,29218.0,2
13485,157477.0,6
13486,76137.0,3
13487,47389.0,2
13488,100479.0,4
13489,82020.0,2
13490,264627.0,10
13491,61100.0,3
13492,59677.0,2
13493,136907.0,4
13494,18279.0,1
13495,102013.0,3
13496,33703.0,2
13497,85746.0,4
13498,123216.0,4
13499,60369.0,3
13500,94775.0,3
13501,76968.0,2
13502,102078.0,5
13503,96135.0,3
13504,141829.0,6
13505,62751.0,4
13506,80394.0,2
13507,166357.0,6
13508,66716.0,3
13509,154878.0,6
13510,106183.0,5
13511,47422.0,2
13512,104307.0,6
13513,137826.0,4
13514,36661.0,2
13515,55111.0,6
13516,27714.0,3
13517,50869.0,3
13518,70921.0,3
13520,31025.0,1
13521,101284.0,3
13522,113185.0,5
13523,92609.0,3
13524,76581.0,3
13525,114653.0,4
13526,69251.0,4
13529,49830.0,3
13530,49162.0,2
13531,51898.0,2
13532,196187.0,6
13533,59130.0,3
13534,74865.0,5
13535,83448.0,3
13536,147889.0,5
13537,209516.0,6
13538,54340.0,3
13540,112647.0,5
13541,100837.0,4
13542,19838.0,1
13543,40281.0,2
13544,85203.0,4
13545,84936.0,2
13546,109395.0,3
13547,125564.0,4
13548,93065.0,4
13549,56604.0,3
13550,71679.0,2
13551,59987.0,2
13552,99238.0,5
13553,166587.0,6
13554,143732.0,6
13555,56346.0,3
13556,13478.0,1
13557,100589.0,4
13558,45520.0,2
13559,49929.0,1
13560,173196.0,7
13561,119544.0,3
13562,22735.0,2
13563,51111.0,3
13564,19983.0,1
13565,57541.0,2
13566,91723.0,2
13567,71262.0,4
13568,203010.0,7
13569,94501.0,2
13570,32291.0,1
13571,56457.0,3
13572,15954.0,1
13573,18495.0,2
13574,72361.0,3
13575,89588.0,2
13577,282120.0,8
13578,78615.0,3
13579,213841.0,7
13580,80469.0,3
13581,48476.0,2
13582,52958.0,2
13583,174122.0,6
13584,46835.0,2
13585,93384.0,6
13586,45579.0,2
13587,11465.0,1
13588,66541.0,3
13589,94310.0,4
13590,123269.0,5
13591,15097.0,1
13592,67040.0,2
13593,83323.0,4
13594,108756.0,4
13595,123120.0,4
13596,22445.0,1
13598,76981.0,3
13599,39923.0,2
13600,47559.0,2
13601,39934.0,3
13602,69800.0,2
13603,27368.0,1
13604,143291.0,7
13605,122808.0,5
13606,170855.0,6
13607,119858.0,5
13608,65834.0,2
13609,92047.0,3
13610,168789.0,7
13611,63837.0,3
13612,42678.0,2
13613,38430.0,2
13614,53684.0,3
13615,110330.0,6
13616,143372.0,6
13617,29270.0,1
13618,172131.0,5
13619,161322.0,5
13620,151752.0,8
13621,118077.0,4
13622,29974.0,2
13623,74899.0,2
13624,91980.0,3
13625,119948.0,3
13626,77628.0,3
13627,73008.0,3
13628,87476.0,3
13630,70116.0,2
13631,59142.0,2
13632,59625.0,4
13633,169290.0,5
13634,99594.0,3
13635,159176.0,6
13636,39018.0,1
13637,1327.0,1
13638,148738.0,6
13639,7200.0,1
13640,24779.0,1
13641,114424.0,5
13642,68528.0,3
13643,117764.0,4
13644,144535.0,5
13645,92179.0,4
13647,151122.0,5
13648,97143.0,3
13649,117710.0,4
13650,55890.0,2
13651,73749.0,3
13652,1566.0,1
13653,170896.0,5
13654,171357.0,6
13655,75098.0,3
13656,214842.0,7
13658,36655.0,3
13659,73572.0,3
13660,37608.0,1
13661,106160.0,5
13662,61162.0,3
13663,115134.0,5
13664,65424.0,2
13665,74798.0,3
13666,25298.0,3
13667,115974.0,4
13668,129784.0,6
13669,78534.0,3
13670,89091.0,3
13671,125568.0,5
13672,107473.0,4
13673,70679.0,3
13674,59283.0,3
13675,46986.0,1
13676,95183.0,4
13677,68054.0,2
13679,104954.0,3
13680,108651.0,4
13681,76378.0,3
13682,101956.0,5
13683,95177.0,3
13684,39952.0,2
13685,73611.0,3
13686,63555.0,3
13687,39732.0,2
13688,92113.0,3
13689,2156.0,1
13690,61581.0,2
13691,74676.0,3
13692,131988.0,3
13693,57163.0,2
13694,47408.0,1
13695,43796.0,2
13696,40819.0,2
13697,48535.0,1
13698,121140.0,7
13699,251704.0,7
13700,89230.0,2
13701,164442.0,5
13702,172254.0,5
13703,97442.0,5
13704,47501.0,2
13705,47562.0,2
13706,80904.0,4
13707,54065.0,2
13708,7648.0,1
13709,43453.0,2
13710,125275.0,5
13711,124899.0,5
13712,35368.0,1
13713,253387.0,8
13714,38927.0,2
13715,137808.0,4
13716,35237.0,4
13717,25029.0,2
13718,83445.0,4
13719,105792.0,6
13720,36849.0,3
13721,3040.0,1
13722,22210.0,1
13723,56285.0,3
13724,62460.0,3
13725,101030.0,3
13726,22795.0,1
13727,57554.0,4
13728,120523.0,4
13729,47937.0,3
13730,93144.0,6
13731,120523.0,4
13732,46812.0,2
13733,54526.0,2
13734,145394.0,7
13735,91721.0,4
13736,67512.0,4
13737,164718.0,6
13738,65215.0,3
13739,108811.0,3
13740,46934.0,2
13741,163185.0,6
13742,243363.0,7
13743,59024.0,2
13744,40814.0,1
13745,110827.0,5
13746,133224.0,4
13747,152083.0,8
13748,228735.0,8
13749,34746.0,3
13750,59403.0,4
13751,84663.0,5
13752,32325.0,1
13753,116539.0,5
13754,158164.0,6
13755,16374.0,2
13756,163027.0,5
13757,68022.0,5
13758,16335.0,1
13759,75179.0,3
13760,145215.0,6
13761,58683.0,3
13762,34495.0,2
13763,52600.0,2
13764,34487.0,2
13765,49290.0,3
13766,184936.0,6
13767,187339.0,5
13768,159907.0,4
13769,81564.0,5
13770,76676.0,3
13771,162047.0,6
13772,153310.0,5
13773,86027.0,6
13774,22959.0,1
13775,88873.0,4
13776,86483.0,3
13777,35370.0,2
13778,17019.0,2
13779,95925.0,5
13780,35950.0,1
13781,170492.0,7
13782,57171.0,4
13783,73727.0,3
13784,85415.0,3
13785,37584.0,1
13786,60982.0,5
13787,33248.0,2
13788,87856.0,4
13789,117564.0,5
13790,82939.0,3
13791,50986.0,3
13792,111238.0,6
13793,86334.0,2
13794,55222.0,3
13795,11349.0,1
13796,127666.0,3
13797,135314.0,4
13798,24178.0,2
13799,5087.0,1
13800,75637.0,2
13801,283030.0,9
13802,120625.0,4
13803,76554.0,3
13804,136521.0,6
13805,42802.0,4
13806,134574.0,5
13807,70253.0,2
13808,76606.0,2
13809,59134.0,2
13810,108278.0,5
13811,69997.0,3
13812,17210.0,1
13813,52599.0,2
13814,97301.0,4
13815,66469.0,3
13816,145263.0,7
13817,47985.0,2
13818,69805.0,3
13819,85368.0,3
13820,64773.0,3
13821,72254.0,3
13822,69934.0,4
13823,62927.0,2
13824,136254.0,5
13825,117545.0,3
13826,53131.0,2
13827,50857.0,4
13828,91152.0,4
13829,107359.0,3
13830,61108.0,3
13831,6158.0,1
13832,99402.0,5
13833,114677.0,3
13834,69195.0,4
13835,86385.0,4
13836,146304.0,5
13837,108015.0,4
13838,104095.0,5
13839,137732.0,5
13840,87706.0,4
13841,144120.0,5
13842,98183.0,5
13843,89193.0,2
13844,106100.0,4
13845,88588.0,3
13846,74835.0,4
13847,105170.0,4
13848,26840.0,1
13849,3924.0,1
13850,118752.0,5
13851,118235.0,4
13852,71776.0,3
13853,163508.0,4
13854,1917.0,1
13855,67658.0,2
13856,42034.0,3
13857,100955.0,3
13858,128781.0,4
13859,20273.0,2
13860,20846.0,1
13861,92307.0,4
13862,143249.0,6
13863,95706.0,4
13864,34107.0,3
13865,48008.0,2
13866,72767.0,2
13867,20601.0,1
13868,95390.0,3
13869,132197.0,6
13871,99752.0,4
13872,139138.0,6
13873,123530.0,5
13874,53968.0,2
13875,63261.0,3
13876,20936.0,1
13877,9685.0,1
13878,116061.0,3
13879,74230.0,4
13880,64203.0,2
13881,184751.0,6
13882,49657.0,1
13883,52505.0,2
13884,125296.0,6
13885,101385.0,3
13886,162074.0,6
13887,167913.0,7
13888,53768.0,3
13889,217754.0,7
13890,42077.0,1
13891,72518.0,4
13892,45144.0,1
13893,122204.0,4
13894,36649.0,1
13895,45909.0,3
13896,62590.0,4
13897,112398.0,3
13898,149880.0,6
13899,48392.0,3
13900,51384.0,2
13901,36114.0,2
13902,51956.0,2
13903,188398.0,5
13904,281316.0,9
13905,2574.0,1
13906,122019.0,5
13907,118317.0,5
13908,37054.0,3
13910,48999.0,1
13911,101853.0,5
13912,80047.0,3
13913,64377.0,2
13914,126345.0,5
13915,27738.0,2
13916,6169.0,1
13917,77256.0,3
13918,202541.0,7
13919,5219.0,2
13920,59840.0,2
13921,70312.0,4
13922,50195.0,2
13923,80671.0,5
13924,50574.0,3
13925,73490.0,2
13926,118412.0,6
13927,54126.0,4
13928,112705.0,4
13929,48923.0,2
13930,51853.0,4
13931,98179.0,5
13932,23316.0,3
13933,54402.0,2
13934,75077.0,4
13935,73929.0,3
13936,123750.0,4
13937,73922.0,3
13938,99035.0,4
13939,137095.0,4
13940,51768.0,3
13941,104288.0,3
13942,254160.0,8
13943,12384.0,1
13944,52496.0,2
13945,105907.0,4
13946,143333.0,5
13947,143067.0,4
13948,89389.0,3
13949,83827.0,4
13950,191719.0,6
13951,7898.0,1
13952,135104.0,4
13953,49950.0,2
13954,89222.0,3
13955,139244.0,4
13956,84107.0,2
13957,24555.0,1
13958,96962.0,4
13959,121817.0,5
13960,23028.0,1
13961,7988.0,1
13962,130001.0,5
13963,46903.0,1
13964,126828.0,6
13965,36295.0,2
13966,36648.0,2
13967,85076.0,3
13968,235929.0,9
13970,137750.0,4
13971,30007.0,1
13972,181702.0,6
13973,49658.0,1
13975,15879.0,2
13976,164261.0,5
13977,74238.0,3
13978,122172.0,3
13979,62092.0,2
13980,13763.0,1
13981,48797.0,2
13982,229219.0,9
13983,32456.0,2
13984,61211.0,3
13985,17366.0,1
13986,114016.0,5
13987,82365.0,3
13988,25866.0,3
13989,80773.0,2
13990,83031.0,3
13991,48807.0,2
13992,128996.0,3
13993,6289.0,1
13994,54509.0,2
13995,1246.0,1
13996,131335.0,4
13997,105545.0,6
13998,80622.0,2
13999,98565.0,4
14000,121444.0,5
14001,117554.0,6
14002,51499.0,2
14004,64181.0,3
14005,189098.0,6
14006,44725.0,2
14007,95711.0,4
14008,6023.0,1
14009,9571.0,1
14010,123776.0,4
14011,44593.0,1
14012,87014.0,3
14013,62519.0,3
14014,113052.0,4
14015,23662.0,1
14016,91923.0,3
14017,113999.0,3
14018,40552.0,1
14019,25010.0,1
14020,41647.0,2
14021,35237.0,3
14022,86818.0,4
14023,79793.0,2
14024,147216.0,5
14025,29359.0,1
14026,49514.0,3
14027,92293.0,4
14028,71859.0,4
14029,94055.0,4
14030,163720.0,7
14031,127066.0,5
14032,124956.0,6
14033,143554.0,8
14034,20022.0,2
14035,71437.0,3
14036,157895.0,6
14037,88095.0,3
14038,154316.0,6
14039,74730.0,3
14040,8739.0,2
14041,122891.0,4
14042,41839.0,1
14043,169304.0,5
14044,53084.0,2
14045,36698.0,2
14046,153791.0,5
14047,15184.0,1
14048,85105.0,2
14049,91906.0,3
14050,91172.0,4
14051,87743.0,4
14052,110647.0,6
14053,42336.0,2
14054,135114.0,7
14055,86393.0,4
14056,134336.0,3
14057,112296.0,4
14058,162076.0,5
14059,118428.0,4
14060,98690.0,3
14061,136319.0,5
14062,66856.0,2
14063,46889.0,2
14064,11197.0,2
14065,37141.0,2
14066,92994.0,3
14067,87355.0,3
14068,58724.0,2
14069,11121.0,2
14070,72207.0,3
14071,38117.0,3
14072,140574.0,4
14073,66375.0,2
14074,106691.0,5
14075,57936.0,4
14076,107115.0,4
14077,112940.0,4
14078,89416.0,3
14079,78579.0,4
14080,40760.0,2
14081,77305.0,3
14082,98024.0,3
14083,95754.0,4
14084,31213.0,2
14085,66064.0,5
14086,71910.0,5
14087,29406.0,1
14088,44768.0,2
14089,102068.0,4
14090,148814.0,6
14091,198827.0,6
14092,90133.0,3
14093,150455.0,5
14094,52767.0,2
14095,15380.0,2
14096,32153.0,2
14097,38428.0,3
14098,67137.0,4
14099,17682.0,3
14100,161048.0,5
14102,159099.0,6
14103,40489.0,1
14104,104778.0,4
14105,47467.0,4
14106,107828.0,3
14107,41046.0,1
14108,35828.0,2
14109,147429.0,6
14110,62393.0,3
14111,140959.0,4
14112,94648.0,4
14113,105313.0,3
14114,40275.0,3
14115,109207.0,3
14116,67554.0,3
14117,76802.0,3
14118,114166.0,3
14119,79504.0,3
14120,129879.0,3
14121,145849.0,6
14122,94618.0,4
14123,85988.0,3
14124,75872.0,2
14125,138833.0,6
14126,104890.0,4
14127,30525.0,2
14128,121498.0,4
14129,181764.0,8
14130,19003.0,1
14131,126630.0,4
14132,107416.0,3
14133,68411.0,3
14134,145977.0,4
14135,153563.0,6
14136,135737.0,6
14138,62992.0,3
14139,34029.0,1
14140,76456.0,4
14141,10838.0,1
14142,39121.0,1
14143,142171.0,5
14144,146249.0,4
14145,206448.0,7
14146,60635.0,2
14147,167959.0,4
14148,122917.0,5
14149,65732.0,3
14150,76857.0,2
14151,83100.0,4
14152,124147.0,3
14153,132255.0,4
14154,103708.0,4
14155,194820.0,6
14156,108941.0,3
14158,128797.0,8
14159,21612.0,2
14160,163457.0,7
14161,125261.0,5
14162,81605.0,4
14163,92452.0,3
14164,22080.0,1
14165,68913.0,3
14166,40457.0,2
14167,104546.0,5
14168,54434.0,2
14169,160182.0,5
14170,47140.0,4
14171,33722.0,2
14172,95951.0,4
14173,132075.0,4
14174,220168.0,7
14175,88178.0,3
14176,85642.0,3
14177,106138.0,4
14178,53999.0,2
14179,69051.0,4
14180,68564.0,3
14181,41772.0,2
14182,179252.0,8
14183,120993.0,4
14184,134958.0,4
14185,76671.0,3
14186,91058.0,4
14187,50219.0,2
14188,194695.0,5
14189,33792.0,2
14190,45166.0,2
14191,98522.0,4
14193,96605.0,3
14194,96246.0,3
14195,46300.0,3
14196,144152.0,7
14197,129723.0,5
14198,28839.0,3
14199,29118.0,2
14200,50436.0,3
14201,2224.0,1
14202,80348.0,3
14203,163750.0,4
14204,56231.0,3
14205,45510.0,3
14206,77132.0,4
14207,34533.0,2
14208,105433.0,4
14210,20576.0,1
14211,62318.0,3
14212,46346.0,4
14213,113100.0,4
14214,62391.0,2
14216,150319.0,5
14218,70569.0,3
14219,123445.0,4
14220,115890.0,5
14221,30469.0,2
14222,143540.0,4
14223,10811.0,2
14224,43396.0,2
14225,102289.0,3
14226,113322.0,3
14227,66364.0,4
14228,7090.0,1
14229,57757.0,3
14230,108940.0,4
14231,17201.0,1
14232,56534.0,2
14233,73637.0,3
14234,32515.0,1
14235,114508.0,4
14236,75274.0,4
14237,45717.0,2
14238,90361.0,4
14239,43226.0,3
14240,175997.0,6
14241,76571.0,3
14242,90870.0,5
14243,163170.0,7
14244,78997.0,2
14245,16507.0,2
14246,47388.0,2
14247,89331.0,2
14248,148940.0,4
14249,72251.0,3
14250,75065.0,3
14251,73899.0,3
14252,115094.0,4
14253,85024.0,5
14254,25993.0,1
14255,97962.0,4
14256,81180.0,3
14257,90930.0,5
14258,128225.0,4
14259,89758.0,4
14260,66280.0,2
14261,49305.0,2
14262,83071.0,4
14263,44681.0,2
14264,45168.0,1
14265,89024.0,4
14266,79239.0,4
14268,63932.0,2
14269,80012.0,3
14270,92321.0,4
14271,135104.0,5
14272,140528.0,5
14273,119105.0,5
14274,41197.0,2
14275,91235.0,4
14276,282881.0,7
14277,63843.0,3
14278,118344.0,5
14279,25668.0,1
14280,28633.0,2
14281,92478.0,3
14282,112765.0,4
14284,78839.0,4
14285,64460.0,2
14286,27458.0,1
14287,170517.0,5
14288,110497.0,4
14289,105182.0,5
14290,92643.0,5
14291,51705.0,2
14292,111398.0,3
14293,99115.0,4
14294,104305.0,3
14295,120787.0,4
14296,280722.0,7
14297,92608.0,5
14298,13782.0,1
14299,80144.0,5
14300,109217.0,4
14301,30741.0,3
14302,110484.0,5
14303,54819.0,2
14304,90645.0,4
14305,27502.0,1
14306,27326.0,2
14307,21785.0,1
14308,68947.0,3
14309,76438.0,2
14310,128092.0,4
14311,223535.0,8
14312,61145.0,2
14313,123716.0,5
14314,111347.0,3
14315,42249.0,2
14316,133415.0,7
14317,187919.0,5
14318,59584.0,3
14319,87677.0,3
14320,53145.0,2
14321,1959.0,1
14322,66645.0,4
14323,47378.0,2
14324,47271.0,3
14325,12878.0,1
14326,125677.0,5
14327,64936.0,2
14328,80941.0,3
14329,25953.0,1
14331,62691.0,3
14332,79096.0,4
14333,70678.0,3
14334,93689.0,6
14335,72886.0,2
14336,44223.0,2
14337,107267.0,3
14338,155110.0,5
14339,48022.0,3
14340,60636.0,2
14341,26378.0,1
14342,93140.0,3
14343,60480.0,3
14344,40833.0,2
14345,114419.0,4
14346,54872.0,3
14347,54679.0,3
14348,41095.0,2
14349,42490.0,2
14350,5928.0,2
14351,82596.0,3
14352,88653.0,3
14353,174545.0,4
14354,85258.0,2
14355,26347.0,1
14356,116711.0,7
14357,52412.0,3
14358,77759.0,3
14359,69041.0,4
14360,43307.0,1
14361,83999.0,3
14362,88418.0,2
14363,46579.0,1
14364,70442.0,4
14365,85398.0,5
14366,72929.0,2
14367,170530.0,6
14368,79762.0,2
14369,60442.0,2
14370,72763.0,2
14371,117053.0,5
14372,55603.0,3
14373,62999.0,3
14374,220497.0,5
14375,128239.0,5
14376,119285.0,4
14377,32545.0,1
14378,80754.0,4
14379,60855.0,3
14380,6453.0,1
14381,114457.0,3
14382,113212.0,4
14383,9284.0,1
14384,121840.0,4
14385,172600.0,5
14386,40378.0,2
14387,129411.0,6
14388,40210.0,2
14389,99296.0,3
14390,120317.0,5
14392,65978.0,2
14393,99423.0,4
14394,15493.0,2
14395,92863.0,4
14396,189096.0,6
14398,72589.0,3
14399,94235.0,3
14400,29365.0,1
14402,23709.0,1
14403,49015.0,1
14404,127180.0,4
14405,33110.0,1
14406,79358.0,2
14407,78984.0,3
14408,42123.0,3
14409,88260.0,3
14410,58517.0,2
14411,12784.0,3
14412,26786.0,1
14413,122688.0,4
14414,35603.0,1
14415,136860.0,4
14416,32764.0,2
14417,80408.0,3
14418,127303.0,4
14419,83839.0,3
14420,5663.0,2
14421,31744.0,2
14422,232766.0,7
14423,38765.0,1
14424,69545.0,2
14425,68842.0,2
14426,77160.0,4
14427,39991.0,2
14428,64926.0,3
14429,77495.0,3
14430,49151.0,2
14431,103553.0,3
14432,38118.0,2
14433,157782.0,6
14434,64770.0,3
14435,146811.0,5
14436,7121.0,1
14437,83360.0,5
14438,155648.0,4
14439,188985.0,7
14440,54228.0,2
14441,6675.0,1
14442,76694.0,5
14443,155367.0,6
14444,48574.0,4
14445,24438.0,2
14446,57862.0,4
14447,114642.0,3
14448,137525.0,4
14449,97613.0,5
14450,81187.0,3
14451,83230.0,5
14452,76991.0,4
14453,73700.0,3
14454,10529.0,1
14455,60537.0,3
14456,81467.0,2
14457,153090.0,4
14458,126039.0,5
14459,11239.0,2
14460,86514.0,3
14461,90445.0,4
14462,174104.0,7
14463,53142.0,3
14464,119435.0,5
14465,36726.0,3
14466,150930.0,7
14467,159765.0,5
14468,3078.0,1
14469,97680.0,5
14470,162986.0,7
14471,66757.0,2
14472,91863.0,4
14473,91263.0,4
14474,72565.0,5
14475,137068.0,5
14476,64347.0,6
14477,115342.0,4
14478,34537.0,2
14479,35233.0,2
14480,44347.0,2
14481,59925.0,2
14482,55500.0,3
14483,163601.0,5
14484,93825.0,3
14485,246705.0,8
14486,28578.0,2
14487,19132.0,1
14488,76178.0,3
14489,26571.0,1
14490,67290.0,3
14491,70068.0,3
14493,116290.0,3
14494,57929.0,2
14495,34732.0,3
14496,80002.0,4
14497,57553.0,2
14498,27158.0,1
14499,36727.0,2
14500,225468.0,7
14501,63549.0,5
14502,123826.0,5
14503,73307.0,3
14504,99978.0,5
14505,34593.0,1
14506,46221.0,1
14507,182585.0,5
14508,226047.0,8
14509,104230.0,4
14510,108650.0,5
14511,193885.0,5
14513,32223.0,3
14515,9819.0,1
14516,3402.0,1
14517,93954.0,3
14518,127240.0,7
14519,169035.0,6
14520,72542.0,3
14521,120697.0,3
14522,111360.0,4
14523,65105.0,3
14524,40693.0,1
14525,86068.0,3
14526,76088.0,4
14527,137233.0,4
14528,109356.0,4
14529,107552.0,4
14530,95517.0,5
14531,29963.0,1
14532,60862.0,3
14533,45333.0,2
14534,82543.0,3
14535,53986.0,2
14536,63626.0,4
14537,116509.0,3
14538,24897.0,1
14539,84952.0,3
14540,8065.0,2
14541,74071.0,2
14542,93437.0,4
14543,75300.0,2
14544,44417.0,1
14545,90393.0,2
14546,97408.0,4
14547,66882.0,2
14548,91646.0,4
14549,110305.0,3
14550,202276.0,8
14551,90529.0,5
14552,103033.0,4
14553,163508.0,7
14554,78773.0,2
14555,97539.0,5
14556,111502.0,5
14557,221700.0,7
14558,119606.0,5
14559,175767.0,7
14560,42947.0,3
14561,24726.0,3
14562,80568.0,4
14563,41867.0,2
14565,158269.0,5
14566,134814.0,3
14567,44120.0,3
14568,64862.0,3
14569,37157.0,2
14570,92008.0,4
14571,60435.0,3
14572,19742.0,2
14573,110691.0,5
14574,57388.0,2
14575,62350.0,2
14576,43069.0,3
14577,112886.0,4
14578,69857.0,4
14579,51006.0,2
14580,161021.0,5
14581,66956.0,2
14582,45541.0,3
14584,89023.0,2
14585,85942.0,2
14586,214777.0,8
14587,133932.0,5
14588,23637.0,1
14589,21306.0,1
14590,62384.0,3
14591,108238.0,5
14592,88166.0,3
14593,51065.0,4
14594,76287.0,3
14595,27925.0,1
14596,186864.0,7
14597,90561.0,3
14598,129712.0,6
14600,37965.0,2
14601,22798.0,2
14602,40136.0,2
14603,63301.0,4
14604,54139.0,2
14605,116869.0,3
14606,174584.0,5
14607,76136.0,3
14608,115849.0,5
14609,139354.0,5
14610,87614.0,6
14611,57927.0,3
14612,65582.0,5
14613,120660.0,6
14614,118882.0,3
14615,108962.0,4
14616,90394.0,4
14617,85013.0,3
14618,23750.0,1
14619,165632.0,9
14620,66239.0,2
14621,170626.0,6
14622,6487.0,1
14623,71488.0,2
14624,33001.0,2
14625,82845.0,3
14626,33831.0,4
14627,123372.0,4
14628,99383.0,4
14629,11391.0,1
14630,42689.0,2
14631,68122.0,3
14632,104656.0,4
14633,102979.0,5
14634,104711.0,4
14635,82902.0,3
14636,146600.0,6
14637,104927.0,5
14638,95215.0,2
14639,69367.0,3
14640,95577.0,5
14641,179346.0,6
14643,8285.0,2
14644,159372.0,6
14645,122085.0,3
14647,2252.0,1
14648,162393.0,8
14649,66236.0,2
14650,56232.0,2
14651,66064.0,3
14652,232028.0,8
14653,126189.0,4
14654,67159.0,2
14655,97650.0,4
14656,98167.0,3
14657,39783.0,1
14658,35275.0,2
14659,42987.0,2
14660,142191.0,4
14661,27778.0,1
14662,108433.0,4
14663,121044.0,3
14664,133028.0,5
14665,91717.0,3
14666,103874.0,6
14667,91086.0,5
14668,100553.0,3
14669,132998.0,5
14670,24558.0,2
14671,38302.0,1
14672,58484.0,2
14673,58113.0,2
14674,199702.0,6
14675,76705.0,5
14676,49476.0,1
14677,75859.0,3
14678,69396.0,2
14679,111700.0,5
14680,114049.0,4
14681,127880.0,6
14682,92005.0,3
14683,136095.0,5
14684,6067.0,1
14685,133982.0,4
14686,42674.0,2
14687,67553.0,3
14688,248511.0,9
14689,55455.0,3
14690,75489.0,3
14691,21468.0,3
14692,117011.0,3
14693,132514.0,5
14694,31408.0,1
14695,94377.0,6
14696,176892.0,5
14697,39212.0,2
14698,39062.0,2
14699,95181.0,2
14700,35277.0,2
14701,104021.0,3
14702,79409.0,4
14703,67036.0,4
14704,35359.0,2
14705,98239.0,3
14706,117939.0,4
14707,40923.0,1
14708,109520.0,4
14709,271023.0,8
14710,85012.0,3
14711,36451.0,2
14712,38951.0,4
14713,92301.0,4
14714,26921.0,1
14715,80055.0,4
14716,60604.0,2
14717,103292.0,3
14718,75401.0,3
14719,1848.0,1
14721,129069.0,5
14722,73718.0,3
14723,51432.0,2
14724,7751.0,1
14725,102212.0,4
14726,132995.0,4
14727,35797.0,3
14728,105284.0,4
14729,9630.0,1
14730,40384.0,2
14731,118315.0,3
14732,69287.0,2
14733,82734.0,5
14734,95352.0,4
14735,82868.0,3
14736,93972.0,6
14737,157633.0,7
14738,63691.0,6
14739,37440.0,2
14740,97281.0,4
14741,67566.0,2
14742,84115.0,3
14743,122150.0,5
14744,113601.0,3
14745,151441.0,5
14746,27585.0,1
14747,45002.0,2
14748,324791.0,9
14749,24818.0,2
14750,7937.0,1
14751,64226.0,4
14752,129572.0,5
14753,155946.0,4
14754,37612.0,1
14755,19807.0,2
14756,194824.0,8
14757,96931.0,4
14759,391.0,1
14760,94216.0,5
14761,162403.0,5
14762,55177.0,2
14763,176073.0,6
14764,107411.0,3
14765,29404.0,1
14766,190180.0,9
14767,206848.0,6
14768,112077.0,5
14769,55670.0,2
14770,91473.0,6
14771,46885.0,2
14772,110445.0,3
14773,78020.0,2
14774,103050.0,4
14775,144168.0,5
14776,11606.0,1
14777,36674.0,4
14778,44866.0,3
14779,111800.0,6
14780,102695.0,4
14781,123698.0,5
14782,85565.0,3
14783,43566.0,2
14784,213803.0,7
14785,74768.0,2
14786,16219.0,1
14787,102796.0,3
14788,94311.0,5
14790,77526.0,3
14791,104334.0,4
14792,85856.0,4
14794,54515.0,2
14795,39921.0,2
14796,161340.0,5
14797,169300.0,6
14798,86013.0,4
14799,75377.0,3
14800,45790.0,3
14802,76865.0,2
14803,108351.0,5
14804,148089.0,4
14805,87850.0,3
14807,20854.0,2
14808,49416.0,2
14809,47156.0,2
14810,55557.0,2
14811,51586.0,3
14812,178276.0,6
14813,42789.0,3
14814,68692.0,3
14815,129475.0,7
14816,88919.0,3
14817,95899.0,5
14818,157657.0,4
14819,89942.0,3
14820,232898.0,7
14821,141046.0,5
14822,45971.0,3
14823,189898.0,8
14824,152912.0,7
14825,109238.0,3
14826,37649.0,1
14827,2463.0,1
14828,33718.0,1
14829,68178.0,3
14830,22167.0,1
14831,88918.0,3
14832,108389.0,3
14833,203635.0,7
14834,73615.0,3
14835,68031.0,3
14836,53572.0,3
14837,77945.0,3
14838,73508.0,3
14839,221994.0,6
14840,111240.0,3
14841,114667.0,5
14843,118959.0,6
14844,227270.0,6
14845,65126.0,3
14846,70492.0,3
14847,79712.0,4
14848,30363.0,2
14849,100603.0,5
14850,55274.0,2
14851,75055.0,4
14852,46231.0,2
14853,93401.0,3
14854,97055.0,5
14855,50451.0,2
14856,147506.0,4
14857,60700.0,3
14858,214683.0,7
14859,136490.0,5
14860,43253.0,1
14861,24777.0,2
14862,16113.0,2
14863,164273.0,6
14864,47402.0,1
14865,137774.0,4
14866,155846.0,4
14867,11526.0,1
14868,36940.0,2
14869,156276.0,8
14870,37090.0,2
14871,8116.0,1
14872,108705.0,3
14873,79154.0,5
14874,149134.0,5
14875,65347.0,4
14876,155071.0,5
14877,66631.0,4
14878,86900.0,4
14879,122011.0,6
14880,115342.0,4
14881,113275.0,6
14882,135049.0,5
14883,95840.0,4
14884,63145.0,2
14885,66975.0,3
14886,49897.0,1
14887,71965.0,3
14888,46109.0,2
14889,76337.0,2
14890,119327.0,5
14891,39565.0,2
14892,97312.0,5
14893,96200.0,4
14894,81116.0,4
14895,90842.0,5
14896,99417.0,3
14897,132490.0,4
14898,137757.0,4
14899,40269.0,2
14900,119540.0,5
14901,85456.0,3
14902,40024.0,3
14903,20819.0,1
14904,38477.0,2
14905,122184.0,5
14906,64080.0,4
14907,101658.0,3
14908,47749.0,3
14909,81233.0,5
14910,94993.0,3
14911,42714.0,2
14912,151784.0,5
14913,43610.0,2
14914,8068.0,1
14915,60492.0,4
14916,18834.0,2
14917,130022.0,4
14918,86619.0,5
14919,31262.0,1
14920,43526.0,2
14921,84191.0,4
14922,36264.0,2
14923,46004.0,2
14924,143180.0,6
14925,122363.0,6
14926,88851.0,4
14927,49546.0,2
14928,77502.0,3
14929,89637.0,4
14930,22414.0,1
14931,89115.0,3
14932,65010.0,4
14933,17755.0,1
14934,108819.0,4
14935,45968.0,1
14936,182329.0,5
14937,157376.0,8
14938,118101.0,4
14939,96072.0,2
14940,23474.0,2
14941,50139.0,3
14942,5437.0,1
14943,122381.0,3
14944,151936.0,5
14945,21736.0,2
14946,86062.0,5
14947,114862.0,3
14948,150914.0,5
14949,64939.0,2
14950,174737.0,6
14951,175927.0,6
14952,202373.0,6
14953,13355.0,1
14954,164313.0,4
14955,100653.0,4
14956,57861.0,4
14957,45378.0,2
14958,102324.0,3
14959,49284.0,4
14961,142444.0,4
14962,64264.0,5
14963,57321.0,3
14964,58213.0,3
14965,74043.0,2
14966,135106.0,4
14967,40982.0,1
14968,44870.0,2
14969,92441.0,3
14970,130259.0,5
14971,101750.0,5
14972,168488.0,8
14973,102233.0,3
14974,43723.0,4
14975,47627.0,1
14976,114993.0,4
14977,89320.0,3
14978,53172.0,3
14979,100486.0,3
14980,102724.0,4
14981,98585.0,4
14982,127819.0,6
14983,117201.0,6
14984,105073.0,4
14985,30496.0,3
14986,54227.0,5
14987,29878.0,2
14988,92968.0,4
14989,18956.0,2
14990,35048.0,2
14991,2922.0,1
14992,112771.0,4
14993,211845.0,6
14994,71022.0,3
14995,42279.0,1
14996,89501.0,3
14997,35089.0,2
14998,31962.0,1
14999,8135.0,1
15000,77490.0,3
15001,117992.0,4
15002,77343.0,4
15003,59375.0,2
15004,7691.0,1
15005,71610.0,4
15006,98165.0,5
15007,36804.0,2
15008,33651.0,1
15009,147068.0,4
15010,86923.0,3
15011,79270.0,3
15012,143463.0,4
15013,48823.0,2
15014,177464.0,5
15015,182220.0,7
15016,78194.0,4
15017,98396.0,5
15018,116892.0,4
15019,64671.0,2
15020,173982.0,6
15021,47569.0,3
15022,42788.0,1
15023,151637.0,5
15024,68794.0,3
15025,62818.0,6
15026,103577.0,3
15027,93716.0,4
15028,122823.0,6
15029,46539.0,3
15030,155672.0,5
15031,90536.0,2
15032,130651.0,4
15033,58977.0,3
15034,105456.0,4
15035,85608.0,3
15036,43130.0,2
15037,73312.0,5
15038,47521.0,2
15039,78397.0,3
15040,120570.0,4
15041,99143.0,6
15042,102774.0,5
15043,12468.0,2
15044,130312.0,6
15045,160733.0,6
15046,62941.0,3
15047,27574.0,2
15048,33967.0,2
15049,195438.0,6
15050,57338.0,4
15051,28886.0,1
15052,126313.0,5
15053,97546.0,3
15054,24052.0,2
15055,69092.0,3
15056,83425.0,5
15057,42631.0,2
15058,29444.0,2
15059,120477.0,4
15060,63747.0,2
15061,48974.0,3
15062,97056.0,5
15063,82319.0,3
15064,120016.0,4
15065,71177.0,4
15066,4894.0,2
15067,100431.0,3
15068,101920.0,4
15069,204344.0,6
15070,109867.0,3
15071,68521.0,3
15072,91452.0,4
15073,56630.0,2
15074,66220.0,2
15075,111395.0,3
15076,132975.0,5
15077,45091.0,2
15078,37732.0,2
15079,133381.0,4
15080,62149.0,2
15081,62921.0,2
15082,118089.0,5
15083,91087.0,4
15084,71166.0,3
15085,117880.0,4
15086,16065.0,1
15087,24982.0,1
15088,107182.0,4
15089,124494.0,4
15090,28685.0,1
15091,100122.0,4
15092,77925.0,4
15093,47885.0,1
15094,31077.0,1
15095,138730.0,4
15096,154234.0,5
15097,87209.0,4
15098,125842.0,4
15099,14907.0,1
15100,64861.0,2
